frame,t_sec,has_obs,n_joints,bodyHeight,head_p,head_x,head_y,head_z,cSho_p,cSho_x,cSho_y,cSho_z,lSho_p,lSho_x,lSho_y,lSho_z,rSho_p,rSho_x,rSho_y,rSho_z,lElb_p,lElb_x,lElb_y,lElb_z,rElb_p,rElb_x,rElb_y,rElb_z,lWri_p,lWri_x,lWri_y,lWri_z,rWri_p,rWri_x,rWri_y,rWri_z,lHip_p,lHip_x,lHip_y,lHip_z,rHip_p,rHip_x,rHip_y,rHip_z,root_p,root_x,root_y,root_z
660,22.033,1,11,1.8000,1,-0.1262,0.6590,0.0584,1,-0.0962,0.5442,0.0332,1,0.0708,0.5450,0.0793,1,-0.2627,0.5005,0.0523,1,0.1972,0.2920,0.2214,1,-0.3300,0.2072,0.1505,1,0.2295,0.1259,0.4020,1,-0.3087,0.0004,0.2848,1,0.1565,-0.0000,-0.0000,1,-0.1565,0.0000,0.0000,1,0.0000,0.0000,0.0000
663,22.133,1,11,1.8000,1,-0.1206,0.6566,0.0776,1,-0.0921,0.5430,0.0462,1,0.0743,0.5416,0.0942,1,-0.2590,0.4988,0.0603,1,0.1934,0.2866,0.2389,1,-0.3345,0.2096,0.1643,1,0.2165,0.1142,0.4150,1,-0.3074,0.0125,0.3116,1,0.1565,0.0000,0.0000,1,-0.1565,-0.0000,0.0000,1,0.0000,0.0000,0.0000
666,22.233,1,11,1.8000,1,-0.0865,0.6581,0.0951,1,-0.0666,0.5449,0.0564,1,0.1007,0.5301,0.0987,1,-0.2353,0.5059,0.0618,1,0.2230,0.2577,0.2033,1,-0.3378,0.2173,0.1417,1,0.2421,0.0701,0.3637,1,-0.2908,0.0288,0.2951,1,0.1565,-0.0000,-0.0000,1,-0.1565,0.0000,0.0000,1,0.0000,0.0000,0.0000
669,22.333,1,11,1.8000,1,-0.0622,0.6587,0.1046,1,-0.0505,0.5450,0.0640,1,0.1157,0.5188,0.1052,1,-0.2203,0.5109,0.0651,1,0.2483,0.2430,0.1862,1,-0.3851,0.2538,0.1480,1,0.2722,0.0490,0.3379,1,-0.3118,0.1209,0.3435,1,0.1565,-0.0000,-0.0000,1,-0.1565,0.0000,0.0000,1,0.0000,0.0000,0.0000
672,22.433,1,11,1.8000,1,-0.0710,0.6613,0.0883,1,-0.0551,0.5473,0.0501,1,0.1098,0.5269,0.0990,1,-0.2258,0.5190,0.0423,1,0.2297,0.2505,0.1958,1,-0.4524,0.3144,0.1259,1,0.2590,0.0475,0.3344,1,-0.3916,0.4665,0.3114,1,0.1565,-0.0000,0.0000,1,-0.1565,-0.0000,-0.0000,1,0.0000,0.0000,0.0000
675,22.533,1,11,1.8000,1,-0.0716,0.6648,0.0735,1,-0.0575,0.5486,0.0418,1,0.1067,0.5254,0.0917,1,-0.2293,0.5278,0.0335,1,0.2303,0.2497,0.1860,1,-0.5067,0.3886,0.0951,1,0.2750,0.0409,0.3111,1,-0.5102,0.5816,0.2499,1,0.1565,0.0000,0.0000,1,-0.1565,-0.0000,0.0000,1,0.0000,0.0000,0.0000
678,22.633,1,11,1.8000,1,-0.0423,0.6678,0.0704,1,-0.0348,0.5510,0.0387,1,0.1306,0.5219,0.0811,1,-0.2075,0.5386,0.0360,1,0.2536,0.2352,0.1344,1,-0.5026,0.4425,0.0982,1,0.2894,0.0162,0.2440,1,-0.5362,0.6466,0.2341,1,0.1565,0.0000,0.0000,1,-0.1565,-0.0000,-0.0000,1,0.0000,0.0000,0.0000
681,22.733,1,11,1.8000,1,-0.0599,0.6658,0.0708,1,-0.0466,0.5502,0.0364,1,0.1209,0.5137,0.0611,1,-0.2198,0.5499,0.0329,1,0.2514,0.2497,-0.0548,1,-0.5343,0.5562,0.0677,1,0.2840,0.0058,-0.0277,1,-0.5892,0.7341,0.2308,1,0.1565,0.0000,0.0000,1,-0.1565,-0.0000,-0.0000,1,0.0000,0.0000,0.0000
684,22.833,1,11,1.8000,1,-0.0481,0.6700,0.0502,1,-0.0357,0.5525,0.0228,1,0.1327,0.5213,0.0486,1,-0.2084,0.5622,0.0136,1,0.3376,0.3239,-0.0902,1,-0.5192,0.6176,0.0367,1,0.4207,0.0912,-0.1042,1,-0.6039,0.7470,0.2299,1,0.1565,-0.0000,-0.0000,1,-0.1565,-0.0000,0.0000,1,0.0000,0.0000,0.0000
687,22.933,1,11,1.8000,1,-0.0194,0.6677,0.0765,1,-0.0141,0.5513,0.0427,1,0.1483,0.5804,0.0956,1,-0.1867,0.5582,0.0549,1,0.3328,0.6593,0.3404,1,-0.4643,0.5765,0.2058,1,0.2966,0.8496,0.4945,1,-0.4750,0.7253,0.4033,1,0.1565,-0.0000,-0.0000,1,-0.1565,0.0000,0.0000,1,0.0000,0.0000,-0.0000
690,23.033,1,11,1.8000,1,0.0101,0.6677,0.0745,1,0.0080,0.5522,0.0373,1,0.1698,0.5062,0.0785,1,-0.1650,0.5535,0.0285,1,0.2646,0.2073,0.1217,1,-0.4685,0.5122,0.1082,1,0.2724,-0.0183,0.2231,1,-0.4952,0.6723,0.2950,1,0.1565,-0.0000,-0.0000,1,-0.1565,0.0000,0.0000,1,0.0000,0.0000,0.0000
693,23.133,1,11,1.8000,1,0.0386,0.6707,0.0462,1,0.0358,0.5531,0.0167,1,0.1908,0.5722,0.0915,1,-0.1370,0.5652,0.0123,1,0.1785,0.6421,0.3999,1,-0.4063,0.6075,0.1730,1,-0.0170,0.7908,0.4298,1,-0.3668,0.7272,0.3860,1,0.1565,0.0000,-0.0000,1,-0.1565,-0.0000,0.0000,1,0.0000,0.0000,0.0000
696,23.233,1,11,1.8000,1,0.0298,0.6716,0.0416,1,0.0307,0.5536,0.0133,1,0.1843,0.5739,0.0907,1,-0.1417,0.5682,0.0065,1,0.1516,0.6390,0.3987,1,-0.4050,0.6178,0.1750,1,-0.0413,0.7938,0.4068,1,-0.3127,0.7545,0.3595,1,0.1565,0.0000,0.0000,1,-0.1565,-0.0000,0.0000,1,0.0000,0.0000,0.0000
699,23.333,1,11,1.8000,1,0.0116,0.6722,0.0398,1,0.0172,0.5543,0.0120,1,0.1699,0.5801,0.0896,1,-0.1550,0.5699,0.0021,1,0.1336,0.6668,0.3918,1,-0.4162,0.6357,0.1683,1,-0.0612,0.8182,0.3729,1,-0.2869,0.7731,0.3284,1,0.1565,0.0000,0.0000,1,-0.1565,-0.0000,-0.0000,1,0.0000,0.0000,0.0000
702,23.433,1,11,1.8000,1,0.0052,0.6724,0.0382,1,0.0121,0.5545,0.0109,1,0.1662,0.5818,0.0850,1,-0.1600,0.5725,0.0039,1,0.1336,0.6757,0.3855,1,-0.3980,0.6529,0.1965,1,-0.0528,0.8365,0.3606,1,-0.2496,0.7940,0.3357,1,0.1565,0.0000,-0.0000,1,-0.1565,0.0000,-0.0000,1,0.0000,0.0000,0.0000
705,23.533,0,0,0,0,0,0,0,0,0,0,0,0,0,0,0,0,0,0,0,0,0,0,0,0,0,0,0,0,0,0,0,0,0,0,0,0,0,0,0,0,0,0,0,0,0,0,0
708,23.633,1,11,1.8000,1,-0.0200,0.6724,0.0381,1,-0.0086,0.5544,0.0126,1,0.1461,0.5904,0.0818,1,-0.1812,0.5680,0.0179,1,0.1918,0.7095,0.3715,1,-0.3959,0.6599,0.2315,1,0.0349,0.8873,0.4422,1,-0.2802,0.8196,0.3810,1,0.1565,0.0000,0.0000,1,-0.1565,0.0000,0.0000,1,0.0000,0.0000,0.0000
711,23.733,1,11,1.8000,1,-0.0051,0.6733,0.0333,1,0.0043,0.5545,0.0106,1,0.1516,0.5948,0.0924,1,-0.1684,0.5664,0.0035,1,0.1716,0.7297,0.3780,1,-0.4079,0.6813,0.1756,1,0.0165,0.9060,0.4563,1,-0.3303,0.8437,0.3455,1,0.1565,-0.0000,-0.0000,1,-0.1565,0.0000,0.0000,1,0.0000,0.0000,0.0000
714,23.833,1,11,1.8000,1,-0.0273,0.6726,0.0347,1,-0.0137,0.5542,0.0119,1,0.1336,0.5975,0.0922,1,-0.1864,0.5643,0.0028,1,0.1739,0.7384,0.3727,1,-0.4317,0.6831,0.1636,1,0.0098,0.9125,0.4361,1,-0.3532,0.8513,0.3274,1,0.1565,0.0000,0.0000,1,-0.1565,-0.0000,-0.0000,1,0.0000,0.0000,0.0000
717,23.933,1,11,1.8000,1,-0.0285,0.6723,0.0361,1,-0.0144,0.5542,0.0127,1,0.1334,0.5967,0.0925,1,-0.1871,0.5629,0.0032,1,0.1766,0.7292,0.3766,1,-0.4414,0.6708,0.1576,1,0.0094,0.9015,0.4368,1,-0.3572,0.8364,0.3212,1,0.1565,-0.0000,0.0000,1,-0.1565,0.0000,-0.0000,1,0.0000,0.0000,0.0000
720,24.033,1,11,1.8000,1,-0.0401,0.6716,0.0376,1,-0.0244,0.5537,0.0136,1,0.1239,0.5963,0.0922,1,-0.1971,0.5628,0.0046,1,0.1848,0.7282,0.3734,1,-0.4523,0.6670,0.1601,1,0.0276,0.9079,0.4384,1,-0.3729,0.8372,0.3214,1,0.1565,-0.0000,-0.0000,1,-0.1565,-0.0000,0.0000,1,0.0000,0.0000,0.0000
723,24.133,1,11,1.8000,1,-0.0342,0.6719,0.0369,1,-0.0193,0.5540,0.0129,1,0.1289,0.5933,0.0935,1,-0.1917,0.5627,-0.0013,1,0.1921,0.7144,0.3790,1,-0.4619,0.6540,0.1358,1,0.0283,0.8940,0.4258,1,-0.3770,0.8213,0.2972,1,0.1565,0.0000,0.0000,1,-0.1565,-0.0000,-0.0000,1,0.0000,0.0000,0.0000
726,24.233,1,11,1.8000,1,-0.0401,0.6711,0.0423,1,-0.0242,0.5536,0.0167,1,0.1273,0.5904,0.0922,1,-0.1969,0.5634,0.0075,1,0.2091,0.7014,0.3771,1,-0.4680,0.6456,0.1486,1,0.0470,0.8775,0.4400,1,-0.3914,0.8101,0.3169,1,0.1565,0.0000,0.0000,1,-0.1565,-0.0000,-0.0000,1,0.0000,0.0000,0.0000
729,24.333,1,11,1.8000,1,-0.0466,0.6708,0.0431,1,-0.0307,0.5531,0.0185,1,0.1218,0.5904,0.0916,1,-0.2037,0.5612,0.0149,1,0.2243,0.7029,0.3691,1,-0.4757,0.6327,0.1601,1,0.1325,0.8871,0.5066,1,-0.4330,0.7970,0.3402,1,0.1565,0.0000,-0.0000,1,-0.1565,-0.0000,0.0000,1,0.0000,0.0000,0.0000
732,24.433,1,11,1.8000,1,-0.0389,0.6711,0.0442,1,-0.0241,0.5534,0.0189,1,0.1295,0.5874,0.0914,1,-0.1972,0.5597,0.0158,1,0.2356,0.6805,0.3747,1,-0.4729,0.6156,0.1609,1,0.1401,0.8624,0.5126,1,-0.4309,0.7740,0.3464,1,0.1565,-0.0000,0.0000,1,-0.1565,-0.0000,0.0000,1,0.0000,0.0000,0.0000
735,24.533,1,11,1.8000,1,-0.0284,0.6717,0.0430,1,-0.0156,0.5540,0.0166,1,0.1391,0.5819,0.0893,1,-0.1887,0.5600,0.0146,1,0.2308,0.6615,0.3816,1,-0.4598,0.6090,0.1704,1,0.0851,0.8365,0.4786,1,-0.3917,0.7585,0.3555,1,0.1565,-0.0000,0.0000,1,-0.1565,-0.0000,0.0000,1,0.0000,0.0000,0.0000
738,24.633,0,0,0,0,0,0,0,0,0,0,0,0,0,0,0,0,0,0,0,0,0,0,0,0,0,0,0,0,0,0,0,0,0,0,0,0,0,0,0,0,0,0,0,0,0,0,0
741,24.733,0,0,0,0,0,0,0,0,0,0,0,0,0,0,0,0,0,0,0,0,0,0,0,0,0,0,0,0,0,0,0,0,0,0,0,0,0,0,0,0,0,0,0,0,0,0,0
744,24.833,1,11,1.8000,1,-0.0262,0.6722,0.0360,1,-0.0129,0.5543,0.0108,1,0.1424,0.5869,0.0804,1,-0.1859,0.5610,0.0088,1,0.2259,0.6835,0.3700,1,-0.4408,0.6182,0.1875,1,0.0626,0.8614,0.4243,1,-0.3259,0.7704,0.3453,1,0.1565,-0.0000,0.0000,1,-0.1565,0.0000,-0.0000,1,0.0000,0.0000,0.0000
747,24.933,1,11,1.8000,1,-0.0186,0.6723,0.0397,1,-0.0078,0.5543,0.0137,1,0.1484,0.5847,0.0821,1,-0.1809,0.5599,0.0166,1,0.2321,0.6738,0.3740,1,-0.4284,0.6049,0.2087,1,0.0713,0.8424,0.4572,1,-0.3167,0.7466,0.3781,1,0.1565,-0.0000,0.0000,1,-0.1565,0.0000,-0.0000,1,0.0000,0.0000,0.0000
750,25.033,0,0,0,0,0,0,0,0,0,0,0,0,0,0,0,0,0,0,0,0,0,0,0,0,0,0,0,0,0,0,0,0,0,0,0,0,0,0,0,0,0,0,0,0,0,0,0
753,25.133,0,0,0,0,0,0,0,0,0,0,0,0,0,0,0,0,0,0,0,0,0,0,0,0,0,0,0,0,0,0,0,0,0,0,0,0,0,0,0,0,0,0,0,0,0,0,0
756,25.233,1,11,1.8000,1,0.0156,0.6726,0.0341,1,0.0195,0.5544,0.0071,1,0.1767,0.5682,0.0786,1,-0.1535,0.5578,0.0135,1,0.1679,0.5787,0.3948,1,-0.3334,0.5396,0.2733,1,-0.0135,0.7442,0.4256,1,-0.1723,0.6687,0.4099,1,0.1565,0.0000,0.0000,1,-0.1565,-0.0000,-0.0000,1,0.0000,0.0000,0.0000
759,25.333,1,11,1.8000,1,-0.0194,0.6724,0.0399,1,-0.0110,0.5541,0.0141,1,0.1469,0.5866,0.0775,1,-0.1826,0.5496,0.0371,1,0.2195,0.6582,0.3771,1,-0.3158,0.5511,0.3242,1,0.1462,0.8257,0.5439,1,-0.2312,0.7110,0.4931,1,0.1565,-0.0000,-0.0000,1,-0.1565,0.0000,0.0000,1,0.0000,0.0000,0.0000
762,25.433,1,11,1.8000,1,-0.0375,0.6710,0.0475,1,-0.0270,0.5532,0.0205,1,0.1317,0.5888,0.0801,1,-0.1977,0.5499,0.0494,1,0.2073,0.6669,0.3773,1,-0.2957,0.5541,0.3503,1,0.1418,0.8396,0.5422,1,-0.2194,0.7275,0.5096,1,0.1565,0.0000,-0.0000,1,-0.1565,-0.0000,0.0000,1,0.0000,0.0000,0.0000
765,25.533,1,11,1.8000,1,-0.0415,0.6717,0.0394,1,-0.0299,0.5534,0.0151,1,0.1274,0.5881,0.0788,1,-0.2004,0.5534,0.0453,1,0.1929,0.6679,0.3781,1,-0.2987,0.5782,0.3451,1,0.1279,0.8367,0.5469,1,-0.2263,0.7511,0.5068,1,0.1565,-0.0000,0.0000,1,-0.1565,0.0000,-0.0000,1,0.0000,0.0000,0.0000
768,25.633,1,11,1.8000,1,-0.0618,0.6672,0.0626,1,-0.0473,0.5507,0.0319,1,0.1109,0.5910,0.0897,1,-0.2170,0.5548,0.0665,1,0.1773,0.6946,0.3813,1,-0.2848,0.5861,0.3740,1,0.1126,0.8729,0.5403,1,-0.2216,0.7772,0.5180,1,0.1565,0.0000,-0.0000,1,-0.1565,0.0000,0.0000,1,0.0000,0.0000,0.0000
771,25.733,1,11,1.8000,1,-0.0836,0.6627,0.0695,1,-0.0602,0.5479,0.0380,1,0.0920,0.5988,0.1032,1,-0.2304,0.5458,0.0701,1,0.1259,0.7186,0.3942,1,-0.2949,0.5863,0.3773,1,0.0367,0.9122,0.5200,1,-0.2406,0.7989,0.4918,1,0.1565,-0.0000,-0.0000,1,-0.1565,-0.0000,0.0000,1,0.0000,0.0000,0.0000
774,25.833,0,0,0,0,0,0,0,0,0,0,0,0,0,0,0,0,0,0,0,0,0,0,0,0,0,0,0,0,0,0,0,0,0,0,0,0,0,0,0,0,0,0,0,0,0,0,0
777,25.933,1,11,1.8000,1,-0.0329,0.6639,0.0840,1,-0.0173,0.5508,0.0431,1,0.1344,0.5961,0.1134,1,-0.1790,0.4967,0.0126,1,0.2069,0.6910,0.4065,1,-0.2680,0.1967,-0.0349,1,0.1109,0.8779,0.5373,1,-0.2589,-0.0282,0.0679,1,0.1565,0.0000,-0.0000,1,-0.1565,-0.0000,0.0000,1,0.0000,0.0000,0.0000
780,26.033,1,11,1.8000,1,-0.0669,0.6613,0.0875,1,-0.0465,0.5474,0.0508,1,0.1089,0.5930,0.1122,1,-0.2167,0.5308,0.0786,1,0.1431,0.7070,0.4054,1,-0.2784,0.4546,0.3795,1,0.0331,0.9155,0.4809,1,-0.2024,0.6829,0.4374,1,0.1565,-0.0000,0.0000,1,-0.1565,0.0000,-0.0000,1,0.0000,0.0000,0.0000
783,26.133,1,11,1.8000,1,-0.0225,0.6716,0.0393,1,-0.0124,0.5543,0.0102,1,0.1480,0.5841,0.0682,1,-0.1809,0.5388,0.0476,1,0.1995,0.6070,0.3796,1,-0.2168,0.4911,0.3584,1,0.0660,0.7659,0.5144,1,-0.1085,0.6709,0.4895,1,0.1565,-0.0000,-0.0000,1,-0.1565,0.0000,0.0000,1,0.0000,0.0000,0.0000
786,26.233,1,11,1.8000,1,-0.0493,0.6680,0.0531,1,-0.0358,0.5527,0.0182,1,0.1264,0.5969,0.0596,1,-0.2009,0.5322,0.0665,1,0.1862,0.6305,0.3686,1,-0.1848,0.4690,0.3762,1,0.0222,0.7956,0.4531,1,-0.0601,0.6768,0.4267,1,0.1565,0.0000,-0.0000,1,-0.1565,0.0000,0.0000,1,0.0000,0.0000,0.0000
789,26.333,1,11,1.8000,1,-0.0425,0.6696,0.0460,1,-0.0354,0.5532,0.0128,1,0.1279,0.5957,0.0518,1,-0.1987,0.5321,0.0665,1,0.2005,0.6451,0.3559,1,-0.1876,0.4881,0.3798,1,0.0542,0.7980,0.4843,1,-0.0533,0.6746,0.4716,1,0.1565,0.0000,0.0000,1,-0.1565,0.0000,0.0000,1,0.0000,0.0000,0.0000
792,26.433,1,11,1.8000,1,-0.0500,0.6635,0.0811,1,-0.0439,0.5493,0.0405,1,0.1155,0.6031,0.0816,1,-0.2048,0.5503,0.1046,1,0.1906,0.7653,0.3428,1,-0.1772,0.6122,0.4138,1,0.0634,0.9319,0.4745,1,-0.0995,0.8273,0.5083,1,0.1565,0.0000,0.0000,1,-0.1565,-0.0000,-0.0000,1,0.0000,0.0000,-0.0000
795,26.533,1,11,1.8000,1,-0.0796,0.6624,0.0703,1,-0.0690,0.5479,0.0319,1,0.0907,0.6019,0.0717,1,-0.2316,0.5505,0.0915,1,0.1784,0.7634,0.3294,1,-0.2084,0.6318,0.3965,1,0.0384,0.9299,0.4476,1,-0.1450,0.8573,0.4765,1,0.1565,0.0000,-0.0000,1,-0.1565,-0.0000,0.0000,1,0.0000,0.0000,0.0000
798,26.633,0,0,0,0,0,0,0,0,0,0,0,0,0,0,0,0,0,0,0,0,0,0,0,0,0,0,0,0,0,0,0,0,0,0,0,0,0,0,0,0,0,0,0,0,0,0,0
801,26.733,0,0,0,0,0,0,0,0,0,0,0,0,0,0,0,0,0,0,0,0,0,0,0,0,0,0,0,0,0,0,0,0,0,0,0,0,0,0,0,0,0,0,0,0,0,0,0
804,26.833,1,11,1.8000,1,-0.1091,0.6549,0.0839,1,-0.0899,0.5426,0.0423,1,0.0645,0.6100,0.0826,1,-0.2538,0.5364,0.0981,1,0.1436,0.7985,0.3242,1,-0.2543,0.6011,0.4079,1,-0.0057,0.9592,0.4388,1,-0.2381,0.8327,0.4937,1,0.1565,-0.0000,-0.0000,1,-0.1565,0.0000,-0.0000,1,0.0000,0.0000,0.0000
807,26.933,1,11,1.8000,1,-0.1237,0.6510,0.0876,1,-0.0988,0.5399,0.0458,1,0.0540,0.6123,0.0836,1,-0.2650,0.5323,0.0938,1,0.0988,0.8314,0.3076,1,-0.2625,0.5958,0.4038,1,-0.0647,0.9948,0.3961,1,-0.2582,0.8368,0.4600,1,0.1565,-0.0000,0.0000,1,-0.1565,0.0000,-0.0000,1,0.0000,0.0000,0.0000
810,27.033,1,11,1.8000,1,-0.1502,0.6437,0.0915,1,-0.1181,0.5351,0.0480,1,0.0344,0.6097,0.0824,1,-0.2868,0.5266,0.0862,1,0.0871,0.8416,0.2913,1,-0.2639,0.5937,0.3946,1,-0.0861,1.0081,0.3505,1,-0.2490,0.8404,0.4078,1,0.1565,0.0000,0.0000,1,-0.1565,-0.0000,0.0000,1,0.0000,0.0000,0.0000
813,27.133,1,11,1.8000,1,-0.1417,0.6447,0.0941,1,-0.1101,0.5367,0.0489,1,0.0431,0.6101,0.0827,1,-0.2785,0.5199,0.0855,1,0.1032,0.8307,0.3015,1,-0.2590,0.5278,0.4013,1,-0.0815,0.9861,0.3561,1,-0.2472,0.7742,0.4207,1,0.1565,-0.0000,0.0000,1,-0.1565,-0.0000,-0.0000,1,0.0000,0.0000,0.0000
816,27.233,0,0,0,0,0,0,0,0,0,0,0,0,0,0,0,0,0,0,0,0,0,0,0,0,0,0,0,0,0,0,0,0,0,0,0,0,0,0,0,0,0,0,0,0,0,0,0
819,27.333,1,11,1.8000,1,-0.1425,0.6447,0.0919,1,-0.1099,0.5369,0.0468,1,0.0426,0.6114,0.0813,1,-0.2777,0.5146,0.0834,1,0.1076,0.8253,0.3054,1,-0.2693,0.4946,0.3992,1,-0.0822,0.9741,0.3610,1,-0.2446,0.7392,0.4273,1,0.1565,-0.0000,0.0000,1,-0.1565,0.0000,0.0000,1,0.0000,0.0000,0.0000
822,27.433,1,11,1.8000,1,-0.1372,0.6457,0.0934,1,-0.1061,0.5378,0.0475,1,0.0475,0.6100,0.0824,1,-0.2738,0.5150,0.0844,1,0.1222,0.8077,0.3180,1,-0.2577,0.4899,0.3995,1,-0.0668,0.9575,0.3737,1,-0.2372,0.7350,0.4277,1,0.1565,-0.0000,-0.0000,1,-0.1565,0.0000,0.0000,1,0.0000,0.0000,0.0000
825,27.533,1,11,1.8000,1,-0.1410,0.6446,0.0952,1,-0.1096,0.5370,0.0488,1,0.0450,0.6055,0.0862,1,-0.2780,0.5173,0.0842,1,0.1434,0.7675,0.3397,1,-0.2769,0.5118,0.4007,1,-0.0450,0.9214,0.3850,1,-0.2578,0.7581,0.4144,1,0.1565,-0.0000,-0.0000,1,-0.1565,0.0000,0.0000,1,0.0000,0.0000,0.0000
828,27.633,1,11,1.8000,1,-0.1806,0.6386,0.0769,1,-0.1421,0.5314,0.0352,1,0.0207,0.5783,0.0709,1,-0.3111,0.5131,0.0684,1,0.2236,0.5523,0.3125,1,-0.4102,0.4791,0.3671,1,0.1002,0.7284,0.4350,1,-0.4140,0.7262,0.3818,1,0.1565,-0.0000,-0.0000,1,-0.1565,0.0000,0.0000,1,0.0000,0.0000,0.0000
831,27.733,1,11,1.8000,1,-0.1553,0.6457,0.0774,1,-0.1226,0.5369,0.0349,1,0.0418,0.5788,0.0701,1,-0.2920,0.5211,0.0675,1,0.2423,0.5479,0.3130,1,-0.3640,0.4755,0.3723,1,0.1122,0.7339,0.4117,1,-0.3754,0.7223,0.3868,1,0.1565,0.0000,-0.0000,1,-0.1565,-0.0000,0.0000,1,0.0000,0.0000,0.0000
834,27.833,1,11,1.8000,1,-0.1690,0.6423,0.0798,1,-0.1344,0.5336,0.0386,1,0.0300,0.5729,0.0760,1,-0.3041,0.5217,0.0713,1,0.2173,0.5091,0.3230,1,-0.3811,0.4778,0.3752,1,0.0980,0.7059,0.4140,1,-0.4017,0.7243,0.3833,1,0.1565,0.0000,0.0000,1,-0.1565,-0.0000,-0.0000,1,0.0000,0.0000,0.0000
837,27.933,1,11,1.8000,1,-0.1392,0.6486,0.0854,1,-0.1123,0.5387,0.0417,1,0.0542,0.5744,0.0737,1,-0.2809,0.5276,0.0798,1,0.2597,0.5103,0.3057,1,-0.3242,0.4793,0.3895,1,0.1557,0.7064,0.4152,1,-0.3357,0.7264,0.3989,1,0.1565,-0.0000,0.0000,1,-0.1565,0.0000,-0.0000,1,0.0000,0.0000,0.0000
840,28.033,1,11,1.8000,1,-0.1409,0.6472,0.0908,1,-0.1144,0.5374,0.0466,1,0.0500,0.5797,0.0810,1,-0.2824,0.5275,0.0874,1,0.2583,0.5752,0.3193,1,-0.3113,0.5122,0.4022,1,0.1443,0.7708,0.4194,1,-0.3262,0.7592,0.4071,1,0.1565,-0.0000,-0.0000,1,-0.1565,0.0000,0.0000,1,0.0000,0.0000,0.0000
843,28.133,1,11,1.8000,1,-0.1553,0.6443,0.0875,1,-0.1247,0.5352,0.0443,1,0.0372,0.5835,0.0822,1,-0.2933,0.5248,0.0825,1,0.2373,0.6235,0.3241,1,-0.3431,0.5278,0.3950,1,0.1067,0.8139,0.4133,1,-0.3654,0.7743,0.3985,1,0.1565,-0.0000,-0.0000,1,-0.1565,0.0000,0.0000,1,0.0000,0.0000,0.0000
846,28.233,1,11,1.8000,1,-0.1646,0.6464,0.0672,1,-0.1338,0.5349,0.0307,1,0.0246,0.5866,0.0780,1,-0.2998,0.5113,0.0744,1,0.1447,0.6363,0.3665,1,-0.3688,0.4722,0.3808,1,-0.0104,0.7909,0.4818,1,-0.2850,0.6170,0.5631,1,0.1565,-0.0000,-0.0000,1,-0.1565,0.0000,0.0000,1,0.0000,0.0000,0.0000
849,28.333,1,11,1.8000,1,-0.1572,0.6433,0.0844,1,-0.1231,0.5357,0.0400,1,0.0376,0.5912,0.0733,1,-0.2923,0.5159,0.0713,1,0.2508,0.6551,0.2983,1,-0.3442,0.4847,0.3820,1,0.0842,0.8237,0.3694,1,-0.3513,0.7319,0.3920,1,0.1565,-0.0000,0.0000,1,-0.1565,0.0000,-0.0000,1,0.0000,0.0000,0.0000
852,28.433,1,11,1.8000,1,-0.1459,0.6457,0.0852,1,-0.1138,0.5377,0.0403,1,0.0470,0.5937,0.0722,1,-0.2816,0.5134,0.0755,1,0.2652,0.6509,0.2942,1,-0.3229,0.4746,0.3869,1,0.0908,0.8058,0.3768,1,-0.3220,0.7213,0.4073,1,0.1565,0.0000,0.0000,1,-0.1565,-0.0000,-0.0000,1,0.0000,0.0000,0.0000
855,28.533,1,11,1.8000,1,-0.1326,0.6465,0.0950,1,-0.1037,0.5383,0.0484,1,0.0540,0.6013,0.0825,1,-0.2712,0.5162,0.0865,1,0.2282,0.7345,0.3107,1,-0.2756,0.5055,0.4028,1,0.0449,0.8831,0.3854,1,-0.2637,0.7523,0.4180,1,0.1565,-0.0000,0.0000,1,-0.1565,0.0000,-0.0000,1,0.0000,0.0000,0.0000
858,28.633,1,11,1.8000,1,-0.1154,0.6521,0.0892,1,-0.0922,0.5410,0.0465,1,0.0641,0.6055,0.0839,1,-0.2575,0.5138,0.0907,1,0.1983,0.7614,0.3244,1,-0.2636,0.4667,0.4036,1,0.0047,0.8866,0.4142,1,-0.1297,0.5957,0.5670,1,0.1565,0.0000,-0.0000,1,-0.1565,-0.0000,0.0000,1,0.0000,0.0000,0.0000
861,28.733,0,0,0,0,0,0,0,0,0,0,0,0,0,0,0,0,0,0,0,0,0,0,0,0,0,0,0,0,0,0,0,0,0,0,0,0,0,0,0,0,0,0,0,0,0,0,0
864,28.833,1,11,1.8000,1,-0.1285,0.6480,0.0929,1,-0.1016,0.5391,0.0468,1,0.0546,0.6054,0.0815,1,-0.2678,0.5159,0.0897,1,0.1809,0.7829,0.3111,1,-0.2516,0.5108,0.4057,1,-0.0042,0.9202,0.4012,1,-0.2315,0.7521,0.4570,1,0.1565,0.0000,-0.0000,1,-0.1565,-0.0000,0.0000,1,0.0000,0.0000,0.0000
867,28.933,1,11,1.8000,1,-0.1141,0.6523,0.0872,1,-0.0908,0.5423,0.0416,1,0.0670,0.6078,0.0700,1,-0.2550,0.5094,0.0858,1,0.2223,0.7811,0.2846,1,-0.2237,0.4421,0.3935,1,0.0361,0.9126,0.3809,1,-0.1769,0.6789,0.4478,1,0.1565,0.0000,-0.0000,1,-0.1565,-0.0000,0.0000,1,0.0000,0.0000,0.0000
870,29.033,1,11,1.8000,1,-0.1168,0.6525,0.0852,1,-0.0928,0.5417,0.0420,1,0.0631,0.6082,0.0779,1,-0.2579,0.5136,0.0861,1,0.1765,0.7867,0.3133,1,-0.2288,0.4684,0.3981,1,-0.0069,0.9246,0.4060,1,-0.1590,0.6984,0.4571,1,0.1565,-0.0000,0.0000,1,-0.1565,0.0000,-0.0000,1,0.0000,0.0000,0.0000
873,29.133,1,11,1.8000,1,-0.0946,0.6587,0.0757,1,-0.0788,0.5453,0.0356,1,0.0784,0.6082,0.0722,1,-0.2422,0.5308,0.0914,1,0.1626,0.7827,0.3224,1,-0.2012,0.5460,0.4048,1,0.0069,0.9280,0.4485,1,-0.1252,0.7656,0.4901,1,0.1565,-0.0000,-0.0000,1,-0.1565,0.0000,0.0000,1,0.0000,0.0000,0.0000
876,29.233,1,11,1.8000,1,-0.0446,0.6579,0.1017,1,-0.0303,0.5479,0.0527,1,0.1300,0.6040,0.0867,1,-0.1892,0.4793,0.0460,1,0.3118,0.8559,0.1473,1,-0.2429,0.1723,-0.0093,1,0.1077,0.9836,0.2049,1,-0.2469,-0.0580,0.0811,1,0.1565,0.0000,-0.0000,1,-0.1565,-0.0000,-0.0000,1,0.0000,0.0000,0.0000
879,29.333,0,0,0,0,0,0,0,0,0,0,0,0,0,0,0,0,0,0,0,0,0,0,0,0,0,0,0,0,0,0,0,0,0,0,0,0,0,0,0,0,0,0,0,0,0,0,0
882,29.433,1,11,1.8000,1,-0.0149,0.6517,0.1228,1,-0.0043,0.5454,0.0653,1,0.1568,0.6064,0.0825,1,-0.1603,0.4711,0.0780,1,0.3589,0.8388,0.0093,1,-0.2457,0.1705,0.1278,1,0.1675,0.9741,0.0889,1,-0.2319,-0.0315,0.2703,1,0.1565,-0.0000,0.0000,1,-0.1565,0.0000,-0.0000,1,0.0000,0.0000,0.0000
885,29.533,1,11,1.8000,1,-0.0038,0.6515,0.1238,1,0.0044,0.5454,0.0657,1,0.1669,0.6033,0.0812,1,-0.1517,0.4716,0.0797,1,0.4137,0.7862,0.0050,1,-0.2404,0.1719,0.1295,1,0.2306,0.9372,0.0751,1,-0.2319,-0.0300,0.2724,1,0.1565,0.0000,0.0000,1,-0.1565,-0.0000,-0.0000,1,0.0000,0.0000,0.0000
888,29.633,1,11,1.8000,1,-0.0168,0.6526,0.1193,1,-0.0072,0.5460,0.0622,1,0.1554,0.6036,0.0773,1,-0.1630,0.4720,0.0778,1,0.4486,0.7182,0.0439,1,-0.2534,0.1743,0.1358,1,0.2743,0.8761,0.1212,1,-0.2423,-0.0176,0.2917,1,0.1565,-0.0000,-0.0000,1,-0.1565,0.0000,0.0000,1,0.0000,0.0000,0.0000
891,29.733,1,11,1.8000,1,-0.0338,0.6539,0.1126,1,-0.0209,0.5462,0.0583,1,0.1416,0.6038,0.0748,1,-0.1773,0.4739,0.0756,1,0.4479,0.6831,0.0647,1,-0.2767,0.1831,0.1511,1,0.2794,0.8466,0.1431,1,-0.2826,0.0015,0.3192,1,0.1565,-0.0000,-0.0000,1,-0.1565,0.0000,-0.0000,1,0.0000,0.0000,0.0000
894,29.833,1,11,1.8000,1,-0.0699,0.6639,0.0656,1,-0.0591,0.5494,0.0271,1,0.1049,0.5965,0.0569,1,-0.2233,0.5374,0.0810,1,0.2992,0.7016,0.2835,1,-0.2050,0.5625,0.3959,1,0.1509,0.8512,0.4135,1,-0.1498,0.7940,0.4636,1,0.1565,-0.0000,0.0000,1,-0.1565,0.0000,-0.0000,1,0.0000,0.0000,0.0000
897,29.933,1,11,1.8000,1,-0.0632,0.6665,0.0552,1,-0.0538,0.5507,0.0201,1,0.1103,0.5973,0.0502,1,-0.2180,0.5399,0.0739,1,0.2881,0.7089,0.2871,1,-0.2021,0.5685,0.3887,1,0.1382,0.8570,0.4169,1,-0.1452,0.7978,0.4625,1,0.1565,0.0000,-0.0000,1,-0.1565,-0.0000,0.0000,1,0.0000,0.0000,0.0000
900,30.033,1,11,1.8000,1,-0.0519,0.6682,0.0499,1,-0.0436,0.5519,0.0163,1,0.1208,0.5987,0.0444,1,-0.2076,0.5404,0.0708,1,0.2959,0.7122,0.2824,1,-0.1873,0.5643,0.3857,1,0.1524,0.8629,0.4164,1,-0.1290,0.7924,0.4622,1,0.1565,-0.0000,0.0000,1,-0.1565,-0.0000,-0.0000,1,0.0000,0.0000,0.0000
903,30.133,0,0,0,0,0,0,0,0,0,0,0,0,0,0,0,0,0,0,0,0,0,0,0,0,0,0,0,0,0,0,0,0,0,0,0,0,0,0,0,0,0,0,0,0,0,0,0
906,30.233,1,11,1.8000,1,-0.0558,0.6625,0.0788,1,-0.0446,0.5496,0.0358,1,0.1198,0.5978,0.0612,1,-0.2098,0.5278,0.0829,1,0.3292,0.6973,0.2766,1,-0.2048,0.4713,0.3943,1,0.1839,0.8584,0.3956,1,-0.1464,0.7081,0.4367,1,0.1565,0.0000,-0.0000,1,-0.1565,-0.0000,0.0000,1,0.0000,0.0000,0.0000
909,30.333,1,11,1.8000,1,-0.0657,0.6516,0.1168,1,-0.0488,0.5435,0.0644,1,0.1125,0.6037,0.0833,1,-0.2162,0.5200,0.1025,1,0.3498,0.7626,0.2196,1,-0.2269,0.3822,0.3873,1,0.1919,0.9481,0.2627,1,-0.1817,0.6253,0.3769,1,0.1565,-0.0000,-0.0000,1,-0.1565,0.0000,0.0000,1,0.0000,0.0000,0.0000
912,30.433,1,11,1.8000,1,-0.0556,0.6518,0.1203,1,-0.0409,0.5436,0.0675,1,0.1206,0.6046,0.0822,1,-0.2078,0.5195,0.1069,1,0.3538,0.7958,0.1783,1,-0.2171,0.3789,0.3903,1,0.1932,0.9773,0.2284,1,-0.1733,0.6216,0.3703,1,0.1565,0.0000,0.0000,1,-0.1565,-0.0000,-0.0000,1,0.0000,0.0000,0.0000
915,30.533,1,11,1.8000,1,-0.0294,0.6543,0.1203,1,-0.0227,0.5458,0.0665,1,0.1504,0.5519,0.0668,1,-0.1846,0.4869,0.0842,1,0.3162,0.4108,-0.1629,1,-0.2989,0.1926,0.1065,1,0.3303,0.1712,-0.1027,1,-0.3146,-0.0356,0.2011,1,0.1565,-0.0000,-0.0000,1,-0.1565,-0.0000,-0.0000,1,0.0000,0.0000,0.0000
918,30.633,1,11,1.8000,1,-0.0331,0.6520,0.1255,1,-0.0250,0.5452,0.0685,1,0.1482,0.5421,0.0694,1,-0.1879,0.4885,0.0835,1,0.2944,0.3811,-0.1605,1,-0.3051,0.1946,0.0891,1,0.3070,0.1424,-0.0963,1,-0.3127,-0.0357,0.1794,1,0.1565,0.0000,-0.0000,1,-0.1565,-0.0000,0.0000,1,0.0000,0.0000,0.0000
921,30.733,1,11,1.8000,1,-0.0370,0.6535,0.1199,1,-0.0267,0.5459,0.0650,1,0.1463,0.5381,0.0687,1,-0.1890,0.4873,0.0794,1,0.2872,0.3686,-0.1585,1,-0.3061,0.1933,0.0775,1,0.2880,0.1330,-0.0828,1,-0.3176,-0.0369,0.1678,1,0.1565,-0.0000,-0.0000,1,-0.1565,-0.0000,-0.0000,1,0.0000,0.0000,0.0000
924,30.833,1,11,1.8000,1,0.0032,0.6506,0.1330,1,0.0066,0.5450,0.0735,1,0.1716,0.5062,0.1092,1,-0.1576,0.4901,0.0776,1,0.2727,0.2063,0.1053,1,-0.2457,0.1863,0.0674,1,0.2414,0.0129,0.2566,1,-0.2484,-0.0415,0.1642,1,0.1565,0.0000,-0.0000,1,-0.1565,-0.0000,-0.0000,1,0.0000,0.0000,0.0000
927,30.933,1,11,1.8000,1,0.0017,0.6525,0.1282,1,0.0050,0.5458,0.0705,1,0.1698,0.5049,0.1048,1,-0.1597,0.4923,0.0725,1,0.2687,0.2044,0.0966,1,-0.2454,0.1881,0.0545,1,0.2357,0.0060,0.2410,1,-0.2449,-0.0401,0.1502,1,0.1565,-0.0000,0.0000,1,-0.1565,0.0000,-0.0000,1,0.0000,0.0000,0.0000
930,31.033,1,11,1.8000,1,0.0069,0.6591,0.1051,1,0.0112,0.5483,0.0558,1,0.1776,0.5884,0.0826,1,-0.1472,0.4788,0.0631,1,0.4772,0.6902,0.0871,1,-0.2398,0.1761,0.0619,1,0.3498,0.8577,0.2174,1,-0.2623,-0.0497,0.1606,1,0.1565,-0.0000,0.0000,1,-0.1565,-0.0000,-0.0000,1,0.0000,0.0000,0.0000
933,31.133,1,11,1.8000,1,0.0188,0.6577,0.1092,1,0.0214,0.5474,0.0588,1,0.1873,0.5907,0.0832,1,-0.1362,0.4766,0.0697,1,0.4878,0.6865,0.0560,1,-0.2334,0.1762,0.0920,1,0.3441,0.8540,0.1681,1,-0.2619,-0.0463,0.1966,1,0.1565,0.0000,-0.0000,1,-0.1565,-0.0000,0.0000,1,0.0000,0.0000,0.0000
936,31.233,1,11,1.8000,1,0.0094,0.6469,0.1446,1,0.0101,0.5418,0.0840,1,0.1775,0.5130,0.1181,1,-0.1527,0.4865,0.1046,1,0.2590,0.2098,0.1578,1,-0.2393,0.1933,0.1865,1,0.2061,0.0159,0.3023,1,-0.2270,-0.0157,0.3184,1,0.1565,0.0000,0.0000,1,-0.1565,-0.0000,-0.0000,1,0.0000,0.0000,0.0000
939,31.333,1,11,1.8000,1,0.0070,0.6474,0.1434,1,0.0081,0.5421,0.0832,1,0.1760,0.5150,0.1165,1,-0.1547,0.4868,0.1040,1,0.2545,0.2119,0.1628,1,-0.2408,0.1949,0.1911,1,0.2014,0.0173,0.3062,1,-0.2287,-0.0119,0.3264,1,0.1565,-0.0000,-0.0000,1,-0.1565,-0.0000,-0.0000,1,0.0000,0.0000,0.0000
942,31.433,1,11,1.8000,1,0.0036,0.6458,0.1480,1,0.0049,0.5407,0.0875,1,0.1733,0.5164,0.1201,1,-0.1570,0.4840,0.1114,1,0.2521,0.2152,0.1768,1,-0.2361,0.1951,0.2137,1,0.2048,0.0175,0.3179,1,-0.2098,-0.0108,0.3485,1,0.1565,0.0000,0.0000,1,-0.1565,-0.0000,-0.0000,1,0.0000,0.0000,0.0000
945,31.533,1,11,1.8000,1,0.0254,0.6581,0.1070,1,0.0262,0.5473,0.0577,1,0.1889,0.6019,0.0813,1,-0.1316,0.4767,0.0691,1,0.4113,0.8262,0.1001,1,-0.2221,0.1745,0.0943,1,0.2581,0.9931,0.1999,1,-0.2361,-0.0415,0.2144,1,0.1565,0.0000,-0.0000,1,-0.1565,-0.0000,-0.0000,1,0.0000,0.0000,-0.0000
948,31.633,1,11,1.8000,1,0.0208,0.6588,0.1047,1,0.0232,0.5477,0.0561,1,0.1858,0.6027,0.0789,1,-0.1342,0.4759,0.0651,1,0.4052,0.8308,0.0794,1,-0.2235,0.1724,0.0729,1,0.2691,1.0128,0.1776,1,-0.2380,-0.0487,0.1833,1,0.1565,-0.0000,0.0000,1,-0.1565,0.0000,-0.0000,1,0.0000,0.0000,-0.0000
951,31.733,0,0,0,0,0,0,0,0,0,0,0,0,0,0,0,0,0,0,0,0,0,0,0,0,0,0,0,0,0,0,0,0,0,0,0,0,0,0,0,0,0,0,0,0,0,0,0
954,31.833,1,11,1.8000,1,-0.0091,0.6469,0.1462,1,-0.0059,0.5404,0.0881,1,0.1624,0.5202,0.1237,1,-0.1661,0.4845,0.1229,1,0.2282,0.2201,0.1998,1,-0.2046,0.1998,0.2558,1,0.1350,0.0471,0.3503,1,-0.1374,0.0147,0.4056,1,0.1565,0.0000,0.0000,1,-0.1565,-0.0000,-0.0000,1,0.0000,0.0000,-0.0000
957,31.933,1,11,1.8000,1,-0.0073,0.6467,0.1466,1,-0.0046,0.5404,0.0881,1,0.1639,0.5213,0.1236,1,-0.1650,0.4852,0.1229,1,0.2333,0.2220,0.1996,1,-0.2082,0.2035,0.2603,1,0.1386,0.0504,0.3508,1,-0.1371,0.0206,0.4112,1,0.1565,0.0000,-0.0000,1,-0.1565,-0.0000,-0.0000,1,0.0000,0.0000,-0.0000
960,32.033,1,11,1.8000,1,-0.0175,0.6507,0.1344,1,-0.0128,0.5435,0.0777,1,0.1557,0.5142,0.1050,1,-0.1746,0.4849,0.0970,1,0.2460,0.2126,0.1376,1,-0.2469,0.1895,0.1845,1,0.2247,-0.0049,0.2538,1,-0.2076,-0.0247,0.3021,1,0.1565,0.0000,0.0000,1,-0.1565,-0.0000,-0.0000,1,0.0000,0.0000,-0.0000
963,32.133,1,11,1.8000,1,-0.0183,0.6511,0.1331,1,-0.0133,0.5438,0.0767,1,0.1551,0.5147,0.1049,1,-0.1757,0.4864,0.0946,1,0.2474,0.2143,0.1421,1,-0.2487,0.1906,0.1802,1,0.2276,-0.0015,0.2617,1,-0.2127,-0.0241,0.2981,1,0.1565,0.0000,-0.0000,1,-0.1565,-0.0000,-0.0000,1,0.0000,0.0000,0.0000
966,32.233,1,11,1.8000,1,-0.0142,0.6532,0.1264,1,-0.0096,0.5457,0.0703,1,0.1573,0.5078,0.0968,1,-0.1739,0.4919,0.0806,1,0.2516,0.2057,0.1020,1,-0.2490,0.1870,0.1198,1,0.2315,-0.0092,0.2229,1,-0.2229,-0.0353,0.2254,1,0.1565,-0.0000,0.0000,1,-0.1565,-0.0000,-0.0000,1,0.0000,0.0000,0.0000
969,32.333,0,0,0,0,0,0,0,0,0,0,0,0,0,0,0,0,0,0,0,0,0,0,0,0,0,0,0,0,0,0,0,0,0,0,0,0,0,0,0,0,0,0,0,0,0,0,0
972,32.433,1,11,1.8000,1,-0.0139,0.6550,0.1193,1,-0.0090,0.5472,0.0640,1,0.1609,0.5181,0.0800,1,-0.1738,0.4938,0.0652,1,0.2947,0.2914,-0.0957,1,-0.2434,0.1979,-0.0229,1,0.2725,0.0606,-0.0090,1,-0.2489,-0.0409,0.0421,1,0.1565,-0.0000,-0.0000,1,-0.1565,-0.0000,-0.0000,1,0.0000,0.0000,0.0000
975,32.533,1,11,1.8000,1,-0.0271,0.6549,0.1186,1,-0.0192,0.5460,0.0657,1,0.1521,0.5615,0.0859,1,-0.1829,0.4923,0.0835,1,0.3973,0.3662,0.0426,1,-0.2776,0.1994,0.1574,1,0.2747,0.2366,0.2142,1,-0.2496,-0.0219,0.2646,1,0.1565,-0.0000,-0.0000,1,-0.1565,0.0000,-0.0000,1,0.0000,0.0000,0.0000
978,32.633,1,11,1.8000,1,-0.0095,0.6607,0.1022,1,-0.0048,0.5494,0.0542,1,0.1653,0.5410,0.0859,1,-0.1698,0.4969,0.0526,1,0.3753,0.3101,0.1384,1,-0.2451,0.1917,0.0161,1,0.2614,0.5002,0.2485,1,-0.2473,-0.0360,0.1131,1,0.1565,-0.0000,-0.0000,1,-0.1565,0.0000,0.0000,1,0.0000,0.0000,0.0000
981,32.733,0,0,0,0,0,0,0,0,0,0,0,0,0,0,0,0,0,0,0,0,0,0,0,0,0,0,0,0,0,0,0,0,0,0,0,0,0,0,0,0,0,0,0,0,0,0,0
984,32.833,0,0,0,0,0,0,0,0,0,0,0,0,0,0,0,0,0,0,0,0,0,0,0,0,0,0,0,0,0,0,0,0,0,0,0,0,0,0,0,0,0,0,0,0,0,0,0
987,32.933,1,11,1.8000,1,-0.0472,0.6418,0.1506,1,-0.0385,0.5401,0.0850,1,0.1289,0.5061,0.1136,1,-0.2043,0.4918,0.0976,1,0.2459,0.2124,0.0981,1,-0.2935,0.1917,0.1441,1,0.2281,-0.0105,0.2043,1,-0.2555,-0.0115,0.2802,1,0.1565,0.0000,0.0000,1,-0.1565,-0.0000,0.0000,1,0.0000,0.0000,0.0000
990,33.033,1,11,1.8000,1,-0.0682,0.6489,0.1275,1,-0.0543,0.5418,0.0723,1,0.1153,0.5442,0.1077,1,-0.2164,0.4830,0.0887,1,0.2705,0.2746,0.1660,1,-0.3167,0.2047,0.2010,1,0.1539,0.1812,0.3633,1,-0.2828,0.0328,0.3758,1,0.1565,0.0000,0.0000,1,-0.1565,-0.0000,-0.0000,1,0.0000,0.0000,0.0000
993,33.133,1,11,1.8000,1,-0.0814,0.6495,0.1215,1,-0.0637,0.5407,0.0707,1,0.1051,0.5502,0.1084,1,-0.2272,0.4883,0.0935,1,0.2449,0.2821,0.2018,1,-0.3266,0.2290,0.2454,1,0.0884,0.2304,0.3865,1,-0.1967,0.1871,0.4519,1,0.1565,0.0000,0.0000,1,-0.1565,-0.0000,-0.0000,1,0.0000,0.0000,0.0000
996,33.233,1,11,1.8000,1,-0.0855,0.6473,0.1252,1,-0.0665,0.5404,0.0712,1,0.1020,0.5482,0.1105,1,-0.2279,0.4807,0.0908,1,0.2396,0.2734,0.1861,1,-0.3226,0.2096,0.2239,1,0.0468,0.2521,0.3398,1,-0.2678,0.0873,0.4320,1,0.1565,-0.0000,-0.0000,1,-0.1565,0.0000,0.0000,1,0.0000,0.0000,0.0000
999,33.333,1,11,1.8000,1,-0.0713,0.6534,0.1133,1,-0.0540,0.5438,0.0642,1,0.1144,0.5507,0.1041,1,-0.2159,0.4854,0.0839,1,0.2341,0.2748,0.2025,1,-0.3071,0.2101,0.2105,1,0.0252,0.3569,0.3068,1,-0.2601,0.0869,0.4200,1,0.1565,0.0000,-0.0000,1,-0.1565,-0.0000,0.0000,1,0.0000,0.0000,0.0000
1002,33.433,0,0,0,0,0,0,0,0,0,0,0,0,0,0,0,0,0,0,0,0,0,0,0,0,0,0,0,0,0,0,0,0,0,0,0,0,0,0,0,0,0,0,0,0,0,0,0
1005,33.533,0,0,0,0,0,0,0,0,0,0,0,0,0,0,0,0,0,0,0,0,0,0,0,0,0,0,0,0,0,0,0,0,0,0,0,0,0,0,0,0,0,0,0,0,0,0,0
1008,33.633,1,11,1.8000,1,-0.0517,0.6594,0.0989,1,-0.0424,0.5480,0.0518,1,0.1290,0.5310,0.0703,1,-0.2059,0.4927,0.0654,1,0.2437,0.2360,0.0674,1,-0.3271,0.2188,0.1676,1,0.2376,0.0234,0.1939,1,-0.2447,0.0423,0.3202,1,0.1565,-0.0000,-0.0000,1,-0.1565,0.0000,-0.0000,1,0.0000,0.0000,0.0000
1011,33.733,1,11,1.8000,1,-0.0478,0.6598,0.0968,1,-0.0429,0.5488,0.0482,1,0.1276,0.5238,0.0654,1,-0.2059,0.4918,0.0613,1,0.2278,0.2236,0.0644,1,-0.3079,0.2054,0.1496,1,0.2405,-0.0135,0.1343,1,-0.2350,0.0054,0.2759,1,0.1565,-0.0000,0.0000,1,-0.1565,0.0000,-0.0000,1,0.0000,0.0000,0.0000
1014,33.833,0,0,0,0,0,0,0,0,0,0,0,0,0,0,0,0,0,0,0,0,0,0,0,0,0,0,0,0,0,0,0,0,0,0,0,0,0,0,0,0,0,0,0,0,0,0,0
1017,33.933,1,11,1.8000,1,-0.0250,0.6633,0.0919,1,-0.0222,0.5499,0.0490,1,0.1486,0.5365,0.0743,1,-0.1844,0.4943,0.0741,1,0.2748,0.2500,0.1210,1,-0.2764,0.2282,0.2186,1,0.1754,0.0976,0.2887,1,-0.0871,0.1512,0.3582,1,0.1565,-0.0000,0.0000,1,-0.1565,0.0000,-0.0000,1,0.0000,0.0000,0.0000
1020,34.033,1,11,1.8000,1,0.0480,0.6572,0.1109,1,0.0423,0.5454,0.0641,1,0.2114,0.5425,0.1017,1,-0.1186,0.4868,0.0902,1,0.3236,0.2600,0.1898,1,-0.2244,0.2249,0.2331,1,0.1865,0.1796,0.3796,1,-0.2125,0.0237,0.3767,1,0.1565,-0.0000,-0.0000,1,-0.1565,0.0000,0.0000,1,0.0000,0.0000,0.0000
1023,34.133,1,11,1.8000,1,0.0159,0.6621,0.0994,1,0.0127,0.5491,0.0554,1,0.1819,0.5255,0.0837,1,-0.1494,0.4935,0.0805,1,0.2744,0.2292,0.1452,1,-0.2431,0.2180,0.2049,1,0.1729,0.0644,0.2995,1,-0.0984,0.0816,0.3522,1,0.1565,-0.0000,0.0000,1,-0.1565,-0.0000,-0.0000,1,0.0000,0.0000,0.0000
1026,34.233,1,11,1.8000,1,0.0197,0.6624,0.0976,1,0.0161,0.5493,0.0539,1,0.1852,0.5221,0.0795,1,-0.1470,0.4962,0.0782,1,0.2827,0.2259,0.1339,1,-0.2423,0.2188,0.1972,1,0.1874,0.0568,0.2875,1,-0.0973,0.0858,0.3473,1,0.1565,0.0000,-0.0000,1,-0.1565,0.0000,-0.0000,1,0.0000,0.0000,-0.0000
1029,34.333,1,11,1.8000,1,0.0140,0.6649,0.0873,1,0.0117,0.5509,0.0460,1,0.1809,0.5215,0.0682,1,-0.1523,0.4988,0.0656,1,0.2827,0.2246,0.1091,1,-0.2498,0.2167,0.1709,1,0.1949,0.0496,0.2605,1,-0.1140,0.0759,0.3226,1,0.1565,-0.0000,-0.0000,1,-0.1565,0.0000,-0.0000,1,0.0000,0.0000,-0.0000
1032,34.433,1,11,1.8000,1,0.0190,0.6643,0.0890,1,0.0153,0.5507,0.0467,1,0.1839,0.5174,0.0682,1,-0.1486,0.4981,0.0657,1,0.2792,0.2181,0.1071,1,-0.2476,0.2149,0.1663,1,0.2077,0.0293,0.2503,1,-0.1218,0.0573,0.3099,1,0.1565,0.0000,-0.0000,1,-0.1565,-0.0000,-0.0000,1,0.0000,0.0000,-0.0000
1035,34.533,0,0,0,0,0,0,0,0,0,0,0,0,0,0,0,0,0,0,0,0,0,0,0,0,0,0,0,0,0,0,0,0,0,0,0,0,0,0,0,0,0,0,0,0,0,0,0
1038,34.633,0,0,0,0,0,0,0,0,0,0,0,0,0,0,0,0,0,0,0,0,0,0,0,0,0,0,0,0,0,0,0,0,0,0,0,0,0,0,0,0,0,0,0,0,0,0,0
1041,34.733,1,11,1.8000,1,0.0266,0.6662,0.0792,1,0.0221,0.5515,0.0400,1,0.1912,0.5214,0.0622,1,-0.1438,0.5020,0.0465,1,0.3073,0.2282,0.0891,1,-0.2490,0.2072,0.0928,1,0.2391,0.0717,0.2683,1,-0.2106,-0.0104,0.2043,1,0.1565,0.0000,-0.0000,1,-0.1565,-0.0000,0.0000,1,0.0000,0.0000,-0.0000
1044,34.833,1,11,1.8000,1,0.0216,0.6653,0.0844,1,0.0171,0.5511,0.0437,1,0.1864,0.5230,0.0673,1,-0.1476,0.4998,0.0594,1,0.2977,0.2293,0.1061,1,-0.2475,0.2115,0.1433,1,0.2371,0.0623,0.2785,1,-0.1987,-0.0042,0.2547,1,0.1565,0.0000,-0.0000,1,-0.1565,0.0000,0.0000,1,0.0000,0.0000,-0.0000
1047,34.933,0,0,0,0,0,0,0,0,0,0,0,0,0,0,0,0,0,0,0,0,0,0,0,0,0,0,0,0,0,0,0,0,0,0,0,0,0,0,0,0,0,0,0,0,0,0,0
1050,35.033,0,0,0,0,0,0,0,0,0,0,0,0,0,0,0,0,0,0,0,0,0,0,0,0,0,0,0,0,0,0,0,0,0,0,0,0,0,0,0,0,0,0,0,0,0,0,0
1053,35.133,1,11,1.8000,1,-0.0350,0.6645,0.0843,1,-0.0306,0.5504,0.0432,1,0.1391,0.5296,0.0708,1,-0.1945,0.4968,0.0594,1,0.2567,0.2377,0.1041,1,-0.3032,0.2210,0.1704,1,0.2173,0.0344,0.2397,1,-0.1723,0.0933,0.3371,1,0.1565,-0.0000,-0.0000,1,-0.1565,0.0000,0.0000,1,0.0000,0.0000,0.0000
1056,35.233,1,11,1.8000,1,-0.0364,0.6646,0.0835,1,-0.0339,0.5504,0.0425,1,0.1351,0.5215,0.0670,1,-0.1996,0.5021,0.0565,1,0.2467,0.2258,0.0826,1,-0.3152,0.2242,0.1543,1,0.2364,-0.0022,0.1784,1,-0.1984,0.0723,0.3110,1,0.1565,-0.0000,0.0000,1,-0.1565,-0.0000,-0.0000,1,0.0000,0.0000,0.0000
1059,35.333,1,11,1.8000,1,-0.0336,0.6700,0.0553,1,-0.0279,0.5529,0.0240,1,0.1429,0.5293,0.0410,1,-0.1936,0.5028,0.0263,1,0.2673,0.2387,0.0252,1,-0.3196,0.2214,0.0980,1,0.2836,0.0285,0.1548,1,-0.2354,0.0396,0.2433,1,0.1565,0.0000,-0.0000,1,-0.1565,0.0000,-0.0000,1,0.0000,0.0000,0.0000
1062,35.433,0,0,0,0,0,0,0,0,0,0,0,0,0,0,0,0,0,0,0,0,0,0,0,0,0,0,0,0,0,0,0,0,0,0,0,0,0,0,0,0,0,0,0,0,0,0,0
1065,35.533,1,11,1.8000,1,-0.0644,0.6638,0.0764,1,-0.0505,0.5493,0.0390,1,0.1183,0.5429,0.0774,1,-0.2149,0.4967,0.0535,1,0.2157,0.2545,0.1638,1,-0.3223,0.2242,0.1734,1,0.0745,0.3710,0.3304,1,-0.1974,0.1504,0.3739,1,0.1565,0.0000,0.0000,1,-0.1565,-0.0000,0.0000,1,0.0000,0.0000,0.0000
1068,35.633,1,11,1.8000,1,-0.0697,0.6581,0.1003,1,-0.0577,0.5455,0.0569,1,0.1098,0.5368,0.1002,1,-0.2203,0.4897,0.0780,1,0.2070,0.2526,0.1999,1,-0.3037,0.2252,0.2304,1,0.0510,0.1286,0.3467,1,-0.1548,0.1146,0.3944,1,0.1565,0.0000,-0.0000,1,-0.1565,-0.0000,-0.0000,1,0.0000,0.0000,0.0000
1071,35.733,1,11,1.8000,1,-0.0712,0.6576,0.1014,1,-0.0579,0.5448,0.0586,1,0.1087,0.5424,0.1059,1,-0.2217,0.4925,0.0793,1,0.1945,0.2602,0.2207,1,-0.3142,0.2399,0.2460,1,0.0122,0.2091,0.3802,1,-0.1580,0.1762,0.4271,1,0.1565,-0.0000,0.0000,1,-0.1565,0.0000,-0.0000,1,0.0000,0.0000,0.0000
1074,35.833,1,11,1.8000,1,-0.0836,0.6593,0.0872,1,-0.0677,0.5457,0.0478,1,0.0992,0.5475,0.0941,1,-0.2327,0.4974,0.0685,1,0.1733,0.2661,0.2185,1,-0.3232,0.2584,0.2553,1,-0.0114,0.3202,0.3741,1,-0.1396,0.3088,0.4133,1,0.1565,-0.0000,0.0000,1,-0.1565,0.0000,-0.0000,1,0.0000,0.0000,0.0000
1077,35.933,1,11,1.8000,1,-0.1068,0.6559,0.0881,1,-0.0885,0.5415,0.0523,1,0.0762,0.5555,0.1041,1,-0.2548,0.5068,0.0860,1,0.1236,0.3146,0.3038,1,-0.3233,0.3376,0.3446,1,-0.0475,0.3681,0.4744,1,-0.1543,0.4066,0.5117,1,0.1565,0.0000,-0.0000,1,-0.1565,-0.0000,0.0000,1,0.0000,0.0000,0.0000
1080,36.033,1,11,1.8000,1,-0.1027,0.6566,0.0886,1,-0.0853,0.5427,0.0507,1,0.0810,0.5488,0.0985,1,-0.2505,0.5020,0.0832,1,0.1433,0.2861,0.2636,1,-0.3167,0.3076,0.3240,1,-0.0262,0.3218,0.4404,1,-0.1349,0.3558,0.4849,1,0.1565,-0.0000,0.0000,1,-0.1565,0.0000,-0.0000,1,0.0000,0.0000,0.0000
1083,36.133,0,0,0,0,0,0,0,0,0,0,0,0,0,0,0,0,0,0,0,0,0,0,0,0,0,0,0,0,0,0,0,0,0,0,0,0,0,0,0,0,0,0,0,0,0,0,0
1086,36.233,1,11,1.8000,1,-0.1027,0.6562,0.0894,1,-0.0849,0.5422,0.0520,1,0.0811,0.5509,0.1005,1,-0.2501,0.5018,0.0847,1,0.1421,0.2911,0.2705,1,-0.3174,0.3097,0.3271,1,-0.0293,0.3279,0.4453,1,-0.1401,0.3620,0.4917,1,0.1565,-0.0000,-0.0000,1,-0.1565,0.0000,0.0000,1,0.0000,0.0000,0.0000
1089,36.333,1,11,1.8000,1,-0.0845,0.6572,0.0964,1,-0.0694,0.5437,0.0564,1,0.0976,0.5496,0.1019,1,-0.2335,0.4981,0.0879,1,0.1729,0.2802,0.2500,1,-0.3032,0.2832,0.3096,1,-0.0015,0.2847,0.4255,1,-0.1171,0.3035,0.4715,1,0.1565,0.0000,-0.0000,1,-0.1565,-0.0000,0.0000,1,0.0000,0.0000,0.0000
1092,36.433,1,11,1.8000,1,-0.0881,0.6568,0.0958,1,-0.0723,0.5431,0.0567,1,0.0940,0.5524,0.1043,1,-0.2369,0.5009,0.0900,1,0.1612,0.2913,0.2700,1,-0.3038,0.3021,0.3270,1,-0.0138,0.3108,0.4439,1,-0.1202,0.3387,0.4888,1,0.1565,0.0000,0.0000,1,-0.1565,-0.0000,-0.0000,1,0.0000,0.0000,0.0000
1095,36.533,1,11,1.8000,1,-0.0892,0.6568,0.0952,1,-0.0732,0.5430,0.0565,1,0.0930,0.5523,0.1045,1,-0.2379,0.5012,0.0900,1,0.1586,0.2917,0.2718,1,-0.3042,0.3036,0.3282,1,-0.0164,0.3139,0.4454,1,-0.1213,0.3432,0.4901,1,0.1565,0.0000,0.0000,1,-0.1565,-0.0000,-0.0000,1,0.0000,0.0000,0.0000
1098,36.633,1,11,1.8000,1,-0.0963,0.6564,0.0930,1,-0.0792,0.5425,0.0547,1,0.0870,0.5506,0.1027,1,-0.2441,0.5009,0.0871,1,0.1545,0.2890,0.2676,1,-0.3108,0.3009,0.3232,1,-0.0201,0.3111,0.4417,1,-0.1309,0.3425,0.4880,1,0.1565,-0.0000,0.0000,1,-0.1565,-0.0000,0.0000,1,0.0000,0.0000,0.0000
1101,36.733,1,11,1.8000,1,-0.0664,0.6650,0.0686,1,-0.0535,0.5495,0.0335,1,0.1163,0.5460,0.0672,1,-0.2161,0.4929,0.0523,1,0.2169,0.2545,0.1387,1,-0.3257,0.2378,0.2042,1,0.0757,0.2784,0.3405,1,-0.1570,0.2427,0.3852,1,0.1565,0.0000,-0.0000,1,-0.1565,-0.0000,0.0000,1,0.0000,0.0000,0.0000
1104,36.833,1,11,1.8000,1,-0.0670,0.6648,0.0689,1,-0.0539,0.5494,0.0337,1,0.1160,0.5476,0.0672,1,-0.2167,0.4931,0.0517,1,0.2169,0.2557,0.1368,1,-0.3318,0.2385,0.2003,1,0.0796,0.2812,0.3411,1,-0.1642,0.2397,0.3824,1,0.1565,0.0000,0.0000,1,-0.1565,-0.0000,-0.0000,1,0.0000,0.0000,0.0000
1107,36.933,1,11,1.8000,1,-0.0719,0.6647,0.0656,1,-0.0580,0.5494,0.0304,1,0.1123,0.5499,0.0618,1,-0.2215,0.4947,0.0478,1,0.2170,0.2589,0.1290,1,-0.3379,0.2409,0.1967,1,0.0919,0.3587,0.3177,1,-0.1718,0.2642,0.3787,1,0.1565,-0.0000,-0.0000,1,-0.1565,0.0000,0.0000,1,0.0000,0.0000,0.0000
1110,37.033,1,11,1.8000,1,-0.0612,0.6674,0.0561,1,-0.0484,0.5511,0.0241,1,0.1226,0.5429,0.0505,1,-0.2118,0.4946,0.0338,1,0.2323,0.2474,0.0792,1,-0.3304,0.2190,0.1347,1,0.1253,0.3270,0.2876,1,-0.1905,0.1693,0.3327,1,0.1565,-0.0000,-0.0000,1,-0.1565,0.0000,0.0000,1,0.0000,0.0000,0.0000
1113,37.133,1,11,1.8000,1,-0.0624,0.6663,0.0618,1,-0.0489,0.5506,0.0280,1,0.1214,0.5452,0.0590,1,-0.2122,0.4939,0.0390,1,0.2358,0.2542,0.1082,1,-0.3278,0.2204,0.1485,1,0.1144,0.3247,0.3121,1,-0.1784,0.1901,0.3435,1,0.1565,0.0000,-0.0000,1,-0.1565,-0.0000,0.0000,1,0.0000,0.0000,0.0000
1116,37.233,1,11,1.8000,1,-0.0567,0.6687,0.0500,1,-0.0452,0.5518,0.0199,1,0.1263,0.5445,0.0432,1,-0.2094,0.4974,0.0283,1,0.2568,0.2568,0.0623,1,-0.3339,0.2221,0.1228,1,0.1826,0.3439,0.2818,1,-0.1924,0.1943,0.3240,1,0.1565,0.0000,-0.0000,1,-0.1565,-0.0000,0.0000,1,0.0000,0.0000,0.0000
1119,37.333,1,11,1.8000,1,-0.0543,0.6689,0.0506,1,-0.0430,0.5519,0.0203,1,0.1283,0.5436,0.0441,1,-0.2069,0.4961,0.0267,1,0.2540,0.2537,0.0625,1,-0.3312,0.2187,0.1148,1,0.1701,0.3151,0.2871,1,-0.1860,0.1871,0.3128,1,0.1565,-0.0000,0.0000,1,-0.1565,0.0000,-0.0000,1,0.0000,0.0000,0.0000
1122,37.433,1,11,1.8000,1,-0.0574,0.6684,0.0516,1,-0.0452,0.5516,0.0213,1,0.1261,0.5437,0.0460,1,-0.2090,0.4960,0.0294,1,0.2510,0.2536,0.0669,1,-0.3338,0.2209,0.1238,1,0.1739,0.3148,0.2941,1,-0.1880,0.1965,0.3222,1,0.1565,0.0000,-0.0000,1,-0.1565,-0.0000,0.0000,1,0.0000,0.0000,0.0000
1125,37.533,1,11,1.8000,1,-0.0568,0.6688,0.0498,1,-0.0450,0.5518,0.0200,1,0.1263,0.5429,0.0440,1,-0.2089,0.4962,0.0274,1,0.2516,0.2527,0.0597,1,-0.3338,0.2200,0.1185,1,0.1791,0.3026,0.2910,1,-0.1897,0.1920,0.3178,1,0.1565,-0.0000,-0.0000,1,-0.1565,0.0000,0.0000,1,0.0000,0.0000,0.0000
1128,37.633,1,11,1.8000,1,-0.0565,0.6688,0.0495,1,-0.0450,0.5518,0.0198,1,0.1264,0.5426,0.0429,1,-0.2091,0.4967,0.0279,1,0.2527,0.2528,0.0578,1,-0.3340,0.2212,0.1209,1,0.1841,0.3140,0.2876,1,-0.1900,0.1910,0.3199,1,0.1565,0.0000,0.0000,1,-0.1565,-0.0000,-0.0000,1,0.0000,0.0000,0.0000
1131,37.733,1,11,1.8000,1,-0.0585,0.6674,0.0580,1,-0.0482,0.5511,0.0253,1,0.1230,0.5471,0.0519,1,-0.2121,0.4974,0.0409,1,0.2466,0.2596,0.0988,1,-0.3336,0.2376,0.1749,1,0.1533,0.3236,0.3189,1,-0.1716,0.2441,0.3619,1,0.1565,-0.0000,0.0000,1,-0.1565,0.0000,-0.0000,1,0.0000,0.0000,0.0000
1134,37.833,1,11,1.8000,1,-0.0618,0.6671,0.0581,1,-0.0512,0.5508,0.0252,1,0.1201,0.5469,0.0511,1,-0.2152,0.4979,0.0418,1,0.2437,0.2590,0.0959,1,-0.3339,0.2393,0.1804,1,0.1576,0.3346,0.3153,1,-0.1718,0.2518,0.3670,1,0.1565,0.0000,0.0000,1,-0.1565,-0.0000,-0.0000,1,0.0000,0.0000,0.0000
1137,37.933,1,11,1.8000,1,-0.0723,0.6656,0.0601,1,-0.0599,0.5497,0.0266,1,0.1111,0.5475,0.0539,1,-0.2241,0.4976,0.0444,1,0.2317,0.2588,0.1019,1,-0.3414,0.2421,0.1899,1,0.1563,0.3612,0.3143,1,-0.1813,0.2635,0.3775,1,0.1565,-0.0000,-0.0000,1,-0.1565,0.0000,0.0000,1,0.0000,0.0000,0.0000
1140,38.033,1,11,1.8000,1,-0.0698,0.6660,0.0597,1,-0.0576,0.5500,0.0266,1,0.1133,0.5474,0.0544,1,-0.2217,0.4972,0.0438,1,0.2317,0.2582,0.1050,1,-0.3407,0.2405,0.1856,1,0.1470,0.3471,0.3199,1,-0.1784,0.2565,0.3717,1,0.1565,0.0000,-0.0000,1,-0.1565,-0.0000,0.0000,1,0.0000,0.0000,0.0000
1143,38.133,1,11,1.8000,1,-0.0674,0.6667,0.0570,1,-0.0560,0.5505,0.0244,1,0.1155,0.5479,0.0490,1,-0.2201,0.4977,0.0408,1,0.2412,0.2599,0.0868,1,-0.3341,0.2358,0.1772,1,0.1696,0.3599,0.3016,1,-0.1753,0.2517,0.3663,1,0.1565,0.0000,-0.0000,1,-0.1565,-0.0000,-0.0000,1,0.0000,0.0000,0.0000
1146,38.233,1,11,1.8000,1,-0.0714,0.6661,0.0580,1,-0.0593,0.5500,0.0250,1,0.1118,0.5465,0.0514,1,-0.2234,0.4974,0.0419,1,0.2291,0.2561,0.0965,1,-0.3390,0.2389,0.1833,1,0.1472,0.3589,0.3062,1,-0.1781,0.2586,0.3704,1,0.1565,-0.0000,-0.0000,1,-0.1565,0.0000,0.0000,1,0.0000,0.0000,0.0000
1149,38.333,1,11,1.8000,1,-0.0783,0.6650,0.0598,1,-0.0645,0.5491,0.0268,1,0.1060,0.5468,0.0570,1,-0.2289,0.4976,0.0445,1,0.2154,0.2557,0.1160,1,-0.3462,0.2453,0.1953,1,0.1237,0.3662,0.3176,1,-0.1842,0.2703,0.3807,1,0.1565,-0.0000,-0.0000,1,-0.1565,0.0000,0.0000,1,0.0000,0.0000,0.0000
1152,38.433,1,11,1.8000,1,-0.0718,0.6662,0.0572,1,-0.0595,0.5500,0.0248,1,0.1115,0.5466,0.0518,1,-0.2237,0.4974,0.0413,1,0.2257,0.2551,0.0981,1,-0.3398,0.2394,0.1832,1,0.1420,0.3594,0.3063,1,-0.1785,0.2579,0.3700,1,0.1565,0.0000,-0.0000,1,-0.1565,-0.0000,0.0000,1,0.0000,0.0000,0.0000
1155,38.533,1,11,1.8000,1,-0.0722,0.6660,0.0579,1,-0.0599,0.5499,0.0250,1,0.1110,0.5462,0.0526,1,-0.2242,0.4976,0.0417,1,0.2235,0.2542,0.1002,1,-0.3421,0.2422,0.1867,1,0.1387,0.3543,0.3102,1,-0.1807,0.2631,0.3731,1,0.1565,-0.0000,0.0000,1,-0.1565,0.0000,-0.0000,1,0.0000,0.0000,0.0000
1158,38.633,1,11,1.8000,1,-0.0687,0.6666,0.0569,1,-0.0569,0.5503,0.0247,1,0.1140,0.5441,0.0525,1,-0.2210,0.4975,0.0411,1,0.2215,0.2500,0.0982,1,-0.3406,0.2406,0.1821,1,0.1297,0.3131,0.3192,1,-0.1783,0.2537,0.3685,1,0.1565,-0.0000,-0.0000,1,-0.1565,0.0000,0.0000,1,0.0000,0.0000,0.0000
1161,38.733,1,11,1.8000,1,-0.0633,0.6673,0.0564,1,-0.0525,0.5508,0.0244,1,0.1184,0.5429,0.0512,1,-0.2165,0.4974,0.0397,1,0.2255,0.2478,0.0917,1,-0.3367,0.2367,0.1730,1,0.1317,0.2963,0.3155,1,-0.1749,0.2436,0.3602,1,0.1565,-0.0000,-0.0000,1,-0.1565,0.0000,0.0000,1,0.0000,0.0000,0.0000
1164,38.833,1,11,1.8000,1,-0.0630,0.6675,0.0557,1,-0.0522,0.5509,0.0239,1,0.1188,0.5428,0.0505,1,-0.2164,0.4979,0.0385,1,0.2262,0.2475,0.0879,1,-0.3379,0.2368,0.1698,1,0.1372,0.2902,0.3149,1,-0.1778,0.2422,0.3584,1,0.1565,0.0000,-0.0000,1,-0.1565,-0.0000,0.0000,1,0.0000,0.0000,0.0000
1167,38.933,1,11,1.8000,1,-0.0598,0.6679,0.0553,1,-0.0496,0.5512,0.0236,1,0.1216,0.5427,0.0488,1,-0.2140,0.4985,0.0371,1,0.2309,0.2473,0.0795,1,-0.3380,0.2358,0.1626,1,0.1485,0.2838,0.3100,1,-0.1804,0.2380,0.3533,1,0.1565,-0.0000,-0.0000,1,-0.1565,0.0000,0.0000,1,0.0000,0.0000,0.0000
1170,39.033,1,11,1.8000,1,-0.0628,0.6673,0.0568,1,-0.0517,0.5508,0.0249,1,0.1192,0.5440,0.0520,1,-0.2159,0.4976,0.0388,1,0.2280,0.2494,0.0912,1,-0.3398,0.2359,0.1666,1,0.1368,0.2848,0.3185,1,-0.1821,0.2365,0.3573,1,0.1565,0.0000,-0.0000,1,-0.1565,-0.0000,0.0000,1,0.0000,0.0000,0.0000
1173,39.133,1,11,1.8000,1,-0.0601,0.6676,0.0570,1,-0.0498,0.5510,0.0249,1,0.1212,0.5435,0.0516,1,-0.2140,0.4978,0.0392,1,0.2290,0.2485,0.0904,1,-0.3365,0.2347,0.1654,1,0.1367,0.2973,0.3147,1,-0.1771,0.2373,0.3547,1,0.1565,-0.0000,0.0000,1,-0.1565,0.0000,-0.0000,1,0.0000,0.0000,0.0000
1176,39.233,1,11,1.8000,1,-0.0627,0.6672,0.0573,1,-0.0518,0.5508,0.0252,1,0.1190,0.5443,0.0534,1,-0.2161,0.4979,0.0395,1,0.2262,0.2497,0.0971,1,-0.3406,0.2375,0.1693,1,0.1343,0.2967,0.3220,1,-0.1819,0.2417,0.3592,1,0.1565,0.0000,0.0000,1,-0.1565,-0.0000,-0.0000,1,0.0000,0.0000,0.0000
1179,39.333,1,11,1.8000,1,-0.0649,0.6672,0.0562,1,-0.0538,0.5507,0.0243,1,0.1171,0.5430,0.0512,1,-0.2180,0.4977,0.0392,1,0.2244,0.2480,0.0918,1,-0.3372,0.2341,0.1676,1,0.1345,0.3046,0.3153,1,-0.1786,0.2383,0.3576,1,0.1565,-0.0000,0.0000,1,-0.1565,0.0000,-0.0000,1,0.0000,0.0000,0.0000
1182,39.433,0,0,0,0,0,0,0,0,0,0,0,0,0,0,0,0,0,0,0,0,0,0,0,0,0,0,0,0,0,0,0,0,0,0,0,0,0,0,0,0,0,0,0,0,0,0,0
1185,39.533,1,11,1.8000,1,-0.0663,0.6666,0.0593,1,-0.0538,0.5503,0.0270,1,0.1168,0.5459,0.0569,1,-0.2172,0.4948,0.0419,1,0.2224,0.2520,0.1078,1,-0.3382,0.2336,0.1735,1,0.1124,0.2839,0.3272,1,-0.1775,0.2332,0.3617,1,0.1565,-0.0000,0.0000,1,-0.1565,0.0000,-0.0000,1,0.0000,0.0000,0.0000
1188,39.633,1,11,1.8000,1,-0.0674,0.6666,0.0578,1,-0.0552,0.5503,0.0255,1,0.1154,0.5453,0.0551,1,-0.2192,0.4968,0.0407,1,0.2191,0.2507,0.1060,1,-0.3422,0.2393,0.1777,1,0.1191,0.3170,0.3225,1,-0.1815,0.2492,0.3657,1,0.1565,-0.0000,-0.0000,1,-0.1565,0.0000,0.0000,1,0.0000,0.0000,0.0000
1191,39.733,1,11,1.8000,1,-0.0737,0.6659,0.0575,1,-0.0606,0.5499,0.0248,1,0.1104,0.5470,0.0526,1,-0.2252,0.4981,0.0394,1,0.2225,0.2542,0.0956,1,-0.3474,0.2408,0.1775,1,0.1505,0.3696,0.3024,1,-0.1890,0.2626,0.3665,1,0.1565,-0.0000,0.0000,1,-0.1565,0.0000,-0.0000,1,0.0000,0.0000,0.0000
1194,39.833,1,11,1.8000,1,-0.0694,0.6664,0.0573,1,-0.0568,0.5503,0.0248,1,0.1138,0.5452,0.0544,1,-0.2206,0.4962,0.0403,1,0.2211,0.2528,0.1103,1,-0.3394,0.2391,0.1815,1,0.1074,0.3202,0.3195,1,-0.1745,0.2510,0.3657,1,0.1565,-0.0000,0.0000,1,-0.1565,0.0000,-0.0000,1,0.0000,0.0000,0.0000
1197,39.933,1,11,1.8000,1,-0.0696,0.6663,0.0580,1,-0.0570,0.5501,0.0253,1,0.1136,0.5463,0.0550,1,-0.2208,0.4959,0.0407,1,0.2210,0.2541,0.1120,1,-0.3410,0.2392,0.1816,1,0.1085,0.3265,0.3203,1,-0.1755,0.2501,0.3653,1,0.1565,-0.0000,-0.0000,1,-0.1565,-0.0000,0.0000,1,0.0000,0.0000,0.0000
1200,40.033,1,11,1.8000,1,-0.0683,0.6665,0.0577,1,-0.0557,0.5503,0.0252,1,0.1149,0.5453,0.0549,1,-0.2194,0.4957,0.0404,1,0.2219,0.2524,0.1089,1,-0.3424,0.2400,0.1805,1,0.1108,0.2951,0.3259,1,-0.1775,0.2449,0.3649,1,0.1565,0.0000,-0.0000,1,-0.1565,-0.0000,0.0000,1,0.0000,0.0000,0.0000
1203,40.133,1,11,1.8000,1,-0.0657,0.6670,0.0563,1,-0.0540,0.5506,0.0240,1,0.1168,0.5441,0.0523,1,-0.2181,0.4975,0.0392,1,0.2246,0.2504,0.1005,1,-0.3417,0.2429,0.1808,1,0.1232,0.2990,0.3210,1,-0.1785,0.2543,0.3665,1,0.1565,0.0000,0.0000,1,-0.1565,-0.0000,-0.0000,1,0.0000,0.0000,0.0000
1206,40.233,1,11,1.8000,1,-0.0655,0.6672,0.0552,1,-0.0539,0.5507,0.0232,1,0.1171,0.5448,0.0500,1,-0.2183,0.4982,0.0377,1,0.2306,0.2524,0.0922,1,-0.3434,0.2428,0.1765,1,0.1439,0.3115,0.3163,1,-0.1800,0.2559,0.3619,1,0.1565,0.0000,0.0000,1,-0.1565,-0.0000,-0.0000,1,0.0000,0.0000,0.0000
1209,40.333,1,11,1.8000,1,-0.0704,0.6665,0.0563,1,-0.0581,0.5502,0.0238,1,0.1129,0.5460,0.0510,1,-0.2226,0.4983,0.0390,1,0.2254,0.2532,0.0935,1,-0.3485,0.2446,0.1803,1,0.1473,0.3331,0.3144,1,-0.1874,0.2615,0.3674,1,0.1565,-0.0000,-0.0000,1,-0.1565,0.0000,0.0000,1,0.0000,0.0000,0.0000
1212,40.433,1,11,1.8000,1,-0.0737,0.6653,0.0606,1,-0.0604,0.5495,0.0271,1,0.1099,0.5462,0.0588,1,-0.2241,0.4954,0.0435,1,0.2088,0.2521,0.1215,1,-0.3466,0.2433,0.1905,1,0.0904,0.3301,0.3244,1,-0.1800,0.2586,0.3730,1,0.1565,0.0000,-0.0000,1,-0.1565,-0.0000,-0.0000,1,0.0000,0.0000,0.0000
1215,40.533,1,11,1.8000,1,-0.0780,0.6632,0.0701,1,-0.0627,0.5481,0.0350,1,0.1065,0.5483,0.0719,1,-0.2260,0.4934,0.0531,1,0.1986,0.2562,0.1517,1,-0.3455,0.2438,0.2067,1,0.0594,0.3060,0.3502,1,-0.1794,0.2535,0.3899,1,0.1565,0.0000,0.0000,1,-0.1565,-0.0000,-0.0000,1,0.0000,0.0000,0.0000
1218,40.633,0,0,0,0,0,0,0,0,0,0,0,0,0,0,0,0,0,0,0,0,0,0,0,0,0,0,0,0,0,0,0,0,0,0,0,0,0,0,0,0,0,0,0,0,0,0,0
1221,40.733,1,11,1.8000,1,-0.0804,0.6631,0.0689,1,-0.0644,0.5480,0.0342,1,0.1050,0.5496,0.0703,1,-0.2274,0.4925,0.0529,1,0.2027,0.2592,0.1496,1,-0.3458,0.2434,0.2081,1,0.0685,0.3121,0.3507,1,-0.1787,0.2536,0.3904,1,0.1565,0.0000,-0.0000,1,-0.1565,-0.0000,0.0000,1,0.0000,0.0000,0.0000
1224,40.833,1,11,1.8000,1,-0.0758,0.6646,0.0637,1,-0.0609,0.5489,0.0303,1,0.1090,0.5482,0.0640,1,-0.2240,0.4932,0.0470,1,0.2075,0.2544,0.1286,1,-0.3474,0.2400,0.1912,1,0.0860,0.2911,0.3410,1,-0.1834,0.2450,0.3765,1,0.1565,0.0000,0.0000,1,-0.1565,-0.0000,-0.0000,1,0.0000,0.0000,0.0000
1227,40.933,1,11,1.8000,1,-0.0792,0.6640,0.0643,1,-0.0636,0.5485,0.0308,1,0.1062,0.5480,0.0648,1,-0.2267,0.4930,0.0484,1,0.2052,0.2546,0.1303,1,-0.3494,0.2430,0.1988,1,0.0868,0.2837,0.3457,1,-0.1849,0.2504,0.3836,1,0.1565,0.0000,-0.0000,1,-0.1565,-0.0000,-0.0000,1,0.0000,0.0000,0.0000
1230,41.033,1,11,1.8000,1,-0.0806,0.6638,0.0646,1,-0.0648,0.5483,0.0310,1,0.1049,0.5487,0.0657,1,-0.2282,0.4938,0.0489,1,0.1999,0.2553,0.1371,1,-0.3504,0.2448,0.2014,1,0.0779,0.3174,0.3433,1,-0.1854,0.2601,0.3852,1,0.1565,0.0000,-0.0000,1,-0.1565,-0.0000,0.0000,1,0.0000,0.0000,0.0000
1233,41.133,1,11,1.8000,1,-0.0803,0.6641,0.0626,1,-0.0649,0.5485,0.0292,1,0.1049,0.5473,0.0633,1,-0.2286,0.4948,0.0464,1,0.1985,0.2529,0.1322,1,-0.3523,0.2463,0.1985,1,0.0824,0.3257,0.3382,1,-0.1890,0.2659,0.3834,1,0.1565,0.0000,0.0000,1,-0.1565,-0.0000,-0.0000,1,0.0000,0.0000,0.0000
1236,41.233,1,11,1.8000,1,-0.0782,0.6642,0.0643,1,-0.0628,0.5486,0.0310,1,0.1069,0.5491,0.0652,1,-0.2259,0.4926,0.0477,1,0.2053,0.2560,0.1332,1,-0.3478,0.2375,0.1900,1,0.0793,0.3062,0.3401,1,-0.1848,0.2420,0.3763,1,0.1565,-0.0000,0.0000,1,-0.1565,-0.0000,0.0000,1,0.0000,0.0000,0.0000
1239,41.333,1,11,1.8000,1,-0.0853,0.6622,0.0695,1,-0.0682,0.5473,0.0348,1,0.1011,0.5506,0.0710,1,-0.2314,0.4923,0.0539,1,0.1994,0.2605,0.1505,1,-0.3518,0.2465,0.2127,1,0.0717,0.3097,0.3567,1,-0.1866,0.2603,0.3964,1,0.1565,-0.0000,0.0000,1,-0.1565,-0.0000,-0.0000,1,0.0000,0.0000,0.0000
1242,41.433,1,11,1.8000,1,-0.0764,0.6650,0.0603,1,-0.0617,0.5492,0.0277,1,0.1084,0.5483,0.0601,1,-0.2251,0.4941,0.0443,1,0.2098,0.2551,0.1229,1,-0.3501,0.2427,0.1904,1,0.0928,0.3061,0.3350,1,-0.1864,0.2539,0.3757,1,0.1565,-0.0000,0.0000,1,-0.1565,0.0000,-0.0000,1,0.0000,0.0000,0.0000
1245,41.533,1,11,1.8000,1,-0.0761,0.6653,0.0593,1,-0.0618,0.5493,0.0267,1,0.1084,0.5468,0.0584,1,-0.2255,0.4950,0.0430,1,0.2072,0.2516,0.1158,1,-0.3507,0.2422,0.1864,1,0.0994,0.3124,0.3301,1,-0.1894,0.2557,0.3736,1,0.1565,0.0000,0.0000,1,-0.1565,-0.0000,-0.0000,1,0.0000,0.0000,0.0000
1248,41.633,1,11,1.8000,1,-0.0798,0.6644,0.0610,1,-0.0645,0.5487,0.0279,1,0.1056,0.5480,0.0605,1,-0.2280,0.4943,0.0454,1,0.2044,0.2541,0.1239,1,-0.3534,0.2458,0.1960,1,0.0925,0.3153,0.3360,1,-0.1893,0.2623,0.3805,1,0.1565,-0.0000,-0.0000,1,-0.1565,0.0000,-0.0000,1,0.0000,0.0000,0.0000
1251,41.733,1,11,1.8000,1,-0.0751,0.6655,0.0586,1,-0.0608,0.5495,0.0261,1,0.1095,0.5475,0.0576,1,-0.2245,0.4952,0.0424,1,0.2113,0.2537,0.1166,1,-0.3504,0.2448,0.1895,1,0.0995,0.3091,0.3304,1,-0.1871,0.2583,0.3749,1,0.1565,-0.0000,-0.0000,1,-0.1565,0.0000,0.0000,1,0.0000,0.0000,0.0000
1254,41.833,1,11,1.8000,1,-0.0733,0.6658,0.0581,1,-0.0596,0.5496,0.0258,1,0.1108,0.5472,0.0566,1,-0.2234,0.4955,0.0415,1,0.2121,0.2523,0.1106,1,-0.3520,0.2437,0.1836,1,0.1068,0.3061,0.3281,1,-0.1905,0.2561,0.3707,1,0.1565,-0.0000,-0.0000,1,-0.1565,0.0000,-0.0000,1,0.0000,0.0000,0.0000
1257,41.933,1,11,1.8000,1,-0.0800,0.6644,0.0611,1,-0.0650,0.5487,0.0277,1,0.1052,0.5470,0.0598,1,-0.2289,0.4956,0.0446,1,0.2044,0.2527,0.1208,1,-0.3562,0.2488,0.1965,1,0.1025,0.3243,0.3347,1,-0.1931,0.2691,0.3816,1,0.1565,0.0000,-0.0000,1,-0.1565,-0.0000,0.0000,1,0.0000,0.0000,0.0000
1260,42.033,1,11,1.8000,1,-0.0769,0.6652,0.0590,1,-0.0626,0.5493,0.0262,1,0.1078,0.5471,0.0574,1,-0.2265,0.4958,0.0425,1,0.2100,0.2533,0.1158,1,-0.3527,0.2463,0.1909,1,0.1048,0.3222,0.3289,1,-0.1900,0.2634,0.3766,1,0.1565,-0.0000,-0.0000,1,-0.1565,-0.0000,-0.0000,1,0.0000,0.0000,0.0000
1263,42.133,1,11,1.8000,1,-0.0826,0.6638,0.0627,1,-0.0669,0.5483,0.0291,1,0.1030,0.5479,0.0628,1,-0.2305,0.4945,0.0477,1,0.1995,0.2551,0.1342,1,-0.3522,0.2491,0.2062,1,0.0820,0.3257,0.3402,1,-0.1864,0.2702,0.3888,1,0.1565,0.0000,0.0000,1,-0.1565,0.0000,-0.0000,1,0.0000,0.0000,0.0000
1266,42.233,1,11,1.8000,1,-0.0791,0.6645,0.0615,1,-0.0640,0.5487,0.0284,1,0.1060,0.5469,0.0612,1,-0.2276,0.4946,0.0459,1,0.2040,0.2527,0.1248,1,-0.3525,0.2463,0.1972,1,0.0963,0.3130,0.3394,1,-0.1899,0.2633,0.3831,1,0.1565,-0.0000,-0.0000,1,-0.1565,0.0000,0.0000,1,0.0000,0.0000,0.0000
1269,42.333,1,11,1.8000,1,-0.0765,0.6654,0.0583,1,-0.0618,0.5493,0.0262,1,0.1086,0.5471,0.0569,1,-0.2254,0.4945,0.0417,1,0.2137,0.2529,0.1077,1,-0.3511,0.2400,0.1817,1,0.1192,0.2843,0.3343,1,-0.1923,0.2457,0.3715,1,0.1565,-0.0000,0.0000,1,-0.1565,0.0000,-0.0000,1,0.0000,0.0000,0.0000
1272,42.433,1,11,1.8000,1,-0.0727,0.6657,0.0598,1,-0.0584,0.5498,0.0271,1,0.1126,0.5425,0.0533,1,-0.2216,0.4927,0.0378,1,0.2202,0.2455,0.0723,1,-0.3382,0.2169,0.1404,1,0.1499,0.2955,0.3043,1,-0.1974,0.1579,0.3351,1,0.1565,0.0000,-0.0000,1,-0.1565,-0.0000,0.0000,1,0.0000,0.0000,0.0000
1275,42.533,1,11,1.8000,1,-0.0737,0.6657,0.0590,1,-0.0592,0.5497,0.0266,1,0.1120,0.5430,0.0524,1,-0.2223,0.4926,0.0372,1,0.2219,0.2467,0.0702,1,-0.3401,0.2172,0.1395,1,0.1582,0.3002,0.3033,1,-0.2026,0.1520,0.3348,1,0.1565,0.0000,0.0000,1,-0.1565,0.0000,-0.0000,1,0.0000,0.0000,0.0000
1278,42.633,1,11,1.8000,1,-0.0738,0.6651,0.0622,1,-0.0589,0.5494,0.0288,1,0.1119,0.5443,0.0575,1,-0.2222,0.4929,0.0399,1,0.2174,0.2473,0.0863,1,-0.3402,0.2192,0.1463,1,0.1411,0.3073,0.3139,1,-0.2016,0.1622,0.3433,1,0.1565,-0.0000,0.0000,1,-0.1565,0.0000,-0.0000,1,0.0000,0.0000,0.0000
1281,42.733,1,11,1.8000,1,-0.0702,0.6664,0.0568,1,-0.0558,0.5502,0.0252,1,0.1154,0.5432,0.0506,1,-0.2194,0.4940,0.0338,1,0.2295,0.2482,0.0624,1,-0.3419,0.2185,0.1299,1,0.1841,0.2906,0.3019,1,-0.2079,0.1579,0.3290,1,0.1565,0.0000,-0.0000,1,-0.1565,-0.0000,0.0000,1,0.0000,0.0000,0.0000
1284,42.833,1,11,1.8000,1,-0.0696,0.6666,0.0561,1,-0.0555,0.5503,0.0244,1,0.1160,0.5462,0.0486,1,-0.2192,0.4944,0.0331,1,0.2409,0.2557,0.0612,1,-0.3426,0.2185,0.1268,1,0.1981,0.3318,0.2928,1,-0.2111,0.1553,0.3268,1,0.1565,-0.0000,0.0000,1,-0.1565,0.0000,-0.0000,1,0.0000,0.0000,0.0000
1287,42.933,0,0,0,0,0,0,0,0,0,0,0,0,0,0,0,0,0,0,0,0,0,0,0,0,0,0,0,0,0,0,0,0,0,0,0,0,0,0,0,0,0,0,0,0,0,0,0
1290,43.033,1,11,1.8000,1,-0.0628,0.6678,0.0522,1,-0.0503,0.5512,0.0213,1,0.1217,0.5457,0.0407,1,-0.2146,0.4964,0.0265,1,0.2607,0.2617,0.0281,1,-0.3420,0.2194,0.1114,1,0.2410,0.3169,0.2685,1,-0.1949,0.1950,0.3090,1,0.1565,-0.0000,0.0000,1,-0.1565,0.0000,-0.0000,1,0.0000,0.0000,0.0000
1293,43.133,1,11,1.8000,1,-0.0661,0.6674,0.0532,1,-0.0532,0.5509,0.0220,1,0.1186,0.5462,0.0436,1,-0.2170,0.4951,0.0297,1,0.2518,0.2591,0.0459,1,-0.3389,0.2190,0.1249,1,0.2111,0.3332,0.2785,1,-0.1899,0.2014,0.3217,1,0.1565,-0.0000,-0.0000,1,-0.1565,-0.0000,-0.0000,1,0.0000,0.0000,0.0000
1296,43.233,1,11,1.8000,1,-0.0657,0.6676,0.0522,1,-0.0530,0.5509,0.0215,1,0.1189,0.5463,0.0422,1,-0.2171,0.4961,0.0300,1,0.2561,0.2611,0.0424,1,-0.3404,0.2214,0.1273,1,0.2244,0.3416,0.2743,1,-0.1944,0.1999,0.3260,1,0.1565,-0.0000,0.0000,1,-0.1565,0.0000,-0.0000,1,0.0000,0.0000,0.0000
1299,43.333,1,11,1.8000,1,-0.0647,0.6682,0.0488,1,-0.0528,0.5512,0.0189,1,0.1193,0.5464,0.0380,1,-0.2170,0.4967,0.0267,1,0.2618,0.2639,0.0349,1,-0.3407,0.2209,0.1206,1,0.2304,0.3488,0.2653,1,-0.1978,0.1826,0.3190,1,0.1565,-0.0000,-0.0000,1,-0.1565,0.0000,0.0000,1,0.0000,0.0000,0.0000
1302,43.433,1,11,1.8000,1,-0.0746,0.6657,0.0576,1,-0.0610,0.5498,0.0247,1,0.1105,0.5534,0.0484,1,-0.2252,0.4965,0.0387,1,0.2556,0.2736,0.0766,1,-0.3452,0.2333,0.1671,1,0.2040,0.3798,0.2940,1,-0.1893,0.2550,0.3581,1,0.1565,-0.0000,0.0000,1,-0.1565,0.0000,-0.0000,1,0.0000,0.0000,0.0000
1305,43.533,1,11,1.8000,1,-0.0743,0.6657,0.0576,1,-0.0605,0.5498,0.0248,1,0.1110,0.5538,0.0489,1,-0.2247,0.4969,0.0399,1,0.2568,0.2748,0.0809,1,-0.3443,0.2357,0.1728,1,0.2072,0.3883,0.2952,1,-0.1900,0.2614,0.3646,1,0.1565,-0.0000,0.0000,1,-0.1565,0.0000,-0.0000,1,0.0000,0.0000,0.0000
1308,43.633,1,11,1.8000,1,-0.0732,0.6658,0.0577,1,-0.0597,0.5499,0.0247,1,0.1116,0.5532,0.0498,1,-0.2238,0.4964,0.0395,1,0.2543,0.2731,0.0873,1,-0.3460,0.2375,0.1746,1,0.1874,0.3651,0.3071,1,-0.1861,0.2656,0.3615,1,0.1565,-0.0000,0.0000,1,-0.1565,0.0000,-0.0000,1,0.0000,0.0000,0.0000
1311,43.733,1,11,1.8000,1,-0.0677,0.6665,0.0578,1,-0.0554,0.5505,0.0245,1,0.1159,0.5514,0.0501,1,-0.2194,0.4965,0.0392,1,0.2535,0.2699,0.0947,1,-0.3351,0.2386,0.1815,1,0.1609,0.3635,0.3044,1,-0.1674,0.2736,0.3602,1,0.1565,0.0000,-0.0000,1,-0.1565,-0.0000,0.0000,1,0.0000,0.0000,0.0000
1314,43.833,1,11,1.8000,1,-0.0903,0.6620,0.0661,1,-0.0734,0.5473,0.0305,1,0.0960,0.5543,0.0659,1,-0.2375,0.4951,0.0494,1,0.2129,0.2756,0.1600,1,-0.3543,0.2576,0.2230,1,0.0841,0.4091,0.3239,1,-0.1856,0.2980,0.3995,1,0.1565,-0.0000,0.0000,1,-0.1565,0.0000,-0.0000,1,0.0000,0.0000,0.0000
1317,43.933,1,11,1.8000,1,-0.0990,0.6584,0.0782,1,-0.0780,0.5447,0.0417,1,0.0876,0.5622,0.0893,1,-0.2425,0.4956,0.0652,1,0.1772,0.3095,0.2574,1,-0.3445,0.2807,0.2740,1,-0.0104,0.4349,0.3591,1,-0.1871,0.3262,0.4594,1,0.1565,-0.0000,-0.0000,1,-0.1565,0.0000,0.0000,1,0.0000,0.0000,0.0000
1320,44.033,1,11,1.8000,1,-0.0913,0.6597,0.0776,1,-0.0719,0.5458,0.0407,1,0.0945,0.5604,0.0864,1,-0.2359,0.4949,0.0632,1,0.1932,0.3034,0.2427,1,-0.3425,0.2740,0.2632,1,0.0040,0.4135,0.3583,1,-0.1810,0.3087,0.4476,1,0.1565,-0.0000,0.0000,1,-0.1565,0.0000,-0.0000,1,0.0000,0.0000,0.0000
1323,44.133,0,0,0,0,0,0,0,0,0,0,0,0,0,0,0,0,0,0,0,0,0,0,0,0,0,0,0,0,0,0,0,0,0,0,0,0,0,0,0,0,0,0,0,0,0,0,0
1326,44.233,1,11,1.8000,1,-0.0772,0.6596,0.0869,1,-0.0603,0.5462,0.0472,1,0.1065,0.5609,0.0916,1,-0.2224,0.4896,0.0698,1,0.2229,0.3027,0.2330,1,-0.3267,0.2578,0.2585,1,0.0175,0.3116,0.3710,1,-0.1656,0.2491,0.4462,1,0.1565,0.0000,-0.0000,1,-0.1565,-0.0000,0.0000,1,0.0000,0.0000,0.0000
1329,44.333,1,11,1.8000,1,-0.0800,0.6584,0.0902,1,-0.0627,0.5454,0.0497,1,0.1040,0.5636,0.0931,1,-0.2245,0.4878,0.0724,1,0.2282,0.3072,0.2309,1,-0.3280,0.2541,0.2591,1,0.0267,0.2797,0.3720,1,-0.1676,0.2373,0.4468,1,0.1565,0.0000,-0.0000,1,-0.1565,-0.0000,0.0000,1,0.0000,0.0000,0.0000
1332,44.433,1,11,1.8000,1,-0.0786,0.6585,0.0900,1,-0.0611,0.5456,0.0490,1,0.1057,0.5644,0.0918,1,-0.2226,0.4872,0.0715,1,0.2343,0.3089,0.2272,1,-0.3266,0.2518,0.2558,1,0.0285,0.2890,0.3633,1,-0.1634,0.2338,0.4410,1,0.1565,-0.0000,-0.0000,1,-0.1565,0.0000,0.0000,1,0.0000,0.0000,0.0000
1335,44.533,1,11,1.8000,1,-0.0849,0.6573,0.0907,1,-0.0662,0.5447,0.0498,1,0.1007,0.5654,0.0911,1,-0.2266,0.4841,0.0741,1,0.2405,0.3122,0.2196,1,-0.3232,0.2482,0.2617,1,0.0436,0.2679,0.3627,1,-0.1527,0.2305,0.4402,1,0.1565,0.0000,0.0000,1,-0.1565,-0.0000,-0.0000,1,0.0000,0.0000,0.0000
1338,44.633,1,11,1.8000,1,-0.0903,0.6562,0.0915,1,-0.0705,0.5439,0.0502,1,0.0966,0.5653,0.0906,1,-0.2303,0.4818,0.0743,1,0.2427,0.3109,0.2095,1,-0.3279,0.2427,0.2573,1,0.0565,0.2516,0.3615,1,-0.1559,0.2225,0.4342,1,0.1565,0.0000,0.0000,1,-0.1565,-0.0000,-0.0000,1,0.0000,0.0000,0.0000
1341,44.733,0,0,0,0,0,0,0,0,0,0,0,0,0,0,0,0,0,0,0,0,0,0,0,0,0,0,0,0,0,0,0,0,0,0,0,0,0,0,0,0,0,0,0,0,0,0,0
1344,44.833,0,0,0,0,0,0,0,0,0,0,0,0,0,0,0,0,0,0,0,0,0,0,0,0,0,0,0,0,0,0,0,0,0,0,0,0,0,0,0,0,0,0,0,0,0,0,0
1347,44.933,1,11,1.8000,1,-0.0788,0.6547,0.1037,1,-0.0626,0.5437,0.0576,1,0.1064,0.5555,0.0935,1,-0.2202,0.4749,0.0783,1,0.2433,0.2786,0.1625,1,-0.3101,0.2083,0.2232,1,0.1383,0.0986,0.2961,1,-0.1467,0.1176,0.3855,1,0.1565,-0.0000,0.0000,1,-0.1565,0.0000,-0.0000,1,0.0000,0.0000,0.0000
1350,45.033,0,0,0,0,0,0,0,0,0,0,0,0,0,0,0,0,0,0,0,0,0,0,0,0,0,0,0,0,0,0,0,0,0,0,0,0,0,0,0,0,0,0,0,0,0,0,0
1353,45.133,1,11,1.8000,1,-0.0848,0.6562,0.0957,1,-0.0673,0.5444,0.0521,1,0.1021,0.5542,0.0873,1,-0.2250,0.4754,0.0709,1,0.2347,0.2750,0.1555,1,-0.3147,0.2053,0.2093,1,0.1307,0.1074,0.3050,1,-0.1459,0.1348,0.3760,1,0.1565,0.0000,-0.0000,1,-0.1565,-0.0000,-0.0000,1,0.0000,0.0000,0.0000
1356,45.233,1,11,1.8000,1,-0.0866,0.6582,0.0874,1,-0.0691,0.5454,0.0462,1,0.1006,0.5535,0.0801,1,-0.2274,0.4774,0.0639,1,0.2320,0.2722,0.1418,1,-0.3179,0.2062,0.1997,1,0.1273,0.1104,0.2970,1,-0.1467,0.1400,0.3657,1,0.1565,0.0000,-0.0000,1,-0.1565,-0.0000,-0.0000,1,0.0000,0.0000,0.0000
1359,45.333,1,11,1.8000,1,-0.0866,0.6605,0.0776,1,-0.0698,0.5467,0.0391,1,0.1003,0.5522,0.0718,1,-0.2288,0.4802,0.0559,1,0.2272,0.2679,0.1284,1,-0.3270,0.2121,0.1924,1,0.1144,0.1285,0.2990,1,-0.1538,0.1540,0.3593,1,0.1565,0.0000,0.0000,1,-0.1565,-0.0000,-0.0000,1,0.0000,0.0000,0.0000
1362,45.433,1,11,1.8000,1,-0.0815,0.6622,0.0727,1,-0.0654,0.5477,0.0359,1,0.1046,0.5495,0.0691,1,-0.2256,0.4835,0.0513,1,0.2262,0.2631,0.1270,1,-0.3312,0.2171,0.1856,1,0.1091,0.1532,0.3154,1,-0.1671,0.1680,0.3642,1,0.1565,-0.0000,0.0000,1,-0.1565,0.0000,-0.0000,1,0.0000,0.0000,0.0000
1365,45.533,1,11,1.8000,1,-0.0809,0.6599,0.0844,1,-0.0646,0.5464,0.0448,1,0.1044,0.5519,0.0820,1,-0.2246,0.4822,0.0623,1,0.2207,0.2676,0.1584,1,-0.3234,0.2159,0.2019,1,0.0857,0.1503,0.3296,1,-0.1638,0.1610,0.3830,1,0.1565,0.0000,0.0000,1,-0.1565,-0.0000,0.0000,1,0.0000,0.0000,0.0000
1368,45.633,1,11,1.8000,1,-0.0800,0.6587,0.0895,1,-0.0638,0.5458,0.0484,1,0.1052,0.5527,0.0859,1,-0.2229,0.4801,0.0674,1,0.2220,0.2689,0.1632,1,-0.3162,0.2137,0.2108,1,0.0931,0.1321,0.3242,1,-0.1520,0.1535,0.3859,1,0.1565,0.0000,0.0000,1,-0.1565,-0.0000,-0.0000,1,0.0000,0.0000,0.0000
1371,45.733,1,11,1.8000,1,-0.0801,0.6609,0.0791,1,-0.0635,0.5471,0.0406,1,0.1057,0.5570,0.0759,1,-0.2234,0.4835,0.0603,1,0.2487,0.2872,0.1593,1,-0.3204,0.2265,0.2175,1,0.0845,0.2211,0.3322,1,-0.1440,0.2001,0.3891,1,0.1565,-0.0000,-0.0000,1,-0.1565,-0.0000,0.0000,1,0.0000,0.0000,0.0000
1374,45.833,1,11,1.8000,1,-0.0832,0.6591,0.0846,1,-0.0653,0.5457,0.0454,1,0.1016,0.5631,0.0883,1,-0.2263,0.4861,0.0683,1,0.2365,0.3080,0.2185,1,-0.3276,0.2557,0.2601,1,0.0449,0.2716,0.3709,1,-0.1551,0.2530,0.4376,1,0.1565,-0.0000,0.0000,1,-0.1565,0.0000,-0.0000,1,0.0000,0.0000,0.0000
1377,45.933,1,11,1.8000,1,-0.0830,0.6599,0.0814,1,-0.0648,0.5462,0.0432,1,0.1015,0.5637,0.0883,1,-0.2266,0.4882,0.0645,1,0.2361,0.3158,0.2317,1,-0.3353,0.2609,0.2560,1,0.0305,0.2979,0.3683,1,-0.1680,0.2642,0.4384,1,0.1565,-0.0000,0.0000,1,-0.1565,0.0000,-0.0000,1,0.0000,0.0000,0.0000
1380,46.033,1,11,1.8000,1,-0.0822,0.6580,0.0895,1,-0.0644,0.5450,0.0491,1,0.1020,0.5663,0.0920,1,-0.2257,0.4864,0.0724,1,0.2468,0.3179,0.2242,1,-0.3337,0.2566,0.2614,1,0.0523,0.2627,0.3671,1,-0.1665,0.2441,0.4435,1,0.1565,-0.0000,-0.0000,1,-0.1565,0.0000,0.0000,1,0.0000,0.0000,0.0000
1383,46.133,1,11,1.8000,1,-0.0976,0.6549,0.0910,1,-0.0757,0.5429,0.0498,1,0.0899,0.5677,0.0940,1,-0.2369,0.4834,0.0718,1,0.2378,0.3252,0.2336,1,-0.3546,0.2572,0.2593,1,0.0455,0.2740,0.3808,1,-0.1990,0.2549,0.4517,1,0.1565,-0.0000,-0.0000,1,-0.1565,0.0000,0.0000,1,0.0000,0.0000,0.0000
1386,46.233,1,11,1.8000,1,-0.0802,0.6563,0.0968,1,-0.0618,0.5444,0.0537,1,0.1045,0.5596,0.0996,1,-0.2243,0.4873,0.0719,1,0.2497,0.3046,0.2182,1,-0.3393,0.2413,0.2345,1,0.0708,0.2368,0.3753,1,-0.2399,0.1490,0.4415,1,0.1565,0.0000,-0.0000,1,-0.1565,-0.0000,0.0000,1,0.0000,0.0000,0.0000
1389,46.333,1,11,1.8000,1,-0.0736,0.6579,0.0956,1,-0.0572,0.5454,0.0530,1,0.1091,0.5594,0.0994,1,-0.2197,0.4889,0.0732,1,0.2482,0.3071,0.2303,1,-0.3301,0.2459,0.2433,1,0.0514,0.2754,0.3770,1,-0.2196,0.1693,0.4511,1,0.1565,-0.0000,-0.0000,1,-0.1565,-0.0000,0.0000,1,0.0000,0.0000,0.0000
1392,46.433,1,11,1.8000,1,-0.0594,0.6595,0.0968,1,-0.0464,0.5467,0.0543,1,0.1195,0.5541,0.1036,1,-0.2103,0.4966,0.0791,1,0.2355,0.3049,0.2606,1,-0.3183,0.2679,0.2694,1,0.0361,0.2891,0.4063,1,-0.2185,0.1982,0.4848,1,0.1565,0.0000,-0.0000,1,-0.1565,-0.0000,0.0000,1,0.0000,0.0000,0.0000
1395,46.533,1,11,1.8000,1,-0.0403,0.6600,0.1016,1,-0.0311,0.5472,0.0578,1,0.1359,0.5508,0.1034,1,-0.1949,0.4976,0.0850,1,0.2610,0.2979,0.2467,1,-0.2979,0.2596,0.2663,1,0.0725,0.2839,0.4064,1,-0.2014,0.1908,0.4836,1,0.1565,0.0000,0.0000,1,-0.1565,-0.0000,-0.0000,1,0.0000,0.0000,0.0000
1398,46.633,1,11,1.8000,1,-0.0174,0.6571,0.1136,1,-0.0145,0.5468,0.0632,1,0.1550,0.5448,0.0989,1,-0.1787,0.4972,0.0867,1,0.2925,0.2757,0.1930,1,-0.3009,0.2484,0.2395,1,0.1259,0.2044,0.3616,1,-0.1491,0.1755,0.4209,1,0.1565,-0.0000,0.0000,1,-0.1565,0.0000,-0.0000,1,0.0000,0.0000,0.0000
1401,46.733,1,11,1.8000,1,-0.0058,0.6583,0.1124,1,-0.0050,0.5470,0.0643,1,0.1642,0.5389,0.1006,1,-0.1713,0.5096,0.0951,1,0.3187,0.2886,0.2174,1,-0.2791,0.2789,0.2831,1,0.1630,0.2829,0.4098,1,-0.0969,0.3657,0.4264,1,0.1565,-0.0000,0.0000,1,-0.1565,-0.0000,-0.0000,1,0.0000,0.0000,0.0000
1404,46.833,1,11,1.8000,1,0.0100,0.6630,0.0945,1,0.0082,0.5501,0.0504,1,0.1779,0.5311,0.0797,1,-0.1586,0.5115,0.0763,1,0.3139,0.2574,0.1619,1,-0.2710,0.2622,0.2357,1,0.1721,0.2374,0.3637,1,-0.0867,0.3169,0.3916,1,0.1565,0.0000,-0.0000,1,-0.1565,-0.0000,-0.0000,1,0.0000,0.0000,-0.0000
1407,46.933,0,0,0,0,0,0,0,0,0,0,0,0,0,0,0,0,0,0,0,0,0,0,0,0,0,0,0,0,0,0,0,0,0,0,0,0,0,0,0,0,0,0,0,0,0,0,0
1410,47.033,0,0,0,0,0,0,0,0,0,0,0,0,0,0,0,0,0,0,0,0,0,0,0,0,0,0,0,0,0,0,0,0,0,0,0,0,0,0,0,0,0,0,0,0,0,0,0
1413,47.133,1,11,1.8000,1,0.0194,0.6653,0.0836,1,0.0153,0.5514,0.0422,1,0.1831,0.5187,0.0702,1,-0.1539,0.5190,0.0599,1,0.2920,0.2278,0.1308,1,-0.2817,0.2641,0.1973,1,0.1602,0.1878,0.3365,1,-0.1019,0.3462,0.3462,1,0.1565,-0.0000,0.0000,1,-0.1565,-0.0000,-0.0000,1,0.0000,0.0000,-0.0000
1416,47.233,1,11,1.8000,1,0.0288,0.6638,0.0898,1,0.0230,0.5503,0.0473,1,0.1901,0.5164,0.0777,1,-0.1462,0.5204,0.0692,1,0.2957,0.2276,0.1527,1,-0.2665,0.2718,0.2238,1,0.1646,0.1837,0.3579,1,-0.0778,0.3516,0.3627,1,0.1565,-0.0000,-0.0000,1,-0.1565,-0.0000,0.0000,1,0.0000,0.0000,-0.0000
1419,47.333,1,11,1.8000,1,0.0319,0.6644,0.0860,1,0.0255,0.5507,0.0443,1,0.1924,0.5143,0.0730,1,-0.1437,0.5207,0.0659,1,0.2940,0.2225,0.1418,1,-0.2608,0.2681,0.2165,1,0.1650,0.1891,0.3504,1,-0.0714,0.3116,0.3698,1,0.1565,-0.0000,-0.0000,1,-0.1565,-0.0000,-0.0000,1,0.0000,0.0000,-0.0000
1422,47.433,0,0,0,0,0,0,0,0,0,0,0,0,0,0,0,0,0,0,0,0,0,0,0,0,0,0,0,0,0,0,0,0,0,0,0,0,0,0,0,0,0,0,0,0,0,0,0
1425,47.533,1,11,1.8000,1,0.0689,0.6569,0.1050,1,0.0535,0.5459,0.0587,1,0.2184,0.5068,0.0944,1,-0.1168,0.5184,0.0737,1,0.3163,0.2252,0.2007,1,-0.2446,0.2378,0.1454,1,0.1701,0.2132,0.4000,1,-0.1971,0.0430,0.2905,1,0.1565,-0.0000,0.0000,1,-0.1565,-0.0000,-0.0000,1,0.0000,0.0000,-0.0000
1428,47.633,1,11,1.8000,1,0.0297,0.6596,0.1091,1,0.0239,0.5467,0.0651,1,0.1878,0.5198,0.1142,1,-0.1449,0.5326,0.1011,1,0.2683,0.2729,0.2952,1,-0.2414,0.3335,0.3274,1,0.1175,0.3608,0.4706,1,-0.0551,0.4024,0.4750,1,0.1565,-0.0000,0.0000,1,-0.1565,-0.0000,-0.0000,1,0.0000,0.0000,-0.0000
1431,47.733,0,0,0,0,0,0,0,0,0,0,0,0,0,0,0,0,0,0,0,0,0,0,0,0,0,0,0,0,0,0,0,0,0,0,0,0,0,0,0,0,0,0,0,0,0,0,0
1434,47.833,1,11,1.8000,1,0.0435,0.6609,0.1004,1,0.0331,0.5478,0.0580,1,0.1983,0.5163,0.0997,1,-0.1343,0.5268,0.0970,1,0.2919,0.2544,0.2507,1,-0.2373,0.3365,0.3280,1,0.2104,0.1921,0.4760,1,-0.0421,0.3809,0.4736,1,0.1565,0.0000,-0.0000,1,-0.1565,-0.0000,0.0000,1,0.0000,0.0000,-0.0000
1437,47.933,1,11,1.8000,1,0.0058,0.6625,0.0989,1,0.0028,0.5493,0.0555,1,0.1691,0.5200,0.0941,1,-0.1646,0.5189,0.0880,1,0.2690,0.2430,0.2102,1,-0.2776,0.2964,0.2828,1,0.2027,0.1278,0.4190,1,-0.0817,0.3231,0.4318,1,0.1565,0.0000,0.0000,1,-0.1565,-0.0000,-0.0000,1,0.0000,0.0000,-0.0000
1440,48.033,1,11,1.8000,1,-0.0219,0.6603,0.1037,1,-0.0219,0.5485,0.0568,1,0.1448,0.5219,0.0955,1,-0.1899,0.5143,0.0813,1,0.2403,0.2328,0.1821,1,-0.3232,0.2859,0.2552,1,0.2012,0.0435,0.3366,1,-0.1140,0.3095,0.3855,1,0.1565,-0.0000,0.0000,1,-0.1565,-0.0000,-0.0000,1,0.0000,0.0000,0.0000
1443,48.133,1,11,1.8000,1,-0.0297,0.6614,0.0973,1,-0.0284,0.5493,0.0509,1,0.1390,0.5213,0.0851,1,-0.1966,0.5123,0.0700,1,0.2376,0.2259,0.1415,1,-0.3381,0.2730,0.2212,1,0.2223,0.0163,0.2723,1,-0.1313,0.3059,0.3531,1,0.1565,0.0000,-0.0000,1,-0.1565,-0.0000,-0.0000,1,0.0000,0.0000,0.0000
1446,48.233,1,11,1.8000,1,-0.0520,0.6590,0.1017,1,-0.0450,0.5473,0.0549,1,0.1221,0.5208,0.0922,1,-0.2131,0.5091,0.0713,1,0.2205,0.2257,0.1504,1,-0.3560,0.2693,0.2204,1,0.2139,0.0135,0.2777,1,-0.1523,0.2993,0.3578,1,0.1565,0.0000,-0.0000,1,-0.1565,-0.0000,0.0000,1,0.0000,0.0000,0.0000
1449,48.333,1,11,1.8000,1,-0.0496,0.6556,0.1134,1,-0.0441,0.5456,0.0626,1,0.1244,0.5262,0.0978,1,-0.2115,0.5053,0.0811,1,0.2330,0.2334,0.1491,1,-0.3528,0.2626,0.2271,1,0.2206,0.0203,0.2743,1,-0.1540,0.3514,0.3449,1,0.1565,-0.0000,-0.0000,1,-0.1565,-0.0000,-0.0000,1,0.0000,0.0000,0.0000
1452,48.433,1,11,1.8000,1,-0.0518,0.6560,0.1131,1,-0.0429,0.5446,0.0660,1,0.1237,0.5458,0.1136,1,-0.2091,0.5061,0.0958,1,0.2266,0.2918,0.2720,1,-0.3236,0.3008,0.3076,1,0.0708,0.2915,0.4643,1,-0.1495,0.4173,0.4394,1,0.1565,0.0000,0.0000,1,-0.1565,-0.0000,-0.0000,1,0.0000,0.0000,0.0000
1455,48.533,1,11,1.8000,1,-0.0474,0.6549,0.1178,1,-0.0380,0.5444,0.0687,1,0.1285,0.5402,0.1163,1,-0.2024,0.4956,0.0929,1,0.2286,0.2728,0.2529,1,-0.3183,0.2523,0.2590,1,0.0645,0.1890,0.4181,1,-0.1854,0.1832,0.4559,1,0.1565,0.0000,-0.0000,1,-0.1565,-0.0000,0.0000,1,0.0000,0.0000,0.0000
1458,48.633,1,11,1.8000,1,-0.0511,0.6592,0.1026,1,-0.0405,0.5465,0.0590,1,0.1261,0.5488,0.1063,1,-0.2038,0.4977,0.0898,1,0.2273,0.2963,0.2680,1,-0.2971,0.2731,0.2923,1,0.0467,0.2937,0.4373,1,-0.2059,0.1847,0.5047,1,0.1565,0.0000,0.0000,1,-0.1565,-0.0000,-0.0000,1,0.0000,0.0000,0.0000
1461,48.733,1,11,1.8000,1,-0.0418,0.6576,0.1097,1,-0.0326,0.5460,0.0631,1,0.1342,0.5495,0.1093,1,-0.1951,0.4945,0.0936,1,0.2338,0.2920,0.2642,1,-0.2914,0.2642,0.2882,1,0.0479,0.2865,0.4274,1,-0.2185,0.1471,0.4937,1,0.1565,0.0000,-0.0000,1,-0.1565,-0.0000,0.0000,1,0.0000,0.0000,0.0000
1464,48.833,1,11,1.8000,1,-0.0440,0.6566,0.1127,1,-0.0344,0.5454,0.0651,1,0.1324,0.5480,0.1118,1,-0.1971,0.4934,0.0939,1,0.2298,0.2870,0.2621,1,-0.2950,0.2591,0.2828,1,0.0479,0.2613,0.4280,1,-0.2221,0.1388,0.4864,1,0.1565,-0.0000,0.0000,1,-0.1565,0.0000,-0.0000,1,0.0000,0.0000,0.0000
1467,48.933,1,11,1.8000,1,-0.0569,0.6570,0.1086,1,-0.0458,0.5448,0.0638,1,0.1203,0.5477,0.1128,1,-0.2108,0.4997,0.0908,1,0.2136,0.2937,0.2770,1,-0.3133,0.2753,0.2891,1,0.0295,0.3022,0.4422,1,-0.1641,0.2708,0.4865,1,0.1565,-0.0000,-0.0000,1,-0.1565,0.0000,0.0000,1,0.0000,0.0000,0.0000
1470,49.033,1,11,1.8000,1,-0.0530,0.6564,0.1113,1,-0.0432,0.5448,0.0648,1,0.1235,0.5454,0.1117,1,-0.2083,0.4992,0.0905,1,0.2258,0.2841,0.2581,1,-0.3179,0.2679,0.2767,1,0.0527,0.2670,0.4342,1,-0.1700,0.2518,0.4745,1,0.1565,0.0000,-0.0000,1,-0.1565,-0.0000,0.0000,1,0.0000,0.0000,0.0000
1473,49.133,1,11,1.8000,1,-0.0494,0.6580,0.1075,1,-0.0397,0.5457,0.0626,1,0.1265,0.5444,0.1113,1,-0.2051,0.5012,0.0887,1,0.2260,0.2879,0.2678,1,-0.3165,0.2747,0.2797,1,0.0463,0.2790,0.4378,1,-0.1788,0.2466,0.4834,1,0.1565,-0.0000,-0.0000,1,-0.1565,-0.0000,-0.0000,1,0.0000,0.0000,0.0000
1476,49.233,0,0,0,0,0,0,0,0,0,0,0,0,0,0,0,0,0,0,0,0,0,0,0,0,0,0,0,0,0,0,0,0,0,0,0,0,0,0,0,0,0,0,0,0,0,0,0
1479,49.333,1,11,1.8000,1,-0.0355,0.6595,0.1041,1,-0.0301,0.5475,0.0580,1,0.1383,0.5408,0.0977,1,-0.1953,0.4996,0.0782,1,0.2724,0.2710,0.1949,1,-0.3213,0.2498,0.2262,1,0.1084,0.2051,0.3681,1,-0.1894,0.1673,0.4187,1,0.1565,-0.0000,0.0000,1,-0.1565,0.0000,-0.0000,1,0.0000,0.0000,0.0000
1482,49.433,1,11,1.8000,1,-0.0350,0.6594,0.1039,1,-0.0299,0.5478,0.0566,1,0.1392,0.5430,0.0935,1,-0.1950,0.5004,0.0791,1,0.2967,0.2866,0.1917,1,-0.3184,0.2520,0.2315,1,0.1195,0.2526,0.3612,1,-0.1796,0.1767,0.4221,1,0.1565,-0.0000,-0.0000,1,-0.1565,0.0000,0.0000,1,0.0000,0.0000,0.0000
1485,49.533,1,11,1.8000,1,-0.0273,0.6612,0.0983,1,-0.0244,0.5489,0.0525,1,0.1454,0.5448,0.0867,1,-0.1898,0.5024,0.0744,1,0.3219,0.2970,0.1739,1,-0.3175,0.2543,0.2237,1,0.1456,0.2618,0.3440,1,-0.1809,0.1715,0.4128,1,0.1565,0.0000,0.0000,1,-0.1565,-0.0000,-0.0000,1,0.0000,0.0000,0.0000
1488,49.633,0,0,0,0,0,0,0,0,0,0,0,0,0,0,0,0,0,0,0,0,0,0,0,0,0,0,0,0,0,0,0,0,0,0,0,0,0,0,0,0,0,0,0,0,0,0,0
1491,49.733,1,11,1.8000,1,-0.0363,0.6597,0.1012,1,-0.0331,0.5478,0.0544,1,0.1385,0.5490,0.0776,1,-0.1984,0.4996,0.0726,1,0.3572,0.3204,0.0659,1,-0.3520,0.2455,0.1822,1,0.2470,0.1917,0.2462,1,-0.2094,0.1301,0.3484,1,0.1565,0.0000,-0.0000,1,-0.1565,-0.0000,0.0000,1,0.0000,0.0000,0.0000
1494,49.833,0,0,0,0,0,0,0,0,0,0,0,0,0,0,0,0,0,0,0,0,0,0,0,0,0,0,0,0,0,0,0,0,0,0,0,0,0,0,0,0,0,0,0,0,0,0,0
1497,49.933,0,0,0,0,0,0,0,0,0,0,0,0,0,0,0,0,0,0,0,0,0,0,0,0,0,0,0,0,0,0,0,0,0,0,0,0,0,0,0,0,0,0,0,0,0,0,0
1500,50.033,1,11,1.8000,1,-0.0067,0.6596,0.1082,1,-0.0066,0.5477,0.0613,1,0.1631,0.5370,0.0942,1,-0.1708,0.5032,0.0937,1,0.3127,0.2735,0.1856,1,-0.2707,0.2560,0.2643,1,0.1630,0.2538,0.3818,1,-0.0943,0.2448,0.4376,1,0.1565,-0.0000,0.0000,1,-0.1565,-0.0000,-0.0000,1,0.0000,0.0000,0.0000
1503,50.133,0,0,0,0,0,0,0,0,0,0,0,0,0,0,0,0,0,0,0,0,0,0,0,0,0,0,0,0,0,0,0,0,0,0,0,0,0,0,0,0,0,0,0,0,0,0,0
1506,50.233,1,11,1.8000,1,0.0021,0.6597,0.1085,1,0.0015,0.5478,0.0617,1,0.1702,0.5313,0.0970,1,-0.1634,0.5064,0.0947,1,0.2870,0.2563,0.2014,1,-0.2577,0.2620,0.2724,1,0.1459,0.2363,0.4037,1,-0.0723,0.2955,0.4330,1,0.1565,-0.0000,0.0000,1,-0.1565,-0.0000,-0.0000,1,0.0000,0.0000,0.0000
1509,50.333,1,11,1.8000,1,0.0055,0.6587,0.1121,1,0.0033,0.5474,0.0638,1,0.1710,0.5247,0.1007,1,-0.1622,0.5045,0.0917,1,0.2756,0.2454,0.2066,1,-0.2684,0.2475,0.2428,1,0.1289,0.1691,0.3907,1,-0.1129,0.1533,0.4108,1,0.1565,-0.0000,-0.0000,1,-0.1565,-0.0000,-0.0000,1,0.0000,0.0000,0.0000
1512,50.433,1,11,1.8000,1,0.0057,0.6622,0.0994,1,0.0050,0.5493,0.0551,1,0.1734,0.5257,0.0875,1,-0.1607,0.5077,0.0835,1,0.2866,0.2462,0.1838,1,-0.2511,0.2419,0.2298,1,0.1364,0.2392,0.3803,1,-0.0838,0.1955,0.4062,1,0.1565,-0.0000,-0.0000,1,-0.1565,0.0000,0.0000,1,0.0000,0.0000,-0.0000
1515,50.533,1,11,1.8000,1,0.0125,0.6617,0.1013,1,0.0106,0.5490,0.0565,1,0.1788,0.5249,0.0904,1,-0.1552,0.5087,0.0860,1,0.2836,0.2454,0.1955,1,-0.2449,0.2465,0.2388,1,0.1303,0.2546,0.3896,1,-0.0786,0.2050,0.4173,1,0.1565,0.0000,0.0000,1,-0.1565,-0.0000,-0.0000,1,0.0000,0.0000,-0.0000
1518,50.633,1,11,1.8000,1,0.0110,0.6568,0.1184,1,0.0103,0.5460,0.0691,1,0.1772,0.5244,0.1099,1,-0.1565,0.5120,0.1013,1,0.2725,0.2572,0.2502,1,-0.2539,0.2714,0.2823,1,0.1150,0.2885,0.4386,1,-0.0812,0.2549,0.4588,1,0.1565,0.0000,0.0000,1,-0.1565,-0.0000,-0.0000,1,0.0000,0.0000,0.0000
1521,50.733,1,11,1.8000,1,0.0082,0.6567,0.1192,1,0.0081,0.5457,0.0703,1,0.1751,0.5265,0.1120,1,-0.1586,0.5141,0.1051,1,0.2761,0.2669,0.2623,1,-0.2441,0.2793,0.2993,1,0.1187,0.3257,0.4440,1,-0.0657,0.2882,0.4706,1,0.1565,-0.0000,0.0000,1,-0.1565,-0.0000,-0.0000,1,0.0000,0.0000,-0.0000
1524,50.833,1,11,1.8000,1,0.0201,0.6595,0.1088,1,0.0171,0.5476,0.0620,1,0.1849,0.5254,0.0986,1,-0.1482,0.5077,0.0949,1,0.2894,0.2531,0.2215,1,-0.2224,0.2481,0.2600,1,0.1359,0.3065,0.4081,1,-0.0869,0.1612,0.4480,1,0.1565,-0.0000,-0.0000,1,-0.1565,0.0000,0.0000,1,0.0000,0.0000,-0.0000
1527,50.933,1,11,1.8000,1,0.0206,0.6584,0.1122,1,0.0176,0.5471,0.0642,1,0.1849,0.5254,0.1033,1,-0.1468,0.5039,0.0978,1,0.2798,0.2518,0.2311,1,-0.2201,0.2496,0.2714,1,0.1208,0.2479,0.4208,1,-0.0855,0.1535,0.4555,1,0.1565,-0.0000,0.0000,1,-0.1565,0.0000,-0.0000,1,0.0000,0.0000,-0.0000
1530,51.033,1,11,1.8000,1,0.0154,0.6575,0.1156,1,0.0132,0.5466,0.0663,1,0.1809,0.5270,0.1050,1,-0.1504,0.5009,0.1002,1,0.2730,0.2492,0.2255,1,-0.2251,0.2470,0.2738,1,0.1262,0.2036,0.4194,1,-0.0956,0.1363,0.4534,1,0.1565,0.0000,0.0000,1,-0.1565,-0.0000,-0.0000,1,0.0000,0.0000,-0.0000
1533,51.133,1,11,1.8000,1,-0.0105,0.6623,0.0979,1,-0.0117,0.5496,0.0530,1,0.1558,0.5186,0.0841,1,-0.1758,0.4991,0.0764,1,0.2465,0.2212,0.1435,1,-0.2730,0.2248,0.2006,1,0.1982,0.0242,0.2853,1,-0.1779,0.0444,0.3409,1,0.1565,0.0000,-0.0000,1,-0.1565,-0.0000,-0.0000,1,0.0000,0.0000,0.0000
1536,51.233,1,11,1.8000,1,-0.0143,0.6616,0.0999,1,-0.0157,0.5492,0.0544,1,0.1522,0.5210,0.0862,1,-0.1796,0.4979,0.0767,1,0.2484,0.2248,0.1428,1,-0.2793,0.2252,0.2027,1,0.2060,0.0235,0.2805,1,-0.1816,0.0514,0.3495,1,0.1565,-0.0000,0.0000,1,-0.1565,-0.0000,-0.0000,1,0.0000,0.0000,0.0000
1539,51.333,0,0,0,0,0,0,0,0,0,0,0,0,0,0,0,0,0,0,0,0,0,0,0,0,0,0,0,0,0,0,0,0,0,0,0,0,0,0,0,0,0,0,0,0,0,0,0
1542,51.433,1,11,1.8000,1,-0.0180,0.6631,0.0930,1,-0.0186,0.5501,0.0489,1,0.1497,0.5192,0.0760,1,-0.1830,0.4994,0.0687,1,0.2429,0.2183,0.1071,1,-0.2922,0.2276,0.1887,1,0.2093,-0.0035,0.2116,1,-0.1731,0.0785,0.3462,1,0.1565,-0.0000,-0.0000,1,-0.1565,-0.0000,-0.0000,1,0.0000,0.0000,0.0000
1545,51.533,1,11,1.8000,1,-0.0247,0.6627,0.0938,1,-0.0227,0.5497,0.0499,1,0.1460,0.5225,0.0784,1,-0.1867,0.4976,0.0691,1,0.2420,0.2229,0.1129,1,-0.2932,0.2253,0.1903,1,0.2102,0.0018,0.2195,1,-0.1760,0.0790,0.3519,1,0.1565,0.0000,0.0000,1,-0.1565,-0.0000,-0.0000,1,0.0000,0.0000,0.0000
1548,51.633,1,11,1.8000,1,-0.0304,0.6630,0.0915,1,-0.0272,0.5498,0.0481,1,0.1420,0.5233,0.0738,1,-0.1909,0.4960,0.0659,1,0.2435,0.2245,0.0980,1,-0.2965,0.2197,0.1786,1,0.2203,-0.0019,0.1954,1,-0.1920,0.0589,0.3350,1,0.1565,-0.0000,0.0000,1,-0.1565,0.0000,-0.0000,1,0.0000,0.0000,0.0000
1551,51.733,1,11,1.8000,1,-0.0272,0.6614,0.0988,1,-0.0244,0.5488,0.0538,1,0.1448,0.5251,0.0825,1,-0.1856,0.4890,0.0748,1,0.2373,0.2255,0.1254,1,-0.2808,0.2098,0.1896,1,0.2141,-0.0002,0.2243,1,-0.1886,0.0387,0.3428,1,0.1565,0.0000,-0.0000,1,-0.1565,-0.0000,0.0000,1,0.0000,0.0000,0.0000
1554,51.833,0,0,0,0,0,0,0,0,0,0,0,0,0,0,0,0,0,0,0,0,0,0,0,0,0,0,0,0,0,0,0,0,0,0,0,0,0,0,0,0,0,0,0,0,0,0,0
1557,51.933,1,11,1.8000,1,-0.0385,0.6642,0.0842,1,-0.0346,0.5502,0.0429,1,0.1352,0.5246,0.0651,1,-0.1986,0.4967,0.0583,1,0.2439,0.2275,0.0744,1,-0.3006,0.2159,0.1627,1,0.2322,-0.0049,0.1589,1,-0.1751,0.0733,0.3214,1,0.1565,0.0000,-0.0000,1,-0.1565,-0.0000,0.0000,1,0.0000,0.0000,0.0000
1560,52.033,1,11,1.8000,1,-0.0364,0.6607,0.0995,1,-0.0324,0.5484,0.0538,1,0.1370,0.5263,0.0827,1,-0.1947,0.4910,0.0721,1,0.2334,0.2271,0.1194,1,-0.2971,0.2115,0.1798,1,0.2177,-0.0032,0.2086,1,-0.2253,0.0314,0.3337,1,0.1565,0.0000,0.0000,1,-0.1565,-0.0000,-0.0000,1,0.0000,0.0000,0.0000
1563,52.133,1,11,1.8000,1,-0.0382,0.6615,0.0957,1,-0.0341,0.5488,0.0510,1,0.1354,0.5262,0.0788,1,-0.1964,0.4909,0.0683,1,0.2316,0.2265,0.1114,1,-0.2985,0.2098,0.1719,1,0.2167,-0.0052,0.1971,1,-0.2282,0.0275,0.3239,1,0.1565,0.0000,-0.0000,1,-0.1565,-0.0000,-0.0000,1,0.0000,0.0000,0.0000
1566,52.233,1,11,1.8000,1,-0.0339,0.6566,0.1159,1,-0.0281,0.5450,0.0688,1,0.1398,0.5374,0.1107,1,-0.1897,0.4933,0.1034,1,0.2311,0.2592,0.2309,1,-0.2489,0.2530,0.3007,1,0.0927,0.1460,0.4020,1,-0.0580,0.2019,0.4498,1,0.1565,0.0000,-0.0000,1,-0.1565,-0.0000,0.0000,1,0.0000,0.0000,0.0000
1569,52.333,1,11,1.8000,1,-0.0352,0.6619,0.0951,1,-0.0317,0.5491,0.0507,1,0.1378,0.5255,0.0774,1,-0.1937,0.4903,0.0678,1,0.2343,0.2253,0.1046,1,-0.2915,0.2057,0.1656,1,0.2201,-0.0092,0.1826,1,-0.2222,0.0156,0.3082,1,0.1565,-0.0000,-0.0000,1,-0.1565,-0.0000,-0.0000,1,0.0000,0.0000,0.0000
1572,52.433,0,0,0,0,0,0,0,0,0,0,0,0,0,0,0,0,0,0,0,0,0,0,0,0,0,0,0,0,0,0,0,0,0,0,0,0,0,0,0,0,0,0,0,0,0,0,0
1575,52.533,0,0,0,0,0,0,0,0,0,0,0,0,0,0,0,0,0,0,0,0,0,0,0,0,0,0,0,0,0,0,0,0,0,0,0,0,0,0,0,0,0,0,0,0,0,0,0
1578,52.633,1,11,1.8000,1,-0.0345,0.6611,0.0984,1,-0.0313,0.5487,0.0531,1,0.1381,0.5252,0.0804,1,-0.1934,0.4904,0.0712,1,0.2358,0.2256,0.1098,1,-0.2925,0.2072,0.1721,1,0.2227,-0.0079,0.1908,1,-0.2214,0.0192,0.3165,1,0.1565,-0.0000,-0.0000,1,-0.1565,0.0000,0.0000,1,0.0000,0.0000,0.0000
1581,52.733,1,11,1.8000,1,-0.0344,0.6605,0.1011,1,-0.0311,0.5482,0.0551,1,0.1381,0.5255,0.0841,1,-0.1934,0.4907,0.0734,1,0.2368,0.2268,0.1197,1,-0.2935,0.2091,0.1778,1,0.2225,-0.0048,0.2058,1,-0.2239,0.0235,0.3260,1,0.1565,0.0000,0.0000,1,-0.1565,-0.0000,-0.0000,1,0.0000,0.0000,0.0000
1584,52.833,1,11,1.8000,1,-0.0330,0.6617,0.0962,1,-0.0305,0.5491,0.0511,1,0.1390,0.5249,0.0772,1,-0.1927,0.4908,0.0686,1,0.2375,0.2254,0.1044,1,-0.2911,0.2069,0.1680,1,0.2265,-0.0085,0.1846,1,-0.2166,0.0201,0.3122,1,0.1565,0.0000,-0.0000,1,-0.1565,-0.0000,0.0000,1,0.0000,0.0000,0.0000
1587,52.933,1,11,1.8000,1,-0.0304,0.6583,0.1096,1,-0.0278,0.5471,0.0612,1,0.1410,0.5253,0.0934,1,-0.1898,0.4901,0.0833,1,0.2342,0.2271,0.1441,1,-0.2911,0.2156,0.2041,1,0.2154,-0.0001,0.2404,1,-0.2209,0.0361,0.3593,1,0.1565,-0.0000,0.0000,1,-0.1565,-0.0000,-0.0000,1,0.0000,0.0000,0.0000
1590,53.033,1,11,1.8000,1,-0.0313,0.6584,0.1093,1,-0.0283,0.5471,0.0611,1,0.1403,0.5248,0.0937,1,-0.1903,0.4899,0.0835,1,0.2334,0.2268,0.1457,1,-0.2891,0.2154,0.2060,1,0.2168,-0.0002,0.2430,1,-0.2177,0.0371,0.3621,1,0.1565,0.0000,0.0000,1,-0.1565,-0.0000,0.0000,1,0.0000,0.0000,0.0000
1593,53.133,1,11,1.8000,1,-0.0267,0.6583,0.1101,1,-0.0246,0.5472,0.0613,1,0.1440,0.5243,0.0936,1,-0.1870,0.4911,0.0833,1,0.2359,0.2256,0.1439,1,-0.2895,0.2178,0.2056,1,0.2176,-0.0011,0.2415,1,-0.2173,0.0403,0.3623,1,0.1565,0.0000,0.0000,1,-0.1565,-0.0000,-0.0000,1,0.0000,0.0000,0.0000
1596,53.233,1,11,1.8000,1,-0.0245,0.6589,0.1082,1,-0.0226,0.5476,0.0601,1,0.1461,0.5245,0.0920,1,-0.1848,0.4907,0.0816,1,0.2365,0.2253,0.1412,1,-0.2867,0.2165,0.2025,1,0.2169,-0.0014,0.2385,1,-0.2135,0.0388,0.3585,1,0.1565,0.0000,0.0000,1,-0.1565,-0.0000,-0.0000,1,0.0000,0.0000,0.0000
1599,53.333,1,11,1.8000,1,-0.0202,0.6587,0.1097,1,-0.0188,0.5474,0.0615,1,0.1497,0.5240,0.0937,1,-0.1806,0.4897,0.0841,1,0.2399,0.2251,0.1452,1,-0.2802,0.2152,0.2061,1,0.2162,-0.0007,0.2439,1,-0.2033,0.0365,0.3591,1,0.1565,-0.0000,0.0000,1,-0.1565,0.0000,-0.0000,1,0.0000,0.0000,0.0000
1602,53.433,1,11,1.8000,1,-0.0217,0.6575,0.1136,1,-0.0192,0.5467,0.0644,1,0.1491,0.5252,0.0990,1,-0.1807,0.4889,0.0885,1,0.2378,0.2278,0.1610,1,-0.2820,0.2192,0.2196,1,0.2091,0.0070,0.2690,1,-0.2051,0.0472,0.3801,1,0.1565,-0.0000,-0.0000,1,-0.1565,-0.0000,-0.0000,1,0.0000,0.0000,0.0000
1605,53.533,1,11,1.8000,1,-0.0178,0.6586,0.1104,1,-0.0164,0.5473,0.0622,1,0.1521,0.5250,0.0956,1,-0.1779,0.4892,0.0851,1,0.2418,0.2270,0.1531,1,-0.2791,0.2171,0.2113,1,0.2120,0.0053,0.2591,1,-0.1982,0.0440,0.3686,1,0.1565,-0.0000,0.0000,1,-0.1565,-0.0000,-0.0001,1,0.0000,0.0000,0.0000
1608,53.633,1,11,1.8000,1,-0.0159,0.6593,0.1077,1,-0.0147,0.5478,0.0600,1,0.1538,0.5256,0.0933,1,-0.1769,0.4908,0.0813,1,0.2422,0.2268,0.1489,1,-0.2830,0.2193,0.2046,1,0.2112,0.0058,0.2559,1,-0.2044,0.0467,0.3635,1,0.1565,0.0000,-0.0000,1,-0.1565,-0.0000,0.0000,1,0.0000,0.0000,0.0000
1611,53.733,1,11,1.8000,1,-0.0164,0.6602,0.1049,1,-0.0154,0.5482,0.0583,1,0.1532,0.5252,0.0906,1,-0.1774,0.4907,0.0791,1,0.2429,0.2262,0.1428,1,-0.2802,0.2161,0.1984,1,0.2127,0.0037,0.2471,1,-0.1991,0.0417,0.3542,1,0.1565,-0.0000,-0.0000,1,-0.1565,-0.0000,0.0000,1,0.0000,0.0000,0.0000
1614,53.833,0,0,0,0,0,0,0,0,0,0,0,0,0,0,0,0,0,0,0,0,0,0,0,0,0,0,0,0,0,0,0,0,0,0,0,0,0,0,0,0,0,0,0,0,0,0,0
1617,53.933,1,11,1.8000,1,-0.0173,0.6607,0.1031,1,-0.0164,0.5484,0.0572,1,0.1521,0.5254,0.0897,1,-0.1787,0.4913,0.0775,1,0.2426,0.2268,0.1428,1,-0.2821,0.2166,0.1959,1,0.2114,0.0056,0.2494,1,-0.2000,0.0427,0.3518,1,0.1565,-0.0000,-0.0000,1,-0.1565,-0.0000,-0.0000,1,0.0000,0.0000,0.0000
1620,54.033,1,11,1.8000,1,-0.0204,0.6642,0.0880,1,-0.0192,0.5505,0.0457,1,0.1501,0.5240,0.0705,1,-0.1837,0.4985,0.0610,1,0.2497,0.2240,0.0868,1,-0.2950,0.2219,0.1674,1,0.2270,-0.0027,0.1833,1,-0.1712,0.0864,0.3335,1,0.1565,-0.0000,0.0000,1,-0.1565,0.0000,-0.0000,1,0.0000,0.0000,0.0000
1623,54.133,1,11,1.8000,1,-0.0181,0.6640,0.0890,1,-0.0186,0.5506,0.0461,1,0.1504,0.5213,0.0701,1,-0.1831,0.4986,0.0611,1,0.2476,0.2205,0.0858,1,-0.2938,0.2206,0.1643,1,0.2272,-0.0084,0.1775,1,-0.1804,0.0664,0.3212,1,0.1565,0.0000,-0.0000,1,-0.1565,-0.0000,0.0000,1,0.0000,0.0000,0.0000
1626,54.233,1,11,1.8000,1,-0.0185,0.6655,0.0825,1,-0.0191,0.5513,0.0416,1,0.1497,0.5201,0.0642,1,-0.1841,0.5002,0.0544,1,0.2473,0.2193,0.0760,1,-0.2971,0.2200,0.1487,1,0.2320,-0.0121,0.1625,1,-0.1961,0.0529,0.3008,1,0.1565,0.0000,0.0000,1,-0.1565,-0.0000,-0.0001,1,0.0000,0.0000,0.0000
1629,54.333,1,11,1.8000,1,-0.0175,0.6652,0.0843,1,-0.0179,0.5511,0.0430,1,0.1511,0.5213,0.0662,1,-0.1827,0.4994,0.0563,1,0.2487,0.2205,0.0791,1,-0.2956,0.2197,0.1524,1,0.2320,-0.0103,0.1670,1,-0.1912,0.0579,0.3078,1,0.1565,-0.0000,0.0000,1,-0.1565,0.0000,-0.0000,1,0.0000,0.0000,0.0000
1632,54.433,1,11,1.8000,1,-0.0181,0.6659,0.0811,1,-0.0184,0.5514,0.0411,1,0.1506,0.5215,0.0640,1,-0.1833,0.4997,0.0539,1,0.2478,0.2206,0.0761,1,-0.2958,0.2193,0.1480,1,0.2318,-0.0101,0.1643,1,-0.1885,0.0599,0.3040,1,0.1565,0.0000,-0.0000,1,-0.1565,-0.0000,-0.0000,1,0.0000,0.0000,0.0000
1635,54.533,1,11,1.8000,1,-0.0164,0.6664,0.0791,1,-0.0160,0.5516,0.0400,1,0.1530,0.5221,0.0637,1,-0.1807,0.4993,0.0526,1,0.2486,0.2207,0.0772,1,-0.2924,0.2183,0.1458,1,0.2331,-0.0093,0.1674,1,-0.1977,0.0544,0.3054,1,0.1565,0.0000,0.0000,1,-0.1565,-0.0000,-0.0000,1,0.0000,0.0000,0.0000
1638,54.633,1,11,1.8000,1,-0.0180,0.6666,0.0780,1,-0.0173,0.5517,0.0393,1,0.1518,0.5225,0.0627,1,-0.1821,0.4997,0.0514,1,0.2510,0.2222,0.0748,1,-0.2939,0.2183,0.1434,1,0.2360,-0.0077,0.1654,1,-0.1963,0.0537,0.3004,1,0.1565,0.0000,0.0000,1,-0.1565,-0.0000,-0.0000,1,0.0000,0.0000,0.0000
1641,54.733,1,11,1.8000,1,-0.0171,0.6677,0.0725,1,-0.0172,0.5522,0.0354,1,0.1519,0.5214,0.0569,1,-0.1827,0.5021,0.0459,1,0.2495,0.2204,0.0633,1,-0.2979,0.2204,0.1326,1,0.2402,-0.0121,0.1476,1,-0.2025,0.0503,0.2850,1,0.1565,0.0000,0.0000,1,-0.1565,-0.0000,-0.0000,1,0.0000,0.0000,0.0000
1644,54.833,0,0,0,0,0,0,0,0,0,0,0,0,0,0,0,0,0,0,0,0,0,0,0,0,0,0,0,0,0,0,0,0,0,0,0,0,0,0,0,0,0,0,0,0,0,0,0
1647,54.933,1,11,1.8000,1,-0.0186,0.6673,0.0741,1,-0.0180,0.5521,0.0362,1,0.1505,0.5192,0.0592,1,-0.1839,0.5033,0.0473,1,0.2491,0.2187,0.0719,1,-0.3021,0.2237,0.1367,1,0.2367,-0.0091,0.1677,1,-0.2017,0.0547,0.2871,1,0.1565,-0.0000,-0.0000,1,-0.1565,-0.0000,-0.0000,1,0.0000,0.0000,0.0000
1650,55.033,1,11,1.8000,1,-0.0183,0.6677,0.0724,1,-0.0178,0.5523,0.0350,1,0.1507,0.5189,0.0574,1,-0.1834,0.5026,0.0463,1,0.2496,0.2185,0.0694,1,-0.2987,0.2217,0.1355,1,0.2367,-0.0090,0.1659,1,-0.1944,0.0530,0.2835,1,0.1565,-0.0000,0.0000,1,-0.1565,-0.0000,-0.0000,1,0.0000,0.0000,0.0000
1653,55.133,1,11,1.8000,1,-0.0178,0.6673,0.0744,1,-0.0171,0.5521,0.0364,1,0.1513,0.5188,0.0594,1,-0.1826,0.5023,0.0480,1,0.2505,0.2185,0.0729,1,-0.2979,0.2217,0.1382,1,0.2345,-0.0084,0.1705,1,-0.1944,0.0531,0.2869,1,0.1565,0.0000,-0.0000,1,-0.1565,-0.0000,-0.0001,1,0.0000,0.0000,0.0000
1656,55.233,1,11,1.8000,1,-0.0207,0.6674,0.0737,1,-0.0191,0.5521,0.0360,1,0.1494,0.5194,0.0590,1,-0.1842,0.5010,0.0476,1,0.2503,0.2197,0.0731,1,-0.2941,0.2180,0.1374,1,0.2333,-0.0065,0.1722,1,-0.1834,0.0526,0.2845,1,0.1565,0.0000,-0.0000,1,-0.1565,-0.0000,0.0000,1,0.0000,0.0000,0.0000
1659,55.333,1,11,1.8000,1,-0.0194,0.6671,0.0750,1,-0.0180,0.5520,0.0369,1,0.1504,0.5191,0.0604,1,-0.1830,0.5007,0.0491,1,0.2508,0.2194,0.0773,1,-0.2921,0.2182,0.1409,1,0.2320,-0.0057,0.1784,1,-0.1829,0.0519,0.2881,1,0.1565,-0.0000,-0.0000,1,-0.1565,0.0000,0.0000,1,0.0000,0.0000,0.0000
1662,55.433,1,11,1.8000,1,-0.0191,0.6667,0.0771,1,-0.0179,0.5518,0.0383,1,0.1505,0.5190,0.0622,1,-0.1829,0.5008,0.0513,1,0.2495,0.2188,0.0793,1,-0.2937,0.2199,0.1459,1,0.2285,-0.0056,0.1816,1,-0.1851,0.0544,0.2945,1,0.1565,-0.0000,-0.0000,1,-0.1565,-0.0000,-0.0000,1,0.0000,0.0000,0.0000
1665,55.533,1,11,1.8000,1,-0.0215,0.6668,0.0764,1,-0.0200,0.5518,0.0377,1,0.1485,0.5191,0.0610,1,-0.1848,0.5001,0.0504,1,0.2485,0.2193,0.0774,1,-0.2925,0.2174,0.1433,1,0.2292,-0.0062,0.1776,1,-0.1847,0.0486,0.2886,1,0.1565,0.0000,-0.0000,1,-0.1565,-0.0000,0.0000,1,0.0000,0.0000,0.0000
1668,55.633,1,11,1.8000,1,-0.0234,0.6672,0.0740,1,-0.0212,0.5520,0.0362,1,0.1472,0.5194,0.0598,1,-0.1863,0.5008,0.0478,1,0.2468,0.2193,0.0748,1,-0.2936,0.2170,0.1377,1,0.2284,-0.0058,0.1761,1,-0.1804,0.0529,0.2843,1,0.1565,0.0000,0.0000,1,-0.1565,-0.0000,0.0000,1,0.0000,0.0000,0.0000
1671,55.733,0,0,0,0,0,0,0,0,0,0,0,0,0,0,0,0,0,0,0,0,0,0,0,0,0,0,0,0,0,0,0,0,0,0,0,0,0,0,0,0,0,0,0,0,0,0,0
1674,55.833,0,0,0,0,0,0,0,0,0,0,0,0,0,0,0,0,0,0,0,0,0,0,0,0,0,0,0,0,0,0,0,0,0,0,0,0,0,0,0,0,0,0,0,0,0,0,0
1677,55.933,1,11,1.8000,1,-0.0230,0.6669,0.0755,1,-0.0211,0.5518,0.0372,1,0.1473,0.5188,0.0609,1,-0.1859,0.5001,0.0497,1,0.2458,0.2186,0.0793,1,-0.2908,0.2161,0.1421,1,0.2269,-0.0076,0.1779,1,-0.1769,0.0518,0.2880,1,0.1565,0.0000,0.0000,1,-0.1565,-0.0000,-0.0000,1,0.0000,0.0000,0.0000
1680,56.033,0,0,0,0,0,0,0,0,0,0,0,0,0,0,0,0,0,0,0,0,0,0,0,0,0,0,0,0,0,0,0,0,0,0,0,0,0,0,0,0,0,0,0,0,0,0,0
1683,56.133,1,11,1.8000,1,-0.0170,0.6668,0.0773,1,-0.0158,0.5518,0.0387,1,0.1526,0.5196,0.0631,1,-0.1808,0.5005,0.0512,1,0.2514,0.2194,0.0810,1,-0.2909,0.2188,0.1444,1,0.2304,-0.0060,0.1810,1,-0.1816,0.0567,0.2962,1,0.1565,-0.0000,-0.0000,1,-0.1565,-0.0000,0.0000,1,0.0000,0.0000,0.0000
1686,56.233,1,11,1.8000,1,-0.0121,0.6666,0.0786,1,-0.0118,0.5518,0.0396,1,0.1566,0.5198,0.0649,1,-0.1767,0.5008,0.0530,1,0.2547,0.2197,0.0865,1,-0.2877,0.2208,0.1501,1,0.2294,-0.0032,0.1913,1,-0.1751,0.0632,0.3043,1,0.1565,0.0000,-0.0000,1,-0.1565,-0.0000,0.0000,1,0.0000,0.0000,0.0000
1689,56.333,1,11,1.8000,1,-0.0120,0.6665,0.0794,1,-0.0115,0.5517,0.0402,1,0.1566,0.5192,0.0659,1,-0.1765,0.5005,0.0538,1,0.2536,0.2188,0.0887,1,-0.2881,0.2207,0.1508,1,0.2299,-0.0050,0.1917,1,-0.1795,0.0606,0.3052,1,0.1565,-0.0000,-0.0000,1,-0.1565,0.0000,0.0000,1,0.0000,0.0000,0.0000
1692,56.433,1,11,1.8000,1,-0.0116,0.6665,0.0792,1,-0.0113,0.5517,0.0400,1,0.1569,0.5195,0.0656,1,-0.1763,0.5009,0.0530,1,0.2549,0.2193,0.0875,1,-0.2898,0.2212,0.1485,1,0.2298,-0.0034,0.1925,1,-0.1792,0.0625,0.3028,1,0.1565,0.0000,-0.0000,1,-0.1565,-0.0000,0.0000,1,0.0000,0.0000,0.0000
1695,56.533,0,0,0,0,0,0,0,0,0,0,0,0,0,0,0,0,0,0,0,0,0,0,0,0,0,0,0,0,0,0,0,0,0,0,0,0,0,0,0,0,0,0,0,0,0,0,0
1698,56.633,1,11,1.8000,1,-0.0107,0.6679,0.0722,1,-0.0116,0.5524,0.0352,1,0.1570,0.5191,0.0566,1,-0.1769,0.5018,0.0460,1,0.2537,0.2178,0.0646,1,-0.2887,0.2188,0.1332,1,0.2398,-0.0110,0.1580,1,-0.1844,0.0470,0.2776,1,0.1565,0.0000,-0.0000,1,-0.1565,-0.0000,-0.0000,1,0.0000,0.0000,0.0000
1701,56.733,1,11,1.8000,1,-0.0103,0.6683,0.0700,1,-0.0115,0.5526,0.0337,1,0.1570,0.5182,0.0544,1,-0.1771,0.5026,0.0432,1,0.2514,0.2162,0.0599,1,-0.2900,0.2189,0.1266,1,0.2415,-0.0147,0.1483,1,-0.1914,0.0433,0.2704,1,0.1565,-0.0000,0.0000,1,-0.1565,0.0000,-0.0000,1,0.0000,0.0000,0.0000
1704,56.833,1,11,1.8000,1,-0.0059,0.6682,0.0706,1,-0.0086,0.5527,0.0338,1,0.1596,0.5170,0.0546,1,-0.1749,0.5053,0.0439,1,0.2524,0.2144,0.0603,1,-0.2961,0.2254,0.1286,1,0.2422,-0.0160,0.1501,1,-0.1990,0.0519,0.2760,1,0.1565,-0.0000,-0.0000,1,-0.1565,0.0000,0.0000,1,0.0000,0.0000,0.0000
1707,56.933,1,11,1.8000,1,-0.0050,0.6680,0.0719,1,-0.0080,0.5526,0.0346,1,0.1602,0.5171,0.0555,1,-0.1741,0.5047,0.0449,1,0.2523,0.2144,0.0613,1,-0.2942,0.2248,0.1309,1,0.2415,-0.0167,0.1495,1,-0.1930,0.0551,0.2801,1,0.1565,-0.0000,-0.0000,1,-0.1565,0.0000,0.0000,1,0.0000,0.0000,0.0000
1710,57.033,1,11,1.8000,1,-0.0047,0.6682,0.0707,1,-0.0080,0.5527,0.0339,1,0.1603,0.5167,0.0540,1,-0.1743,0.5055,0.0439,1,0.2516,0.2137,0.0581,1,-0.2942,0.2249,0.1280,1,0.2441,-0.0187,0.1428,1,-0.1960,0.0526,0.2761,1,0.1565,0.0000,-0.0000,1,-0.1565,-0.0000,-0.0000,1,0.0000,0.0000,0.0000
1713,57.133,1,11,1.8000,1,-0.0049,0.6682,0.0706,1,-0.0081,0.5527,0.0337,1,0.1601,0.5165,0.0539,1,-0.1745,0.5056,0.0437,1,0.2524,0.2139,0.0586,1,-0.2951,0.2252,0.1276,1,0.2437,-0.0176,0.1459,1,-0.1960,0.0517,0.2736,1,0.1565,-0.0000,-0.0000,1,-0.1565,-0.0000,-0.0000,1,0.0000,0.0000,0.0000
1716,57.233,1,11,1.8000,1,-0.0046,0.6678,0.0726,1,-0.0076,0.5525,0.0352,1,0.1605,0.5168,0.0565,1,-0.1738,0.5049,0.0452,1,0.2529,0.2142,0.0633,1,-0.2948,0.2250,0.1302,1,0.2416,-0.0162,0.1531,1,-0.1923,0.0554,0.2784,1,0.1565,0.0000,-0.0000,1,-0.1565,-0.0000,0.0000,1,0.0000,0.0000,0.0000
1719,57.333,1,11,1.8000,1,-0.0074,0.6679,0.0722,1,-0.0100,0.5525,0.0349,1,0.1582,0.5170,0.0556,1,-0.1760,0.5040,0.0452,1,0.2513,0.2145,0.0619,1,-0.2948,0.2232,0.1301,1,0.2412,-0.0169,0.1492,1,-0.1927,0.0515,0.2762,1,0.1565,-0.0000,0.0000,1,-0.1565,0.0000,-0.0000,1,0.0000,0.0000,0.0000
1722,57.433,1,11,1.8000,1,-0.0096,0.6673,0.0755,1,-0.0112,0.5521,0.0373,1,0.1569,0.5175,0.0605,1,-0.1770,0.5031,0.0480,1,0.2518,0.2159,0.0730,1,-0.2955,0.2231,0.1358,1,0.2366,-0.0126,0.1669,1,-0.1911,0.0562,0.2858,1,0.1565,-0.0000,0.0000,1,-0.1565,0.0000,-0.0000,1,0.0000,0.0000,0.0000
1725,57.533,1,11,1.8000,1,-0.0093,0.6670,0.0769,1,-0.0110,0.5520,0.0385,1,0.1573,0.5185,0.0620,1,-0.1766,0.5026,0.0500,1,0.2526,0.2170,0.0764,1,-0.2943,0.2232,0.1408,1,0.2356,-0.0106,0.1721,1,-0.1833,0.0624,0.2927,1,0.1565,-0.0000,-0.0000,1,-0.1565,0.0000,0.0000,1,0.0000,0.0000,0.0000
1728,57.633,1,11,1.8000,1,-0.0132,0.6676,0.0737,1,-0.0142,0.5522,0.0361,1,0.1542,0.5183,0.0584,1,-0.1797,0.5024,0.0472,1,0.2492,0.2166,0.0696,1,-0.2950,0.2211,0.1350,1,0.2352,-0.0132,0.1606,1,-0.1896,0.0528,0.2826,1,0.1565,-0.0000,-0.0000,1,-0.1565,0.0000,0.0000,1,0.0000,0.0000,0.0000
1731,57.733,1,11,1.8000,1,-0.0205,0.6673,0.0741,1,-0.0189,0.5520,0.0366,1,0.1496,0.5196,0.0597,1,-0.1838,0.5002,0.0476,1,0.2475,0.2189,0.0722,1,-0.2929,0.2165,0.1359,1,0.2343,-0.0097,0.1660,1,-0.1757,0.0570,0.2844,1,0.1565,-0.0000,-0.0000,1,-0.1565,0.0000,0.0000,1,0.0000,0.0000,0.0000
1734,57.833,1,11,1.8000,1,-0.0227,0.6667,0.0769,1,-0.0202,0.5516,0.0387,1,0.1485,0.5217,0.0641,1,-0.1850,0.4998,0.0508,1,0.2458,0.2211,0.0822,1,-0.2932,0.2181,0.1464,1,0.2267,-0.0045,0.1822,1,-0.1588,0.0835,0.3047,1,0.1565,0.0000,0.0000,1,-0.1565,-0.0000,-0.0000,1,0.0000,0.0000,0.0000
1737,57.933,1,11,1.8000,1,-0.0202,0.6660,0.0810,1,-0.0185,0.5513,0.0414,1,0.1496,0.5198,0.0686,1,-0.1834,0.5005,0.0559,1,0.2439,0.2189,0.0958,1,-0.2930,0.2217,0.1581,1,0.2229,-0.0048,0.1998,1,-0.1655,0.0794,0.3154,1,0.1565,0.0000,-0.0000,1,-0.1565,-0.0000,-0.0000,1,0.0000,0.0000,0.0000
1740,58.033,1,11,1.8000,1,-0.0209,0.6652,0.0841,1,-0.0193,0.5509,0.0435,1,0.1491,0.5221,0.0715,1,-0.1845,0.5012,0.0590,1,0.2449,0.2219,0.1013,1,-0.2980,0.2270,0.1692,1,0.2198,0.0017,0.2115,1,-0.1520,0.1134,0.3337,1,0.1565,-0.0000,0.0000,1,-0.1565,0.0000,-0.0000,1,0.0000,0.0000,0.0000
1743,58.133,1,11,1.8000,1,-0.0262,0.6620,0.0969,1,-0.0238,0.5490,0.0528,1,0.1447,0.5257,0.0858,1,-0.1893,0.5021,0.0723,1,0.2379,0.2270,0.1332,1,-0.3069,0.2407,0.2066,1,0.2078,0.0135,0.2548,1,-0.1392,0.1850,0.3799,1,0.1565,-0.0000,0.0000,1,-0.1565,0.0000,-0.0000,1,0.0000,0.0000,0.0000
1746,58.233,1,11,1.8000,1,-0.0265,0.6615,0.0985,1,-0.0242,0.5489,0.0536,1,0.1442,0.5255,0.0867,1,-0.1898,0.5023,0.0737,1,0.2383,0.2271,0.1346,1,-0.3076,0.2420,0.2098,1,0.2082,0.0131,0.2552,1,-0.1385,0.1847,0.3811,1,0.1565,-0.0000,0.0000,1,-0.1565,0.0000,-0.0000,1,0.0000,0.0000,0.0000
1749,58.333,1,11,1.8000,1,-0.0303,0.6606,0.1012,1,-0.0273,0.5482,0.0557,1,0.1412,0.5278,0.0903,1,-0.1928,0.5014,0.0763,1,0.2360,0.2309,0.1449,1,-0.3110,0.2442,0.2179,1,0.2032,0.0211,0.2721,1,-0.1280,0.2398,0.3845,1,0.1565,0.0000,0.0000,1,-0.1565,-0.0000,-0.0000,1,0.0000,0.0000,0.0000
1752,58.433,1,11,1.8000,1,-0.0101,0.6585,0.1113,1,-0.0116,0.5474,0.0625,1,0.1549,0.5221,0.1030,1,-0.1759,0.4969,0.0842,1,0.2411,0.2299,0.1887,1,-0.2910,0.2338,0.2170,1,0.2017,0.0278,0.3260,1,-0.2085,0.0660,0.3792,1,0.1565,-0.0000,0.0000,1,-0.1565,-0.0000,-0.0000,1,0.0000,0.0000,0.0000
1755,58.533,1,11,1.8000,1,-0.0056,0.6586,0.1104,1,-0.0089,0.5479,0.0610,1,0.1576,0.5211,0.1009,1,-0.1742,0.5003,0.0812,1,0.2457,0.2294,0.1862,1,-0.3004,0.2404,0.2103,1,0.2041,0.0312,0.3286,1,-0.2203,0.0748,0.3759,1,0.1565,0.0000,-0.0000,1,-0.1565,-0.0000,0.0000,1,0.0000,0.0000,0.0000
1758,58.633,0,0,0,0,0,0,0,0,0,0,0,0,0,0,0,0,0,0,0,0,0,0,0,0,0,0,0,0,0,0,0,0,0,0,0,0,0,0,0,0,0,0,0,0,0,0,0
1761,58.733,1,11,1.8000,1,-0.0220,0.6628,0.0960,1,-0.0179,0.5488,0.0548,1,0.1488,0.5413,0.1013,1,-0.1854,0.5210,0.0888,1,0.2562,0.2949,0.2685,1,-0.3079,0.3373,0.3155,1,0.1144,0.3307,0.4682,1,-0.1885,0.5182,0.4349,1,0.1565,0.0000,0.0000,1,-0.1565,-0.0000,-0.0000,1,0.0000,0.0000,0.0000
1764,58.833,1,11,1.8000,1,-0.0153,0.6630,0.0942,1,-0.0120,0.5499,0.0506,1,0.1556,0.5382,0.0929,1,-0.1799,0.5155,0.0755,1,0.2666,0.2802,0.2387,1,-0.3136,0.2941,0.2579,1,0.0867,0.3368,0.3990,1,-0.1530,0.3086,0.4457,1,0.1565,0.0000,-0.0000,1,-0.1565,-0.0000,-0.0000,1,0.0000,0.0000,0.0000
1767,58.933,1,11,1.8000,1,-0.0271,0.6633,0.0930,1,-0.0228,0.5491,0.0522,1,0.1443,0.5476,0.0977,1,-0.1899,0.5207,0.0876,1,0.2693,0.3220,0.2812,1,-0.3014,0.3429,0.3246,1,0.1112,0.3826,0.4618,1,-0.1425,0.4805,0.4552,1,0.1565,0.0000,-0.0000,1,-0.1565,-0.0000,-0.0000,1,0.0000,0.0000,0.0000
1770,59.033,1,11,1.8000,1,-0.0162,0.6644,0.0884,1,-0.0130,0.5504,0.0473,1,0.1552,0.5437,0.0880,1,-0.1797,0.5119,0.0747,1,0.2860,0.2970,0.2370,1,-0.2875,0.2841,0.2661,1,0.0991,0.3466,0.3915,1,-0.1150,0.3057,0.4422,1,0.1565,-0.0000,0.0000,1,-0.1565,-0.0000,-0.0000,1,0.0000,0.0000,0.0000
1773,59.133,1,11,1.8000,1,-0.0172,0.6656,0.0826,1,-0.0143,0.5513,0.0419,1,0.1546,0.5401,0.0785,1,-0.1806,0.5087,0.0653,1,0.2907,0.2826,0.2024,1,-0.2906,0.2585,0.2248,1,0.0988,0.3285,0.3517,1,-0.1314,0.2181,0.4100,1,0.1565,-0.0000,-0.0000,1,-0.1565,0.0000,-0.0000,1,0.0000,0.0000,0.0000
1776,59.233,1,11,1.8000,1,-0.0196,0.6649,0.0857,1,-0.0161,0.5508,0.0446,1,0.1528,0.5400,0.0813,1,-0.1820,0.5081,0.0704,1,0.2886,0.2808,0.2019,1,-0.2905,0.2610,0.2357,1,0.1079,0.3171,0.3671,1,-0.1269,0.2467,0.4209,1,0.1565,-0.0000,-0.0000,1,-0.1565,0.0000,0.0000,1,0.0000,0.0000,0.0000
1779,59.333,1,11,1.8000,1,-0.0216,0.6645,0.0874,1,-0.0170,0.5505,0.0461,1,0.1514,0.5398,0.0852,1,-0.1824,0.5056,0.0712,1,0.2753,0.2781,0.2131,1,-0.2869,0.2562,0.2357,1,0.0894,0.3029,0.3746,1,-0.1337,0.2183,0.4263,1,0.1565,0.0000,0.0000,1,-0.1565,-0.0000,0.0000,1,0.0000,0.0000,0.0000
1782,59.433,1,11,1.8000,1,-0.0209,0.6635,0.0921,1,-0.0157,0.5496,0.0507,1,0.1519,0.5427,0.0936,1,-0.1814,0.5081,0.0793,1,0.2595,0.2859,0.2442,1,-0.2783,0.2777,0.2734,1,0.0791,0.3379,0.4055,1,-0.1087,0.2998,0.4523,1,0.1565,-0.0000,0.0000,1,-0.1565,-0.0000,0.0000,1,0.0000,0.0000,0.0000
1785,59.533,1,11,1.8000,1,-0.0154,0.6636,0.0924,1,-0.0113,0.5499,0.0505,1,0.1564,0.5395,0.0926,1,-0.1761,0.5040,0.0774,1,0.2549,0.2718,0.2296,1,-0.2747,0.2596,0.2527,1,0.0656,0.3021,0.3860,1,-0.1179,0.2235,0.4408,1,0.1565,-0.0000,-0.0000,1,-0.1565,-0.0000,-0.0000,1,0.0000,0.0000,0.0000
1788,59.633,1,11,1.8000,1,-0.0149,0.6625,0.0971,1,-0.0111,0.5492,0.0537,1,0.1566,0.5397,0.0959,1,-0.1752,0.5004,0.0803,1,0.2598,0.2701,0.2257,1,-0.2728,0.2528,0.2515,1,0.0711,0.2419,0.3833,1,-0.1305,0.1795,0.4404,1,0.1565,-0.0000,0.0000,1,-0.1565,0.0000,-0.0000,1,0.0000,0.0000,0.0000
1791,59.733,1,11,1.8000,1,-0.0179,0.6622,0.0977,1,-0.0132,0.5489,0.0548,1,0.1540,0.5409,0.0992,1,-0.1779,0.5024,0.0815,1,0.2459,0.2720,0.2385,1,-0.2783,0.2619,0.2610,1,0.0581,0.2807,0.3995,1,-0.1319,0.2185,0.4558,1,0.1565,0.0000,-0.0000,1,-0.1565,-0.0000,0.0000,1,0.0000,0.0000,0.0000
1794,59.833,1,11,1.8000,1,-0.0334,0.6631,0.0898,1,-0.0318,0.5499,0.0463,1,0.1375,0.5242,0.0723,1,-0.1975,0.5024,0.0637,1,0.2415,0.2260,0.0942,1,-0.3151,0.2341,0.1833,1,0.2183,0.0024,0.1976,1,-0.1464,0.1484,0.3429,1,0.1565,-0.0000,0.0000,1,-0.1565,0.0000,-0.0000,1,0.0000,0.0000,0.0000
1797,59.933,1,11,1.8000,1,-0.0377,0.6579,0.1091,1,-0.0349,0.5468,0.0604,1,0.1341,0.5265,0.0923,1,-0.2004,0.4995,0.0802,1,0.2418,0.2314,0.1309,1,-0.3179,0.2362,0.2107,1,0.2116,0.0140,0.2453,1,-0.1544,0.1510,0.3757,1,0.1565,0.0000,0.0000,1,-0.1565,-0.0000,-0.0000,1,0.0000,0.0000,0.0000
1800,60.033,1,11,1.8000,1,-0.0334,0.6581,0.1089,1,-0.0286,0.5470,0.0606,1,0.1402,0.5394,0.0985,1,-0.1928,0.4947,0.0783,1,0.2550,0.2557,0.1795,1,-0.3146,0.2346,0.2112,1,0.1035,0.1558,0.3478,1,-0.1772,0.1330,0.3902,1,0.1565,-0.0000,0.0000,1,-0.1565,-0.0000,0.0000,1,0.0000,0.0000,0.0000
1803,60.133,1,11,1.8000,1,-0.0376,0.6564,0.1130,1,-0.0327,0.5465,0.0619,1,0.1363,0.5389,0.0989,1,-0.1970,0.4934,0.0756,1,0.2565,0.2541,0.1668,1,-0.3311,0.2301,0.1891,1,0.1260,0.1133,0.3230,1,-0.2365,0.0786,0.3603,1,0.1565,0.0000,0.0000,1,-0.1565,-0.0000,-0.0000,1,0.0000,0.0000,0.0000
1806,60.233,1,11,1.8000,1,-0.0472,0.6569,0.1089,1,-0.0416,0.5465,0.0589,1,0.1283,0.5403,0.0921,1,-0.2065,0.4945,0.0694,1,0.2726,0.2623,0.1380,1,-0.3525,0.2293,0.1615,1,0.1852,0.0966,0.2997,1,-0.2681,0.0604,0.3216,1,0.1565,-0.0000,-0.0000,1,-0.1565,-0.0000,-0.0000,1,0.0000,0.0000,0.0000
1809,60.333,1,11,1.8000,1,-0.0463,0.6617,0.0919,1,-0.0389,0.5489,0.0479,1,0.1314,0.5444,0.0790,1,-0.2048,0.4995,0.0538,1,0.2972,0.2771,0.1138,1,-0.3669,0.2368,0.1239,1,0.2138,0.1462,0.3066,1,-0.2772,0.1113,0.3175,1,0.1565,-0.0000,0.0000,1,-0.1565,0.0000,-0.0000,1,0.0000,0.0000,0.0000
1812,60.433,1,11,1.8000,1,-0.0535,0.6622,0.0902,1,-0.0445,0.5479,0.0508,1,0.1239,0.5606,0.0893,1,-0.2138,0.5186,0.0729,1,0.3247,0.3624,0.2328,1,-0.4014,0.3170,0.2289,1,0.2215,0.4611,0.4349,1,-0.3753,0.5109,0.3805,1,0.1565,0.0000,0.0000,1,-0.1565,-0.0000,-0.0000,1,0.0000,0.0000,0.0000
1815,60.533,1,11,1.8000,1,-0.0435,0.6629,0.0895,1,-0.0369,0.5490,0.0483,1,0.1310,0.5657,0.0871,1,-0.2064,0.5186,0.0675,1,0.3593,0.4099,0.2414,1,-0.4076,0.3439,0.2383,1,0.2782,0.4980,0.4580,1,-0.4003,0.4963,0.4331,1,0.1565,-0.0000,0.0000,1,-0.1565,0.0000,-0.0000,1,0.0000,0.0000,0.0000
1818,60.633,1,11,1.8000,1,-0.0332,0.6664,0.0759,1,-0.0312,0.5511,0.0384,1,0.1332,0.5789,0.0854,1,-0.2001,0.5329,0.0721,1,0.3260,0.5379,0.3330,1,-0.3841,0.4786,0.3238,1,0.2250,0.6256,0.5413,1,-0.3615,0.6088,0.5331,1,0.1565,-0.0000,0.0000,1,-0.1565,0.0000,-0.0000,1,0.0000,0.0000,0.0000
1821,60.733,1,11,1.8000,1,-0.0250,0.6683,0.0677,1,-0.0244,0.5518,0.0338,1,0.1380,0.5895,0.0809,1,-0.1905,0.5601,0.0820,1,0.3057,0.6532,0.3417,1,-0.3236,0.6227,0.3623,1,0.2297,0.7838,0.5377,1,-0.2629,0.7815,0.5421,1,0.1565,-0.0000,-0.0000,1,-0.1565,-0.0000,-0.0000,1,0.0000,0.0000,0.0000
1824,60.833,1,11,1.8000,1,-0.0398,0.6691,0.0591,1,-0.0350,0.5518,0.0283,1,0.1236,0.5975,0.0809,1,-0.2014,0.5684,0.0736,1,0.2318,0.7039,0.3586,1,-0.3187,0.6690,0.3498,1,0.1444,0.8491,0.5390,1,-0.2209,0.8447,0.4941,1,0.1565,-0.0000,-0.0000,1,-0.1565,0.0000,-0.0000,1,0.0000,0.0000,0.0000
1827,60.933,1,11,1.8000,1,-0.0246,0.6712,0.0454,1,-0.0195,0.5538,0.0153,1,0.1405,0.5933,0.0686,1,-0.1873,0.5560,0.0583,1,0.1960,0.6754,0.3692,1,-0.2993,0.6027,0.3506,1,0.0187,0.8141,0.4720,1,-0.1447,0.7380,0.4886,1,0.1565,0.0000,0.0000,1,-0.1565,-0.0000,-0.0000,1,0.0000,0.0000,-0.0000
1830,61.033,0,0,0,0,0,0,0,0,0,0,0,0,0,0,0,0,0,0,0,0,0,0,0,0,0,0,0,0,0,0,0,0,0,0,0,0,0,0,0,0,0,0,0,0,0,0,0
1833,61.133,1,11,1.8000,1,-0.0036,0.6710,0.0573,1,-0.0064,0.5534,0.0276,1,0.1568,0.5764,0.0811,1,-0.1724,0.5595,0.0766,1,0.2514,0.6394,0.3765,1,-0.3194,0.5851,0.3557,1,0.2799,0.7230,0.6077,1,-0.3214,0.6541,0.5934,1,0.1565,-0.0000,0.0000,1,-0.1565,-0.0000,0.0000,1,0.0000,0.0000,-0.0000
1836,61.233,1,11,1.8000,1,0.0265,0.6725,0.0359,1,0.0180,0.5543,0.0102,1,0.1888,0.5318,-0.0070,1,-0.1535,0.5631,0.0329,1,0.3032,0.4330,-0.2851,1,-0.4447,0.5962,0.1524,1,0.4445,0.2465,-0.3658,1,-0.5408,0.6402,0.3762,1,0.1565,-0.0000,0.0000,1,-0.1565,0.0000,-0.0000,1,0.0000,0.0000,0.0000
1839,61.333,1,11,1.8000,1,0.0017,0.6745,0.0093,1,-0.0003,0.5546,-0.0093,1,0.1673,0.5767,0.0285,1,-0.1715,0.5487,0.0162,1,0.3481,0.6712,0.2704,1,-0.3430,0.6012,0.2770,1,0.2600,0.8282,0.4402,1,-0.2648,0.6728,0.5007,1,0.1565,-0.0000,-0.0000,1,-0.1565,-0.0000,-0.0000,1,0.0000,0.0000,0.0000
1842,61.433,1,11,1.8000,1,0.0249,0.6685,0.0652,1,0.0175,0.5530,0.0286,1,0.1804,0.5009,0.0557,1,-0.1534,0.5549,0.0572,1,0.2454,0.1996,0.1274,1,-0.3573,0.5447,0.2990,1,0.2462,-0.0145,0.2515,1,-0.2823,0.6475,0.5112,1,0.1565,-0.0000,-0.0000,1,-0.1565,-0.0000,0.0000,1,0.0000,0.0000,0.0000
1845,61.533,1,11,1.8000,1,0.0264,0.6694,0.0571,1,0.0152,0.5535,0.0231,1,0.1790,0.4995,0.0389,1,-0.1548,0.5541,0.0564,1,0.2634,0.1976,0.0829,1,-0.3583,0.5356,0.2981,1,0.2674,-0.0283,0.1838,1,-0.2564,0.5811,0.5191,1,0.1565,0.0000,-0.0000,1,-0.1565,-0.0000,-0.0000,1,0.0000,0.0000,0.0000
1848,61.633,1,11,1.8000,1,0.0407,0.6668,0.0741,1,0.0265,0.5513,0.0400,1,0.1924,0.5771,0.0828,1,-0.1340,0.5693,0.1024,1,0.3263,0.6811,0.3501,1,-0.2457,0.6671,0.3819,1,0.3203,0.8189,0.5556,1,-0.1710,0.7819,0.5880,1,0.1565,-0.0000,0.0000,1,-0.1565,0.0000,-0.0000,1,0.0000,0.0000,-0.0000
1851,61.733,1,11,1.8000,1,0.0040,0.6689,0.0685,1,-0.0036,0.5525,0.0354,1,0.1614,0.5879,0.0741,1,-0.1649,0.5714,0.0959,1,0.3185,0.7089,0.3208,1,-0.2835,0.6805,0.3683,1,0.2789,0.8559,0.5160,1,-0.1931,0.8136,0.5562,1,0.1565,0.0000,0.0000,1,-0.1565,-0.0000,0.0000,1,0.0000,0.0000,-0.0000
1854,61.833,0,0,0,0,0,0,0,0,0,0,0,0,0,0,0,0,0,0,0,0,0,0,0,0,0,0,0,0,0,0,0,0,0,0,0,0,0,0,0,0,0,0,0,0,0,0,0
1857,61.933,1,11,1.8000,1,-0.0205,0.6691,0.0592,1,-0.0295,0.5528,0.0260,1,0.1388,0.5836,0.0530,1,-0.1883,0.5559,0.0951,1,0.3198,0.6411,0.3062,1,-0.2619,0.5786,0.4021,1,0.3442,0.7620,0.5207,1,-0.2004,0.7041,0.6063,1,0.1565,0.0000,0.0000,1,-0.1565,-0.0000,-0.0000,1,0.0000,0.0000,-0.0000
1860,62.033,1,11,1.8000,1,-0.2954,0.5931,0.0827,1,-0.2606,0.4827,0.0465,1,-0.0940,0.4508,0.0815,1,-0.4032,0.4086,-0.0180,1,0.0624,0.1767,0.0574,1,-0.2977,0.1174,-0.0831,1,0.0458,-0.0577,0.1351,1,-0.2192,-0.0733,0.0538,1,0.1565,0.0000,-0.0000,1,-0.1565,0.0000,0.0000,1,-0.0000,0.0000,0.0000
1863,62.133,1,11,1.8000,1,-0.0204,0.6722,0.0325,1,-0.0293,0.5539,0.0074,1,0.1417,0.5768,0.0228,1,-0.1898,0.5497,0.0724,1,0.3750,0.5803,0.2366,1,-0.2898,0.5251,0.3717,1,0.3952,0.6829,0.4610,1,-0.1674,0.6301,0.5594,1,0.1565,0.0000,-0.0000,1,-0.1565,-0.0000,0.0000,1,0.0000,0.0000,0.0000
1866,62.233,0,0,0,0,0,0,0,0,0,0,0,0,0,0,0,0,0,0,0,0,0,0,0,0,0,0,0,0,0,0,0,0,0,0,0,0,0,0,0,0,0,0,0,0,0,0,0
1869,62.333,1,11,1.8000,1,0.0028,0.6702,0.0481,1,-0.0135,0.5541,0.0167,1,0.1581,0.5731,0.0307,1,-0.1741,0.5593,0.0814,1,0.3834,0.5790,0.2529,1,-0.2738,0.5529,0.3817,1,0.4021,0.6797,0.4782,1,-0.1369,0.6600,0.5579,1,0.1565,-0.0000,-0.0000,1,-0.1565,0.0000,0.0000,1,0.0000,0.0000,-0.0000
1872,62.433,1,11,1.8000,1,-0.0158,0.6664,0.0668,1,-0.0329,0.5518,0.0306,1,0.1396,0.5654,0.0363,1,-0.1917,0.5634,0.0989,1,0.3408,0.5863,0.2798,1,-0.2749,0.5669,0.4043,1,0.3579,0.6654,0.5137,1,-0.1472,0.6582,0.5956,1,0.1565,-0.0000,-0.0000,1,-0.1565,0.0000,0.0000,1,0.0000,0.0000,0.0000
1875,62.533,1,11,1.8000,1,0.0026,0.6662,0.0667,1,-0.0177,0.5526,0.0294,1,0.1552,0.5622,0.0329,1,-0.1763,0.5665,0.0976,1,0.3484,0.5716,0.2834,1,-0.2481,0.5593,0.4058,1,0.3556,0.6474,0.5189,1,-0.1062,0.6443,0.5899,1,0.1565,0.0000,0.0000,1,-0.1565,-0.0000,-0.0000,1,0.0000,0.0000,0.0000
1878,62.633,1,11,1.8000,1,0.0070,0.6665,0.0649,1,-0.0108,0.5537,0.0242,1,0.1610,0.5707,0.0376,1,-0.1706,0.5700,0.0891,1,0.3647,0.5565,0.2795,1,-0.2335,0.5553,0.3989,1,0.3727,0.6389,0.5128,1,-0.0870,0.6399,0.5796,1,0.1565,-0.0000,0.0000,1,-0.1565,0.0000,-0.0000,1,0.0000,0.0000,0.0000
1881,62.733,1,11,1.8000,1,0.0083,0.6686,0.0543,1,-0.0091,0.5541,0.0184,1,0.1632,0.5687,0.0273,1,-0.1677,0.5673,0.0869,1,0.3671,0.5555,0.2690,1,-0.2312,0.5522,0.3966,1,0.3787,0.6385,0.5019,1,-0.0988,0.6351,0.5885,1,0.1565,0.0000,0.0000,1,-0.1565,0.0000,-0.0000,1,0.0000,0.0000,0.0000
1884,62.833,1,11,1.8000,1,-0.0010,0.6693,0.0510,1,-0.0160,0.5541,0.0161,1,0.1563,0.5698,0.0245,1,-0.1753,0.5652,0.0831,1,0.3671,0.5565,0.2602,1,-0.2446,0.5487,0.3915,1,0.3648,0.6457,0.4910,1,-0.0909,0.6400,0.5627,1,0.1565,-0.0000,-0.0000,1,-0.1565,0.0000,-0.0000,1,0.0000,0.0000,0.0000
1887,62.933,1,11,1.8000,1,0.0132,0.6677,0.0586,1,-0.0037,0.5541,0.0196,1,0.1687,0.5661,0.0298,1,-0.1642,0.5723,0.0823,1,0.3772,0.5414,0.2667,1,-0.2373,0.5635,0.3901,1,0.3705,0.6381,0.4944,1,-0.0831,0.6575,0.5594,1,0.1565,0.0000,0.0000,1,-0.1565,0.0000,-0.0000,1,0.0000,0.0000,0.0000
1890,63.033,1,11,1.8000,1,0.0287,0.6665,0.0630,1,0.0096,0.5538,0.0225,1,0.1822,0.5649,0.0319,1,-0.1503,0.5748,0.0856,1,0.3834,0.5407,0.2750,1,-0.2220,0.5806,0.3938,1,0.3866,0.6413,0.5011,1,-0.0880,0.6716,0.5810,1,0.1565,0.0000,0.0000,1,-0.1565,0.0000,-0.0000,1,0.0000,0.0000,0.0000
1893,63.133,1,11,1.8000,1,0.0230,0.6663,0.0636,1,0.0031,0.5538,0.0230,1,0.1757,0.5632,0.0343,1,-0.1559,0.5774,0.0873,1,0.3719,0.5407,0.2816,1,-0.2117,0.5786,0.3989,1,0.3813,0.6348,0.5104,1,-0.0861,0.6619,0.5952,1,0.1565,-0.0000,0.0000,1,-0.1565,0.0000,-0.0000,1,0.0000,0.0000,0.0000
1896,63.233,1,11,1.8000,1,0.0097,0.6674,0.0614,1,-0.0059,0.5539,0.0215,1,0.1663,0.5679,0.0345,1,-0.1665,0.5751,0.0826,1,0.3804,0.5491,0.2669,1,-0.2377,0.5749,0.3910,1,0.3926,0.6528,0.4913,1,-0.1044,0.6667,0.5783,1,0.1565,-0.0000,0.0000,1,-0.1565,0.0000,-0.0000,1,0.0000,0.0000,0.0000
1899,63.333,1,11,1.8000,1,-0.0174,0.6687,0.0517,1,-0.0298,0.5536,0.0154,1,0.1424,0.5720,0.0203,1,-0.1880,0.5688,0.0843,1,0.3801,0.5698,0.2291,1,-0.2374,0.5602,0.3968,1,0.4019,0.6712,0.4539,1,-0.0832,0.6641,0.5602,1,0.1565,0.0000,-0.0000,1,-0.1565,-0.0000,0.0000,1,0.0000,0.0000,0.0000
1902,63.433,1,11,1.8000,1,-0.0409,0.6692,0.0424,1,-0.0505,0.5522,0.0118,1,0.1214,0.5733,0.0071,1,-0.2043,0.5627,0.0908,1,0.3762,0.5941,0.1937,1,-0.2176,0.5675,0.4070,1,0.4026,0.7086,0.4116,1,-0.0475,0.6877,0.5406,1,0.1565,0.0000,-0.0000,1,-0.1565,-0.0000,0.0000,1,0.0000,0.0000,0.0000
1905,63.533,1,11,1.8000,1,-0.0385,0.6699,0.0384,1,-0.0478,0.5526,0.0090,1,0.1249,0.5662,0.0073,1,-0.2045,0.5635,0.0820,1,0.3926,0.5524,0.1755,1,-0.2448,0.5573,0.3959,1,0.3939,0.6837,0.3853,1,-0.0913,0.6775,0.5482,1,0.1565,0.0000,-0.0000,1,-0.1565,0.0000,-0.0000,1,0.0000,0.0000,0.0000
1908,63.633,1,11,1.8000,1,-0.0301,0.6694,0.0496,1,-0.0411,0.5527,0.0186,1,0.1321,0.5504,0.0186,1,-0.1984,0.5666,0.0899,1,0.3955,0.4440,0.1581,1,-0.2630,0.5701,0.3997,1,0.3747,0.5966,0.3519,1,-0.1035,0.6891,0.5469,1,0.1565,-0.0000,-0.0000,1,-0.1565,0.0000,0.0000,1,0.0000,0.0000,-0.0000
1911,63.733,1,11,1.8000,1,-0.0200,0.6681,0.0647,1,-0.0339,0.5517,0.0334,1,0.1370,0.5262,0.0210,1,-0.1890,0.5744,0.1069,1,0.3718,0.3161,0.0505,1,-0.2602,0.6127,0.4129,1,0.3059,0.4060,0.2715,1,-0.0829,0.7303,0.5393,1,0.1565,0.0000,-0.0000,1,-0.1565,-0.0000,0.0000,1,0.0000,0.0000,-0.0000
1914,63.833,1,11,1.8000,1,0.0176,0.6641,0.0877,1,-0.0011,0.5502,0.0505,1,0.1693,0.5197,0.0448,1,-0.1585,0.5797,0.1165,1,0.3427,0.2561,0.0693,1,-0.2143,0.6398,0.4222,1,0.2689,0.2160,0.3021,1,-0.0231,0.7590,0.5245,1,0.1565,0.0000,-0.0000,1,-0.1565,0.0000,0.0000,1,0.0000,0.0000,-0.0000
1917,63.933,1,11,1.8000,1,0.0475,0.6572,0.1102,1,0.0255,0.5461,0.0667,1,0.1940,0.5063,0.0724,1,-0.1332,0.5812,0.1266,1,0.3082,0.2171,0.1313,1,-0.1871,0.6398,0.4329,1,0.2576,0.0506,0.3073,1,0.0220,0.7507,0.5052,1,0.1565,0.0000,-0.0000,1,-0.1565,0.0000,0.0000,1,0.0000,0.0000,-0.0000
1920,64.033,1,11,1.8000,1,0.0290,0.6600,0.1021,1,0.0078,0.5481,0.0604,1,0.1755,0.5052,0.0552,1,-0.1470,0.5818,0.1304,1,0.2499,0.1999,0.0926,1,-0.1736,0.6458,0.4392,1,0.2451,-0.0197,0.2067,1,0.0035,0.7676,0.5617,1,0.1565,0.0000,0.0000,1,-0.1565,-0.0000,-0.0000,1,0.0000,0.0000,-0.0000
1923,64.133,1,11,1.8000,1,0.0044,0.6655,0.0838,1,-0.0115,0.5504,0.0490,1,0.1593,0.5218,0.0482,1,-0.1643,0.5807,0.1249,1,0.2538,0.2375,0.1502,1,-0.1578,0.6344,0.4367,1,0.2600,0.0567,0.3191,1,-0.0217,0.7774,0.5860,1,0.1565,0.0000,-0.0000,1,-0.1565,-0.0000,0.0000,1,0.0000,0.0000,-0.0000
1926,64.233,1,11,1.8000,1,0.0242,0.6651,0.0866,1,0.0069,0.5496,0.0538,1,0.1780,0.5344,0.0757,1,-0.1452,0.5910,0.1257,1,0.2754,0.3501,0.3139,1,-0.1165,0.6517,0.4350,1,0.2121,0.4751,0.5179,1,0.0331,0.7976,0.5676,1,0.1565,0.0000,0.0000,1,-0.1565,-0.0000,-0.0000,1,0.0000,0.0000,-0.0000
1929,64.333,1,11,1.8000,1,0.0013,0.6658,0.0831,1,-0.0135,0.5504,0.0488,1,0.1578,0.5247,0.0503,1,-0.1654,0.5819,0.1258,1,0.2599,0.2511,0.1724,1,-0.1532,0.6417,0.4364,1,0.2663,0.0941,0.3635,1,-0.0096,0.7756,0.5870,1,0.1565,-0.0000,0.0000,1,-0.1565,0.0000,-0.0000,1,0.0000,0.0000,-0.0000
1932,64.433,1,11,1.8000,1,0.0067,0.6612,0.1002,1,-0.0105,0.5485,0.0586,1,0.1584,0.5127,0.0450,1,-0.1657,0.5742,0.1309,1,0.2336,0.2053,0.0410,1,-0.1735,0.6095,0.4454,1,0.2407,-0.0261,0.1285,1,-0.0267,0.7502,0.5864,1,0.1565,-0.0000,-0.0000,1,-0.1565,0.0000,0.0000,1,0.0000,0.0000,-0.0000
1935,64.533,1,11,1.8000,1,0.0144,0.6611,0.0989,1,-0.0033,0.5492,0.0556,1,0.1645,0.5073,0.0462,1,-0.1608,0.5736,0.1235,1,0.2452,0.2013,0.0440,1,-0.1924,0.5989,0.4374,1,0.2497,-0.0294,0.1334,1,-0.0222,0.7181,0.5720,1,0.1565,0.0000,0.0000,1,-0.1565,-0.0000,-0.0000,1,0.0000,0.0000,-0.0000
1938,64.633,1,11,1.8000,1,0.0212,0.6600,0.1034,1,0.0026,0.5484,0.0596,1,0.1706,0.5068,0.0537,1,-0.1549,0.5816,0.1235,1,0.2523,0.2012,0.0623,1,-0.1978,0.6322,0.4330,1,0.2580,-0.0251,0.1624,1,-0.0177,0.7431,0.5615,1,0.1565,-0.0000,-0.0000,1,-0.1565,0.0000,0.0000,1,0.0000,0.0000,-0.0000
1941,64.733,1,11,1.8000,1,0.0204,0.6601,0.1019,1,0.0018,0.5488,0.0574,1,0.1685,0.5018,0.0557,1,-0.1556,0.5858,0.1194,1,0.2521,0.1976,0.0811,1,-0.2068,0.6407,0.4269,1,0.2450,-0.0267,0.1854,1,-0.0184,0.7457,0.5482,1,0.1565,-0.0000,-0.0000,1,-0.1565,0.0000,0.0000,1,0.0000,0.0000,-0.0000
1944,64.833,1,11,1.8000,1,0.0382,0.6575,0.1099,1,0.0173,0.5471,0.0643,1,0.1844,0.5019,0.0688,1,-0.1413,0.5851,0.1227,1,0.2802,0.2040,0.1163,1,-0.1982,0.6497,0.4273,1,0.2591,-0.0015,0.2525,1,-0.0042,0.7679,0.5255,1,0.1565,-0.0000,-0.0000,1,-0.1565,0.0000,0.0000,1,0.0000,0.0000,-0.0000
1947,64.933,1,11,1.8000,1,0.0466,0.6595,0.0992,1,0.0228,0.5486,0.0560,1,0.1888,0.5002,0.0647,1,-0.1364,0.5875,0.1120,1,0.2929,0.2061,0.1179,1,-0.2104,0.6577,0.4116,1,0.2635,0.0039,0.2576,1,-0.0195,0.7546,0.5358,1,0.1565,0.0000,-0.0000,1,-0.1565,-0.0000,0.0000,1,0.0000,0.0000,-0.0000
1950,65.033,1,11,1.8000,1,0.0370,0.6600,0.0988,1,0.0145,0.5490,0.0554,1,0.1810,0.5013,0.0581,1,-0.1448,0.5831,0.1140,1,0.2915,0.2058,0.0829,1,-0.2088,0.6330,0.4199,1,0.2743,-0.0090,0.2048,1,-0.0269,0.7268,0.5590,1,0.1565,0.0000,0.0000,1,-0.1565,-0.0000,-0.0000,1,0.0000,0.0000,-0.0000
1953,65.133,1,11,1.8000,1,0.0382,0.6603,0.0977,1,0.0156,0.5491,0.0547,1,0.1820,0.5010,0.0588,1,-0.1443,0.5839,0.1112,1,0.2945,0.2064,0.0860,1,-0.2159,0.6371,0.4149,1,0.2803,-0.0084,0.2080,1,-0.0291,0.7309,0.5475,1,0.1565,-0.0000,-0.0000,1,-0.1565,0.0000,0.0000,1,0.0000,0.0000,-0.0000
1956,65.233,1,11,1.8000,1,0.0476,0.6574,0.1058,1,0.0221,0.5474,0.0615,1,0.1887,0.4998,0.0614,1,-0.1366,0.5816,0.1218,1,0.3101,0.2079,0.0767,1,-0.1958,0.6371,0.4277,1,0.2893,-0.0021,0.2060,1,-0.0097,0.7349,0.5583,1,0.1565,0.0000,-0.0000,1,-0.1565,-0.0000,0.0000,1,0.0000,0.0000,-0.0000
1959,65.333,1,11,1.8000,1,0.0329,0.6603,0.0995,1,0.0119,0.5490,0.0560,1,0.1795,0.5054,0.0596,1,-0.1502,0.5778,0.1098,1,0.3045,0.2151,0.0749,1,-0.2250,0.6137,0.4152,1,0.2877,0.0009,0.1977,1,-0.0470,0.7136,0.5552,1,0.1565,0.0000,-0.0000,1,-0.1565,-0.0000,0.0000,1,0.0000,0.0000,-0.0000
1962,65.433,1,11,1.8000,1,0.0308,0.6598,0.1022,1,0.0107,0.5487,0.0579,1,0.1784,0.5055,0.0619,1,-0.1517,0.5790,0.1099,1,0.2991,0.2134,0.0781,1,-0.2270,0.6109,0.4156,1,0.2878,-0.0004,0.2023,1,-0.0523,0.7121,0.5587,1,0.1565,0.0000,0.0000,1,-0.1565,-0.0000,0.0000,1,0.0000,0.0000,-0.0000
1965,65.533,1,11,1.8000,1,0.0097,0.6539,0.1227,1,0.0015,0.5469,0.0662,1,0.1704,0.5090,0.0715,1,-0.1690,0.5625,0.0925,1,0.2597,0.2054,0.0770,1,-0.2219,0.3597,0.3297,1,0.2535,-0.0157,0.1880,1,-0.1640,0.5953,0.3789,1,0.1565,-0.0000,-0.0000,1,-0.1565,0.0000,0.0000,1,0.0000,0.0000,-0.0000
1968,65.633,1,11,1.8000,1,0.0252,0.6541,0.1217,1,0.0145,0.5467,0.0663,1,0.1833,0.5090,0.0755,1,-0.1553,0.5649,0.0954,1,0.2562,0.2023,0.1038,1,-0.2046,0.3869,0.3524,1,0.2225,-0.0075,0.2307,1,-0.1545,0.6207,0.4162,1,0.1565,0.0000,0.0000,1,-0.1565,-0.0000,-0.0000,1,0.0000,0.0000,-0.0000
1971,65.733,1,11,1.8000,1,0.0251,0.6545,0.1204,1,0.0148,0.5469,0.0654,1,0.1844,0.5125,0.0728,1,-0.1549,0.5637,0.0959,1,0.2554,0.2053,0.0999,1,-0.2029,0.3901,0.3561,1,0.2298,-0.0077,0.2233,1,-0.1670,0.6278,0.4150,1,0.1565,-0.0000,0.0000,1,-0.1565,0.0000,-0.0000,1,0.0000,0.0000,-0.0000
1974,65.833,1,11,1.8000,1,0.0383,0.6614,0.0950,1,0.0188,0.5496,0.0521,1,0.1867,0.5086,0.0631,1,-0.1445,0.5784,0.1020,1,0.2770,0.2097,0.1151,1,-0.2103,0.6008,0.4108,1,0.2412,0.0085,0.2547,1,-0.0393,0.7359,0.5281,1,0.1565,-0.0000,0.0000,1,-0.1565,-0.0000,-0.0000,1,0.0000,0.0000,-0.0000
1977,65.933,0,0,0,0,0,0,0,0,0,0,0,0,0,0,0,0,0,0,0,0,0,0,0,0,0,0,0,0,0,0,0,0,0,0,0,0,0,0,0,0,0,0,0,0,0,0,0
1980,66.033,1,11,1.8000,1,0.0458,0.6589,0.1021,1,0.0221,0.5481,0.0587,1,0.1896,0.5043,0.0654,1,-0.1378,0.5869,0.1129,1,0.3068,0.2127,0.1029,1,-0.2235,0.6549,0.4098,1,0.2809,0.0180,0.2535,1,-0.0381,0.7469,0.5457,1,0.1565,-0.0000,0.0000,1,-0.1565,-0.0000,-0.0000,1,0.0000,0.0000,-0.0000
1983,66.133,1,11,1.8000,1,0.0416,0.6579,0.1072,1,0.0186,0.5475,0.0625,1,0.1866,0.5056,0.0661,1,-0.1414,0.5849,0.1173,1,0.3080,0.2142,0.0892,1,-0.2146,0.6569,0.4166,1,0.2798,0.0209,0.2411,1,-0.0354,0.7521,0.5583,1,0.1565,0.0000,-0.0000,1,-0.1565,-0.0000,0.0000,1,0.0000,0.0000,-0.0000
1986,66.233,1,11,1.8000,1,0.0303,0.6608,0.0994,1,0.0108,0.5490,0.0566,1,0.1786,0.5071,0.0664,1,-0.1518,0.5829,0.1055,1,0.2994,0.2173,0.1055,1,-0.2408,0.6489,0.4020,1,0.2749,0.0184,0.2509,1,-0.0654,0.7531,0.5422,1,0.1565,-0.0000,0.0000,1,-0.1565,-0.0000,-0.0000,1,0.0000,0.0000,-0.0000
1989,66.333,1,11,1.8000,1,0.0145,0.6644,0.0874,1,-0.0004,0.5508,0.0475,1,0.1685,0.5152,0.0622,1,-0.1668,0.5761,0.0881,1,0.2881,0.2260,0.1098,1,-0.2758,0.6361,0.3791,1,0.2677,0.0202,0.2458,1,-0.1188,0.7636,0.5217,1,0.1565,0.0000,0.0000,1,-0.1565,-0.0000,-0.0000,1,0.0000,0.0000,-0.0000
1992,66.433,1,11,1.8000,1,0.0151,0.6642,0.0885,1,0.0004,0.5506,0.0486,1,0.1694,0.5156,0.0629,1,-0.1664,0.5750,0.0883,1,0.2891,0.2264,0.1102,1,-0.2825,0.6328,0.3770,1,0.2691,0.0208,0.2465,1,-0.1172,0.7574,0.5128,1,0.1565,-0.0000,-0.0000,1,-0.1565,-0.0000,-0.0000,1,0.0000,0.0000,-0.0000
1995,66.533,1,11,1.8000,1,0.0004,0.6671,0.0758,1,-0.0114,0.5519,0.0396,1,0.1581,0.5204,0.0561,1,-0.1789,0.5745,0.0773,1,0.2658,0.2286,0.1144,1,-0.2964,0.6326,0.3654,1,0.2514,0.0208,0.2482,1,-0.1382,0.7614,0.5056,1,0.1565,0.0000,-0.0000,1,-0.1565,-0.0000,-0.0000,1,0.0000,0.0000,0.0000
1998,66.633,1,11,1.8000,1,-0.0093,0.6670,0.0758,1,-0.0189,0.5517,0.0396,1,0.1511,0.5221,0.0546,1,-0.1871,0.5724,0.0756,1,0.2598,0.2294,0.1063,1,-0.3144,0.6241,0.3607,1,0.2529,0.0175,0.2341,1,-0.1645,0.7632,0.5001,1,0.1565,0.0000,-0.0000,1,-0.1565,-0.0000,-0.0000,1,0.0000,0.0000,0.0000
2001,66.733,1,11,1.8000,1,-0.0086,0.6687,0.0671,1,-0.0191,0.5524,0.0341,1,0.1505,0.5209,0.0497,1,-0.1869,0.5763,0.0700,1,0.2565,0.2269,0.0999,1,-0.3177,0.6409,0.3509,1,0.2544,0.0146,0.2270,1,-0.1670,0.7777,0.4916,1,0.1565,-0.0000,0.0000,1,-0.1565,-0.0000,-0.0000,1,0.0000,0.0000,0.0000
2004,66.833,1,11,1.8000,1,-0.0060,0.6682,0.0703,1,-0.0162,0.5522,0.0362,1,0.1536,0.5204,0.0485,1,-0.1835,0.5752,0.0748,1,0.2552,0.2236,0.0903,1,-0.3091,0.6313,0.3599,1,0.2543,0.0089,0.2135,1,-0.1525,0.7689,0.4933,1,0.1565,0.0000,0.0000,1,-0.1565,0.0000,-0.0000,1,0.0000,0.0000,-0.0000
2007,66.933,1,11,1.8000,1,-0.0043,0.6666,0.0785,1,-0.0155,0.5514,0.0423,1,0.1539,0.5168,0.0522,1,-0.1820,0.5726,0.0848,1,0.2686,0.2241,0.0897,1,-0.2920,0.6307,0.3759,1,0.2528,0.0127,0.2175,1,-0.1181,0.7781,0.4722,1,0.1565,-0.0000,-0.0000,1,-0.1565,-0.0000,-0.0000,1,0.0000,0.0000,-0.0000
2010,67.033,1,11,1.8000,1,-0.0271,0.6665,0.0758,1,-0.0329,0.5509,0.0396,1,0.1383,0.5266,0.0496,1,-0.2015,0.5591,0.0782,1,0.2758,0.2424,0.0726,1,-0.3352,0.5895,0.3634,1,0.2634,0.0401,0.2146,1,-0.1775,0.7449,0.4740,1,0.1565,-0.0000,0.0000,1,-0.1565,-0.0000,-0.0000,1,0.0000,0.0000,-0.0000
2013,67.133,1,11,1.8000,1,-0.0413,0.6675,0.0645,1,-0.0440,0.5512,0.0302,1,0.1281,0.5327,0.0357,1,-0.2140,0.5500,0.0632,1,0.3041,0.2700,0.0201,1,-0.3803,0.5369,0.3321,1,0.2853,0.0973,0.1964,1,-0.2433,0.6964,0.4627,1,0.1565,0.0000,-0.0000,1,-0.1565,-0.0000,-0.0000,1,0.0000,0.0000,-0.0000
2016,67.233,1,11,1.8000,1,-0.0461,0.6666,0.0668,1,-0.0518,0.5505,0.0324,1,0.1208,0.5386,0.0396,1,-0.2197,0.5541,0.0749,1,0.3336,0.3082,0.0818,1,-0.3623,0.5657,0.3572,1,0.2599,0.3730,0.3090,1,-0.2525,0.7267,0.5098,1,0.1565,-0.0000,0.0000,1,-0.1565,-0.0000,-0.0000,1,0.0000,0.0000,0.0000
2019,67.333,1,11,1.8000,1,-0.0518,0.6686,0.0525,1,-0.0507,0.5517,0.0200,1,0.1217,0.5524,0.0363,1,-0.2212,0.5484,0.0505,1,0.3658,0.3695,0.1210,1,-0.3987,0.4984,0.3077,1,0.2788,0.4996,0.3128,1,-0.2868,0.6649,0.4527,1,0.1565,-0.0000,0.0000,1,-0.1565,0.0000,-0.0000,1,0.0000,0.0000,0.0000
2022,67.433,1,11,1.8000,1,-0.0763,0.6664,0.0593,1,-0.0693,0.5487,0.0307,1,0.0988,0.5810,0.0573,1,-0.2381,0.5497,0.0696,1,0.3322,0.5735,0.2709,1,-0.4256,0.5787,0.3230,1,0.2606,0.7615,0.4149,1,-0.3710,0.7498,0.4933,1,0.1565,-0.0000,0.0000,1,-0.1565,0.0000,-0.0000,1,0.0000,0.0000,0.0000
2025,67.533,0,0,0,0,0,0,0,0,0,0,0,0,0,0,0,0,0,0,0,0,0,0,0,0,0,0,0,0,0,0,0,0,0,0,0,0,0,0,0,0,0,0,0,0,0,0,0
2028,67.633,0,0,0,0,0,0,0,0,0,0,0,0,0,0,0,0,0,0,0,0,0,0,0,0,0,0,0,0,0,0,0,0,0,0,0,0,0,0,0,0,0,0,0,0,0,0,0
2031,67.733,0,0,0,0,0,0,0,0,0,0,0,0,0,0,0,0,0,0,0,0,0,0,0,0,0,0,0,0,0,0,0,0,0,0,0,0,0,0,0,0,0,0,0,0,0,0,0
2034,67.833,1,11,1.8000,1,-0.0844,0.6663,0.0477,1,-0.0764,0.5487,0.0192,1,0.0862,0.6024,0.0452,1,-0.2457,0.5449,0.0558,1,0.3059,0.7082,0.2470,1,-0.4179,0.5773,0.3193,1,0.2612,0.8763,0.4230,1,-0.3645,0.7545,0.4837,1,0.1565,0.0000,-0.0000,1,-0.1565,-0.0000,0.0000,1,0.0000,0.0000,0.0000
2037,67.933,0,0,0,0,0,0,0,0,0,0,0,0,0,0,0,0,0,0,0,0,0,0,0,0,0,0,0,0,0,0,0,0,0,0,0,0,0,0,0,0,0,0,0,0,0,0,0
2040,68.033,1,11,1.8000,1,-0.0661,0.6693,0.0412,1,-0.0607,0.5510,0.0147,1,0.1030,0.5981,0.0463,1,-0.2309,0.5460,0.0462,1,0.3194,0.6768,0.2634,1,-0.4330,0.5582,0.2894,1,0.2633,0.8415,0.4395,1,-0.3798,0.7173,0.4713,1,0.1565,0.0000,-0.0000,1,-0.1565,-0.0000,0.0000,1,0.0000,0.0000,0.0000
2043,68.133,1,11,1.8000,1,-0.0461,0.6718,0.0255,1,-0.0444,0.5530,0.0013,1,0.1209,0.5914,0.0359,1,-0.2152,0.5479,0.0298,1,0.3339,0.6517,0.2621,1,-0.4161,0.5438,0.2743,1,0.2775,0.7964,0.4548,1,-0.3421,0.6885,0.4610,1,0.1565,0.0000,-0.0000,1,-0.1565,-0.0000,-0.0000,1,0.0000,0.0000,0.0000
2046,68.233,1,11,1.8000,1,-0.0552,0.6708,0.0335,1,-0.0523,0.5522,0.0082,1,0.1127,0.5954,0.0381,1,-0.2232,0.5535,0.0365,1,0.3377,0.6922,0.2387,1,-0.4369,0.5756,0.2689,1,0.3127,0.8542,0.4241,1,-0.3708,0.7252,0.4547,1,0.1565,0.0000,-0.0000,1,-0.1565,-0.0000,0.0000,1,0.0000,0.0000,0.0000
2049,68.333,1,11,1.8000,1,-0.0438,0.6720,0.0266,1,-0.0399,0.5533,0.0020,1,0.1237,0.5981,0.0368,1,-0.2110,0.5527,0.0286,1,0.3250,0.6905,0.2629,1,-0.4261,0.5654,0.2605,1,0.3038,0.8443,0.4557,1,-0.3614,0.7164,0.4456,1,0.1565,0.0000,0.0000,1,-0.1565,-0.0000,-0.0000,1,0.0000,0.0000,0.0000
2052,68.433,1,11,1.8000,1,-0.0459,0.6722,0.0238,1,-0.0401,0.5532,0.0009,1,0.1223,0.5975,0.0416,1,-0.2118,0.5506,0.0239,1,0.3061,0.6767,0.2868,1,-0.4358,0.5622,0.2472,1,0.2686,0.8188,0.4859,1,-0.3777,0.7029,0.4423,1,0.1565,-0.0000,0.0000,1,-0.1565,-0.0000,-0.0000,1,0.0000,0.0000,0.0000
2055,68.533,0,0,0,0,0,0,0,0,0,0,0,0,0,0,0,0,0,0,0,0,0,0,0,0,0,0,0,0,0,0,0,0,0,0,0,0,0,0,0,0,0,0,0,0,0,0,0
2058,68.633,0,0,0,0,0,0,0,0,0,0,0,0,0,0,0,0,0,0,0,0,0,0,0,0,0,0,0,0,0,0,0,0,0,0,0,0,0,0,0,0,0,0,0,0,0,0,0
2061,68.733,1,11,1.8000,1,-0.0389,0.6709,0.0492,1,-0.0385,0.5525,0.0224,1,0.1254,0.5996,0.0525,1,-0.2096,0.5626,0.0476,1,0.3474,0.7230,0.2414,1,-0.4411,0.6419,0.2483,1,0.2977,0.9013,0.4056,1,-0.3632,0.8006,0.4215,1,0.1565,-0.0000,0.0000,1,-0.1565,-0.0000,-0.0000,1,0.0000,0.0000,0.0000
2064,68.833,1,11,1.8000,1,-0.0401,0.6708,0.0496,1,-0.0394,0.5524,0.0232,1,0.1245,0.6001,0.0529,1,-0.2105,0.5611,0.0485,1,0.3466,0.7245,0.2410,1,-0.4459,0.6376,0.2457,1,0.2939,0.9061,0.4007,1,-0.3771,0.8005,0.4188,1,0.1565,0.0000,0.0000,1,-0.1565,-0.0000,-0.0000,1,0.0000,0.0000,0.0000
2067,68.933,1,11,1.8000,1,-0.0246,0.6735,0.0231,1,-0.0262,0.5542,0.0011,1,0.1403,0.5856,0.0372,1,-0.1976,0.5540,0.0260,1,0.3492,0.6393,0.2688,1,-0.4215,0.5673,0.2493,1,0.3063,0.7907,0.4598,1,-0.3578,0.7032,0.4460,1,0.1565,0.0000,0.0000,1,-0.1565,-0.0000,-0.0000,1,0.0000,0.0000,0.0000
2070,69.033,1,11,1.8000,1,-0.0217,0.6734,0.0253,1,-0.0234,0.5543,0.0024,1,0.1428,0.5872,0.0387,1,-0.1948,0.5528,0.0272,1,0.3500,0.6384,0.2723,1,-0.4195,0.5621,0.2499,1,0.3099,0.7930,0.4614,1,-0.3564,0.6976,0.4472,1,0.1565,-0.0000,0.0000,1,-0.1565,-0.0000,-0.0000,1,0.0000,0.0000,0.0000
2073,69.133,1,11,1.8000,1,-0.0133,0.6737,0.0237,1,-0.0174,0.5545,0.0016,1,0.1501,0.5829,0.0354,1,-0.1887,0.5540,0.0269,1,0.3679,0.6249,0.2612,1,-0.4198,0.5570,0.2432,1,0.3399,0.7836,0.4491,1,-0.3482,0.6911,0.4385,1,0.1565,-0.0000,0.0000,1,-0.1565,-0.0000,-0.0000,1,0.0000,0.0000,0.0000
2076,69.233,1,11,1.8000,1,-0.0090,0.6739,0.0230,1,-0.0138,0.5546,0.0016,1,0.1532,0.5827,0.0377,1,-0.1857,0.5602,0.0223,1,0.3707,0.6365,0.2612,1,-0.4331,0.5896,0.2175,1,0.3311,0.8015,0.4414,1,-0.3577,0.7193,0.4144,1,0.1565,-0.0000,0.0000,1,-0.1565,0.0000,-0.0000,1,0.0000,0.0000,0.0000
2079,69.333,1,11,1.8000,1,-0.0106,0.6738,0.0227,1,-0.0166,0.5545,0.0014,1,0.1513,0.5810,0.0346,1,-0.1878,0.5585,0.0276,1,0.3689,0.6329,0.2585,1,-0.4222,0.5825,0.2388,1,0.3367,0.7880,0.4487,1,-0.3561,0.7054,0.4432,1,0.1565,0.0000,0.0000,1,-0.1565,-0.0000,-0.0000,1,0.0000,0.0000,0.0000
2082,69.433,1,11,1.8000,1,-0.0225,0.6727,0.0386,1,-0.0254,0.5538,0.0148,1,0.1404,0.5885,0.0512,1,-0.1965,0.5599,0.0410,1,0.3442,0.6745,0.2775,1,-0.4346,0.6049,0.2446,1,0.2955,0.8453,0.4499,1,-0.3765,0.7342,0.4475,1,0.1565,0.0000,0.0000,1,-0.1565,-0.0000,-0.0000,1,0.0000,0.0000,0.0000
2085,69.533,1,11,1.8000,1,-0.0238,0.6725,0.0405,1,-0.0273,0.5536,0.0164,1,0.1384,0.5899,0.0515,1,-0.1980,0.5596,0.0452,1,0.3423,0.6832,0.2748,1,-0.4297,0.6109,0.2546,1,0.2919,0.8560,0.4447,1,-0.3698,0.7436,0.4548,1,0.1565,-0.0000,-0.0000,1,-0.1565,-0.0000,-0.0000,1,0.0000,0.0000,0.0000
2088,69.633,1,11,1.8000,1,-0.0133,0.6730,0.0384,1,-0.0181,0.5541,0.0146,1,0.1483,0.5875,0.0497,1,-0.1891,0.5612,0.0407,1,0.3564,0.6707,0.2731,1,-0.4289,0.6084,0.2418,1,0.3215,0.8428,0.4475,1,-0.3652,0.7318,0.4467,1,0.1565,-0.0000,0.0000,1,-0.1565,-0.0000,-0.0000,1,0.0000,0.0000,0.0000
2091,69.733,1,11,1.8000,1,0.0034,0.6739,0.0200,1,-0.0047,0.5548,-0.0012,1,0.1652,0.5727,0.0273,1,-0.1752,0.5567,0.0294,1,0.3926,0.6039,0.2452,1,-0.3955,0.5604,0.2566,1,0.3675,0.7539,0.4405,1,-0.3239,0.6734,0.4648,1,0.1565,-0.0000,-0.0000,1,-0.1565,0.0000,-0.0000,1,0.0000,0.0000,0.0000
2094,69.833,1,11,1.8000,1,-0.0035,0.6741,0.0182,1,-0.0102,0.5547,-0.0022,1,0.1593,0.5738,0.0278,1,-0.1802,0.5569,0.0304,1,0.3766,0.6223,0.2528,1,-0.3931,0.5705,0.2643,1,0.3598,0.7707,0.4502,1,-0.3288,0.6942,0.4688,1,0.1565,-0.0000,-0.0000,1,-0.1565,0.0000,-0.0000,1,0.0000,0.0000,0.0000
2097,69.933,1,11,1.8000,1,0.0014,0.6741,0.0188,1,-0.0062,0.5547,-0.0015,1,0.1635,0.5744,0.0270,1,-0.1767,0.5598,0.0287,1,0.3872,0.6344,0.2427,1,-0.4000,0.5797,0.2522,1,0.3718,0.7920,0.4329,1,-0.3206,0.7077,0.4485,1,0.1565,-0.0000,-0.0000,1,-0.1565,-0.0000,-0.0000,1,0.0000,0.0000,0.0000
