frame,t_sec,total_joints,nose_conf,nose_x,nose_y,lSho_conf,lSho_x,lSho_y,rSho_conf,rSho_x,rSho_y,lElb_conf,lElb_x,lElb_y,rElb_conf,rElb_x,rElb_y,lWri_conf,lWri_x,lWri_y,rWri_conf,rWri_x,rWri_y,lHip_conf,lHip_x,lHip_y,rHip_conf,rHip_x,rHip_y
0,0.000,0,0.000,-1,-1,0.000,-1,-1,0.000,-1,-1,0.000,-1,-1,0.000,-1,-1,0.000,-1,-1,0.000,-1,-1,0.000,-1,-1,0.000,-1,-1
1,0.033,0,0.000,-1,-1,0.000,-1,-1,0.000,-1,-1,0.000,-1,-1,0.000,-1,-1,0.000,-1,-1,0.000,-1,-1,0.000,-1,-1,0.000,-1,-1
2,0.067,0,0.000,-1,-1,0.000,-1,-1,0.000,-1,-1,0.000,-1,-1,0.000,-1,-1,0.000,-1,-1,0.000,-1,-1,0.000,-1,-1,0.000,-1,-1
3,0.100,0,0.000,-1,-1,0.000,-1,-1,0.000,-1,-1,0.000,-1,-1,0.000,-1,-1,0.000,-1,-1,0.000,-1,-1,0.000,-1,-1,0.000,-1,-1
4,0.133,0,0.000,-1,-1,0.000,-1,-1,0.000,-1,-1,0.000,-1,-1,0.000,-1,-1,0.000,-1,-1,0.000,-1,-1,0.000,-1,-1,0.000,-1,-1
5,0.167,0,0.000,-1,-1,0.000,-1,-1,0.000,-1,-1,0.000,-1,-1,0.000,-1,-1,0.000,-1,-1,0.000,-1,-1,0.000,-1,-1,0.000,-1,-1
6,0.200,0,0.000,-1,-1,0.000,-1,-1,0.000,-1,-1,0.000,-1,-1,0.000,-1,-1,0.000,-1,-1,0.000,-1,-1,0.000,-1,-1,0.000,-1,-1
7,0.233,0,0.000,-1,-1,0.000,-1,-1,0.000,-1,-1,0.000,-1,-1,0.000,-1,-1,0.000,-1,-1,0.000,-1,-1,0.000,-1,-1,0.000,-1,-1
8,0.267,0,0.000,-1,-1,0.000,-1,-1,0.000,-1,-1,0.000,-1,-1,0.000,-1,-1,0.000,-1,-1,0.000,-1,-1,0.000,-1,-1,0.000,-1,-1
9,0.300,0,0.000,-1,-1,0.000,-1,-1,0.000,-1,-1,0.000,-1,-1,0.000,-1,-1,0.000,-1,-1,0.000,-1,-1,0.000,-1,-1,0.000,-1,-1
10,0.333,0,0.000,-1,-1,0.000,-1,-1,0.000,-1,-1,0.000,-1,-1,0.000,-1,-1,0.000,-1,-1,0.000,-1,-1,0.000,-1,-1,0.000,-1,-1
11,0.367,0,0.000,-1,-1,0.000,-1,-1,0.000,-1,-1,0.000,-1,-1,0.000,-1,-1,0.000,-1,-1,0.000,-1,-1,0.000,-1,-1,0.000,-1,-1
12,0.400,0,0.000,-1,-1,0.000,-1,-1,0.000,-1,-1,0.000,-1,-1,0.000,-1,-1,0.000,-1,-1,0.000,-1,-1,0.000,-1,-1,0.000,-1,-1
13,0.433,0,0.000,-1,-1,0.000,-1,-1,0.000,-1,-1,0.000,-1,-1,0.000,-1,-1,0.000,-1,-1,0.000,-1,-1,0.000,-1,-1,0.000,-1,-1
14,0.467,0,0.000,-1,-1,0.000,-1,-1,0.000,-1,-1,0.000,-1,-1,0.000,-1,-1,0.000,-1,-1,0.000,-1,-1,0.000,-1,-1,0.000,-1,-1
15,0.500,0,0.000,-1,-1,0.000,-1,-1,0.000,-1,-1,0.000,-1,-1,0.000,-1,-1,0.000,-1,-1,0.000,-1,-1,0.000,-1,-1,0.000,-1,-1
16,0.533,0,0.000,-1,-1,0.000,-1,-1,0.000,-1,-1,0.000,-1,-1,0.000,-1,-1,0.000,-1,-1,0.000,-1,-1,0.000,-1,-1,0.000,-1,-1
17,0.567,0,0.000,-1,-1,0.000,-1,-1,0.000,-1,-1,0.000,-1,-1,0.000,-1,-1,0.000,-1,-1,0.000,-1,-1,0.000,-1,-1,0.000,-1,-1
18,0.600,0,0.000,-1,-1,0.000,-1,-1,0.000,-1,-1,0.000,-1,-1,0.000,-1,-1,0.000,-1,-1,0.000,-1,-1,0.000,-1,-1,0.000,-1,-1
19,0.633,0,0.000,-1,-1,0.000,-1,-1,0.000,-1,-1,0.000,-1,-1,0.000,-1,-1,0.000,-1,-1,0.000,-1,-1,0.000,-1,-1,0.000,-1,-1
20,0.667,0,0.000,-1,-1,0.000,-1,-1,0.000,-1,-1,0.000,-1,-1,0.000,-1,-1,0.000,-1,-1,0.000,-1,-1,0.000,-1,-1,0.000,-1,-1
21,0.700,0,0.000,-1,-1,0.000,-1,-1,0.000,-1,-1,0.000,-1,-1,0.000,-1,-1,0.000,-1,-1,0.000,-1,-1,0.000,-1,-1,0.000,-1,-1
22,0.733,0,0.000,-1,-1,0.000,-1,-1,0.000,-1,-1,0.000,-1,-1,0.000,-1,-1,0.000,-1,-1,0.000,-1,-1,0.000,-1,-1,0.000,-1,-1
23,0.767,0,0.000,-1,-1,0.000,-1,-1,0.000,-1,-1,0.000,-1,-1,0.000,-1,-1,0.000,-1,-1,0.000,-1,-1,0.000,-1,-1,0.000,-1,-1
24,0.800,0,0.000,-1,-1,0.000,-1,-1,0.000,-1,-1,0.000,-1,-1,0.000,-1,-1,0.000,-1,-1,0.000,-1,-1,0.000,-1,-1,0.000,-1,-1
25,0.833,0,0.000,-1,-1,0.000,-1,-1,0.000,-1,-1,0.000,-1,-1,0.000,-1,-1,0.000,-1,-1,0.000,-1,-1,0.000,-1,-1,0.000,-1,-1
26,0.867,0,0.000,-1,-1,0.000,-1,-1,0.000,-1,-1,0.000,-1,-1,0.000,-1,-1,0.000,-1,-1,0.000,-1,-1,0.000,-1,-1,0.000,-1,-1
27,0.900,0,0.000,-1,-1,0.000,-1,-1,0.000,-1,-1,0.000,-1,-1,0.000,-1,-1,0.000,-1,-1,0.000,-1,-1,0.000,-1,-1,0.000,-1,-1
28,0.933,0,0.000,-1,-1,0.000,-1,-1,0.000,-1,-1,0.000,-1,-1,0.000,-1,-1,0.000,-1,-1,0.000,-1,-1,0.000,-1,-1,0.000,-1,-1
29,0.967,0,0.000,-1,-1,0.000,-1,-1,0.000,-1,-1,0.000,-1,-1,0.000,-1,-1,0.000,-1,-1,0.000,-1,-1,0.000,-1,-1,0.000,-1,-1
30,1.000,0,0.000,-1,-1,0.000,-1,-1,0.000,-1,-1,0.000,-1,-1,0.000,-1,-1,0.000,-1,-1,0.000,-1,-1,0.000,-1,-1,0.000,-1,-1
31,1.033,0,0.000,-1,-1,0.000,-1,-1,0.000,-1,-1,0.000,-1,-1,0.000,-1,-1,0.000,-1,-1,0.000,-1,-1,0.000,-1,-1,0.000,-1,-1
32,1.067,0,0.000,-1,-1,0.000,-1,-1,0.000,-1,-1,0.000,-1,-1,0.000,-1,-1,0.000,-1,-1,0.000,-1,-1,0.000,-1,-1,0.000,-1,-1
33,1.100,0,0.000,-1,-1,0.000,-1,-1,0.000,-1,-1,0.000,-1,-1,0.000,-1,-1,0.000,-1,-1,0.000,-1,-1,0.000,-1,-1,0.000,-1,-1
34,1.133,0,0.000,-1,-1,0.000,-1,-1,0.000,-1,-1,0.000,-1,-1,0.000,-1,-1,0.000,-1,-1,0.000,-1,-1,0.000,-1,-1,0.000,-1,-1
35,1.167,0,0.000,-1,-1,0.000,-1,-1,0.000,-1,-1,0.000,-1,-1,0.000,-1,-1,0.000,-1,-1,0.000,-1,-1,0.000,-1,-1,0.000,-1,-1
36,1.200,0,0.000,-1,-1,0.000,-1,-1,0.000,-1,-1,0.000,-1,-1,0.000,-1,-1,0.000,-1,-1,0.000,-1,-1,0.000,-1,-1,0.000,-1,-1
37,1.233,0,0.000,-1,-1,0.000,-1,-1,0.000,-1,-1,0.000,-1,-1,0.000,-1,-1,0.000,-1,-1,0.000,-1,-1,0.000,-1,-1,0.000,-1,-1
38,1.267,0,0.000,-1,-1,0.000,-1,-1,0.000,-1,-1,0.000,-1,-1,0.000,-1,-1,0.000,-1,-1,0.000,-1,-1,0.000,-1,-1,0.000,-1,-1
39,1.300,0,0.000,-1,-1,0.000,-1,-1,0.000,-1,-1,0.000,-1,-1,0.000,-1,-1,0.000,-1,-1,0.000,-1,-1,0.000,-1,-1,0.000,-1,-1
40,1.333,0,0.000,-1,-1,0.000,-1,-1,0.000,-1,-1,0.000,-1,-1,0.000,-1,-1,0.000,-1,-1,0.000,-1,-1,0.000,-1,-1,0.000,-1,-1
41,1.367,0,0.000,-1,-1,0.000,-1,-1,0.000,-1,-1,0.000,-1,-1,0.000,-1,-1,0.000,-1,-1,0.000,-1,-1,0.000,-1,-1,0.000,-1,-1
42,1.400,0,0.000,-1,-1,0.000,-1,-1,0.000,-1,-1,0.000,-1,-1,0.000,-1,-1,0.000,-1,-1,0.000,-1,-1,0.000,-1,-1,0.000,-1,-1
43,1.433,0,0.000,-1,-1,0.000,-1,-1,0.000,-1,-1,0.000,-1,-1,0.000,-1,-1,0.000,-1,-1,0.000,-1,-1,0.000,-1,-1,0.000,-1,-1
44,1.467,0,0.000,-1,-1,0.000,-1,-1,0.000,-1,-1,0.000,-1,-1,0.000,-1,-1,0.000,-1,-1,0.000,-1,-1,0.000,-1,-1,0.000,-1,-1
45,1.500,0,0.000,-1,-1,0.000,-1,-1,0.000,-1,-1,0.000,-1,-1,0.000,-1,-1,0.000,-1,-1,0.000,-1,-1,0.000,-1,-1,0.000,-1,-1
46,1.533,0,0.000,-1,-1,0.000,-1,-1,0.000,-1,-1,0.000,-1,-1,0.000,-1,-1,0.000,-1,-1,0.000,-1,-1,0.000,-1,-1,0.000,-1,-1
47,1.567,0,0.000,-1,-1,0.000,-1,-1,0.000,-1,-1,0.000,-1,-1,0.000,-1,-1,0.000,-1,-1,0.000,-1,-1,0.000,-1,-1,0.000,-1,-1
48,1.600,0,0.000,-1,-1,0.000,-1,-1,0.000,-1,-1,0.000,-1,-1,0.000,-1,-1,0.000,-1,-1,0.000,-1,-1,0.000,-1,-1,0.000,-1,-1
49,1.633,0,0.000,-1,-1,0.000,-1,-1,0.000,-1,-1,0.000,-1,-1,0.000,-1,-1,0.000,-1,-1,0.000,-1,-1,0.000,-1,-1,0.000,-1,-1
50,1.667,0,0.000,-1,-1,0.000,-1,-1,0.000,-1,-1,0.000,-1,-1,0.000,-1,-1,0.000,-1,-1,0.000,-1,-1,0.000,-1,-1,0.000,-1,-1
51,1.700,0,0.000,-1,-1,0.000,-1,-1,0.000,-1,-1,0.000,-1,-1,0.000,-1,-1,0.000,-1,-1,0.000,-1,-1,0.000,-1,-1,0.000,-1,-1
52,1.733,0,0.000,-1,-1,0.000,-1,-1,0.000,-1,-1,0.000,-1,-1,0.000,-1,-1,0.000,-1,-1,0.000,-1,-1,0.000,-1,-1,0.000,-1,-1
53,1.767,0,0.000,-1,-1,0.000,-1,-1,0.000,-1,-1,0.000,-1,-1,0.000,-1,-1,0.000,-1,-1,0.000,-1,-1,0.000,-1,-1,0.000,-1,-1
54,1.800,0,0.000,-1,-1,0.000,-1,-1,0.000,-1,-1,0.000,-1,-1,0.000,-1,-1,0.000,-1,-1,0.000,-1,-1,0.000,-1,-1,0.000,-1,-1
55,1.833,0,0.000,-1,-1,0.000,-1,-1,0.000,-1,-1,0.000,-1,-1,0.000,-1,-1,0.000,-1,-1,0.000,-1,-1,0.000,-1,-1,0.000,-1,-1
56,1.867,0,0.000,-1,-1,0.000,-1,-1,0.000,-1,-1,0.000,-1,-1,0.000,-1,-1,0.000,-1,-1,0.000,-1,-1,0.000,-1,-1,0.000,-1,-1
57,1.900,0,0.000,-1,-1,0.000,-1,-1,0.000,-1,-1,0.000,-1,-1,0.000,-1,-1,0.000,-1,-1,0.000,-1,-1,0.000,-1,-1,0.000,-1,-1
58,1.933,0,0.000,-1,-1,0.000,-1,-1,0.000,-1,-1,0.000,-1,-1,0.000,-1,-1,0.000,-1,-1,0.000,-1,-1,0.000,-1,-1,0.000,-1,-1
59,1.967,0,0.000,-1,-1,0.000,-1,-1,0.000,-1,-1,0.000,-1,-1,0.000,-1,-1,0.000,-1,-1,0.000,-1,-1,0.000,-1,-1,0.000,-1,-1
60,2.000,0,0.000,-1,-1,0.000,-1,-1,0.000,-1,-1,0.000,-1,-1,0.000,-1,-1,0.000,-1,-1,0.000,-1,-1,0.000,-1,-1,0.000,-1,-1
61,2.033,0,0.000,-1,-1,0.000,-1,-1,0.000,-1,-1,0.000,-1,-1,0.000,-1,-1,0.000,-1,-1,0.000,-1,-1,0.000,-1,-1,0.000,-1,-1
62,2.067,0,0.000,-1,-1,0.000,-1,-1,0.000,-1,-1,0.000,-1,-1,0.000,-1,-1,0.000,-1,-1,0.000,-1,-1,0.000,-1,-1,0.000,-1,-1
63,2.100,0,0.000,-1,-1,0.000,-1,-1,0.000,-1,-1,0.000,-1,-1,0.000,-1,-1,0.000,-1,-1,0.000,-1,-1,0.000,-1,-1,0.000,-1,-1
64,2.133,0,0.000,-1,-1,0.000,-1,-1,0.000,-1,-1,0.000,-1,-1,0.000,-1,-1,0.000,-1,-1,0.000,-1,-1,0.000,-1,-1,0.000,-1,-1
65,2.167,0,0.000,-1,-1,0.000,-1,-1,0.000,-1,-1,0.000,-1,-1,0.000,-1,-1,0.000,-1,-1,0.000,-1,-1,0.000,-1,-1,0.000,-1,-1
66,2.200,0,0.000,-1,-1,0.000,-1,-1,0.000,-1,-1,0.000,-1,-1,0.000,-1,-1,0.000,-1,-1,0.000,-1,-1,0.000,-1,-1,0.000,-1,-1
67,2.233,0,0.000,-1,-1,0.000,-1,-1,0.000,-1,-1,0.000,-1,-1,0.000,-1,-1,0.000,-1,-1,0.000,-1,-1,0.000,-1,-1,0.000,-1,-1
68,2.267,0,0.000,-1,-1,0.000,-1,-1,0.000,-1,-1,0.000,-1,-1,0.000,-1,-1,0.000,-1,-1,0.000,-1,-1,0.000,-1,-1,0.000,-1,-1
69,2.300,0,0.000,-1,-1,0.000,-1,-1,0.000,-1,-1,0.000,-1,-1,0.000,-1,-1,0.000,-1,-1,0.000,-1,-1,0.000,-1,-1,0.000,-1,-1
70,2.333,0,0.000,-1,-1,0.000,-1,-1,0.000,-1,-1,0.000,-1,-1,0.000,-1,-1,0.000,-1,-1,0.000,-1,-1,0.000,-1,-1,0.000,-1,-1
71,2.367,0,0.000,-1,-1,0.000,-1,-1,0.000,-1,-1,0.000,-1,-1,0.000,-1,-1,0.000,-1,-1,0.000,-1,-1,0.000,-1,-1,0.000,-1,-1
72,2.400,0,0.000,-1,-1,0.000,-1,-1,0.000,-1,-1,0.000,-1,-1,0.000,-1,-1,0.000,-1,-1,0.000,-1,-1,0.000,-1,-1,0.000,-1,-1
73,2.433,0,0.000,-1,-1,0.000,-1,-1,0.000,-1,-1,0.000,-1,-1,0.000,-1,-1,0.000,-1,-1,0.000,-1,-1,0.000,-1,-1,0.000,-1,-1
74,2.467,0,0.000,-1,-1,0.000,-1,-1,0.000,-1,-1,0.000,-1,-1,0.000,-1,-1,0.000,-1,-1,0.000,-1,-1,0.000,-1,-1,0.000,-1,-1
75,2.500,0,0.000,-1,-1,0.000,-1,-1,0.000,-1,-1,0.000,-1,-1,0.000,-1,-1,0.000,-1,-1,0.000,-1,-1,0.000,-1,-1,0.000,-1,-1
76,2.533,0,0.000,-1,-1,0.000,-1,-1,0.000,-1,-1,0.000,-1,-1,0.000,-1,-1,0.000,-1,-1,0.000,-1,-1,0.000,-1,-1,0.000,-1,-1
77,2.567,0,0.000,-1,-1,0.000,-1,-1,0.000,-1,-1,0.000,-1,-1,0.000,-1,-1,0.000,-1,-1,0.000,-1,-1,0.000,-1,-1,0.000,-1,-1
78,2.600,0,0.000,-1,-1,0.000,-1,-1,0.000,-1,-1,0.000,-1,-1,0.000,-1,-1,0.000,-1,-1,0.000,-1,-1,0.000,-1,-1,0.000,-1,-1
79,2.633,0,0.000,-1,-1,0.000,-1,-1,0.000,-1,-1,0.000,-1,-1,0.000,-1,-1,0.000,-1,-1,0.000,-1,-1,0.000,-1,-1,0.000,-1,-1
80,2.667,0,0.000,-1,-1,0.000,-1,-1,0.000,-1,-1,0.000,-1,-1,0.000,-1,-1,0.000,-1,-1,0.000,-1,-1,0.000,-1,-1,0.000,-1,-1
81,2.700,0,0.000,-1,-1,0.000,-1,-1,0.000,-1,-1,0.000,-1,-1,0.000,-1,-1,0.000,-1,-1,0.000,-1,-1,0.000,-1,-1,0.000,-1,-1
82,2.733,0,0.000,-1,-1,0.000,-1,-1,0.000,-1,-1,0.000,-1,-1,0.000,-1,-1,0.000,-1,-1,0.000,-1,-1,0.000,-1,-1,0.000,-1,-1
83,2.767,0,0.000,-1,-1,0.000,-1,-1,0.000,-1,-1,0.000,-1,-1,0.000,-1,-1,0.000,-1,-1,0.000,-1,-1,0.000,-1,-1,0.000,-1,-1
84,2.800,0,0.000,-1,-1,0.000,-1,-1,0.000,-1,-1,0.000,-1,-1,0.000,-1,-1,0.000,-1,-1,0.000,-1,-1,0.000,-1,-1,0.000,-1,-1
85,2.833,0,0.000,-1,-1,0.000,-1,-1,0.000,-1,-1,0.000,-1,-1,0.000,-1,-1,0.000,-1,-1,0.000,-1,-1,0.000,-1,-1,0.000,-1,-1
86,2.867,0,0.000,-1,-1,0.000,-1,-1,0.000,-1,-1,0.000,-1,-1,0.000,-1,-1,0.000,-1,-1,0.000,-1,-1,0.000,-1,-1,0.000,-1,-1
87,2.900,0,0.000,-1,-1,0.000,-1,-1,0.000,-1,-1,0.000,-1,-1,0.000,-1,-1,0.000,-1,-1,0.000,-1,-1,0.000,-1,-1,0.000,-1,-1
88,2.933,0,0.000,-1,-1,0.000,-1,-1,0.000,-1,-1,0.000,-1,-1,0.000,-1,-1,0.000,-1,-1,0.000,-1,-1,0.000,-1,-1,0.000,-1,-1
89,2.967,0,0.000,-1,-1,0.000,-1,-1,0.000,-1,-1,0.000,-1,-1,0.000,-1,-1,0.000,-1,-1,0.000,-1,-1,0.000,-1,-1,0.000,-1,-1
90,3.000,0,0.000,-1,-1,0.000,-1,-1,0.000,-1,-1,0.000,-1,-1,0.000,-1,-1,0.000,-1,-1,0.000,-1,-1,0.000,-1,-1,0.000,-1,-1
91,3.033,0,0.000,-1,-1,0.000,-1,-1,0.000,-1,-1,0.000,-1,-1,0.000,-1,-1,0.000,-1,-1,0.000,-1,-1,0.000,-1,-1,0.000,-1,-1
92,3.067,0,0.000,-1,-1,0.000,-1,-1,0.000,-1,-1,0.000,-1,-1,0.000,-1,-1,0.000,-1,-1,0.000,-1,-1,0.000,-1,-1,0.000,-1,-1
93,3.100,0,0.000,-1,-1,0.000,-1,-1,0.000,-1,-1,0.000,-1,-1,0.000,-1,-1,0.000,-1,-1,0.000,-1,-1,0.000,-1,-1,0.000,-1,-1
94,3.133,0,0.000,-1,-1,0.000,-1,-1,0.000,-1,-1,0.000,-1,-1,0.000,-1,-1,0.000,-1,-1,0.000,-1,-1,0.000,-1,-1,0.000,-1,-1
95,3.167,0,0.000,-1,-1,0.000,-1,-1,0.000,-1,-1,0.000,-1,-1,0.000,-1,-1,0.000,-1,-1,0.000,-1,-1,0.000,-1,-1,0.000,-1,-1
96,3.200,0,0.000,-1,-1,0.000,-1,-1,0.000,-1,-1,0.000,-1,-1,0.000,-1,-1,0.000,-1,-1,0.000,-1,-1,0.000,-1,-1,0.000,-1,-1
97,3.233,0,0.000,-1,-1,0.000,-1,-1,0.000,-1,-1,0.000,-1,-1,0.000,-1,-1,0.000,-1,-1,0.000,-1,-1,0.000,-1,-1,0.000,-1,-1
98,3.267,0,0.000,-1,-1,0.000,-1,-1,0.000,-1,-1,0.000,-1,-1,0.000,-1,-1,0.000,-1,-1,0.000,-1,-1,0.000,-1,-1,0.000,-1,-1
99,3.300,0,0.000,-1,-1,0.000,-1,-1,0.000,-1,-1,0.000,-1,-1,0.000,-1,-1,0.000,-1,-1,0.000,-1,-1,0.000,-1,-1,0.000,-1,-1
100,3.333,0,0.000,-1,-1,0.000,-1,-1,0.000,-1,-1,0.000,-1,-1,0.000,-1,-1,0.000,-1,-1,0.000,-1,-1,0.000,-1,-1,0.000,-1,-1
101,3.367,0,0.000,-1,-1,0.000,-1,-1,0.000,-1,-1,0.000,-1,-1,0.000,-1,-1,0.000,-1,-1,0.000,-1,-1,0.000,-1,-1,0.000,-1,-1
102,3.400,0,0.000,-1,-1,0.000,-1,-1,0.000,-1,-1,0.000,-1,-1,0.000,-1,-1,0.000,-1,-1,0.000,-1,-1,0.000,-1,-1,0.000,-1,-1
103,3.433,0,0.000,-1,-1,0.000,-1,-1,0.000,-1,-1,0.000,-1,-1,0.000,-1,-1,0.000,-1,-1,0.000,-1,-1,0.000,-1,-1,0.000,-1,-1
104,3.467,0,0.000,-1,-1,0.000,-1,-1,0.000,-1,-1,0.000,-1,-1,0.000,-1,-1,0.000,-1,-1,0.000,-1,-1,0.000,-1,-1,0.000,-1,-1
105,3.533,0,0.000,-1,-1,0.000,-1,-1,0.000,-1,-1,0.000,-1,-1,0.000,-1,-1,0.000,-1,-1,0.000,-1,-1,0.000,-1,-1,0.000,-1,-1
106,3.567,0,0.000,-1,-1,0.000,-1,-1,0.000,-1,-1,0.000,-1,-1,0.000,-1,-1,0.000,-1,-1,0.000,-1,-1,0.000,-1,-1,0.000,-1,-1
107,3.600,0,0.000,-1,-1,0.000,-1,-1,0.000,-1,-1,0.000,-1,-1,0.000,-1,-1,0.000,-1,-1,0.000,-1,-1,0.000,-1,-1,0.000,-1,-1
108,3.633,0,0.000,-1,-1,0.000,-1,-1,0.000,-1,-1,0.000,-1,-1,0.000,-1,-1,0.000,-1,-1,0.000,-1,-1,0.000,-1,-1,0.000,-1,-1
109,3.667,0,0.000,-1,-1,0.000,-1,-1,0.000,-1,-1,0.000,-1,-1,0.000,-1,-1,0.000,-1,-1,0.000,-1,-1,0.000,-1,-1,0.000,-1,-1
110,3.700,0,0.000,-1,-1,0.000,-1,-1,0.000,-1,-1,0.000,-1,-1,0.000,-1,-1,0.000,-1,-1,0.000,-1,-1,0.000,-1,-1,0.000,-1,-1
111,3.733,0,0.000,-1,-1,0.000,-1,-1,0.000,-1,-1,0.000,-1,-1,0.000,-1,-1,0.000,-1,-1,0.000,-1,-1,0.000,-1,-1,0.000,-1,-1
112,3.767,0,0.000,-1,-1,0.000,-1,-1,0.000,-1,-1,0.000,-1,-1,0.000,-1,-1,0.000,-1,-1,0.000,-1,-1,0.000,-1,-1,0.000,-1,-1
113,3.800,0,0.000,-1,-1,0.000,-1,-1,0.000,-1,-1,0.000,-1,-1,0.000,-1,-1,0.000,-1,-1,0.000,-1,-1,0.000,-1,-1,0.000,-1,-1
114,3.833,0,0.000,-1,-1,0.000,-1,-1,0.000,-1,-1,0.000,-1,-1,0.000,-1,-1,0.000,-1,-1,0.000,-1,-1,0.000,-1,-1,0.000,-1,-1
115,3.867,0,0.000,-1,-1,0.000,-1,-1,0.000,-1,-1,0.000,-1,-1,0.000,-1,-1,0.000,-1,-1,0.000,-1,-1,0.000,-1,-1,0.000,-1,-1
116,3.900,9,0.757,0.6339,0.5754,0.421,0.6504,0.2750,0.453,0.1104,0.5195,0.317,0.7108,0.0289,0.000,0.0000,1.0000,0.000,0.0000,1.0000,0.000,0.0000,1.0000,0.000,0.0000,1.0000,0.000,0.0000,1.0000
117,3.933,9,0.785,0.6180,0.5775,0.436,0.6136,0.2920,0.440,0.0979,0.5295,0.284,0.6480,0.0380,0.000,0.0000,1.0000,0.000,0.0000,1.0000,0.000,0.0000,1.0000,0.000,0.0000,1.0000,0.000,0.0000,1.0000
118,3.967,9,0.776,0.6008,0.5850,0.422,0.5871,0.3138,0.405,0.0966,0.5350,0.358,0.6048,0.0600,0.000,0.0000,1.0000,0.000,0.0000,1.0000,0.000,0.0000,1.0000,0.000,0.0000,1.0000,0.000,0.0000,1.0000
119,4.000,11,0.730,0.5813,0.5889,0.456,0.5633,0.3315,0.412,0.0903,0.5465,0.438,0.5653,0.0824,0.000,0.0000,1.0000,0.000,0.0000,1.0000,0.000,0.0000,1.0000,0.161,0.1267,0.0564,0.000,0.0000,1.0000
120,4.033,11,0.745,0.5589,0.5992,0.508,0.5414,0.3564,0.432,0.0878,0.5588,0.631,0.5369,0.1155,0.000,0.0000,1.0000,0.000,0.0000,1.0000,0.000,0.0000,1.0000,0.202,0.1233,0.0894,0.000,0.0000,1.0000
121,4.067,12,0.776,0.5361,0.6103,0.487,0.5121,0.3781,0.416,0.0753,0.5726,0.655,0.5098,0.1418,0.000,0.0000,1.0000,0.168,0.4180,0.0290,0.000,0.0000,1.0000,0.204,0.1158,0.1240,0.000,0.0000,1.0000
122,4.100,12,0.755,0.5140,0.6234,0.523,0.5008,0.4026,0.459,0.0704,0.5890,0.706,0.4917,0.1687,0.000,0.0000,1.0000,0.632,0.3581,0.0692,0.000,0.0000,1.0000,0.174,0.1030,0.1614,0.000,0.0000,1.0000
123,4.133,12,0.707,0.4937,0.6395,0.533,0.4846,0.4257,0.451,0.0644,0.6048,0.735,0.4662,0.2026,0.000,0.0000,1.0000,0.636,0.3159,0.1033,0.000,0.0000,1.0000,0.128,0.1046,0.1814,0.000,0.0000,1.0000
124,4.167,10,0.737,0.4780,0.6582,0.541,0.4713,0.4547,0.446,0.0556,0.6187,0.713,0.4565,0.2376,0.000,0.0000,1.0000,0.627,0.2864,0.1472,0.000,0.0000,1.0000,0.000,0.0000,1.0000,0.000,0.0000,1.0000
125,4.200,12,0.715,0.4568,0.6753,0.613,0.4613,0.4824,0.481,0.0535,0.6376,0.725,0.4608,0.2658,0.000,0.0000,1.0000,0.637,0.2796,0.1983,0.000,0.0000,1.0000,0.114,0.1066,0.2369,0.000,0.0000,1.0000
126,4.233,11,0.762,0.4357,0.6965,0.571,0.4449,0.5061,0.462,0.0435,0.6534,0.717,0.4633,0.2951,0.000,0.0000,1.0000,0.577,0.2836,0.2413,0.000,0.0000,1.0000,0.000,0.0000,1.0000,0.000,0.0000,1.0000
127,4.267,12,0.764,0.4044,0.7180,0.542,0.4330,0.5273,0.352,0.0372,0.6766,0.714,0.4628,0.3156,0.000,0.0000,1.0000,0.619,0.2842,0.2754,0.140,0.1291,0.2875,0.000,0.0000,1.0000,0.000,0.0000,1.0000
128,4.300,11,0.712,0.3904,0.7377,0.579,0.4226,0.5465,0.295,0.0350,0.6914,0.660,0.4691,0.3366,0.000,0.0000,1.0000,0.623,0.2988,0.3060,0.000,0.0000,1.0000,0.000,0.0000,1.0000,0.000,0.0000,1.0000
129,4.333,11,0.745,0.3751,0.7593,0.551,0.4138,0.5661,0.117,0.0300,0.7052,0.671,0.4709,0.3558,0.000,0.0000,1.0000,0.631,0.3196,0.3350,0.000,0.0000,1.0000,0.000,0.0000,1.0000,0.000,0.0000,1.0000
130,4.367,10,0.707,0.3588,0.7777,0.582,0.4080,0.5840,0.000,0.0000,1.0000,0.569,0.4755,0.3719,0.000,0.0000,1.0000,0.656,0.3452,0.3606,0.000,0.0000,1.0000,0.000,0.0000,1.0000,0.000,0.0000,1.0000
131,4.400,10,0.727,0.3476,0.7976,0.573,0.4011,0.5972,0.000,0.0000,1.0000,0.545,0.4819,0.3888,0.000,0.0000,1.0000,0.668,0.3674,0.3849,0.000,0.0000,1.0000,0.000,0.0000,1.0000,0.000,0.0000,1.0000
132,4.433,10,0.730,0.3340,0.8128,0.559,0.3892,0.6105,0.000,0.0000,1.0000,0.490,0.4794,0.4002,0.000,0.0000,1.0000,0.613,0.3818,0.4098,0.000,0.0000,1.0000,0.000,0.0000,1.0000,0.000,0.0000,1.0000
133,4.467,10,0.753,0.3188,0.8357,0.559,0.3837,0.6225,0.000,0.0000,1.0000,0.461,0.4742,0.4142,0.000,0.0000,1.0000,0.550,0.3883,0.4295,0.000,0.0000,1.0000,0.000,0.0000,1.0000,0.000,0.0000,1.0000
134,4.500,10,0.738,0.3112,0.8493,0.534,0.3703,0.6332,0.000,0.0000,1.0000,0.385,0.4637,0.4058,0.000,0.0000,1.0000,0.382,0.4056,0.4465,0.000,0.0000,1.0000,0.000,0.0000,1.0000,0.000,0.0000,1.0000
135,4.533,9,0.730,0.3058,0.8624,0.542,0.3647,0.6404,0.000,0.0000,1.0000,0.449,0.4654,0.4086,0.000,0.0000,1.0000,0.383,0.4069,0.4611,0.000,0.0000,1.0000,0.000,0.0000,1.0000,0.000,0.0000,1.0000
136,4.567,9,0.719,0.3036,0.8710,0.541,0.3625,0.6450,0.000,0.0000,1.0000,0.413,0.4658,0.4213,0.000,0.0000,1.0000,0.317,0.4021,0.4698,0.000,0.0000,1.0000,0.000,0.0000,1.0000,0.000,0.0000,1.0000
137,4.600,9,0.725,0.3103,0.8724,0.506,0.3652,0.6436,0.000,0.0000,1.0000,0.318,0.4693,0.4179,0.000,0.0000,1.0000,0.202,0.4079,0.4735,0.000,0.0000,1.0000,0.000,0.0000,1.0000,0.000,0.0000,1.0000
138,4.633,10,0.726,0.3306,0.8732,0.538,0.3842,0.6436,0.000,0.0000,1.0000,0.480,0.4907,0.4119,0.000,0.0000,1.0000,0.347,0.4632,0.4727,0.000,0.0000,1.0000,0.000,0.0000,1.0000,0.000,0.0000,1.0000
139,4.667,10,0.725,0.3516,0.8709,0.532,0.4032,0.6423,0.000,0.0000,1.0000,0.372,0.5176,0.4139,0.000,0.0000,1.0000,0.220,0.4839,0.4803,0.000,0.0000,1.0000,0.000,0.0000,1.0000,0.000,0.0000,1.0000
140,4.700,9,0.703,0.3768,0.8717,0.510,0.4240,0.6352,0.000,0.0000,1.0000,0.231,0.5358,0.4187,0.000,0.0000,1.0000,0.139,0.4980,0.4720,0.000,0.0000,1.0000,0.000,0.0000,1.0000,0.000,0.0000,1.0000
141,4.733,10,0.722,0.4088,0.8727,0.502,0.4461,0.6314,0.158,0.0347,0.7988,0.174,0.5611,0.4094,0.000,0.0000,1.0000,0.205,0.5438,0.4770,0.000,0.0000,1.0000,0.000,0.0000,1.0000,0.000,0.0000,1.0000
142,4.767,11,0.703,0.4363,0.8675,0.495,0.4696,0.6286,0.408,0.0396,0.7960,0.348,0.5996,0.4084,0.000,0.0000,1.0000,0.141,0.5617,0.4729,0.000,0.0000,1.0000,0.000,0.0000,1.0000,0.000,0.0000,1.0000
143,4.800,0,0.000,-1,-1,0.000,-1,-1,0.000,-1,-1,0.000,-1,-1,0.000,-1,-1,0.000,-1,-1,0.000,-1,-1,0.000,-1,-1,0.000,-1,-1
144,4.833,9,0.724,0.4834,0.8780,0.454,0.5226,0.6313,0.363,0.0439,0.7911,0.169,0.6274,0.3378,0.000,0.0000,1.0000,0.000,0.0000,1.0000,0.000,0.0000,1.0000,0.000,0.0000,1.0000,0.000,0.0000,1.0000
145,4.867,9,0.668,0.4873,0.8877,0.486,0.5344,0.6399,0.388,0.0443,0.7944,0.118,0.6781,0.4140,0.000,0.0000,1.0000,0.000,0.0000,1.0000,0.000,0.0000,1.0000,0.000,0.0000,1.0000,0.000,0.0000,1.0000
146,4.900,10,0.701,0.4758,0.8978,0.469,0.5237,0.6453,0.356,0.0430,0.7922,0.110,0.6507,0.3550,0.000,0.0000,1.0000,0.000,0.0000,1.0000,0.000,0.0000,1.0000,0.000,0.0000,1.0000,0.000,0.0000,1.0000
147,4.933,11,0.717,0.4381,0.8980,0.468,0.5053,0.6475,0.364,0.0402,0.7908,0.179,0.6450,0.3634,0.000,0.0000,1.0000,0.000,0.0000,1.0000,0.000,0.0000,1.0000,0.000,0.0000,1.0000,0.000,0.0000,1.0000
148,4.967,11,0.756,0.3967,0.9123,0.434,0.4841,0.6594,0.119,0.0344,0.7971,0.156,0.6398,0.3934,0.000,0.0000,1.0000,0.000,0.0000,1.0000,0.000,0.0000,1.0000,0.000,0.0000,1.0000,0.000,0.0000,1.0000
149,5.000,10,0.730,0.3360,0.9365,0.479,0.4481,0.6794,0.000,0.0000,1.0000,0.102,0.6293,0.4104,0.000,0.0000,1.0000,0.000,0.0000,1.0000,0.000,0.0000,1.0000,0.000,0.0000,1.0000,0.000,0.0000,1.0000
150,5.033,8,0.775,0.2389,0.9672,0.447,0.4030,0.7022,0.000,0.0000,1.0000,0.164,0.6167,0.4449,0.000,0.0000,1.0000,0.000,0.0000,1.0000,0.000,0.0000,1.0000,0.000,0.0000,1.0000,0.000,0.0000,1.0000
151,5.067,0,0.000,-1,-1,0.000,-1,-1,0.000,-1,-1,0.000,-1,-1,0.000,-1,-1,0.000,-1,-1,0.000,-1,-1,0.000,-1,-1,0.000,-1,-1
152,5.100,0,0.000,-1,-1,0.000,-1,-1,0.000,-1,-1,0.000,-1,-1,0.000,-1,-1,0.000,-1,-1,0.000,-1,-1,0.000,-1,-1,0.000,-1,-1
153,5.133,7,0.770,0.1597,0.9775,0.386,0.3672,0.7062,0.000,0.0000,1.0000,0.103,0.6228,0.4482,0.000,0.0000,1.0000,0.000,0.0000,1.0000,0.000,0.0000,1.0000,0.000,0.0000,1.0000,0.000,0.0000,1.0000
154,5.167,9,0.779,0.2083,0.9454,0.370,0.3805,0.6760,0.000,0.0000,1.0000,0.144,0.6209,0.4991,0.000,0.0000,1.0000,0.000,0.0000,1.0000,0.000,0.0000,1.0000,0.000,0.0000,1.0000,0.000,0.0000,1.0000
155,5.200,10,0.747,0.2467,0.9144,0.403,0.4014,0.6547,0.000,0.0000,1.0000,0.168,0.6387,0.4056,0.000,0.0000,1.0000,0.000,0.0000,1.0000,0.000,0.0000,1.0000,0.000,0.0000,1.0000,0.000,0.0000,1.0000
156,5.233,10,0.725,0.2686,0.9007,0.438,0.4075,0.6432,0.000,0.0000,1.0000,0.214,0.6364,0.3906,0.000,0.0000,1.0000,0.000,0.0000,1.0000,0.000,0.0000,1.0000,0.000,0.0000,1.0000,0.000,0.0000,1.0000
157,5.267,9,0.759,0.2932,0.8885,0.438,0.4122,0.6371,0.000,0.0000,1.0000,0.204,0.6492,0.3854,0.000,0.0000,1.0000,0.000,0.0000,1.0000,0.000,0.0000,1.0000,0.000,0.0000,1.0000,0.000,0.0000,1.0000
158,5.300,8,0.779,0.3136,0.8863,0.440,0.4241,0.6293,0.000,0.0000,1.0000,0.251,0.6549,0.3801,0.000,0.0000,1.0000,0.000,0.0000,1.0000,0.000,0.0000,1.0000,0.000,0.0000,1.0000,0.000,0.0000,1.0000
159,5.333,9,0.746,0.3296,0.8866,0.444,0.4295,0.6302,0.000,0.0000,1.0000,0.294,0.6575,0.3792,0.000,0.0000,1.0000,0.000,0.0000,1.0000,0.000,0.0000,1.0000,0.000,0.0000,1.0000,0.000,0.0000,1.0000
160,5.367,10,0.765,0.3352,0.8943,0.415,0.4338,0.6339,0.000,0.0000,1.0000,0.186,0.6690,0.3835,0.000,0.0000,1.0000,0.000,0.0000,1.0000,0.000,0.0000,1.0000,0.000,0.0000,1.0000,0.000,0.0000,1.0000
161,5.400,8,0.773,0.3430,0.9042,0.451,0.4370,0.6464,0.000,0.0000,1.0000,0.212,0.6678,0.3891,0.000,0.0000,1.0000,0.000,0.0000,1.0000,0.000,0.0000,1.0000,0.000,0.0000,1.0000,0.000,0.0000,1.0000
162,5.433,9,0.736,0.3400,0.9147,0.444,0.4438,0.6532,0.000,0.0000,1.0000,0.264,0.6700,0.3923,0.000,0.0000,1.0000,0.000,0.0000,1.0000,0.000,0.0000,1.0000,0.000,0.0000,1.0000,0.000,0.0000,1.0000
163,5.467,10,0.723,0.3363,0.9267,0.466,0.4464,0.6646,0.000,0.0000,1.0000,0.225,0.6695,0.3944,0.000,0.0000,1.0000,0.000,0.0000,1.0000,0.000,0.0000,1.0000,0.000,0.0000,1.0000,0.000,0.0000,1.0000
164,5.500,11,0.761,0.3342,0.9334,0.465,0.4476,0.6677,0.000,0.0000,1.0000,0.190,0.6688,0.3980,0.000,0.0000,1.0000,0.106,0.5588,0.5711,0.000,0.0000,1.0000,0.000,0.0000,1.0000,0.000,0.0000,1.0000
165,5.533,11,0.748,0.3494,0.9363,0.466,0.4593,0.6747,0.000,0.0000,1.0000,0.125,0.6819,0.4008,0.000,0.0000,1.0000,0.165,0.5615,0.5766,0.000,0.0000,1.0000,0.000,0.0000,1.0000,0.000,0.0000,1.0000
166,5.567,10,0.721,0.3595,0.9413,0.507,0.4690,0.6793,0.000,0.0000,1.0000,0.000,0.0000,1.0000,0.000,0.0000,1.0000,0.178,0.5696,0.5773,0.000,0.0000,1.0000,0.000,0.0000,1.0000,0.000,0.0000,1.0000
167,5.600,11,0.777,0.3703,0.9478,0.489,0.4777,0.6885,0.000,0.0000,1.0000,0.108,0.6827,0.4169,0.000,0.0000,1.0000,0.242,0.5753,0.5869,0.000,0.0000,1.0000,0.000,0.0000,1.0000,0.000,0.0000,1.0000
168,5.633,9,0.719,0.3725,0.9625,0.475,0.4765,0.6966,0.000,0.0000,1.0000,0.000,0.0000,1.0000,0.000,0.0000,1.0000,0.212,0.5976,0.5863,0.000,0.0000,1.0000,0.000,0.0000,1.0000,0.000,0.0000,1.0000
169,5.667,11,0.424,0.3609,0.9785,0.428,0.4822,0.7166,0.000,0.0000,1.0000,0.000,0.0000,1.0000,0.000,0.0000,1.0000,0.160,0.5874,0.6045,0.000,0.0000,1.0000,0.000,0.0000,1.0000,0.000,0.0000,1.0000
170,5.700,0,0.000,-1,-1,0.000,-1,-1,0.000,-1,-1,0.000,-1,-1,0.000,-1,-1,0.000,-1,-1,0.000,-1,-1,0.000,-1,-1,0.000,-1,-1
171,5.733,0,0.000,-1,-1,0.000,-1,-1,0.000,-1,-1,0.000,-1,-1,0.000,-1,-1,0.000,-1,-1,0.000,-1,-1,0.000,-1,-1,0.000,-1,-1
172,5.767,0,0.000,-1,-1,0.000,-1,-1,0.000,-1,-1,0.000,-1,-1,0.000,-1,-1,0.000,-1,-1,0.000,-1,-1,0.000,-1,-1,0.000,-1,-1
173,5.800,0,0.000,-1,-1,0.000,-1,-1,0.000,-1,-1,0.000,-1,-1,0.000,-1,-1,0.000,-1,-1,0.000,-1,-1,0.000,-1,-1,0.000,-1,-1
174,5.833,0,0.000,-1,-1,0.000,-1,-1,0.000,-1,-1,0.000,-1,-1,0.000,-1,-1,0.000,-1,-1,0.000,-1,-1,0.000,-1,-1,0.000,-1,-1
175,5.867,0,0.000,-1,-1,0.000,-1,-1,0.000,-1,-1,0.000,-1,-1,0.000,-1,-1,0.000,-1,-1,0.000,-1,-1,0.000,-1,-1,0.000,-1,-1
176,5.900,0,0.000,-1,-1,0.000,-1,-1,0.000,-1,-1,0.000,-1,-1,0.000,-1,-1,0.000,-1,-1,0.000,-1,-1,0.000,-1,-1,0.000,-1,-1
177,5.933,0,0.000,-1,-1,0.000,-1,-1,0.000,-1,-1,0.000,-1,-1,0.000,-1,-1,0.000,-1,-1,0.000,-1,-1,0.000,-1,-1,0.000,-1,-1
178,5.967,0,0.000,-1,-1,0.000,-1,-1,0.000,-1,-1,0.000,-1,-1,0.000,-1,-1,0.000,-1,-1,0.000,-1,-1,0.000,-1,-1,0.000,-1,-1
179,6.000,0,0.000,-1,-1,0.000,-1,-1,0.000,-1,-1,0.000,-1,-1,0.000,-1,-1,0.000,-1,-1,0.000,-1,-1,0.000,-1,-1,0.000,-1,-1
180,6.033,0,0.000,-1,-1,0.000,-1,-1,0.000,-1,-1,0.000,-1,-1,0.000,-1,-1,0.000,-1,-1,0.000,-1,-1,0.000,-1,-1,0.000,-1,-1
181,6.067,0,0.000,-1,-1,0.000,-1,-1,0.000,-1,-1,0.000,-1,-1,0.000,-1,-1,0.000,-1,-1,0.000,-1,-1,0.000,-1,-1,0.000,-1,-1
182,6.100,0,0.000,-1,-1,0.000,-1,-1,0.000,-1,-1,0.000,-1,-1,0.000,-1,-1,0.000,-1,-1,0.000,-1,-1,0.000,-1,-1,0.000,-1,-1
183,6.133,0,0.000,-1,-1,0.000,-1,-1,0.000,-1,-1,0.000,-1,-1,0.000,-1,-1,0.000,-1,-1,0.000,-1,-1,0.000,-1,-1,0.000,-1,-1
184,6.167,0,0.000,-1,-1,0.000,-1,-1,0.000,-1,-1,0.000,-1,-1,0.000,-1,-1,0.000,-1,-1,0.000,-1,-1,0.000,-1,-1,0.000,-1,-1
185,6.200,0,0.000,-1,-1,0.000,-1,-1,0.000,-1,-1,0.000,-1,-1,0.000,-1,-1,0.000,-1,-1,0.000,-1,-1,0.000,-1,-1,0.000,-1,-1
186,6.233,0,0.000,-1,-1,0.000,-1,-1,0.000,-1,-1,0.000,-1,-1,0.000,-1,-1,0.000,-1,-1,0.000,-1,-1,0.000,-1,-1,0.000,-1,-1
187,6.267,0,0.000,-1,-1,0.000,-1,-1,0.000,-1,-1,0.000,-1,-1,0.000,-1,-1,0.000,-1,-1,0.000,-1,-1,0.000,-1,-1,0.000,-1,-1
188,6.300,0,0.000,-1,-1,0.000,-1,-1,0.000,-1,-1,0.000,-1,-1,0.000,-1,-1,0.000,-1,-1,0.000,-1,-1,0.000,-1,-1,0.000,-1,-1
189,6.333,0,0.000,-1,-1,0.000,-1,-1,0.000,-1,-1,0.000,-1,-1,0.000,-1,-1,0.000,-1,-1,0.000,-1,-1,0.000,-1,-1,0.000,-1,-1
190,6.367,0,0.000,-1,-1,0.000,-1,-1,0.000,-1,-1,0.000,-1,-1,0.000,-1,-1,0.000,-1,-1,0.000,-1,-1,0.000,-1,-1,0.000,-1,-1
191,6.400,0,0.000,-1,-1,0.000,-1,-1,0.000,-1,-1,0.000,-1,-1,0.000,-1,-1,0.000,-1,-1,0.000,-1,-1,0.000,-1,-1,0.000,-1,-1
192,6.433,0,0.000,-1,-1,0.000,-1,-1,0.000,-1,-1,0.000,-1,-1,0.000,-1,-1,0.000,-1,-1,0.000,-1,-1,0.000,-1,-1,0.000,-1,-1
193,6.467,0,0.000,-1,-1,0.000,-1,-1,0.000,-1,-1,0.000,-1,-1,0.000,-1,-1,0.000,-1,-1,0.000,-1,-1,0.000,-1,-1,0.000,-1,-1
194,6.500,9,0.521,0.4348,0.9454,0.419,0.5010,0.7385,0.211,0.0367,0.9173,0.000,0.0000,1.0000,0.000,0.0000,1.0000,0.216,0.1660,0.1440,0.000,0.0000,1.0000,0.000,0.0000,1.0000,0.000,0.0000,1.0000
195,6.533,10,0.732,0.4711,0.9524,0.334,0.4999,0.7088,0.242,0.0376,0.8972,0.000,0.0000,1.0000,0.000,0.0000,1.0000,0.292,0.1650,0.1293,0.000,0.0000,1.0000,0.000,0.0000,1.0000,0.000,0.0000,1.0000
196,6.567,10,0.765,0.4692,0.9391,0.387,0.4901,0.6920,0.214,0.0356,0.8772,0.136,0.6371,0.4042,0.000,0.0000,1.0000,0.262,0.1510,0.1161,0.000,0.0000,1.0000,0.000,0.0000,1.0000,0.000,0.0000,1.0000
197,6.600,11,0.763,0.4680,0.9269,0.419,0.4932,0.6844,0.279,0.0351,0.8654,0.160,0.6268,0.3952,0.000,0.0000,1.0000,0.189,0.1492,0.1128,0.000,0.0000,1.0000,0.000,0.0000,1.0000,0.000,0.0000,1.0000
198,6.633,11,0.779,0.4657,0.9205,0.444,0.4922,0.6837,0.326,0.0356,0.8580,0.182,0.6298,0.3870,0.000,0.0000,1.0000,0.000,0.0000,1.0000,0.000,0.0000,1.0000,0.000,0.0000,1.0000,0.000,0.0000,1.0000
199,6.667,12,0.780,0.4643,0.9205,0.448,0.4918,0.6836,0.308,0.0357,0.8580,0.198,0.6296,0.3892,0.000,0.0000,1.0000,0.115,0.1487,0.1114,0.000,0.0000,1.0000,0.000,0.0000,1.0000,0.000,0.0000,1.0000
200,6.700,11,0.753,0.4672,0.9269,0.417,0.4912,0.6888,0.312,0.0352,0.8654,0.157,0.6272,0.3987,0.000,0.0000,1.0000,0.206,0.1487,0.1193,0.000,0.0000,1.0000,0.000,0.0000,1.0000,0.000,0.0000,1.0000
201,6.733,0,0.000,-1,-1,0.000,-1,-1,0.000,-1,-1,0.000,-1,-1,0.000,-1,-1,0.000,-1,-1,0.000,-1,-1,0.000,-1,-1,0.000,-1,-1
202,6.767,0,0.000,-1,-1,0.000,-1,-1,0.000,-1,-1,0.000,-1,-1,0.000,-1,-1,0.000,-1,-1,0.000,-1,-1,0.000,-1,-1,0.000,-1,-1
203,6.800,0,0.000,-1,-1,0.000,-1,-1,0.000,-1,-1,0.000,-1,-1,0.000,-1,-1,0.000,-1,-1,0.000,-1,-1,0.000,-1,-1,0.000,-1,-1
204,6.833,0,0.000,-1,-1,0.000,-1,-1,0.000,-1,-1,0.000,-1,-1,0.000,-1,-1,0.000,-1,-1,0.000,-1,-1,0.000,-1,-1,0.000,-1,-1
205,6.867,0,0.000,-1,-1,0.000,-1,-1,0.000,-1,-1,0.000,-1,-1,0.000,-1,-1,0.000,-1,-1,0.000,-1,-1,0.000,-1,-1,0.000,-1,-1
206,6.900,0,0.000,-1,-1,0.000,-1,-1,0.000,-1,-1,0.000,-1,-1,0.000,-1,-1,0.000,-1,-1,0.000,-1,-1,0.000,-1,-1,0.000,-1,-1
207,6.933,0,0.000,-1,-1,0.000,-1,-1,0.000,-1,-1,0.000,-1,-1,0.000,-1,-1,0.000,-1,-1,0.000,-1,-1,0.000,-1,-1,0.000,-1,-1
208,6.967,0,0.000,-1,-1,0.000,-1,-1,0.000,-1,-1,0.000,-1,-1,0.000,-1,-1,0.000,-1,-1,0.000,-1,-1,0.000,-1,-1,0.000,-1,-1
209,7.000,0,0.000,-1,-1,0.000,-1,-1,0.000,-1,-1,0.000,-1,-1,0.000,-1,-1,0.000,-1,-1,0.000,-1,-1,0.000,-1,-1,0.000,-1,-1
210,7.033,0,0.000,-1,-1,0.000,-1,-1,0.000,-1,-1,0.000,-1,-1,0.000,-1,-1,0.000,-1,-1,0.000,-1,-1,0.000,-1,-1,0.000,-1,-1
211,7.067,0,0.000,-1,-1,0.000,-1,-1,0.000,-1,-1,0.000,-1,-1,0.000,-1,-1,0.000,-1,-1,0.000,-1,-1,0.000,-1,-1,0.000,-1,-1
212,7.100,0,0.000,-1,-1,0.000,-1,-1,0.000,-1,-1,0.000,-1,-1,0.000,-1,-1,0.000,-1,-1,0.000,-1,-1,0.000,-1,-1,0.000,-1,-1
213,7.133,0,0.000,-1,-1,0.000,-1,-1,0.000,-1,-1,0.000,-1,-1,0.000,-1,-1,0.000,-1,-1,0.000,-1,-1,0.000,-1,-1,0.000,-1,-1
214,7.167,0,0.000,-1,-1,0.000,-1,-1,0.000,-1,-1,0.000,-1,-1,0.000,-1,-1,0.000,-1,-1,0.000,-1,-1,0.000,-1,-1,0.000,-1,-1
215,7.200,0,0.000,-1,-1,0.000,-1,-1,0.000,-1,-1,0.000,-1,-1,0.000,-1,-1,0.000,-1,-1,0.000,-1,-1,0.000,-1,-1,0.000,-1,-1
216,7.233,0,0.000,-1,-1,0.000,-1,-1,0.000,-1,-1,0.000,-1,-1,0.000,-1,-1,0.000,-1,-1,0.000,-1,-1,0.000,-1,-1,0.000,-1,-1
217,7.267,0,0.000,-1,-1,0.000,-1,-1,0.000,-1,-1,0.000,-1,-1,0.000,-1,-1,0.000,-1,-1,0.000,-1,-1,0.000,-1,-1,0.000,-1,-1
218,7.300,0,0.000,-1,-1,0.000,-1,-1,0.000,-1,-1,0.000,-1,-1,0.000,-1,-1,0.000,-1,-1,0.000,-1,-1,0.000,-1,-1,0.000,-1,-1
219,7.333,0,0.000,-1,-1,0.000,-1,-1,0.000,-1,-1,0.000,-1,-1,0.000,-1,-1,0.000,-1,-1,0.000,-1,-1,0.000,-1,-1,0.000,-1,-1
220,7.367,0,0.000,-1,-1,0.000,-1,-1,0.000,-1,-1,0.000,-1,-1,0.000,-1,-1,0.000,-1,-1,0.000,-1,-1,0.000,-1,-1,0.000,-1,-1
221,7.400,0,0.000,-1,-1,0.000,-1,-1,0.000,-1,-1,0.000,-1,-1,0.000,-1,-1,0.000,-1,-1,0.000,-1,-1,0.000,-1,-1,0.000,-1,-1
222,7.433,0,0.000,-1,-1,0.000,-1,-1,0.000,-1,-1,0.000,-1,-1,0.000,-1,-1,0.000,-1,-1,0.000,-1,-1,0.000,-1,-1,0.000,-1,-1
223,7.467,0,0.000,-1,-1,0.000,-1,-1,0.000,-1,-1,0.000,-1,-1,0.000,-1,-1,0.000,-1,-1,0.000,-1,-1,0.000,-1,-1,0.000,-1,-1
224,7.500,0,0.000,-1,-1,0.000,-1,-1,0.000,-1,-1,0.000,-1,-1,0.000,-1,-1,0.000,-1,-1,0.000,-1,-1,0.000,-1,-1,0.000,-1,-1
225,7.533,0,0.000,-1,-1,0.000,-1,-1,0.000,-1,-1,0.000,-1,-1,0.000,-1,-1,0.000,-1,-1,0.000,-1,-1,0.000,-1,-1,0.000,-1,-1
226,7.567,0,0.000,-1,-1,0.000,-1,-1,0.000,-1,-1,0.000,-1,-1,0.000,-1,-1,0.000,-1,-1,0.000,-1,-1,0.000,-1,-1,0.000,-1,-1
227,7.600,0,0.000,-1,-1,0.000,-1,-1,0.000,-1,-1,0.000,-1,-1,0.000,-1,-1,0.000,-1,-1,0.000,-1,-1,0.000,-1,-1,0.000,-1,-1
228,7.633,0,0.000,-1,-1,0.000,-1,-1,0.000,-1,-1,0.000,-1,-1,0.000,-1,-1,0.000,-1,-1,0.000,-1,-1,0.000,-1,-1,0.000,-1,-1
229,7.667,0,0.000,-1,-1,0.000,-1,-1,0.000,-1,-1,0.000,-1,-1,0.000,-1,-1,0.000,-1,-1,0.000,-1,-1,0.000,-1,-1,0.000,-1,-1
230,7.700,0,0.000,-1,-1,0.000,-1,-1,0.000,-1,-1,0.000,-1,-1,0.000,-1,-1,0.000,-1,-1,0.000,-1,-1,0.000,-1,-1,0.000,-1,-1
231,7.733,0,0.000,-1,-1,0.000,-1,-1,0.000,-1,-1,0.000,-1,-1,0.000,-1,-1,0.000,-1,-1,0.000,-1,-1,0.000,-1,-1,0.000,-1,-1
232,7.767,0,0.000,-1,-1,0.000,-1,-1,0.000,-1,-1,0.000,-1,-1,0.000,-1,-1,0.000,-1,-1,0.000,-1,-1,0.000,-1,-1,0.000,-1,-1
233,7.800,0,0.000,-1,-1,0.000,-1,-1,0.000,-1,-1,0.000,-1,-1,0.000,-1,-1,0.000,-1,-1,0.000,-1,-1,0.000,-1,-1,0.000,-1,-1
234,7.833,10,0.704,0.3867,0.9736,0.471,0.5822,0.7240,0.307,0.0439,0.8279,0.000,0.0000,1.0000,0.000,0.0000,1.0000,0.200,0.4378,0.0934,0.000,0.0000,1.0000,0.000,0.0000,1.0000,0.000,0.0000,1.0000
235,7.867,9,0.798,0.3926,0.9361,0.473,0.5749,0.6875,0.314,0.0441,0.7937,0.103,0.7781,0.5321,0.000,0.0000,1.0000,0.205,0.7621,0.5375,0.000,0.0000,1.0000,0.000,0.0000,1.0000,0.000,0.0000,1.0000
236,7.900,0,0.000,-1,-1,0.000,-1,-1,0.000,-1,-1,0.000,-1,-1,0.000,-1,-1,0.000,-1,-1,0.000,-1,-1,0.000,-1,-1,0.000,-1,-1
237,7.933,10,0.667,0.4765,0.8912,0.476,0.6355,0.6479,0.294,0.0623,0.7537,0.382,0.9016,0.4864,0.000,0.0000,1.0000,0.385,0.9063,0.4575,0.000,0.0000,1.0000,0.000,0.0000,1.0000,0.000,0.0000,1.0000
238,7.967,9,0.667,0.5619,0.8817,0.480,0.7139,0.6326,0.358,0.1011,0.7396,0.229,0.9607,0.4532,0.000,0.0000,1.0000,0.000,0.0000,1.0000,0.000,0.0000,1.0000,0.000,0.0000,1.0000,0.000,0.0000,1.0000
239,8.000,0,0.000,-1,-1,0.000,-1,-1,0.000,-1,-1,0.000,-1,-1,0.000,-1,-1,0.000,-1,-1,0.000,-1,-1,0.000,-1,-1,0.000,-1,-1
240,8.033,0,0.000,-1,-1,0.000,-1,-1,0.000,-1,-1,0.000,-1,-1,0.000,-1,-1,0.000,-1,-1,0.000,-1,-1,0.000,-1,-1,0.000,-1,-1
241,8.067,0,0.000,-1,-1,0.000,-1,-1,0.000,-1,-1,0.000,-1,-1,0.000,-1,-1,0.000,-1,-1,0.000,-1,-1,0.000,-1,-1,0.000,-1,-1
242,8.100,0,0.000,-1,-1,0.000,-1,-1,0.000,-1,-1,0.000,-1,-1,0.000,-1,-1,0.000,-1,-1,0.000,-1,-1,0.000,-1,-1,0.000,-1,-1
243,8.133,0,0.000,-1,-1,0.000,-1,-1,0.000,-1,-1,0.000,-1,-1,0.000,-1,-1,0.000,-1,-1,0.000,-1,-1,0.000,-1,-1,0.000,-1,-1
244,8.167,0,0.000,-1,-1,0.000,-1,-1,0.000,-1,-1,0.000,-1,-1,0.000,-1,-1,0.000,-1,-1,0.000,-1,-1,0.000,-1,-1,0.000,-1,-1
245,8.200,0,0.000,-1,-1,0.000,-1,-1,0.000,-1,-1,0.000,-1,-1,0.000,-1,-1,0.000,-1,-1,0.000,-1,-1,0.000,-1,-1,0.000,-1,-1
246,8.233,0,0.000,-1,-1,0.000,-1,-1,0.000,-1,-1,0.000,-1,-1,0.000,-1,-1,0.000,-1,-1,0.000,-1,-1,0.000,-1,-1,0.000,-1,-1
247,8.267,0,0.000,-1,-1,0.000,-1,-1,0.000,-1,-1,0.000,-1,-1,0.000,-1,-1,0.000,-1,-1,0.000,-1,-1,0.000,-1,-1,0.000,-1,-1
248,8.300,0,0.000,-1,-1,0.000,-1,-1,0.000,-1,-1,0.000,-1,-1,0.000,-1,-1,0.000,-1,-1,0.000,-1,-1,0.000,-1,-1,0.000,-1,-1
249,8.333,0,0.000,-1,-1,0.000,-1,-1,0.000,-1,-1,0.000,-1,-1,0.000,-1,-1,0.000,-1,-1,0.000,-1,-1,0.000,-1,-1,0.000,-1,-1
250,8.367,0,0.000,-1,-1,0.000,-1,-1,0.000,-1,-1,0.000,-1,-1,0.000,-1,-1,0.000,-1,-1,0.000,-1,-1,0.000,-1,-1,0.000,-1,-1
251,8.400,0,0.000,-1,-1,0.000,-1,-1,0.000,-1,-1,0.000,-1,-1,0.000,-1,-1,0.000,-1,-1,0.000,-1,-1,0.000,-1,-1,0.000,-1,-1
252,8.433,0,0.000,-1,-1,0.000,-1,-1,0.000,-1,-1,0.000,-1,-1,0.000,-1,-1,0.000,-1,-1,0.000,-1,-1,0.000,-1,-1,0.000,-1,-1
253,8.467,0,0.000,-1,-1,0.000,-1,-1,0.000,-1,-1,0.000,-1,-1,0.000,-1,-1,0.000,-1,-1,0.000,-1,-1,0.000,-1,-1,0.000,-1,-1
254,8.500,0,0.000,-1,-1,0.000,-1,-1,0.000,-1,-1,0.000,-1,-1,0.000,-1,-1,0.000,-1,-1,0.000,-1,-1,0.000,-1,-1,0.000,-1,-1
255,8.533,0,0.000,-1,-1,0.000,-1,-1,0.000,-1,-1,0.000,-1,-1,0.000,-1,-1,0.000,-1,-1,0.000,-1,-1,0.000,-1,-1,0.000,-1,-1
256,8.567,0,0.000,-1,-1,0.000,-1,-1,0.000,-1,-1,0.000,-1,-1,0.000,-1,-1,0.000,-1,-1,0.000,-1,-1,0.000,-1,-1,0.000,-1,-1
257,8.600,0,0.000,-1,-1,0.000,-1,-1,0.000,-1,-1,0.000,-1,-1,0.000,-1,-1,0.000,-1,-1,0.000,-1,-1,0.000,-1,-1,0.000,-1,-1
258,8.633,0,0.000,-1,-1,0.000,-1,-1,0.000,-1,-1,0.000,-1,-1,0.000,-1,-1,0.000,-1,-1,0.000,-1,-1,0.000,-1,-1,0.000,-1,-1
259,8.667,0,0.000,-1,-1,0.000,-1,-1,0.000,-1,-1,0.000,-1,-1,0.000,-1,-1,0.000,-1,-1,0.000,-1,-1,0.000,-1,-1,0.000,-1,-1
260,8.700,0,0.000,-1,-1,0.000,-1,-1,0.000,-1,-1,0.000,-1,-1,0.000,-1,-1,0.000,-1,-1,0.000,-1,-1,0.000,-1,-1,0.000,-1,-1
261,8.733,0,0.000,-1,-1,0.000,-1,-1,0.000,-1,-1,0.000,-1,-1,0.000,-1,-1,0.000,-1,-1,0.000,-1,-1,0.000,-1,-1,0.000,-1,-1
262,8.767,0,0.000,-1,-1,0.000,-1,-1,0.000,-1,-1,0.000,-1,-1,0.000,-1,-1,0.000,-1,-1,0.000,-1,-1,0.000,-1,-1,0.000,-1,-1
263,8.800,0,0.000,-1,-1,0.000,-1,-1,0.000,-1,-1,0.000,-1,-1,0.000,-1,-1,0.000,-1,-1,0.000,-1,-1,0.000,-1,-1,0.000,-1,-1
264,8.833,0,0.000,-1,-1,0.000,-1,-1,0.000,-1,-1,0.000,-1,-1,0.000,-1,-1,0.000,-1,-1,0.000,-1,-1,0.000,-1,-1,0.000,-1,-1
265,8.867,0,0.000,-1,-1,0.000,-1,-1,0.000,-1,-1,0.000,-1,-1,0.000,-1,-1,0.000,-1,-1,0.000,-1,-1,0.000,-1,-1,0.000,-1,-1
266,8.900,0,0.000,-1,-1,0.000,-1,-1,0.000,-1,-1,0.000,-1,-1,0.000,-1,-1,0.000,-1,-1,0.000,-1,-1,0.000,-1,-1,0.000,-1,-1
267,8.933,0,0.000,-1,-1,0.000,-1,-1,0.000,-1,-1,0.000,-1,-1,0.000,-1,-1,0.000,-1,-1,0.000,-1,-1,0.000,-1,-1,0.000,-1,-1
268,8.967,0,0.000,-1,-1,0.000,-1,-1,0.000,-1,-1,0.000,-1,-1,0.000,-1,-1,0.000,-1,-1,0.000,-1,-1,0.000,-1,-1,0.000,-1,-1
269,9.000,0,0.000,-1,-1,0.000,-1,-1,0.000,-1,-1,0.000,-1,-1,0.000,-1,-1,0.000,-1,-1,0.000,-1,-1,0.000,-1,-1,0.000,-1,-1
270,9.033,0,0.000,-1,-1,0.000,-1,-1,0.000,-1,-1,0.000,-1,-1,0.000,-1,-1,0.000,-1,-1,0.000,-1,-1,0.000,-1,-1,0.000,-1,-1
271,9.067,0,0.000,-1,-1,0.000,-1,-1,0.000,-1,-1,0.000,-1,-1,0.000,-1,-1,0.000,-1,-1,0.000,-1,-1,0.000,-1,-1,0.000,-1,-1
272,9.100,0,0.000,-1,-1,0.000,-1,-1,0.000,-1,-1,0.000,-1,-1,0.000,-1,-1,0.000,-1,-1,0.000,-1,-1,0.000,-1,-1,0.000,-1,-1
273,9.133,0,0.000,-1,-1,0.000,-1,-1,0.000,-1,-1,0.000,-1,-1,0.000,-1,-1,0.000,-1,-1,0.000,-1,-1,0.000,-1,-1,0.000,-1,-1
274,9.167,7,0.705,0.9367,0.8960,0.000,0.0000,1.0000,0.237,0.3671,0.7356,0.000,0.0000,1.0000,0.203,0.2411,0.0363,0.235,0.6948,0.0414,0.000,0.0000,1.0000,0.000,0.0000,1.0000,0.000,0.0000,1.0000
275,9.200,7,0.775,0.9092,0.9160,0.000,0.0000,1.0000,0.276,0.3458,0.7523,0.000,0.0000,1.0000,0.117,0.2352,0.0499,0.174,0.6890,0.0550,0.000,0.0000,1.0000,0.000,0.0000,1.0000,0.000,0.0000,1.0000
276,9.233,0,0.000,-1,-1,0.000,-1,-1,0.000,-1,-1,0.000,-1,-1,0.000,-1,-1,0.000,-1,-1,0.000,-1,-1,0.000,-1,-1,0.000,-1,-1
277,9.267,0,0.000,-1,-1,0.000,-1,-1,0.000,-1,-1,0.000,-1,-1,0.000,-1,-1,0.000,-1,-1,0.000,-1,-1,0.000,-1,-1,0.000,-1,-1
278,9.300,0,0.000,-1,-1,0.000,-1,-1,0.000,-1,-1,0.000,-1,-1,0.000,-1,-1,0.000,-1,-1,0.000,-1,-1,0.000,-1,-1,0.000,-1,-1
279,9.333,0,0.000,-1,-1,0.000,-1,-1,0.000,-1,-1,0.000,-1,-1,0.000,-1,-1,0.000,-1,-1,0.000,-1,-1,0.000,-1,-1,0.000,-1,-1
280,9.367,0,0.000,-1,-1,0.000,-1,-1,0.000,-1,-1,0.000,-1,-1,0.000,-1,-1,0.000,-1,-1,0.000,-1,-1,0.000,-1,-1,0.000,-1,-1
281,9.400,0,0.000,-1,-1,0.000,-1,-1,0.000,-1,-1,0.000,-1,-1,0.000,-1,-1,0.000,-1,-1,0.000,-1,-1,0.000,-1,-1,0.000,-1,-1
282,9.433,0,0.000,-1,-1,0.000,-1,-1,0.000,-1,-1,0.000,-1,-1,0.000,-1,-1,0.000,-1,-1,0.000,-1,-1,0.000,-1,-1,0.000,-1,-1
283,9.467,0,0.000,-1,-1,0.000,-1,-1,0.000,-1,-1,0.000,-1,-1,0.000,-1,-1,0.000,-1,-1,0.000,-1,-1,0.000,-1,-1,0.000,-1,-1
284,9.500,0,0.000,-1,-1,0.000,-1,-1,0.000,-1,-1,0.000,-1,-1,0.000,-1,-1,0.000,-1,-1,0.000,-1,-1,0.000,-1,-1,0.000,-1,-1
285,9.533,0,0.000,-1,-1,0.000,-1,-1,0.000,-1,-1,0.000,-1,-1,0.000,-1,-1,0.000,-1,-1,0.000,-1,-1,0.000,-1,-1,0.000,-1,-1
286,9.567,0,0.000,-1,-1,0.000,-1,-1,0.000,-1,-1,0.000,-1,-1,0.000,-1,-1,0.000,-1,-1,0.000,-1,-1,0.000,-1,-1,0.000,-1,-1
287,9.600,0,0.000,-1,-1,0.000,-1,-1,0.000,-1,-1,0.000,-1,-1,0.000,-1,-1,0.000,-1,-1,0.000,-1,-1,0.000,-1,-1,0.000,-1,-1
288,9.633,0,0.000,-1,-1,0.000,-1,-1,0.000,-1,-1,0.000,-1,-1,0.000,-1,-1,0.000,-1,-1,0.000,-1,-1,0.000,-1,-1,0.000,-1,-1
289,9.667,0,0.000,-1,-1,0.000,-1,-1,0.000,-1,-1,0.000,-1,-1,0.000,-1,-1,0.000,-1,-1,0.000,-1,-1,0.000,-1,-1,0.000,-1,-1
290,9.700,0,0.000,-1,-1,0.000,-1,-1,0.000,-1,-1,0.000,-1,-1,0.000,-1,-1,0.000,-1,-1,0.000,-1,-1,0.000,-1,-1,0.000,-1,-1
291,9.733,0,0.000,-1,-1,0.000,-1,-1,0.000,-1,-1,0.000,-1,-1,0.000,-1,-1,0.000,-1,-1,0.000,-1,-1,0.000,-1,-1,0.000,-1,-1
292,9.767,0,0.000,-1,-1,0.000,-1,-1,0.000,-1,-1,0.000,-1,-1,0.000,-1,-1,0.000,-1,-1,0.000,-1,-1,0.000,-1,-1,0.000,-1,-1
293,9.800,0,0.000,-1,-1,0.000,-1,-1,0.000,-1,-1,0.000,-1,-1,0.000,-1,-1,0.000,-1,-1,0.000,-1,-1,0.000,-1,-1,0.000,-1,-1
294,9.833,0,0.000,-1,-1,0.000,-1,-1,0.000,-1,-1,0.000,-1,-1,0.000,-1,-1,0.000,-1,-1,0.000,-1,-1,0.000,-1,-1,0.000,-1,-1
295,9.867,0,0.000,-1,-1,0.000,-1,-1,0.000,-1,-1,0.000,-1,-1,0.000,-1,-1,0.000,-1,-1,0.000,-1,-1,0.000,-1,-1,0.000,-1,-1
296,9.900,0,0.000,-1,-1,0.000,-1,-1,0.000,-1,-1,0.000,-1,-1,0.000,-1,-1,0.000,-1,-1,0.000,-1,-1,0.000,-1,-1,0.000,-1,-1
297,9.933,0,0.000,-1,-1,0.000,-1,-1,0.000,-1,-1,0.000,-1,-1,0.000,-1,-1,0.000,-1,-1,0.000,-1,-1,0.000,-1,-1,0.000,-1,-1
298,9.967,0,0.000,-1,-1,0.000,-1,-1,0.000,-1,-1,0.000,-1,-1,0.000,-1,-1,0.000,-1,-1,0.000,-1,-1,0.000,-1,-1,0.000,-1,-1
299,10.000,0,0.000,-1,-1,0.000,-1,-1,0.000,-1,-1,0.000,-1,-1,0.000,-1,-1,0.000,-1,-1,0.000,-1,-1,0.000,-1,-1,0.000,-1,-1
300,10.033,0,0.000,-1,-1,0.000,-1,-1,0.000,-1,-1,0.000,-1,-1,0.000,-1,-1,0.000,-1,-1,0.000,-1,-1,0.000,-1,-1,0.000,-1,-1
301,10.067,0,0.000,-1,-1,0.000,-1,-1,0.000,-1,-1,0.000,-1,-1,0.000,-1,-1,0.000,-1,-1,0.000,-1,-1,0.000,-1,-1,0.000,-1,-1
302,10.100,0,0.000,-1,-1,0.000,-1,-1,0.000,-1,-1,0.000,-1,-1,0.000,-1,-1,0.000,-1,-1,0.000,-1,-1,0.000,-1,-1,0.000,-1,-1
303,10.133,6,0.404,0.7891,0.9763,0.000,0.0000,1.0000,0.213,0.4066,0.7699,0.000,0.0000,1.0000,0.147,0.0894,0.6119,0.000,0.0000,1.0000,0.000,0.0000,1.0000,0.000,0.0000,1.0000,0.000,0.0000,1.0000
304,10.167,7,0.722,0.7860,0.9512,0.000,0.0000,1.0000,0.256,0.3701,0.7308,0.000,0.0000,1.0000,0.149,0.0918,0.5881,0.000,0.0000,1.0000,0.000,0.0000,1.0000,0.000,0.0000,1.0000,0.000,0.0000,1.0000
305,10.200,8,0.807,0.7623,0.9314,0.000,0.0000,1.0000,0.292,0.3633,0.7143,0.000,0.0000,1.0000,0.122,0.0868,0.5776,0.000,0.0000,1.0000,0.000,0.0000,1.0000,0.000,0.0000,1.0000,0.000,0.0000,1.0000
306,10.233,9,0.776,0.7594,0.9102,0.128,0.9640,0.6881,0.299,0.3549,0.7013,0.000,0.0000,1.0000,0.238,0.0802,0.5685,0.000,0.0000,1.0000,0.000,0.0000,1.0000,0.000,0.0000,1.0000,0.000,0.0000,1.0000
307,10.267,9,0.739,0.7503,0.8962,0.139,0.9631,0.6752,0.323,0.3531,0.6879,0.000,0.0000,1.0000,0.224,0.0769,0.5573,0.000,0.0000,1.0000,0.000,0.0000,1.0000,0.000,0.0000,1.0000,0.000,0.0000,1.0000
308,10.300,9,0.736,0.7488,0.8843,0.108,0.9661,0.6610,0.354,0.3524,0.6798,0.000,0.0000,1.0000,0.169,0.0717,0.5450,0.000,0.0000,1.0000,0.000,0.0000,1.0000,0.000,0.0000,1.0000,0.000,0.0000,1.0000
309,10.333,9,0.711,0.7492,0.8751,0.134,0.9618,0.6595,0.296,0.3641,0.6747,0.000,0.0000,1.0000,0.179,0.0747,0.5369,0.000,0.0000,1.0000,0.000,0.0000,1.0000,0.000,0.0000,1.0000,0.000,0.0000,1.0000
310,10.367,9,0.740,0.7381,0.8688,0.158,0.9614,0.6550,0.302,0.3519,0.6672,0.000,0.0000,1.0000,0.170,0.0722,0.5325,0.000,0.0000,1.0000,0.000,0.0000,1.0000,0.000,0.0000,1.0000,0.000,0.0000,1.0000
311,10.400,9,0.736,0.7348,0.8689,0.195,0.9588,0.6566,0.282,0.3507,0.6659,0.000,0.0000,1.0000,0.172,0.0720,0.5293,0.000,0.0000,1.0000,0.000,0.0000,1.0000,0.000,0.0000,1.0000,0.000,0.0000,1.0000
312,10.433,9,0.734,0.7223,0.8721,0.183,0.9583,0.6562,0.274,0.3416,0.6640,0.000,0.0000,1.0000,0.156,0.0718,0.5284,0.000,0.0000,1.0000,0.000,0.0000,1.0000,0.000,0.0000,1.0000,0.000,0.0000,1.0000
313,10.467,9,0.703,0.7078,0.8719,0.139,0.9622,0.6577,0.285,0.3276,0.6620,0.000,0.0000,1.0000,0.125,0.0732,0.5351,0.000,0.0000,1.0000,0.000,0.0000,1.0000,0.000,0.0000,1.0000,0.000,0.0000,1.0000
314,10.500,9,0.765,0.6984,0.8830,0.186,0.9539,0.6696,0.270,0.3398,0.6650,0.000,0.0000,1.0000,0.116,0.0682,0.5308,0.000,0.0000,1.0000,0.000,0.0000,1.0000,0.000,0.0000,1.0000,0.000,0.0000,1.0000
315,10.533,9,0.754,0.6781,0.8904,0.184,0.9553,0.6827,0.279,0.3280,0.6697,0.000,0.0000,1.0000,0.135,0.0709,0.5316,0.000,0.0000,1.0000,0.000,0.0000,1.0000,0.000,0.0000,1.0000,0.000,0.0000,1.0000
316,10.567,0,0.000,-1,-1,0.000,-1,-1,0.000,-1,-1,0.000,-1,-1,0.000,-1,-1,0.000,-1,-1,0.000,-1,-1,0.000,-1,-1,0.000,-1,-1
317,10.600,0,0.000,-1,-1,0.000,-1,-1,0.000,-1,-1,0.000,-1,-1,0.000,-1,-1,0.000,-1,-1,0.000,-1,-1,0.000,-1,-1,0.000,-1,-1
318,10.633,0,0.000,-1,-1,0.000,-1,-1,0.000,-1,-1,0.000,-1,-1,0.000,-1,-1,0.000,-1,-1,0.000,-1,-1,0.000,-1,-1,0.000,-1,-1
319,10.667,0,0.000,-1,-1,0.000,-1,-1,0.000,-1,-1,0.000,-1,-1,0.000,-1,-1,0.000,-1,-1,0.000,-1,-1,0.000,-1,-1,0.000,-1,-1
320,10.700,0,0.000,-1,-1,0.000,-1,-1,0.000,-1,-1,0.000,-1,-1,0.000,-1,-1,0.000,-1,-1,0.000,-1,-1,0.000,-1,-1,0.000,-1,-1
321,10.733,0,0.000,-1,-1,0.000,-1,-1,0.000,-1,-1,0.000,-1,-1,0.000,-1,-1,0.000,-1,-1,0.000,-1,-1,0.000,-1,-1,0.000,-1,-1
322,10.767,0,0.000,-1,-1,0.000,-1,-1,0.000,-1,-1,0.000,-1,-1,0.000,-1,-1,0.000,-1,-1,0.000,-1,-1,0.000,-1,-1,0.000,-1,-1
323,10.800,0,0.000,-1,-1,0.000,-1,-1,0.000,-1,-1,0.000,-1,-1,0.000,-1,-1,0.000,-1,-1,0.000,-1,-1,0.000,-1,-1,0.000,-1,-1
324,10.833,0,0.000,-1,-1,0.000,-1,-1,0.000,-1,-1,0.000,-1,-1,0.000,-1,-1,0.000,-1,-1,0.000,-1,-1,0.000,-1,-1,0.000,-1,-1
325,10.867,0,0.000,-1,-1,0.000,-1,-1,0.000,-1,-1,0.000,-1,-1,0.000,-1,-1,0.000,-1,-1,0.000,-1,-1,0.000,-1,-1,0.000,-1,-1
326,10.900,0,0.000,-1,-1,0.000,-1,-1,0.000,-1,-1,0.000,-1,-1,0.000,-1,-1,0.000,-1,-1,0.000,-1,-1,0.000,-1,-1,0.000,-1,-1
327,10.933,0,0.000,-1,-1,0.000,-1,-1,0.000,-1,-1,0.000,-1,-1,0.000,-1,-1,0.000,-1,-1,0.000,-1,-1,0.000,-1,-1,0.000,-1,-1
328,10.967,0,0.000,-1,-1,0.000,-1,-1,0.000,-1,-1,0.000,-1,-1,0.000,-1,-1,0.000,-1,-1,0.000,-1,-1,0.000,-1,-1,0.000,-1,-1
329,11.000,0,0.000,-1,-1,0.000,-1,-1,0.000,-1,-1,0.000,-1,-1,0.000,-1,-1,0.000,-1,-1,0.000,-1,-1,0.000,-1,-1,0.000,-1,-1
330,11.033,0,0.000,-1,-1,0.000,-1,-1,0.000,-1,-1,0.000,-1,-1,0.000,-1,-1,0.000,-1,-1,0.000,-1,-1,0.000,-1,-1,0.000,-1,-1
331,11.067,0,0.000,-1,-1,0.000,-1,-1,0.000,-1,-1,0.000,-1,-1,0.000,-1,-1,0.000,-1,-1,0.000,-1,-1,0.000,-1,-1,0.000,-1,-1
332,11.100,0,0.000,-1,-1,0.000,-1,-1,0.000,-1,-1,0.000,-1,-1,0.000,-1,-1,0.000,-1,-1,0.000,-1,-1,0.000,-1,-1,0.000,-1,-1
333,11.133,0,0.000,-1,-1,0.000,-1,-1,0.000,-1,-1,0.000,-1,-1,0.000,-1,-1,0.000,-1,-1,0.000,-1,-1,0.000,-1,-1,0.000,-1,-1
334,11.167,0,0.000,-1,-1,0.000,-1,-1,0.000,-1,-1,0.000,-1,-1,0.000,-1,-1,0.000,-1,-1,0.000,-1,-1,0.000,-1,-1,0.000,-1,-1
335,11.200,0,0.000,-1,-1,0.000,-1,-1,0.000,-1,-1,0.000,-1,-1,0.000,-1,-1,0.000,-1,-1,0.000,-1,-1,0.000,-1,-1,0.000,-1,-1
336,11.233,0,0.000,-1,-1,0.000,-1,-1,0.000,-1,-1,0.000,-1,-1,0.000,-1,-1,0.000,-1,-1,0.000,-1,-1,0.000,-1,-1,0.000,-1,-1
337,11.267,0,0.000,-1,-1,0.000,-1,-1,0.000,-1,-1,0.000,-1,-1,0.000,-1,-1,0.000,-1,-1,0.000,-1,-1,0.000,-1,-1,0.000,-1,-1
338,11.300,0,0.000,-1,-1,0.000,-1,-1,0.000,-1,-1,0.000,-1,-1,0.000,-1,-1,0.000,-1,-1,0.000,-1,-1,0.000,-1,-1,0.000,-1,-1
339,11.333,0,0.000,-1,-1,0.000,-1,-1,0.000,-1,-1,0.000,-1,-1,0.000,-1,-1,0.000,-1,-1,0.000,-1,-1,0.000,-1,-1,0.000,-1,-1
340,11.367,0,0.000,-1,-1,0.000,-1,-1,0.000,-1,-1,0.000,-1,-1,0.000,-1,-1,0.000,-1,-1,0.000,-1,-1,0.000,-1,-1,0.000,-1,-1
341,11.400,0,0.000,-1,-1,0.000,-1,-1,0.000,-1,-1,0.000,-1,-1,0.000,-1,-1,0.000,-1,-1,0.000,-1,-1,0.000,-1,-1,0.000,-1,-1
342,11.433,0,0.000,-1,-1,0.000,-1,-1,0.000,-1,-1,0.000,-1,-1,0.000,-1,-1,0.000,-1,-1,0.000,-1,-1,0.000,-1,-1,0.000,-1,-1
343,11.467,0,0.000,-1,-1,0.000,-1,-1,0.000,-1,-1,0.000,-1,-1,0.000,-1,-1,0.000,-1,-1,0.000,-1,-1,0.000,-1,-1,0.000,-1,-1
344,11.500,0,0.000,-1,-1,0.000,-1,-1,0.000,-1,-1,0.000,-1,-1,0.000,-1,-1,0.000,-1,-1,0.000,-1,-1,0.000,-1,-1,0.000,-1,-1
345,11.533,0,0.000,-1,-1,0.000,-1,-1,0.000,-1,-1,0.000,-1,-1,0.000,-1,-1,0.000,-1,-1,0.000,-1,-1,0.000,-1,-1,0.000,-1,-1
346,11.567,0,0.000,-1,-1,0.000,-1,-1,0.000,-1,-1,0.000,-1,-1,0.000,-1,-1,0.000,-1,-1,0.000,-1,-1,0.000,-1,-1,0.000,-1,-1
347,11.600,0,0.000,-1,-1,0.000,-1,-1,0.000,-1,-1,0.000,-1,-1,0.000,-1,-1,0.000,-1,-1,0.000,-1,-1,0.000,-1,-1,0.000,-1,-1
348,11.633,0,0.000,-1,-1,0.000,-1,-1,0.000,-1,-1,0.000,-1,-1,0.000,-1,-1,0.000,-1,-1,0.000,-1,-1,0.000,-1,-1,0.000,-1,-1
349,11.667,0,0.000,-1,-1,0.000,-1,-1,0.000,-1,-1,0.000,-1,-1,0.000,-1,-1,0.000,-1,-1,0.000,-1,-1,0.000,-1,-1,0.000,-1,-1
350,11.700,0,0.000,-1,-1,0.000,-1,-1,0.000,-1,-1,0.000,-1,-1,0.000,-1,-1,0.000,-1,-1,0.000,-1,-1,0.000,-1,-1,0.000,-1,-1
351,11.733,0,0.000,-1,-1,0.000,-1,-1,0.000,-1,-1,0.000,-1,-1,0.000,-1,-1,0.000,-1,-1,0.000,-1,-1,0.000,-1,-1,0.000,-1,-1
352,11.767,0,0.000,-1,-1,0.000,-1,-1,0.000,-1,-1,0.000,-1,-1,0.000,-1,-1,0.000,-1,-1,0.000,-1,-1,0.000,-1,-1,0.000,-1,-1
353,11.800,0,0.000,-1,-1,0.000,-1,-1,0.000,-1,-1,0.000,-1,-1,0.000,-1,-1,0.000,-1,-1,0.000,-1,-1,0.000,-1,-1,0.000,-1,-1
354,11.833,0,0.000,-1,-1,0.000,-1,-1,0.000,-1,-1,0.000,-1,-1,0.000,-1,-1,0.000,-1,-1,0.000,-1,-1,0.000,-1,-1,0.000,-1,-1
355,11.867,0,0.000,-1,-1,0.000,-1,-1,0.000,-1,-1,0.000,-1,-1,0.000,-1,-1,0.000,-1,-1,0.000,-1,-1,0.000,-1,-1,0.000,-1,-1
356,11.900,0,0.000,-1,-1,0.000,-1,-1,0.000,-1,-1,0.000,-1,-1,0.000,-1,-1,0.000,-1,-1,0.000,-1,-1,0.000,-1,-1,0.000,-1,-1
357,11.933,0,0.000,-1,-1,0.000,-1,-1,0.000,-1,-1,0.000,-1,-1,0.000,-1,-1,0.000,-1,-1,0.000,-1,-1,0.000,-1,-1,0.000,-1,-1
358,11.967,0,0.000,-1,-1,0.000,-1,-1,0.000,-1,-1,0.000,-1,-1,0.000,-1,-1,0.000,-1,-1,0.000,-1,-1,0.000,-1,-1,0.000,-1,-1
359,12.000,0,0.000,-1,-1,0.000,-1,-1,0.000,-1,-1,0.000,-1,-1,0.000,-1,-1,0.000,-1,-1,0.000,-1,-1,0.000,-1,-1,0.000,-1,-1
360,12.033,0,0.000,-1,-1,0.000,-1,-1,0.000,-1,-1,0.000,-1,-1,0.000,-1,-1,0.000,-1,-1,0.000,-1,-1,0.000,-1,-1,0.000,-1,-1
361,12.067,0,0.000,-1,-1,0.000,-1,-1,0.000,-1,-1,0.000,-1,-1,0.000,-1,-1,0.000,-1,-1,0.000,-1,-1,0.000,-1,-1,0.000,-1,-1
362,12.100,0,0.000,-1,-1,0.000,-1,-1,0.000,-1,-1,0.000,-1,-1,0.000,-1,-1,0.000,-1,-1,0.000,-1,-1,0.000,-1,-1,0.000,-1,-1
363,12.133,0,0.000,-1,-1,0.000,-1,-1,0.000,-1,-1,0.000,-1,-1,0.000,-1,-1,0.000,-1,-1,0.000,-1,-1,0.000,-1,-1,0.000,-1,-1
364,12.167,0,0.000,-1,-1,0.000,-1,-1,0.000,-1,-1,0.000,-1,-1,0.000,-1,-1,0.000,-1,-1,0.000,-1,-1,0.000,-1,-1,0.000,-1,-1
365,12.200,0,0.000,-1,-1,0.000,-1,-1,0.000,-1,-1,0.000,-1,-1,0.000,-1,-1,0.000,-1,-1,0.000,-1,-1,0.000,-1,-1,0.000,-1,-1
366,12.233,0,0.000,-1,-1,0.000,-1,-1,0.000,-1,-1,0.000,-1,-1,0.000,-1,-1,0.000,-1,-1,0.000,-1,-1,0.000,-1,-1,0.000,-1,-1
367,12.267,0,0.000,-1,-1,0.000,-1,-1,0.000,-1,-1,0.000,-1,-1,0.000,-1,-1,0.000,-1,-1,0.000,-1,-1,0.000,-1,-1,0.000,-1,-1
368,12.300,0,0.000,-1,-1,0.000,-1,-1,0.000,-1,-1,0.000,-1,-1,0.000,-1,-1,0.000,-1,-1,0.000,-1,-1,0.000,-1,-1,0.000,-1,-1
369,12.333,0,0.000,-1,-1,0.000,-1,-1,0.000,-1,-1,0.000,-1,-1,0.000,-1,-1,0.000,-1,-1,0.000,-1,-1,0.000,-1,-1,0.000,-1,-1
370,12.367,0,0.000,-1,-1,0.000,-1,-1,0.000,-1,-1,0.000,-1,-1,0.000,-1,-1,0.000,-1,-1,0.000,-1,-1,0.000,-1,-1,0.000,-1,-1
371,12.400,0,0.000,-1,-1,0.000,-1,-1,0.000,-1,-1,0.000,-1,-1,0.000,-1,-1,0.000,-1,-1,0.000,-1,-1,0.000,-1,-1,0.000,-1,-1
372,12.433,0,0.000,-1,-1,0.000,-1,-1,0.000,-1,-1,0.000,-1,-1,0.000,-1,-1,0.000,-1,-1,0.000,-1,-1,0.000,-1,-1,0.000,-1,-1
373,12.467,0,0.000,-1,-1,0.000,-1,-1,0.000,-1,-1,0.000,-1,-1,0.000,-1,-1,0.000,-1,-1,0.000,-1,-1,0.000,-1,-1,0.000,-1,-1
374,12.500,0,0.000,-1,-1,0.000,-1,-1,0.000,-1,-1,0.000,-1,-1,0.000,-1,-1,0.000,-1,-1,0.000,-1,-1,0.000,-1,-1,0.000,-1,-1
375,12.533,0,0.000,-1,-1,0.000,-1,-1,0.000,-1,-1,0.000,-1,-1,0.000,-1,-1,0.000,-1,-1,0.000,-1,-1,0.000,-1,-1,0.000,-1,-1
376,12.567,0,0.000,-1,-1,0.000,-1,-1,0.000,-1,-1,0.000,-1,-1,0.000,-1,-1,0.000,-1,-1,0.000,-1,-1,0.000,-1,-1,0.000,-1,-1
377,12.600,0,0.000,-1,-1,0.000,-1,-1,0.000,-1,-1,0.000,-1,-1,0.000,-1,-1,0.000,-1,-1,0.000,-1,-1,0.000,-1,-1,0.000,-1,-1
378,12.633,0,0.000,-1,-1,0.000,-1,-1,0.000,-1,-1,0.000,-1,-1,0.000,-1,-1,0.000,-1,-1,0.000,-1,-1,0.000,-1,-1,0.000,-1,-1
379,12.667,0,0.000,-1,-1,0.000,-1,-1,0.000,-1,-1,0.000,-1,-1,0.000,-1,-1,0.000,-1,-1,0.000,-1,-1,0.000,-1,-1,0.000,-1,-1
380,12.700,0,0.000,-1,-1,0.000,-1,-1,0.000,-1,-1,0.000,-1,-1,0.000,-1,-1,0.000,-1,-1,0.000,-1,-1,0.000,-1,-1,0.000,-1,-1
381,12.733,0,0.000,-1,-1,0.000,-1,-1,0.000,-1,-1,0.000,-1,-1,0.000,-1,-1,0.000,-1,-1,0.000,-1,-1,0.000,-1,-1,0.000,-1,-1
382,12.767,0,0.000,-1,-1,0.000,-1,-1,0.000,-1,-1,0.000,-1,-1,0.000,-1,-1,0.000,-1,-1,0.000,-1,-1,0.000,-1,-1,0.000,-1,-1
383,12.800,0,0.000,-1,-1,0.000,-1,-1,0.000,-1,-1,0.000,-1,-1,0.000,-1,-1,0.000,-1,-1,0.000,-1,-1,0.000,-1,-1,0.000,-1,-1
384,12.833,0,0.000,-1,-1,0.000,-1,-1,0.000,-1,-1,0.000,-1,-1,0.000,-1,-1,0.000,-1,-1,0.000,-1,-1,0.000,-1,-1,0.000,-1,-1
385,12.867,0,0.000,-1,-1,0.000,-1,-1,0.000,-1,-1,0.000,-1,-1,0.000,-1,-1,0.000,-1,-1,0.000,-1,-1,0.000,-1,-1,0.000,-1,-1
386,12.900,0,0.000,-1,-1,0.000,-1,-1,0.000,-1,-1,0.000,-1,-1,0.000,-1,-1,0.000,-1,-1,0.000,-1,-1,0.000,-1,-1,0.000,-1,-1
387,12.933,0,0.000,-1,-1,0.000,-1,-1,0.000,-1,-1,0.000,-1,-1,0.000,-1,-1,0.000,-1,-1,0.000,-1,-1,0.000,-1,-1,0.000,-1,-1
388,12.967,0,0.000,-1,-1,0.000,-1,-1,0.000,-1,-1,0.000,-1,-1,0.000,-1,-1,0.000,-1,-1,0.000,-1,-1,0.000,-1,-1,0.000,-1,-1
389,13.000,0,0.000,-1,-1,0.000,-1,-1,0.000,-1,-1,0.000,-1,-1,0.000,-1,-1,0.000,-1,-1,0.000,-1,-1,0.000,-1,-1,0.000,-1,-1
390,13.033,0,0.000,-1,-1,0.000,-1,-1,0.000,-1,-1,0.000,-1,-1,0.000,-1,-1,0.000,-1,-1,0.000,-1,-1,0.000,-1,-1,0.000,-1,-1
391,13.067,0,0.000,-1,-1,0.000,-1,-1,0.000,-1,-1,0.000,-1,-1,0.000,-1,-1,0.000,-1,-1,0.000,-1,-1,0.000,-1,-1,0.000,-1,-1
392,13.100,0,0.000,-1,-1,0.000,-1,-1,0.000,-1,-1,0.000,-1,-1,0.000,-1,-1,0.000,-1,-1,0.000,-1,-1,0.000,-1,-1,0.000,-1,-1
393,13.133,0,0.000,-1,-1,0.000,-1,-1,0.000,-1,-1,0.000,-1,-1,0.000,-1,-1,0.000,-1,-1,0.000,-1,-1,0.000,-1,-1,0.000,-1,-1
394,13.167,0,0.000,-1,-1,0.000,-1,-1,0.000,-1,-1,0.000,-1,-1,0.000,-1,-1,0.000,-1,-1,0.000,-1,-1,0.000,-1,-1,0.000,-1,-1
395,13.200,0,0.000,-1,-1,0.000,-1,-1,0.000,-1,-1,0.000,-1,-1,0.000,-1,-1,0.000,-1,-1,0.000,-1,-1,0.000,-1,-1,0.000,-1,-1
396,13.233,0,0.000,-1,-1,0.000,-1,-1,0.000,-1,-1,0.000,-1,-1,0.000,-1,-1,0.000,-1,-1,0.000,-1,-1,0.000,-1,-1,0.000,-1,-1
397,13.267,0,0.000,-1,-1,0.000,-1,-1,0.000,-1,-1,0.000,-1,-1,0.000,-1,-1,0.000,-1,-1,0.000,-1,-1,0.000,-1,-1,0.000,-1,-1
398,13.300,0,0.000,-1,-1,0.000,-1,-1,0.000,-1,-1,0.000,-1,-1,0.000,-1,-1,0.000,-1,-1,0.000,-1,-1,0.000,-1,-1,0.000,-1,-1
399,13.333,0,0.000,-1,-1,0.000,-1,-1,0.000,-1,-1,0.000,-1,-1,0.000,-1,-1,0.000,-1,-1,0.000,-1,-1,0.000,-1,-1,0.000,-1,-1
400,13.367,0,0.000,-1,-1,0.000,-1,-1,0.000,-1,-1,0.000,-1,-1,0.000,-1,-1,0.000,-1,-1,0.000,-1,-1,0.000,-1,-1,0.000,-1,-1
401,13.400,0,0.000,-1,-1,0.000,-1,-1,0.000,-1,-1,0.000,-1,-1,0.000,-1,-1,0.000,-1,-1,0.000,-1,-1,0.000,-1,-1,0.000,-1,-1
402,13.433,0,0.000,-1,-1,0.000,-1,-1,0.000,-1,-1,0.000,-1,-1,0.000,-1,-1,0.000,-1,-1,0.000,-1,-1,0.000,-1,-1,0.000,-1,-1
403,13.467,0,0.000,-1,-1,0.000,-1,-1,0.000,-1,-1,0.000,-1,-1,0.000,-1,-1,0.000,-1,-1,0.000,-1,-1,0.000,-1,-1,0.000,-1,-1
404,13.500,0,0.000,-1,-1,0.000,-1,-1,0.000,-1,-1,0.000,-1,-1,0.000,-1,-1,0.000,-1,-1,0.000,-1,-1,0.000,-1,-1,0.000,-1,-1
405,13.533,0,0.000,-1,-1,0.000,-1,-1,0.000,-1,-1,0.000,-1,-1,0.000,-1,-1,0.000,-1,-1,0.000,-1,-1,0.000,-1,-1,0.000,-1,-1
406,13.567,0,0.000,-1,-1,0.000,-1,-1,0.000,-1,-1,0.000,-1,-1,0.000,-1,-1,0.000,-1,-1,0.000,-1,-1,0.000,-1,-1,0.000,-1,-1
407,13.600,0,0.000,-1,-1,0.000,-1,-1,0.000,-1,-1,0.000,-1,-1,0.000,-1,-1,0.000,-1,-1,0.000,-1,-1,0.000,-1,-1,0.000,-1,-1
408,13.633,0,0.000,-1,-1,0.000,-1,-1,0.000,-1,-1,0.000,-1,-1,0.000,-1,-1,0.000,-1,-1,0.000,-1,-1,0.000,-1,-1,0.000,-1,-1
409,13.667,0,0.000,-1,-1,0.000,-1,-1,0.000,-1,-1,0.000,-1,-1,0.000,-1,-1,0.000,-1,-1,0.000,-1,-1,0.000,-1,-1,0.000,-1,-1
410,13.700,0,0.000,-1,-1,0.000,-1,-1,0.000,-1,-1,0.000,-1,-1,0.000,-1,-1,0.000,-1,-1,0.000,-1,-1,0.000,-1,-1,0.000,-1,-1
411,13.733,0,0.000,-1,-1,0.000,-1,-1,0.000,-1,-1,0.000,-1,-1,0.000,-1,-1,0.000,-1,-1,0.000,-1,-1,0.000,-1,-1,0.000,-1,-1
412,13.767,0,0.000,-1,-1,0.000,-1,-1,0.000,-1,-1,0.000,-1,-1,0.000,-1,-1,0.000,-1,-1,0.000,-1,-1,0.000,-1,-1,0.000,-1,-1
413,13.800,0,0.000,-1,-1,0.000,-1,-1,0.000,-1,-1,0.000,-1,-1,0.000,-1,-1,0.000,-1,-1,0.000,-1,-1,0.000,-1,-1,0.000,-1,-1
414,13.833,0,0.000,-1,-1,0.000,-1,-1,0.000,-1,-1,0.000,-1,-1,0.000,-1,-1,0.000,-1,-1,0.000,-1,-1,0.000,-1,-1,0.000,-1,-1
415,13.867,0,0.000,-1,-1,0.000,-1,-1,0.000,-1,-1,0.000,-1,-1,0.000,-1,-1,0.000,-1,-1,0.000,-1,-1,0.000,-1,-1,0.000,-1,-1
416,13.900,0,0.000,-1,-1,0.000,-1,-1,0.000,-1,-1,0.000,-1,-1,0.000,-1,-1,0.000,-1,-1,0.000,-1,-1,0.000,-1,-1,0.000,-1,-1
417,13.933,0,0.000,-1,-1,0.000,-1,-1,0.000,-1,-1,0.000,-1,-1,0.000,-1,-1,0.000,-1,-1,0.000,-1,-1,0.000,-1,-1,0.000,-1,-1
418,13.967,0,0.000,-1,-1,0.000,-1,-1,0.000,-1,-1,0.000,-1,-1,0.000,-1,-1,0.000,-1,-1,0.000,-1,-1,0.000,-1,-1,0.000,-1,-1
419,14.000,0,0.000,-1,-1,0.000,-1,-1,0.000,-1,-1,0.000,-1,-1,0.000,-1,-1,0.000,-1,-1,0.000,-1,-1,0.000,-1,-1,0.000,-1,-1
420,14.033,0,0.000,-1,-1,0.000,-1,-1,0.000,-1,-1,0.000,-1,-1,0.000,-1,-1,0.000,-1,-1,0.000,-1,-1,0.000,-1,-1,0.000,-1,-1
421,14.067,0,0.000,-1,-1,0.000,-1,-1,0.000,-1,-1,0.000,-1,-1,0.000,-1,-1,0.000,-1,-1,0.000,-1,-1,0.000,-1,-1,0.000,-1,-1
422,14.100,0,0.000,-1,-1,0.000,-1,-1,0.000,-1,-1,0.000,-1,-1,0.000,-1,-1,0.000,-1,-1,0.000,-1,-1,0.000,-1,-1,0.000,-1,-1
423,14.133,0,0.000,-1,-1,0.000,-1,-1,0.000,-1,-1,0.000,-1,-1,0.000,-1,-1,0.000,-1,-1,0.000,-1,-1,0.000,-1,-1,0.000,-1,-1
424,14.167,0,0.000,-1,-1,0.000,-1,-1,0.000,-1,-1,0.000,-1,-1,0.000,-1,-1,0.000,-1,-1,0.000,-1,-1,0.000,-1,-1,0.000,-1,-1
425,14.200,0,0.000,-1,-1,0.000,-1,-1,0.000,-1,-1,0.000,-1,-1,0.000,-1,-1,0.000,-1,-1,0.000,-1,-1,0.000,-1,-1,0.000,-1,-1
426,14.233,0,0.000,-1,-1,0.000,-1,-1,0.000,-1,-1,0.000,-1,-1,0.000,-1,-1,0.000,-1,-1,0.000,-1,-1,0.000,-1,-1,0.000,-1,-1
427,14.267,0,0.000,-1,-1,0.000,-1,-1,0.000,-1,-1,0.000,-1,-1,0.000,-1,-1,0.000,-1,-1,0.000,-1,-1,0.000,-1,-1,0.000,-1,-1
428,14.300,0,0.000,-1,-1,0.000,-1,-1,0.000,-1,-1,0.000,-1,-1,0.000,-1,-1,0.000,-1,-1,0.000,-1,-1,0.000,-1,-1,0.000,-1,-1
429,14.333,0,0.000,-1,-1,0.000,-1,-1,0.000,-1,-1,0.000,-1,-1,0.000,-1,-1,0.000,-1,-1,0.000,-1,-1,0.000,-1,-1,0.000,-1,-1
430,14.367,0,0.000,-1,-1,0.000,-1,-1,0.000,-1,-1,0.000,-1,-1,0.000,-1,-1,0.000,-1,-1,0.000,-1,-1,0.000,-1,-1,0.000,-1,-1
431,14.400,0,0.000,-1,-1,0.000,-1,-1,0.000,-1,-1,0.000,-1,-1,0.000,-1,-1,0.000,-1,-1,0.000,-1,-1,0.000,-1,-1,0.000,-1,-1
432,14.433,0,0.000,-1,-1,0.000,-1,-1,0.000,-1,-1,0.000,-1,-1,0.000,-1,-1,0.000,-1,-1,0.000,-1,-1,0.000,-1,-1,0.000,-1,-1
433,14.467,0,0.000,-1,-1,0.000,-1,-1,0.000,-1,-1,0.000,-1,-1,0.000,-1,-1,0.000,-1,-1,0.000,-1,-1,0.000,-1,-1,0.000,-1,-1
434,14.500,0,0.000,-1,-1,0.000,-1,-1,0.000,-1,-1,0.000,-1,-1,0.000,-1,-1,0.000,-1,-1,0.000,-1,-1,0.000,-1,-1,0.000,-1,-1
435,14.533,0,0.000,-1,-1,0.000,-1,-1,0.000,-1,-1,0.000,-1,-1,0.000,-1,-1,0.000,-1,-1,0.000,-1,-1,0.000,-1,-1,0.000,-1,-1
436,14.567,0,0.000,-1,-1,0.000,-1,-1,0.000,-1,-1,0.000,-1,-1,0.000,-1,-1,0.000,-1,-1,0.000,-1,-1,0.000,-1,-1,0.000,-1,-1
437,14.600,0,0.000,-1,-1,0.000,-1,-1,0.000,-1,-1,0.000,-1,-1,0.000,-1,-1,0.000,-1,-1,0.000,-1,-1,0.000,-1,-1,0.000,-1,-1
438,14.633,0,0.000,-1,-1,0.000,-1,-1,0.000,-1,-1,0.000,-1,-1,0.000,-1,-1,0.000,-1,-1,0.000,-1,-1,0.000,-1,-1,0.000,-1,-1
439,14.667,0,0.000,-1,-1,0.000,-1,-1,0.000,-1,-1,0.000,-1,-1,0.000,-1,-1,0.000,-1,-1,0.000,-1,-1,0.000,-1,-1,0.000,-1,-1
440,14.700,0,0.000,-1,-1,0.000,-1,-1,0.000,-1,-1,0.000,-1,-1,0.000,-1,-1,0.000,-1,-1,0.000,-1,-1,0.000,-1,-1,0.000,-1,-1
441,14.733,0,0.000,-1,-1,0.000,-1,-1,0.000,-1,-1,0.000,-1,-1,0.000,-1,-1,0.000,-1,-1,0.000,-1,-1,0.000,-1,-1,0.000,-1,-1
442,14.767,0,0.000,-1,-1,0.000,-1,-1,0.000,-1,-1,0.000,-1,-1,0.000,-1,-1,0.000,-1,-1,0.000,-1,-1,0.000,-1,-1,0.000,-1,-1
443,14.800,0,0.000,-1,-1,0.000,-1,-1,0.000,-1,-1,0.000,-1,-1,0.000,-1,-1,0.000,-1,-1,0.000,-1,-1,0.000,-1,-1,0.000,-1,-1
444,14.833,0,0.000,-1,-1,0.000,-1,-1,0.000,-1,-1,0.000,-1,-1,0.000,-1,-1,0.000,-1,-1,0.000,-1,-1,0.000,-1,-1,0.000,-1,-1
445,14.867,6,0.387,0.9597,0.9721,0.000,0.0000,1.0000,0.293,0.5607,0.8032,0.000,0.0000,1.0000,0.102,0.3261,0.6299,0.000,0.0000,1.0000,0.000,0.0000,1.0000,0.000,0.0000,1.0000,0.000,0.0000,1.0000
446,14.900,0,0.000,-1,-1,0.000,-1,-1,0.000,-1,-1,0.000,-1,-1,0.000,-1,-1,0.000,-1,-1,0.000,-1,-1,0.000,-1,-1,0.000,-1,-1
447,14.933,0,0.000,-1,-1,0.000,-1,-1,0.000,-1,-1,0.000,-1,-1,0.000,-1,-1,0.000,-1,-1,0.000,-1,-1,0.000,-1,-1,0.000,-1,-1
448,14.967,0,0.000,-1,-1,0.000,-1,-1,0.000,-1,-1,0.000,-1,-1,0.000,-1,-1,0.000,-1,-1,0.000,-1,-1,0.000,-1,-1,0.000,-1,-1
449,15.000,0,0.000,-1,-1,0.000,-1,-1,0.000,-1,-1,0.000,-1,-1,0.000,-1,-1,0.000,-1,-1,0.000,-1,-1,0.000,-1,-1,0.000,-1,-1
450,15.033,0,0.000,-1,-1,0.000,-1,-1,0.000,-1,-1,0.000,-1,-1,0.000,-1,-1,0.000,-1,-1,0.000,-1,-1,0.000,-1,-1,0.000,-1,-1
451,15.067,0,0.000,-1,-1,0.000,-1,-1,0.000,-1,-1,0.000,-1,-1,0.000,-1,-1,0.000,-1,-1,0.000,-1,-1,0.000,-1,-1,0.000,-1,-1
452,15.100,0,0.000,-1,-1,0.000,-1,-1,0.000,-1,-1,0.000,-1,-1,0.000,-1,-1,0.000,-1,-1,0.000,-1,-1,0.000,-1,-1,0.000,-1,-1
453,15.133,0,0.000,-1,-1,0.000,-1,-1,0.000,-1,-1,0.000,-1,-1,0.000,-1,-1,0.000,-1,-1,0.000,-1,-1,0.000,-1,-1,0.000,-1,-1
454,15.167,0,0.000,-1,-1,0.000,-1,-1,0.000,-1,-1,0.000,-1,-1,0.000,-1,-1,0.000,-1,-1,0.000,-1,-1,0.000,-1,-1,0.000,-1,-1
455,15.200,0,0.000,-1,-1,0.000,-1,-1,0.000,-1,-1,0.000,-1,-1,0.000,-1,-1,0.000,-1,-1,0.000,-1,-1,0.000,-1,-1,0.000,-1,-1
456,15.233,0,0.000,-1,-1,0.000,-1,-1,0.000,-1,-1,0.000,-1,-1,0.000,-1,-1,0.000,-1,-1,0.000,-1,-1,0.000,-1,-1,0.000,-1,-1
457,15.267,0,0.000,-1,-1,0.000,-1,-1,0.000,-1,-1,0.000,-1,-1,0.000,-1,-1,0.000,-1,-1,0.000,-1,-1,0.000,-1,-1,0.000,-1,-1
458,15.300,6,0.519,0.9647,0.9543,0.000,0.0000,1.0000,0.237,0.5806,0.7938,0.000,0.0000,1.0000,0.103,0.3045,0.6077,0.000,0.0000,1.0000,0.000,0.0000,1.0000,0.000,0.0000,1.0000,0.000,0.0000,1.0000
459,15.333,0,0.000,-1,-1,0.000,-1,-1,0.000,-1,-1,0.000,-1,-1,0.000,-1,-1,0.000,-1,-1,0.000,-1,-1,0.000,-1,-1,0.000,-1,-1
460,15.367,0,0.000,-1,-1,0.000,-1,-1,0.000,-1,-1,0.000,-1,-1,0.000,-1,-1,0.000,-1,-1,0.000,-1,-1,0.000,-1,-1,0.000,-1,-1
461,15.400,0,0.000,-1,-1,0.000,-1,-1,0.000,-1,-1,0.000,-1,-1,0.000,-1,-1,0.000,-1,-1,0.000,-1,-1,0.000,-1,-1,0.000,-1,-1
462,15.433,0,0.000,-1,-1,0.000,-1,-1,0.000,-1,-1,0.000,-1,-1,0.000,-1,-1,0.000,-1,-1,0.000,-1,-1,0.000,-1,-1,0.000,-1,-1
463,15.467,0,0.000,-1,-1,0.000,-1,-1,0.000,-1,-1,0.000,-1,-1,0.000,-1,-1,0.000,-1,-1,0.000,-1,-1,0.000,-1,-1,0.000,-1,-1
464,15.500,0,0.000,-1,-1,0.000,-1,-1,0.000,-1,-1,0.000,-1,-1,0.000,-1,-1,0.000,-1,-1,0.000,-1,-1,0.000,-1,-1,0.000,-1,-1
465,15.533,0,0.000,-1,-1,0.000,-1,-1,0.000,-1,-1,0.000,-1,-1,0.000,-1,-1,0.000,-1,-1,0.000,-1,-1,0.000,-1,-1,0.000,-1,-1
466,15.567,0,0.000,-1,-1,0.000,-1,-1,0.000,-1,-1,0.000,-1,-1,0.000,-1,-1,0.000,-1,-1,0.000,-1,-1,0.000,-1,-1,0.000,-1,-1
467,15.600,0,0.000,-1,-1,0.000,-1,-1,0.000,-1,-1,0.000,-1,-1,0.000,-1,-1,0.000,-1,-1,0.000,-1,-1,0.000,-1,-1,0.000,-1,-1
468,15.633,0,0.000,-1,-1,0.000,-1,-1,0.000,-1,-1,0.000,-1,-1,0.000,-1,-1,0.000,-1,-1,0.000,-1,-1,0.000,-1,-1,0.000,-1,-1
469,15.667,0,0.000,-1,-1,0.000,-1,-1,0.000,-1,-1,0.000,-1,-1,0.000,-1,-1,0.000,-1,-1,0.000,-1,-1,0.000,-1,-1,0.000,-1,-1
470,15.700,0,0.000,-1,-1,0.000,-1,-1,0.000,-1,-1,0.000,-1,-1,0.000,-1,-1,0.000,-1,-1,0.000,-1,-1,0.000,-1,-1,0.000,-1,-1
471,15.733,0,0.000,-1,-1,0.000,-1,-1,0.000,-1,-1,0.000,-1,-1,0.000,-1,-1,0.000,-1,-1,0.000,-1,-1,0.000,-1,-1,0.000,-1,-1
472,15.767,0,0.000,-1,-1,0.000,-1,-1,0.000,-1,-1,0.000,-1,-1,0.000,-1,-1,0.000,-1,-1,0.000,-1,-1,0.000,-1,-1,0.000,-1,-1
473,15.800,0,0.000,-1,-1,0.000,-1,-1,0.000,-1,-1,0.000,-1,-1,0.000,-1,-1,0.000,-1,-1,0.000,-1,-1,0.000,-1,-1,0.000,-1,-1
474,15.833,0,0.000,-1,-1,0.000,-1,-1,0.000,-1,-1,0.000,-1,-1,0.000,-1,-1,0.000,-1,-1,0.000,-1,-1,0.000,-1,-1,0.000,-1,-1
475,15.867,0,0.000,-1,-1,0.000,-1,-1,0.000,-1,-1,0.000,-1,-1,0.000,-1,-1,0.000,-1,-1,0.000,-1,-1,0.000,-1,-1,0.000,-1,-1
476,15.900,0,0.000,-1,-1,0.000,-1,-1,0.000,-1,-1,0.000,-1,-1,0.000,-1,-1,0.000,-1,-1,0.000,-1,-1,0.000,-1,-1,0.000,-1,-1
477,15.933,0,0.000,-1,-1,0.000,-1,-1,0.000,-1,-1,0.000,-1,-1,0.000,-1,-1,0.000,-1,-1,0.000,-1,-1,0.000,-1,-1,0.000,-1,-1
478,15.967,0,0.000,-1,-1,0.000,-1,-1,0.000,-1,-1,0.000,-1,-1,0.000,-1,-1,0.000,-1,-1,0.000,-1,-1,0.000,-1,-1,0.000,-1,-1
479,16.000,0,0.000,-1,-1,0.000,-1,-1,0.000,-1,-1,0.000,-1,-1,0.000,-1,-1,0.000,-1,-1,0.000,-1,-1,0.000,-1,-1,0.000,-1,-1
480,16.033,0,0.000,-1,-1,0.000,-1,-1,0.000,-1,-1,0.000,-1,-1,0.000,-1,-1,0.000,-1,-1,0.000,-1,-1,0.000,-1,-1,0.000,-1,-1
481,16.067,0,0.000,-1,-1,0.000,-1,-1,0.000,-1,-1,0.000,-1,-1,0.000,-1,-1,0.000,-1,-1,0.000,-1,-1,0.000,-1,-1,0.000,-1,-1
482,16.100,0,0.000,-1,-1,0.000,-1,-1,0.000,-1,-1,0.000,-1,-1,0.000,-1,-1,0.000,-1,-1,0.000,-1,-1,0.000,-1,-1,0.000,-1,-1
483,16.133,0,0.000,-1,-1,0.000,-1,-1,0.000,-1,-1,0.000,-1,-1,0.000,-1,-1,0.000,-1,-1,0.000,-1,-1,0.000,-1,-1,0.000,-1,-1
484,16.167,0,0.000,-1,-1,0.000,-1,-1,0.000,-1,-1,0.000,-1,-1,0.000,-1,-1,0.000,-1,-1,0.000,-1,-1,0.000,-1,-1,0.000,-1,-1
485,16.200,0,0.000,-1,-1,0.000,-1,-1,0.000,-1,-1,0.000,-1,-1,0.000,-1,-1,0.000,-1,-1,0.000,-1,-1,0.000,-1,-1,0.000,-1,-1
486,16.233,0,0.000,-1,-1,0.000,-1,-1,0.000,-1,-1,0.000,-1,-1,0.000,-1,-1,0.000,-1,-1,0.000,-1,-1,0.000,-1,-1,0.000,-1,-1
487,16.267,0,0.000,-1,-1,0.000,-1,-1,0.000,-1,-1,0.000,-1,-1,0.000,-1,-1,0.000,-1,-1,0.000,-1,-1,0.000,-1,-1,0.000,-1,-1
488,16.300,0,0.000,-1,-1,0.000,-1,-1,0.000,-1,-1,0.000,-1,-1,0.000,-1,-1,0.000,-1,-1,0.000,-1,-1,0.000,-1,-1,0.000,-1,-1
489,16.333,0,0.000,-1,-1,0.000,-1,-1,0.000,-1,-1,0.000,-1,-1,0.000,-1,-1,0.000,-1,-1,0.000,-1,-1,0.000,-1,-1,0.000,-1,-1
490,16.367,0,0.000,-1,-1,0.000,-1,-1,0.000,-1,-1,0.000,-1,-1,0.000,-1,-1,0.000,-1,-1,0.000,-1,-1,0.000,-1,-1,0.000,-1,-1
491,16.400,0,0.000,-1,-1,0.000,-1,-1,0.000,-1,-1,0.000,-1,-1,0.000,-1,-1,0.000,-1,-1,0.000,-1,-1,0.000,-1,-1,0.000,-1,-1
492,16.433,0,0.000,-1,-1,0.000,-1,-1,0.000,-1,-1,0.000,-1,-1,0.000,-1,-1,0.000,-1,-1,0.000,-1,-1,0.000,-1,-1,0.000,-1,-1
493,16.467,0,0.000,-1,-1,0.000,-1,-1,0.000,-1,-1,0.000,-1,-1,0.000,-1,-1,0.000,-1,-1,0.000,-1,-1,0.000,-1,-1,0.000,-1,-1
494,16.500,0,0.000,-1,-1,0.000,-1,-1,0.000,-1,-1,0.000,-1,-1,0.000,-1,-1,0.000,-1,-1,0.000,-1,-1,0.000,-1,-1,0.000,-1,-1
495,16.533,0,0.000,-1,-1,0.000,-1,-1,0.000,-1,-1,0.000,-1,-1,0.000,-1,-1,0.000,-1,-1,0.000,-1,-1,0.000,-1,-1,0.000,-1,-1
496,16.567,0,0.000,-1,-1,0.000,-1,-1,0.000,-1,-1,0.000,-1,-1,0.000,-1,-1,0.000,-1,-1,0.000,-1,-1,0.000,-1,-1,0.000,-1,-1
497,16.600,0,0.000,-1,-1,0.000,-1,-1,0.000,-1,-1,0.000,-1,-1,0.000,-1,-1,0.000,-1,-1,0.000,-1,-1,0.000,-1,-1,0.000,-1,-1
498,16.633,0,0.000,-1,-1,0.000,-1,-1,0.000,-1,-1,0.000,-1,-1,0.000,-1,-1,0.000,-1,-1,0.000,-1,-1,0.000,-1,-1,0.000,-1,-1
499,16.667,0,0.000,-1,-1,0.000,-1,-1,0.000,-1,-1,0.000,-1,-1,0.000,-1,-1,0.000,-1,-1,0.000,-1,-1,0.000,-1,-1,0.000,-1,-1
500,16.700,0,0.000,-1,-1,0.000,-1,-1,0.000,-1,-1,0.000,-1,-1,0.000,-1,-1,0.000,-1,-1,0.000,-1,-1,0.000,-1,-1,0.000,-1,-1
501,16.733,0,0.000,-1,-1,0.000,-1,-1,0.000,-1,-1,0.000,-1,-1,0.000,-1,-1,0.000,-1,-1,0.000,-1,-1,0.000,-1,-1,0.000,-1,-1
502,16.767,0,0.000,-1,-1,0.000,-1,-1,0.000,-1,-1,0.000,-1,-1,0.000,-1,-1,0.000,-1,-1,0.000,-1,-1,0.000,-1,-1,0.000,-1,-1
503,16.800,0,0.000,-1,-1,0.000,-1,-1,0.000,-1,-1,0.000,-1,-1,0.000,-1,-1,0.000,-1,-1,0.000,-1,-1,0.000,-1,-1,0.000,-1,-1
504,16.833,0,0.000,-1,-1,0.000,-1,-1,0.000,-1,-1,0.000,-1,-1,0.000,-1,-1,0.000,-1,-1,0.000,-1,-1,0.000,-1,-1,0.000,-1,-1
505,16.867,0,0.000,-1,-1,0.000,-1,-1,0.000,-1,-1,0.000,-1,-1,0.000,-1,-1,0.000,-1,-1,0.000,-1,-1,0.000,-1,-1,0.000,-1,-1
506,16.900,0,0.000,-1,-1,0.000,-1,-1,0.000,-1,-1,0.000,-1,-1,0.000,-1,-1,0.000,-1,-1,0.000,-1,-1,0.000,-1,-1,0.000,-1,-1
507,16.933,0,0.000,-1,-1,0.000,-1,-1,0.000,-1,-1,0.000,-1,-1,0.000,-1,-1,0.000,-1,-1,0.000,-1,-1,0.000,-1,-1,0.000,-1,-1
508,16.967,0,0.000,-1,-1,0.000,-1,-1,0.000,-1,-1,0.000,-1,-1,0.000,-1,-1,0.000,-1,-1,0.000,-1,-1,0.000,-1,-1,0.000,-1,-1
509,17.000,0,0.000,-1,-1,0.000,-1,-1,0.000,-1,-1,0.000,-1,-1,0.000,-1,-1,0.000,-1,-1,0.000,-1,-1,0.000,-1,-1,0.000,-1,-1
510,17.033,0,0.000,-1,-1,0.000,-1,-1,0.000,-1,-1,0.000,-1,-1,0.000,-1,-1,0.000,-1,-1,0.000,-1,-1,0.000,-1,-1,0.000,-1,-1
511,17.067,0,0.000,-1,-1,0.000,-1,-1,0.000,-1,-1,0.000,-1,-1,0.000,-1,-1,0.000,-1,-1,0.000,-1,-1,0.000,-1,-1,0.000,-1,-1
512,17.100,0,0.000,-1,-1,0.000,-1,-1,0.000,-1,-1,0.000,-1,-1,0.000,-1,-1,0.000,-1,-1,0.000,-1,-1,0.000,-1,-1,0.000,-1,-1
513,17.133,0,0.000,-1,-1,0.000,-1,-1,0.000,-1,-1,0.000,-1,-1,0.000,-1,-1,0.000,-1,-1,0.000,-1,-1,0.000,-1,-1,0.000,-1,-1
514,17.167,0,0.000,-1,-1,0.000,-1,-1,0.000,-1,-1,0.000,-1,-1,0.000,-1,-1,0.000,-1,-1,0.000,-1,-1,0.000,-1,-1,0.000,-1,-1
515,17.200,0,0.000,-1,-1,0.000,-1,-1,0.000,-1,-1,0.000,-1,-1,0.000,-1,-1,0.000,-1,-1,0.000,-1,-1,0.000,-1,-1,0.000,-1,-1
516,17.233,0,0.000,-1,-1,0.000,-1,-1,0.000,-1,-1,0.000,-1,-1,0.000,-1,-1,0.000,-1,-1,0.000,-1,-1,0.000,-1,-1,0.000,-1,-1
517,17.267,0,0.000,-1,-1,0.000,-1,-1,0.000,-1,-1,0.000,-1,-1,0.000,-1,-1,0.000,-1,-1,0.000,-1,-1,0.000,-1,-1,0.000,-1,-1
518,17.300,0,0.000,-1,-1,0.000,-1,-1,0.000,-1,-1,0.000,-1,-1,0.000,-1,-1,0.000,-1,-1,0.000,-1,-1,0.000,-1,-1,0.000,-1,-1
519,17.333,0,0.000,-1,-1,0.000,-1,-1,0.000,-1,-1,0.000,-1,-1,0.000,-1,-1,0.000,-1,-1,0.000,-1,-1,0.000,-1,-1,0.000,-1,-1
520,17.367,0,0.000,-1,-1,0.000,-1,-1,0.000,-1,-1,0.000,-1,-1,0.000,-1,-1,0.000,-1,-1,0.000,-1,-1,0.000,-1,-1,0.000,-1,-1
521,17.400,0,0.000,-1,-1,0.000,-1,-1,0.000,-1,-1,0.000,-1,-1,0.000,-1,-1,0.000,-1,-1,0.000,-1,-1,0.000,-1,-1,0.000,-1,-1
522,17.433,0,0.000,-1,-1,0.000,-1,-1,0.000,-1,-1,0.000,-1,-1,0.000,-1,-1,0.000,-1,-1,0.000,-1,-1,0.000,-1,-1,0.000,-1,-1
523,17.467,0,0.000,-1,-1,0.000,-1,-1,0.000,-1,-1,0.000,-1,-1,0.000,-1,-1,0.000,-1,-1,0.000,-1,-1,0.000,-1,-1,0.000,-1,-1
524,17.500,0,0.000,-1,-1,0.000,-1,-1,0.000,-1,-1,0.000,-1,-1,0.000,-1,-1,0.000,-1,-1,0.000,-1,-1,0.000,-1,-1,0.000,-1,-1
525,17.533,0,0.000,-1,-1,0.000,-1,-1,0.000,-1,-1,0.000,-1,-1,0.000,-1,-1,0.000,-1,-1,0.000,-1,-1,0.000,-1,-1,0.000,-1,-1
526,17.567,0,0.000,-1,-1,0.000,-1,-1,0.000,-1,-1,0.000,-1,-1,0.000,-1,-1,0.000,-1,-1,0.000,-1,-1,0.000,-1,-1,0.000,-1,-1
527,17.600,0,0.000,-1,-1,0.000,-1,-1,0.000,-1,-1,0.000,-1,-1,0.000,-1,-1,0.000,-1,-1,0.000,-1,-1,0.000,-1,-1,0.000,-1,-1
528,17.633,0,0.000,-1,-1,0.000,-1,-1,0.000,-1,-1,0.000,-1,-1,0.000,-1,-1,0.000,-1,-1,0.000,-1,-1,0.000,-1,-1,0.000,-1,-1
529,17.667,0,0.000,-1,-1,0.000,-1,-1,0.000,-1,-1,0.000,-1,-1,0.000,-1,-1,0.000,-1,-1,0.000,-1,-1,0.000,-1,-1,0.000,-1,-1
530,17.700,0,0.000,-1,-1,0.000,-1,-1,0.000,-1,-1,0.000,-1,-1,0.000,-1,-1,0.000,-1,-1,0.000,-1,-1,0.000,-1,-1,0.000,-1,-1
531,17.733,0,0.000,-1,-1,0.000,-1,-1,0.000,-1,-1,0.000,-1,-1,0.000,-1,-1,0.000,-1,-1,0.000,-1,-1,0.000,-1,-1,0.000,-1,-1
532,17.767,0,0.000,-1,-1,0.000,-1,-1,0.000,-1,-1,0.000,-1,-1,0.000,-1,-1,0.000,-1,-1,0.000,-1,-1,0.000,-1,-1,0.000,-1,-1
533,17.800,0,0.000,-1,-1,0.000,-1,-1,0.000,-1,-1,0.000,-1,-1,0.000,-1,-1,0.000,-1,-1,0.000,-1,-1,0.000,-1,-1,0.000,-1,-1
534,17.833,0,0.000,-1,-1,0.000,-1,-1,0.000,-1,-1,0.000,-1,-1,0.000,-1,-1,0.000,-1,-1,0.000,-1,-1,0.000,-1,-1,0.000,-1,-1
535,17.867,0,0.000,-1,-1,0.000,-1,-1,0.000,-1,-1,0.000,-1,-1,0.000,-1,-1,0.000,-1,-1,0.000,-1,-1,0.000,-1,-1,0.000,-1,-1
536,17.900,0,0.000,-1,-1,0.000,-1,-1,0.000,-1,-1,0.000,-1,-1,0.000,-1,-1,0.000,-1,-1,0.000,-1,-1,0.000,-1,-1,0.000,-1,-1
537,17.933,0,0.000,-1,-1,0.000,-1,-1,0.000,-1,-1,0.000,-1,-1,0.000,-1,-1,0.000,-1,-1,0.000,-1,-1,0.000,-1,-1,0.000,-1,-1
538,17.967,0,0.000,-1,-1,0.000,-1,-1,0.000,-1,-1,0.000,-1,-1,0.000,-1,-1,0.000,-1,-1,0.000,-1,-1,0.000,-1,-1,0.000,-1,-1
539,18.000,0,0.000,-1,-1,0.000,-1,-1,0.000,-1,-1,0.000,-1,-1,0.000,-1,-1,0.000,-1,-1,0.000,-1,-1,0.000,-1,-1,0.000,-1,-1
540,18.033,0,0.000,-1,-1,0.000,-1,-1,0.000,-1,-1,0.000,-1,-1,0.000,-1,-1,0.000,-1,-1,0.000,-1,-1,0.000,-1,-1,0.000,-1,-1
541,18.067,0,0.000,-1,-1,0.000,-1,-1,0.000,-1,-1,0.000,-1,-1,0.000,-1,-1,0.000,-1,-1,0.000,-1,-1,0.000,-1,-1,0.000,-1,-1
542,18.100,0,0.000,-1,-1,0.000,-1,-1,0.000,-1,-1,0.000,-1,-1,0.000,-1,-1,0.000,-1,-1,0.000,-1,-1,0.000,-1,-1,0.000,-1,-1
543,18.133,0,0.000,-1,-1,0.000,-1,-1,0.000,-1,-1,0.000,-1,-1,0.000,-1,-1,0.000,-1,-1,0.000,-1,-1,0.000,-1,-1,0.000,-1,-1
544,18.167,0,0.000,-1,-1,0.000,-1,-1,0.000,-1,-1,0.000,-1,-1,0.000,-1,-1,0.000,-1,-1,0.000,-1,-1,0.000,-1,-1,0.000,-1,-1
545,18.200,0,0.000,-1,-1,0.000,-1,-1,0.000,-1,-1,0.000,-1,-1,0.000,-1,-1,0.000,-1,-1,0.000,-1,-1,0.000,-1,-1,0.000,-1,-1
546,18.233,0,0.000,-1,-1,0.000,-1,-1,0.000,-1,-1,0.000,-1,-1,0.000,-1,-1,0.000,-1,-1,0.000,-1,-1,0.000,-1,-1,0.000,-1,-1
547,18.267,0,0.000,-1,-1,0.000,-1,-1,0.000,-1,-1,0.000,-1,-1,0.000,-1,-1,0.000,-1,-1,0.000,-1,-1,0.000,-1,-1,0.000,-1,-1
548,18.300,0,0.000,-1,-1,0.000,-1,-1,0.000,-1,-1,0.000,-1,-1,0.000,-1,-1,0.000,-1,-1,0.000,-1,-1,0.000,-1,-1,0.000,-1,-1
549,18.333,0,0.000,-1,-1,0.000,-1,-1,0.000,-1,-1,0.000,-1,-1,0.000,-1,-1,0.000,-1,-1,0.000,-1,-1,0.000,-1,-1,0.000,-1,-1
550,18.367,0,0.000,-1,-1,0.000,-1,-1,0.000,-1,-1,0.000,-1,-1,0.000,-1,-1,0.000,-1,-1,0.000,-1,-1,0.000,-1,-1,0.000,-1,-1
551,18.400,0,0.000,-1,-1,0.000,-1,-1,0.000,-1,-1,0.000,-1,-1,0.000,-1,-1,0.000,-1,-1,0.000,-1,-1,0.000,-1,-1,0.000,-1,-1
552,18.433,0,0.000,-1,-1,0.000,-1,-1,0.000,-1,-1,0.000,-1,-1,0.000,-1,-1,0.000,-1,-1,0.000,-1,-1,0.000,-1,-1,0.000,-1,-1
553,18.467,0,0.000,-1,-1,0.000,-1,-1,0.000,-1,-1,0.000,-1,-1,0.000,-1,-1,0.000,-1,-1,0.000,-1,-1,0.000,-1,-1,0.000,-1,-1
554,18.500,6,0.000,0.0000,1.0000,0.000,0.0000,1.0000,0.000,0.0000,1.0000,0.330,0.6923,0.8393,0.414,0.6934,0.8361,0.111,0.6925,0.7100,0.618,0.6912,0.7149,0.000,0.0000,1.0000,0.129,0.9415,0.7384
555,18.533,0,0.000,-1,-1,0.000,-1,-1,0.000,-1,-1,0.000,-1,-1,0.000,-1,-1,0.000,-1,-1,0.000,-1,-1,0.000,-1,-1,0.000,-1,-1
556,18.567,7,0.000,0.0000,1.0000,0.146,0.7972,0.9805,0.185,0.8096,0.9802,0.361,0.7164,0.8319,0.441,0.7138,0.8318,0.310,0.7087,0.7018,0.423,0.7083,0.7083,0.000,0.0000,1.0000,0.000,0.0000,1.0000
557,18.600,9,0.000,0.0000,1.0000,0.148,0.7956,0.9800,0.277,0.8070,0.9783,0.336,0.7236,0.8279,0.448,0.7211,0.8267,0.181,0.7135,0.7067,0.628,0.7156,0.7081,0.000,0.0000,1.0000,0.111,0.9543,0.7236
558,18.633,7,0.000,0.0000,1.0000,0.286,0.8010,0.9781,0.162,0.8114,0.9784,0.454,0.7313,0.8241,0.371,0.7276,0.8236,0.354,0.7228,0.7085,0.493,0.7187,0.7052,0.000,0.0000,1.0000,0.000,0.0000,1.0000
559,18.667,7,0.000,0.0000,1.0000,0.209,0.8061,0.9753,0.240,0.8133,0.9733,0.434,0.7348,0.8216,0.448,0.7335,0.8218,0.260,0.7279,0.7071,0.533,0.7244,0.7064,0.000,0.0000,1.0000,0.000,0.0000,1.0000
560,18.700,0,0.000,-1,-1,0.000,-1,-1,0.000,-1,-1,0.000,-1,-1,0.000,-1,-1,0.000,-1,-1,0.000,-1,-1,0.000,-1,-1,0.000,-1,-1
561,18.733,8,0.000,0.0000,1.0000,0.000,0.0000,1.0000,0.509,0.8082,0.9576,0.000,0.0000,1.0000,0.730,0.7449,0.8121,0.000,0.0000,1.0000,0.689,0.7271,0.7063,0.000,0.0000,1.0000,0.146,0.9539,0.7239
562,18.767,8,0.000,0.0000,1.0000,0.465,0.8083,0.9477,0.160,0.8163,0.9500,0.629,0.7478,0.8086,0.192,0.7435,0.8075,0.562,0.7282,0.7061,0.130,0.7248,0.7001,0.000,0.0000,1.0000,0.000,0.0000,1.0000
563,18.800,0,0.000,-1,-1,0.000,-1,-1,0.000,-1,-1,0.000,-1,-1,0.000,-1,-1,0.000,-1,-1,0.000,-1,-1,0.000,-1,-1,0.000,-1,-1
564,18.833,8,0.000,0.0000,1.0000,0.478,0.8016,0.9294,0.275,0.8061,0.9329,0.520,0.7566,0.7946,0.256,0.7524,0.7946,0.559,0.7232,0.7072,0.202,0.7170,0.7043,0.000,0.0000,1.0000,0.000,0.0000,1.0000
565,18.867,11,0.000,0.0000,1.0000,0.549,0.8012,0.9233,0.182,0.8081,0.9241,0.542,0.7600,0.7876,0.206,0.7547,0.7859,0.541,0.7211,0.7072,0.269,0.7164,0.7061,0.000,0.0000,1.0000,0.000,0.0000,1.0000
566,18.900,11,0.000,0.0000,1.0000,0.125,0.7991,0.9157,0.630,0.8008,0.9134,0.000,0.0000,1.0000,0.775,0.7638,0.7803,0.000,0.0000,1.0000,0.784,0.7174,0.7069,0.000,0.0000,1.0000,0.227,0.9100,0.6839
567,18.933,10,0.000,0.0000,1.0000,0.000,0.0000,1.0000,0.705,0.8016,0.9053,0.000,0.0000,1.0000,0.804,0.7647,0.7744,0.000,0.0000,1.0000,0.790,0.7144,0.7040,0.000,0.0000,1.0000,0.224,0.9072,0.6836
568,18.967,10,0.000,0.0000,1.0000,0.000,0.0000,1.0000,0.707,0.7990,0.8985,0.000,0.0000,1.0000,0.805,0.7653,0.7668,0.000,0.0000,1.0000,0.779,0.7124,0.6985,0.000,0.0000,1.0000,0.239,0.8891,0.6800
569,19.000,10,0.000,0.0000,1.0000,0.000,0.0000,1.0000,0.670,0.7931,0.8901,0.000,0.0000,1.0000,0.847,0.7634,0.7591,0.000,0.0000,1.0000,0.734,0.7080,0.6920,0.000,0.0000,1.0000,0.226,0.8850,0.6690
570,19.033,11,0.132,0.7601,0.9818,0.000,0.0000,1.0000,0.635,0.7936,0.8859,0.000,0.0000,1.0000,0.791,0.7593,0.7508,0.000,0.0000,1.0000,0.774,0.6991,0.6818,0.000,0.0000,1.0000,0.209,0.8718,0.6655
571,19.067,15,0.558,0.7498,0.9741,0.113,0.9666,0.9061,0.680,0.7862,0.8726,0.000,0.0000,1.0000,0.827,0.7565,0.7453,0.000,0.0000,1.0000,0.757,0.6937,0.6735,0.113,0.9487,0.6481,0.273,0.8486,0.6536
572,19.100,14,0.701,0.7207,0.9711,0.126,0.9618,0.9131,0.610,0.7830,0.8673,0.000,0.0000,1.0000,0.765,0.7506,0.7369,0.000,0.0000,1.0000,0.722,0.6853,0.6665,0.156,0.9620,0.6485,0.378,0.8302,0.6453
573,19.133,14,0.778,0.7044,0.9578,0.110,0.9555,0.9467,0.537,0.7739,0.8588,0.000,0.0000,1.0000,0.750,0.7472,0.7261,0.000,0.0000,1.0000,0.798,0.6738,0.6569,0.000,0.0000,1.0000,0.300,0.8418,0.6337
574,19.167,15,0.863,0.6903,0.9424,0.258,0.9518,0.9461,0.574,0.7601,0.8522,0.000,0.0000,1.0000,0.583,0.7395,0.7247,0.000,0.0000,1.0000,0.715,0.6660,0.6496,0.139,0.9673,0.6406,0.317,0.8211,0.6400
575,19.200,15,0.874,0.6729,0.9288,0.333,0.9481,0.9579,0.622,0.7455,0.8458,0.000,0.0000,1.0000,0.495,0.7301,0.7198,0.000,0.0000,1.0000,0.744,0.6631,0.6466,0.184,0.9603,0.6406,0.290,0.8047,0.6303
576,19.233,14,0.878,0.6562,0.9177,0.320,0.9431,0.9511,0.630,0.7225,0.8347,0.000,0.0000,1.0000,0.414,0.7204,0.7180,0.000,0.0000,1.0000,0.692,0.6571,0.6414,0.226,0.9510,0.6430,0.296,0.7750,0.6315
577,19.267,16,0.783,0.6376,0.9132,0.349,0.8878,0.9386,0.487,0.7139,0.8283,0.205,0.9612,0.9648,0.314,0.7124,0.7080,0.352,0.9524,0.8623,0.757,0.6525,0.6407,0.181,0.9293,0.6568,0.228,0.7485,0.6326
578,19.300,17,0.694,0.6249,0.9036,0.420,0.8416,0.9284,0.379,0.6968,0.8174,0.441,0.9477,0.9390,0.410,0.6893,0.6948,0.611,0.9022,0.8341,0.758,0.6331,0.6208,0.260,0.9033,0.6582,0.314,0.7228,0.6203
579,19.333,16,0.586,0.6014,0.9058,0.244,0.8202,0.9162,0.328,0.6924,0.8172,0.460,0.9231,0.9198,0.373,0.6950,0.6978,0.704,0.8450,0.8169,0.739,0.6237,0.6130,0.293,0.8617,0.6663,0.304,0.7002,0.6202
580,19.367,16,0.636,0.5820,0.9000,0.462,0.8368,0.9332,0.319,0.6581,0.7983,0.365,0.8943,0.8936,0.359,0.6603,0.6917,0.757,0.7993,0.8010,0.793,0.6133,0.6096,0.333,0.8235,0.6696,0.320,0.6799,0.6216
581,19.400,16,0.660,0.5663,0.8907,0.442,0.8005,0.9269,0.245,0.6761,0.8219,0.443,0.8547,0.8923,0.224,0.6418,0.6803,0.767,0.7491,0.7828,0.464,0.6025,0.5982,0.352,0.7936,0.6770,0.254,0.6769,0.6472
582,19.433,16,0.771,0.5538,0.8893,0.589,0.7842,0.9275,0.186,0.6430,0.7999,0.420,0.8140,0.8752,0.214,0.6215,0.6700,0.789,0.6988,0.7666,0.411,0.5836,0.5798,0.337,0.7841,0.6793,0.207,0.6776,0.6563
583,19.467,15,0.730,0.5412,0.8823,0.494,0.7666,0.9134,0.124,0.6335,0.7932,0.256,0.7750,0.8603,0.000,0.0000,1.0000,0.654,0.6404,0.7463,0.312,0.5778,0.5891,0.272,0.7618,0.6833,0.156,0.7052,0.6635
584,19.500,15,0.725,0.5367,0.8771,0.414,0.7468,0.9053,0.125,0.6419,0.8056,0.312,0.6865,0.8027,0.000,0.0000,1.0000,0.619,0.5912,0.7346,0.000,0.0000,1.0000,0.262,0.7416,0.6918,0.150,0.7239,0.6788
585,19.533,13,0.430,0.5405,0.8721,0.234,0.7261,0.8909,0.000,0.0000,1.0000,0.206,0.7149,0.4184,0.000,0.0000,1.0000,0.461,0.5601,0.7273,0.000,0.0000,1.0000,0.166,0.7230,0.7000,0.000,0.0000,1.0000
586,19.567,14,0.494,0.5309,0.8690,0.245,0.6800,0.8588,0.141,0.6942,0.8292,0.240,0.5888,0.7762,0.000,0.0000,1.0000,0.679,0.5370,0.7204,0.000,0.0000,1.0000,0.217,0.7017,0.6997,0.203,0.7729,0.6688
587,19.600,15,0.445,0.5195,0.8524,0.253,0.6557,0.8520,0.000,0.0000,1.0000,0.244,0.5802,0.7862,0.000,0.0000,1.0000,0.733,0.5111,0.7198,0.120,0.4799,0.6758,0.211,0.6808,0.6900,0.294,0.7675,0.6658
588,19.633,16,0.375,0.5119,0.8568,0.571,0.6364,0.9120,0.135,0.6767,0.8210,0.677,0.6359,0.8466,0.000,0.0000,1.0000,0.623,0.4824,0.7162,0.233,0.4232,0.6632,0.262,0.6391,0.6965,0.401,0.7468,0.6690
589,19.667,17,0.275,0.5029,0.8470,0.608,0.6090,0.9089,0.136,0.6647,0.8218,0.679,0.6026,0.8412,0.125,0.6265,0.7385,0.729,0.4535,0.7147,0.396,0.4977,0.6997,0.337,0.6180,0.6930,0.424,0.7390,0.6668
590,19.700,14,0.000,0.0000,1.0000,0.600,0.5867,0.9098,0.282,0.6935,0.7973,0.705,0.5755,0.8459,0.000,0.0000,1.0000,0.637,0.4369,0.7136,0.215,0.4577,0.6896,0.277,0.5860,0.7037,0.386,0.7115,0.6766
591,19.733,14,0.000,0.0000,1.0000,0.588,0.5741,0.9034,0.425,0.6887,0.7877,0.716,0.5375,0.8418,0.108,0.5868,0.7463,0.747,0.4064,0.7099,0.192,0.4333,0.6851,0.306,0.5382,0.6821,0.416,0.7006,0.6550
592,19.767,12,0.000,0.0000,1.0000,0.547,0.5478,0.8997,0.448,0.6807,0.7884,0.746,0.5049,0.8397,0.000,0.0000,1.0000,0.782,0.3718,0.7031,0.000,0.0000,1.0000,0.285,0.5346,0.6713,0.453,0.7043,0.6350
593,19.800,14,0.000,0.0000,1.0000,0.499,0.5275,0.8916,0.492,0.6668,0.7801,0.665,0.4637,0.8360,0.135,0.6749,0.6883,0.815,0.3424,0.7002,0.208,0.3686,0.6404,0.284,0.5070,0.6585,0.451,0.6721,0.6337
594,19.833,14,0.000,0.0000,1.0000,0.547,0.5021,0.8870,0.585,0.6529,0.7824,0.755,0.4270,0.8290,0.653,0.6751,0.6656,0.803,0.3125,0.6972,0.000,0.0000,1.0000,0.344,0.4811,0.6681,0.435,0.6537,0.6312
595,19.867,14,0.000,0.0000,1.0000,0.628,0.4747,0.8818,0.601,0.6409,0.7790,0.693,0.3942,0.8241,0.733,0.6682,0.6500,0.805,0.2792,0.6899,0.000,0.0000,1.0000,0.357,0.4540,0.6668,0.415,0.6321,0.6244
596,19.900,15,0.000,0.0000,1.0000,0.636,0.4415,0.8766,0.621,0.6262,0.7862,0.726,0.3536,0.8156,0.803,0.6583,0.6518,0.805,0.2452,0.6845,0.000,0.0000,1.0000,0.365,0.4279,0.6585,0.440,0.6093,0.6294
597,19.933,16,0.000,0.0000,1.0000,0.646,0.4159,0.8734,0.659,0.6174,0.7871,0.794,0.3188,0.8068,0.790,0.6533,0.6539,0.837,0.2110,0.6834,0.224,0.6064,0.5878,0.329,0.4146,0.6577,0.438,0.5944,0.6315
598,19.967,16,0.000,0.0000,1.0000,0.738,0.3893,0.8688,0.682,0.6020,0.7927,0.800,0.2843,0.7974,0.713,0.6488,0.6659,0.821,0.1797,0.6808,0.423,0.5961,0.5698,0.347,0.4053,0.6574,0.399,0.5785,0.6257
599,20.000,16,0.000,0.0000,1.0000,0.680,0.3728,0.8633,0.708,0.5958,0.7910,0.778,0.2547,0.7886,0.741,0.6471,0.6699,0.803,0.1482,0.6769,0.750,0.5992,0.5640,0.387,0.3851,0.6573,0.391,0.5591,0.6265
600,20.033,16,0.000,0.0000,1.0000,0.712,0.3509,0.8590,0.709,0.5896,0.7868,0.812,0.2324,0.7813,0.757,0.6478,0.6694,0.803,0.1246,0.6728,0.833,0.5976,0.5680,0.396,0.3699,0.6544,0.421,0.5448,0.6275
601,20.067,16,0.000,0.0000,1.0000,0.684,0.3348,0.8517,0.728,0.5848,0.7833,0.783,0.2114,0.7737,0.736,0.6454,0.6714,0.759,0.1042,0.6634,0.858,0.5939,0.5670,0.382,0.3548,0.6454,0.431,0.5314,0.6264
602,20.100,16,0.000,0.0000,1.0000,0.750,0.3218,0.8453,0.747,0.5760,0.7826,0.780,0.1913,0.7647,0.768,0.6402,0.6712,0.851,0.0887,0.6553,0.866,0.5915,0.5689,0.420,0.3485,0.6453,0.441,0.5249,0.6248
603,20.133,16,0.000,0.0000,1.0000,0.719,0.3085,0.8389,0.714,0.5648,0.7800,0.806,0.1773,0.7568,0.809,0.6332,0.6724,0.832,0.0791,0.6447,0.874,0.5900,0.5694,0.442,0.3430,0.6443,0.437,0.5167,0.6254
604,20.167,16,0.000,0.0000,1.0000,0.750,0.2988,0.8334,0.733,0.5549,0.7790,0.793,0.1666,0.7471,0.801,0.6287,0.6696,0.849,0.0732,0.6359,0.880,0.5907,0.5680,0.418,0.3323,0.6352,0.452,0.5064,0.6194
605,20.200,16,0.000,0.0000,1.0000,0.659,0.2937,0.8250,0.736,0.5495,0.7743,0.776,0.1599,0.7370,0.801,0.6183,0.6696,0.779,0.0696,0.6279,0.860,0.5909,0.5648,0.455,0.3222,0.6324,0.425,0.4972,0.6191
606,20.233,16,0.000,0.0000,1.0000,0.736,0.2877,0.8177,0.741,0.5456,0.7669,0.807,0.1528,0.7274,0.786,0.6100,0.6648,0.759,0.0711,0.6119,0.852,0.5892,0.5612,0.442,0.3153,0.6269,0.437,0.4866,0.6156
607,20.267,16,0.000,0.0000,1.0000,0.724,0.2838,0.8117,0.746,0.5437,0.7613,0.821,0.1503,0.7165,0.820,0.6066,0.6577,0.811,0.0756,0.6011,0.878,0.5883,0.5565,0.457,0.3103,0.6193,0.454,0.4825,0.6135
608,20.300,16,0.000,0.0000,1.0000,0.750,0.2809,0.8025,0.734,0.5396,0.7538,0.833,0.1488,0.7055,0.746,0.6020,0.6498,0.804,0.0844,0.5944,0.793,0.5824,0.5494,0.456,0.3066,0.6148,0.451,0.4747,0.6053
609,20.333,16,0.000,0.0000,1.0000,0.791,0.2803,0.7944,0.769,0.5348,0.7461,0.810,0.1486,0.6925,0.835,0.5938,0.6438,0.869,0.0951,0.5853,0.883,0.5746,0.5426,0.487,0.3002,0.6053,0.456,0.4666,0.5956
610,20.367,16,0.000,0.0000,1.0000,0.784,0.2780,0.7840,0.750,0.5307,0.7370,0.853,0.1546,0.6830,0.802,0.5894,0.6362,0.821,0.1076,0.5762,0.901,0.5689,0.5349,0.445,0.3008,0.5962,0.428,0.4603,0.5851
611,20.400,16,0.000,0.0000,1.0000,0.773,0.2786,0.7719,0.759,0.5298,0.7272,0.837,0.1588,0.6705,0.782,0.5863,0.6252,0.780,0.1253,0.5649,0.835,0.5653,0.5257,0.452,0.3008,0.5918,0.451,0.4602,0.5774
612,20.433,16,0.000,0.0000,1.0000,0.745,0.2839,0.7616,0.761,0.5306,0.7163,0.822,0.1692,0.6605,0.761,0.5852,0.6148,0.842,0.1377,0.5554,0.843,0.5588,0.5178,0.482,0.3001,0.5816,0.435,0.4590,0.5678
613,20.467,16,0.000,0.0000,1.0000,0.753,0.2853,0.7508,0.760,0.5294,0.7087,0.826,0.1789,0.6486,0.797,0.5813,0.6062,0.840,0.1554,0.5453,0.851,0.5541,0.5115,0.466,0.3031,0.5772,0.474,0.4613,0.5647
614,20.500,16,0.000,0.0000,1.0000,0.758,0.2887,0.7396,0.765,0.5278,0.6980,0.790,0.1894,0.6392,0.813,0.5764,0.5980,0.832,0.1726,0.5404,0.866,0.5460,0.5020,0.478,0.3093,0.5678,0.502,0.4672,0.5524
615,20.533,16,0.000,0.0000,1.0000,0.760,0.2931,0.7306,0.755,0.5239,0.6927,0.847,0.2009,0.6322,0.828,0.5721,0.5928,0.789,0.1895,0.5375,0.885,0.5449,0.4968,0.479,0.3139,0.5587,0.487,0.4675,0.5497
616,20.567,16,0.000,0.0000,1.0000,0.787,0.2968,0.7218,0.772,0.5292,0.6850,0.852,0.2136,0.6223,0.823,0.5684,0.5862,0.788,0.1996,0.5348,0.867,0.5433,0.4921,0.494,0.3194,0.5542,0.478,0.4717,0.5429
617,20.600,16,0.000,0.0000,1.0000,0.770,0.3009,0.7152,0.768,0.5293,0.6806,0.766,0.2274,0.6139,0.848,0.5674,0.5831,0.513,0.2071,0.5164,0.818,0.5412,0.4891,0.504,0.3229,0.5511,0.481,0.4740,0.5426
618,20.633,16,0.000,0.0000,1.0000,0.799,0.3036,0.7090,0.745,0.5286,0.6761,0.831,0.2320,0.6086,0.795,0.5668,0.5766,0.468,0.2219,0.5248,0.783,0.5370,0.4872,0.533,0.3236,0.5450,0.460,0.4770,0.5400
619,20.667,16,0.000,0.0000,1.0000,0.779,0.3047,0.7026,0.784,0.5274,0.6724,0.816,0.2402,0.6034,0.830,0.5691,0.5719,0.276,0.2364,0.5220,0.807,0.5305,0.4861,0.496,0.3232,0.5405,0.471,0.4747,0.5379
620,20.700,16,0.000,0.0000,1.0000,0.806,0.3061,0.6963,0.777,0.5278,0.6672,0.817,0.2434,0.5969,0.813,0.5693,0.5673,0.318,0.2471,0.5132,0.846,0.5268,0.4850,0.532,0.3257,0.5417,0.488,0.4695,0.5343
621,20.733,16,0.000,0.0000,1.0000,0.780,0.3084,0.6909,0.761,0.5272,0.6625,0.816,0.2465,0.5935,0.822,0.5714,0.5615,0.432,0.2703,0.5180,0.820,0.5225,0.4830,0.553,0.3280,0.5430,0.526,0.4679,0.5318
622,20.767,16,0.000,0.0000,1.0000,0.770,0.3072,0.6868,0.773,0.5242,0.6603,0.765,0.2515,0.5887,0.855,0.5696,0.5597,0.438,0.2733,0.5200,0.813,0.5211,0.4839,0.584,0.3214,0.5417,0.531,0.4649,0.5307
623,20.800,16,0.000,0.0000,1.0000,0.792,0.3064,0.6815,0.779,0.5220,0.6582,0.827,0.2554,0.5848,0.812,0.5664,0.5551,0.454,0.2796,0.5189,0.766,0.5087,0.4819,0.570,0.3262,0.5367,0.531,0.4661,0.5289
624,20.833,16,0.000,0.0000,1.0000,0.735,0.3051,0.6754,0.745,0.5212,0.6535,0.770,0.2568,0.5760,0.757,0.5623,0.5511,0.294,0.2871,0.5170,0.673,0.4999,0.4814,0.583,0.3282,0.5346,0.526,0.4665,0.5266
625,20.867,16,0.000,0.0000,1.0000,0.794,0.3047,0.6710,0.756,0.5203,0.6491,0.809,0.2568,0.5725,0.824,0.5528,0.5473,0.311,0.2883,0.5218,0.607,0.4945,0.4842,0.597,0.3283,0.5324,0.526,0.4660,0.5262
626,20.900,16,0.000,0.0000,1.0000,0.783,0.3038,0.6658,0.779,0.5162,0.6458,0.804,0.2580,0.5699,0.863,0.5490,0.5471,0.308,0.2888,0.5228,0.590,0.4912,0.4875,0.604,0.3256,0.5297,0.532,0.4636,0.5222
627,20.933,16,0.000,0.0000,1.0000,0.757,0.3034,0.6616,0.785,0.5127,0.6439,0.771,0.2610,0.5625,0.801,0.5390,0.5444,0.209,0.2930,0.5281,0.565,0.4918,0.4872,0.594,0.3236,0.5265,0.527,0.4586,0.5214
628,20.967,16,0.000,0.0000,1.0000,0.786,0.3021,0.6571,0.778,0.5092,0.6394,0.771,0.2634,0.5577,0.840,0.5310,0.5416,0.149,0.2974,0.5232,0.495,0.4910,0.4845,0.595,0.3205,0.5250,0.541,0.4559,0.5202
629,21.000,16,0.000,0.0000,1.0000,0.764,0.3016,0.6531,0.821,0.5054,0.6353,0.743,0.2655,0.5569,0.824,0.5255,0.5387,0.235,0.3031,0.5185,0.488,0.4826,0.4848,0.619,0.3178,0.5200,0.555,0.4527,0.5180
630,21.033,16,0.000,0.0000,1.0000,0.765,0.2980,0.6482,0.787,0.5004,0.6323,0.707,0.2686,0.5544,0.744,0.5190,0.5366,0.150,0.3112,0.5131,0.440,0.4744,0.4819,0.592,0.3140,0.5154,0.544,0.4497,0.5118
631,21.067,16,0.000,0.0000,1.0000,0.799,0.2992,0.6431,0.757,0.4958,0.6271,0.652,0.2720,0.5575,0.833,0.5080,0.5297,0.243,0.2932,0.5070,0.431,0.4662,0.4760,0.570,0.3137,0.5123,0.553,0.4451,0.5104
632,21.100,16,0.000,0.0000,1.0000,0.714,0.2946,0.6374,0.818,0.4910,0.6233,0.538,0.2718,0.5568,0.851,0.5044,0.5298,0.380,0.2768,0.5097,0.390,0.4653,0.4647,0.617,0.3080,0.5060,0.560,0.4385,0.5059
633,21.133,16,0.000,0.0000,1.0000,0.753,0.2911,0.6339,0.808,0.4806,0.6203,0.504,0.2692,0.5503,0.768,0.4959,0.5273,0.141,0.2951,0.4984,0.395,0.4635,0.4600,0.581,0.3061,0.5015,0.559,0.4346,0.5028
634,21.167,15,0.000,0.0000,1.0000,0.776,0.2827,0.6286,0.766,0.4743,0.6148,0.335,0.2693,0.5512,0.823,0.4865,0.5180,0.000,0.0000,1.0000,0.367,0.4606,0.4560,0.606,0.2977,0.4934,0.570,0.4315,0.4953
635,21.200,15,0.000,0.0000,1.0000,0.745,0.2744,0.6229,0.798,0.4668,0.6128,0.221,0.2660,0.5475,0.836,0.4838,0.5205,0.000,0.0000,1.0000,0.419,0.4626,0.4611,0.574,0.2885,0.4853,0.596,0.4246,0.4858
636,21.233,15,0.000,0.0000,1.0000,0.745,0.2701,0.6189,0.824,0.4616,0.6102,0.192,0.2727,0.5481,0.781,0.4751,0.5200,0.000,0.0000,1.0000,0.458,0.4542,0.4668,0.584,0.2819,0.4847,0.570,0.4142,0.4838
637,21.267,15,0.000,0.0000,1.0000,0.747,0.2683,0.6162,0.772,0.4556,0.6074,0.197,0.2641,0.5433,0.862,0.4678,0.5196,0.000,0.0000,1.0000,0.542,0.4502,0.4644,0.582,0.2771,0.4844,0.602,0.4074,0.4804
638,21.300,15,0.000,0.0000,1.0000,0.748,0.2670,0.6155,0.788,0.4516,0.6054,0.216,0.2671,0.5432,0.882,0.4667,0.5197,0.000,0.0000,1.0000,0.603,0.4508,0.4595,0.583,0.2716,0.4871,0.589,0.3985,0.4832
639,21.333,16,0.000,0.0000,1.0000,0.738,0.2670,0.6142,0.779,0.4471,0.6031,0.210,0.2514,0.5374,0.872,0.4655,0.5176,0.128,0.2008,0.4557,0.619,0.4522,0.4563,0.592,0.2688,0.4888,0.539,0.3959,0.4859
640,21.367,16,0.000,0.0000,1.0000,0.750,0.2664,0.6130,0.761,0.4439,0.6020,0.269,0.2486,0.5370,0.863,0.4659,0.5157,0.241,0.2004,0.4627,0.679,0.4542,0.4515,0.606,0.2690,0.4906,0.525,0.3946,0.4907
641,21.400,16,0.000,0.0000,1.0000,0.771,0.2655,0.6125,0.753,0.4413,0.6018,0.230,0.2458,0.5377,0.833,0.4639,0.5141,0.209,0.1999,0.4634,0.619,0.4504,0.4490,0.628,0.2669,0.4927,0.558,0.3895,0.4938
642,21.433,16,0.000,0.0000,1.0000,0.792,0.2644,0.6108,0.774,0.4391,0.6003,0.254,0.2354,0.5356,0.821,0.4634,0.5142,0.228,0.2011,0.4633,0.558,0.4537,0.4494,0.642,0.2641,0.4923,0.558,0.3845,0.4942
643,21.467,16,0.000,0.0000,1.0000,0.790,0.2630,0.6100,0.753,0.4364,0.5994,0.241,0.2256,0.5282,0.804,0.4640,0.5133,0.136,0.2053,0.4652,0.539,0.4536,0.4488,0.619,0.2597,0.4893,0.543,0.3827,0.4918
644,21.500,16,0.000,0.0000,1.0000,0.798,0.2612,0.6089,0.750,0.4331,0.5995,0.288,0.2190,0.5252,0.815,0.4637,0.5143,0.173,0.2065,0.4634,0.603,0.4563,0.4474,0.572,0.2546,0.4871,0.540,0.3797,0.4910
645,21.533,16,0.000,0.0000,1.0000,0.808,0.2599,0.6084,0.764,0.4326,0.5986,0.266,0.2177,0.5220,0.771,0.4604,0.5143,0.139,0.2098,0.4617,0.657,0.4564,0.4457,0.551,0.2542,0.4875,0.536,0.3804,0.4915
646,21.567,16,0.000,0.0000,1.0000,0.801,0.2587,0.6079,0.779,0.4321,0.5976,0.250,0.2163,0.5193,0.751,0.4578,0.5127,0.110,0.2141,0.4610,0.755,0.4556,0.4470,0.536,0.2537,0.4847,0.535,0.3808,0.4882
647,21.600,16,0.000,0.0000,1.0000,0.794,0.2591,0.6077,0.791,0.4315,0.5964,0.243,0.2117,0.5196,0.780,0.4561,0.5118,0.128,0.2143,0.4615,0.788,0.4516,0.4461,0.531,0.2532,0.4851,0.529,0.3791,0.4923
648,21.633,15,0.000,0.0000,1.0000,0.793,0.2602,0.6071,0.774,0.4325,0.5948,0.219,0.2114,0.5168,0.755,0.4574,0.5131,0.000,0.0000,1.0000,0.778,0.4496,0.4460,0.529,0.2528,0.4832,0.535,0.3797,0.4896
649,21.667,15,0.000,0.0000,1.0000,0.787,0.2601,0.6068,0.770,0.4320,0.5934,0.228,0.2095,0.5143,0.752,0.4572,0.5129,0.000,0.0000,1.0000,0.776,0.4473,0.4421,0.529,0.2518,0.4823,0.533,0.3794,0.4876
650,21.700,15,0.000,0.0000,1.0000,0.784,0.2600,0.6066,0.775,0.4315,0.5929,0.283,0.2051,0.5103,0.761,0.4595,0.5128,0.000,0.0000,1.0000,0.830,0.4473,0.4438,0.526,0.2509,0.4824,0.529,0.3777,0.4897
651,21.733,15,0.000,0.0000,1.0000,0.783,0.2606,0.6059,0.787,0.4293,0.5933,0.295,0.2045,0.5106,0.790,0.4608,0.5128,0.000,0.0000,1.0000,0.840,0.4479,0.4445,0.519,0.2491,0.4824,0.521,0.3751,0.4905
652,21.767,15,0.000,0.0000,1.0000,0.787,0.2614,0.6067,0.798,0.4279,0.5937,0.279,0.2057,0.5135,0.823,0.4620,0.5118,0.000,0.0000,1.0000,0.844,0.4481,0.4447,0.523,0.2486,0.4817,0.505,0.3746,0.4866
653,21.800,16,0.000,0.0000,1.0000,0.788,0.2612,0.6068,0.798,0.4280,0.5936,0.284,0.2087,0.5209,0.792,0.4626,0.5137,0.118,0.1960,0.4662,0.850,0.4501,0.4460,0.534,0.2488,0.4826,0.507,0.3742,0.4845
654,21.833,16,0.000,0.0000,1.0000,0.784,0.2567,0.6061,0.806,0.4261,0.5942,0.323,0.2055,0.5229,0.809,0.4628,0.5147,0.135,0.1939,0.4663,0.842,0.4521,0.4470,0.549,0.2476,0.4824,0.515,0.3733,0.4840
655,21.867,16,0.000,0.0000,1.0000,0.771,0.2540,0.6053,0.807,0.4266,0.5935,0.304,0.2051,0.5219,0.801,0.4632,0.5137,0.117,0.1904,0.4636,0.852,0.4511,0.4463,0.563,0.2460,0.4818,0.543,0.3723,0.4845
656,21.900,15,0.000,0.0000,1.0000,0.745,0.2498,0.6041,0.812,0.4256,0.5938,0.310,0.2049,0.5230,0.801,0.4634,0.5134,0.000,0.0000,1.0000,0.850,0.4507,0.4464,0.564,0.2463,0.4809,0.550,0.3726,0.4845
657,21.933,16,0.000,0.0000,1.0000,0.737,0.2483,0.6036,0.818,0.4242,0.5940,0.360,0.2020,0.5227,0.818,0.4636,0.5150,0.106,0.1755,0.4555,0.855,0.4495,0.4465,0.572,0.2448,0.4807,0.558,0.3714,0.4840
658,21.967,16,0.000,0.0000,1.0000,0.744,0.2469,0.6029,0.824,0.4224,0.5944,0.375,0.1976,0.5202,0.812,0.4634,0.5147,0.100,0.1733,0.4520,0.845,0.4466,0.4469,0.584,0.2433,0.4800,0.564,0.3712,0.4820
659,22.000,15,0.000,0.0000,1.0000,0.749,0.2456,0.6026,0.822,0.4209,0.5951,0.378,0.1948,0.5199,0.811,0.4632,0.5148,0.000,0.0000,1.0000,0.854,0.4456,0.4455,0.591,0.2415,0.4798,0.578,0.3676,0.4825
660,22.033,16,0.000,0.0000,1.0000,0.750,0.2448,0.6021,0.825,0.4205,0.5954,0.413,0.1996,0.5226,0.803,0.4639,0.5135,0.109,0.1751,0.4512,0.833,0.4423,0.4437,0.595,0.2415,0.4807,0.595,0.3681,0.4836
661,22.067,15,0.000,0.0000,1.0000,0.752,0.2447,0.6021,0.826,0.4196,0.5957,0.410,0.2012,0.5220,0.817,0.4642,0.5138,0.000,0.0000,1.0000,0.841,0.4420,0.4435,0.604,0.2418,0.4803,0.604,0.3662,0.4840
662,22.100,15,0.000,0.0000,1.0000,0.757,0.2427,0.6015,0.826,0.4190,0.5959,0.406,0.2029,0.5238,0.845,0.4648,0.5153,0.000,0.0000,1.0000,0.841,0.4417,0.4460,0.605,0.2421,0.4803,0.605,0.3675,0.4825
663,22.133,15,0.000,0.0000,1.0000,0.757,0.2410,0.6011,0.817,0.4185,0.5956,0.392,0.1999,0.5207,0.854,0.4663,0.5170,0.000,0.0000,1.0000,0.828,0.4413,0.4487,0.605,0.2413,0.4794,0.599,0.3666,0.4808
664,22.167,15,0.000,0.0000,1.0000,0.757,0.2390,0.6006,0.811,0.4174,0.5958,0.391,0.1982,0.5167,0.862,0.4713,0.5190,0.000,0.0000,1.0000,0.819,0.4417,0.4509,0.610,0.2413,0.4786,0.597,0.3684,0.4792
665,22.200,15,0.000,0.0000,1.0000,0.757,0.2372,0.6004,0.804,0.4175,0.5961,0.416,0.1963,0.5151,0.843,0.4749,0.5212,0.000,0.0000,1.0000,0.875,0.4423,0.4576,0.613,0.2419,0.4785,0.596,0.3693,0.4798
666,22.233,15,0.000,0.0000,1.0000,0.746,0.2337,0.5995,0.793,0.4172,0.5961,0.409,0.1953,0.5153,0.881,0.4821,0.5226,0.000,0.0000,1.0000,0.808,0.4424,0.4615,0.613,0.2418,0.4785,0.588,0.3694,0.4799
667,22.267,15,0.000,0.0000,1.0000,0.745,0.2333,0.5996,0.788,0.4152,0.5972,0.435,0.1951,0.5154,0.886,0.4849,0.5293,0.000,0.0000,1.0000,0.836,0.4511,0.4716,0.632,0.2421,0.4798,0.600,0.3688,0.4806
668,22.300,15,0.000,0.0000,1.0000,0.754,0.2326,0.5995,0.774,0.4147,0.5981,0.487,0.1969,0.5146,0.878,0.4928,0.5318,0.000,0.0000,1.0000,0.749,0.4524,0.4785,0.633,0.2428,0.4791,0.595,0.3699,0.4801
669,22.333,16,0.000,0.0000,1.0000,0.768,0.2336,0.5987,0.765,0.4140,0.5990,0.531,0.1998,0.5168,0.865,0.5011,0.5351,0.111,0.1961,0.4549,0.736,0.4594,0.4940,0.629,0.2442,0.4788,0.596,0.3712,0.4785
670,22.367,16,0.000,0.0000,1.0000,0.782,0.2343,0.5986,0.750,0.4141,0.5997,0.604,0.2022,0.5180,0.873,0.5056,0.5362,0.140,0.2080,0.4630,0.717,0.4580,0.5081,0.636,0.2448,0.4792,0.614,0.3695,0.4790
671,22.400,16,0.000,0.0000,1.0000,0.796,0.2343,0.5978,0.756,0.4161,0.6002,0.619,0.2041,0.5133,0.855,0.5114,0.5436,0.114,0.1985,0.4534,0.548,0.4581,0.5301,0.625,0.2444,0.4780,0.624,0.3679,0.4786
672,22.433,16,0.000,0.0000,1.0000,0.799,0.2353,0.5979,0.796,0.4185,0.6016,0.688,0.2071,0.5119,0.855,0.5188,0.5474,0.107,0.1795,0.4417,0.118,0.4442,0.5652,0.606,0.2463,0.4781,0.624,0.3689,0.4769
673,22.467,14,0.000,0.0000,1.0000,0.807,0.2362,0.5977,0.824,0.4191,0.6028,0.716,0.2085,0.5121,0.853,0.5229,0.5517,0.000,0.0000,1.0000,0.000,0.0000,1.0000,0.588,0.2475,0.4769,0.615,0.3684,0.4761
674,22.500,16,0.000,0.0000,1.0000,0.812,0.2379,0.5980,0.839,0.4222,0.6026,0.702,0.2060,0.5147,0.896,0.5284,0.5576,0.137,0.1757,0.4365,0.591,0.4956,0.5865,0.594,0.2503,0.4773,0.615,0.3698,0.4755
675,22.533,16,0.000,0.0000,1.0000,0.814,0.2390,0.5983,0.854,0.4201,0.6036,0.745,0.2043,0.5186,0.845,0.5361,0.5642,0.282,0.1882,0.4466,0.616,0.4988,0.5972,0.617,0.2512,0.4775,0.620,0.3686,0.4763
676,22.567,16,0.000,0.0000,1.0000,0.807,0.2397,0.5988,0.879,0.4210,0.6046,0.766,0.2022,0.5215,0.853,0.5370,0.5726,0.251,0.1890,0.4501,0.731,0.5062,0.6029,0.597,0.2490,0.4766,0.621,0.3665,0.4769
677,22.600,16,0.000,0.0000,1.0000,0.791,0.2429,0.5994,0.885,0.4237,0.6052,0.765,0.1996,0.5272,0.835,0.5386,0.5776,0.271,0.1909,0.4553,0.823,0.5102,0.6095,0.600,0.2496,0.4759,0.613,0.3670,0.4758
678,22.633,16,0.000,0.0000,1.0000,0.772,0.2450,0.6000,0.885,0.4240,0.6056,0.724,0.1958,0.5323,0.863,0.5367,0.5837,0.266,0.1973,0.4641,0.813,0.5170,0.6112,0.608,0.2498,0.4754,0.624,0.3666,0.4763
679,22.667,16,0.000,0.0000,1.0000,0.753,0.2452,0.6013,0.882,0.4247,0.6056,0.666,0.1916,0.5433,0.820,0.5371,0.5863,0.220,0.1954,0.4650,0.830,0.5179,0.6160,0.609,0.2509,0.4744,0.612,0.3695,0.4749
680,22.700,16,0.000,0.0000,1.0000,0.764,0.2470,0.6033,0.884,0.4247,0.6058,0.686,0.1870,0.5515,0.849,0.5334,0.5904,0.131,0.1913,0.4665,0.857,0.5173,0.6209,0.608,0.2524,0.4742,0.599,0.3709,0.4747
681,22.733,15,0.000,0.0000,1.0000,0.767,0.2498,0.6037,0.881,0.4243,0.6058,0.669,0.1826,0.5632,0.870,0.5336,0.5962,0.000,0.0000,1.0000,0.846,0.5174,0.6221,0.609,0.2529,0.4754,0.607,0.3712,0.4754
682,22.767,16,0.000,0.0000,1.0000,0.761,0.2489,0.6043,0.874,0.4243,0.6057,0.729,0.1784,0.5739,0.864,0.5313,0.5985,0.231,0.2040,0.6157,0.794,0.5154,0.6253,0.615,0.2535,0.4757,0.602,0.3731,0.4752
683,22.800,15,0.000,0.0000,1.0000,0.782,0.2458,0.6053,0.870,0.4238,0.6053,0.652,0.1755,0.5785,0.843,0.5310,0.5997,0.000,0.0000,1.0000,0.825,0.5139,0.6296,0.618,0.2534,0.4757,0.594,0.3736,0.4752
684,22.833,16,0.000,0.0000,1.0000,0.762,0.2520,0.6059,0.874,0.4245,0.6053,0.681,0.1784,0.5876,0.838,0.5307,0.6000,0.352,0.2037,0.6290,0.836,0.5119,0.6324,0.630,0.2575,0.4760,0.585,0.3751,0.4755
685,22.867,16,0.000,0.0000,1.0000,0.806,0.2561,0.6068,0.864,0.4238,0.6039,0.746,0.1812,0.5927,0.844,0.5300,0.5998,0.479,0.2029,0.6332,0.821,0.5139,0.6313,0.649,0.2615,0.4772,0.575,0.3754,0.4751
686,22.900,16,0.000,0.0000,1.0000,0.810,0.2585,0.6061,0.866,0.4248,0.6038,0.726,0.1849,0.5978,0.859,0.5293,0.5994,0.391,0.2091,0.6340,0.794,0.5177,0.6289,0.646,0.2642,0.4771,0.582,0.3759,0.4747
687,22.933,16,0.000,0.0000,1.0000,0.821,0.2587,0.6065,0.867,0.4251,0.6038,0.693,0.1901,0.5989,0.870,0.5285,0.5993,0.385,0.2076,0.6348,0.767,0.5189,0.6273,0.641,0.2650,0.4757,0.593,0.3761,0.4734
688,22.967,16,0.000,0.0000,1.0000,0.800,0.2562,0.6047,0.869,0.4241,0.6040,0.724,0.1932,0.5992,0.882,0.5276,0.5991,0.372,0.2049,0.6359,0.773,0.5173,0.6272,0.637,0.2653,0.4730,0.611,0.3769,0.4723
689,23.000,16,0.000,0.0000,1.0000,0.762,0.2518,0.6047,0.868,0.4241,0.6039,0.711,0.1941,0.6000,0.883,0.5264,0.5986,0.511,0.2012,0.6381,0.791,0.5135,0.6259,0.654,0.2632,0.4717,0.610,0.3765,0.4714
690,23.033,16,0.000,0.0000,1.0000,0.756,0.2532,0.6047,0.870,0.4249,0.6037,0.736,0.1966,0.6032,0.878,0.5266,0.5989,0.554,0.1988,0.6395,0.807,0.5105,0.6263,0.659,0.2633,0.4718,0.612,0.3764,0.4712
691,23.067,16,0.000,0.0000,1.0000,0.733,0.2499,0.6047,0.869,0.4250,0.6036,0.543,0.2004,0.6104,0.873,0.5270,0.5988,0.455,0.2007,0.6415,0.820,0.5087,0.6267,0.651,0.2640,0.4724,0.619,0.3773,0.4702
692,23.100,16,0.000,0.0000,1.0000,0.739,0.2532,0.6052,0.873,0.4253,0.6037,0.496,0.2047,0.6118,0.875,0.5277,0.5988,0.465,0.2025,0.6422,0.846,0.5073,0.6292,0.651,0.2649,0.4734,0.626,0.3775,0.4703
693,23.133,16,0.000,0.0000,1.0000,0.734,0.2501,0.6067,0.869,0.4247,0.6035,0.446,0.2150,0.6148,0.873,0.5279,0.5992,0.395,0.2089,0.6417,0.871,0.5058,0.6324,0.649,0.2643,0.4744,0.620,0.3761,0.4708
694,23.167,16,0.000,0.0000,1.0000,0.731,0.2544,0.6071,0.867,0.4242,0.6035,0.449,0.2199,0.6163,0.875,0.5282,0.5989,0.405,0.2119,0.6414,0.863,0.5031,0.6325,0.650,0.2645,0.4736,0.620,0.3763,0.4703
695,23.200,16,0.000,0.0000,1.0000,0.714,0.2560,0.6081,0.867,0.4224,0.6043,0.440,0.2381,0.6210,0.865,0.5263,0.5993,0.296,0.2310,0.6431,0.826,0.4981,0.6329,0.645,0.2632,0.4742,0.618,0.3766,0.4699
696,23.233,16,0.000,0.0000,1.0000,0.729,0.2579,0.6075,0.836,0.4196,0.6028,0.457,0.2395,0.6209,0.843,0.5244,0.6001,0.339,0.2312,0.6427,0.880,0.4880,0.6341,0.651,0.2635,0.4733,0.614,0.3761,0.4699
697,23.267,16,0.000,0.0000,1.0000,0.730,0.2621,0.6084,0.837,0.4187,0.6026,0.482,0.2449,0.6218,0.829,0.5243,0.6012,0.245,0.2416,0.6437,0.797,0.4749,0.6377,0.658,0.2620,0.4745,0.623,0.3740,0.4703
698,23.300,16,0.000,0.0000,1.0000,0.742,0.2631,0.6087,0.821,0.4167,0.6022,0.501,0.2454,0.6229,0.824,0.5198,0.6040,0.254,0.2414,0.6439,0.813,0.4601,0.6398,0.667,0.2612,0.4744,0.638,0.3725,0.4703
699,23.333,16,0.000,0.0000,1.0000,0.743,0.2662,0.6090,0.819,0.4158,0.6025,0.478,0.2479,0.6244,0.868,0.5164,0.6052,0.216,0.2496,0.6445,0.792,0.4587,0.6382,0.673,0.2607,0.4734,0.642,0.3715,0.4702
700,23.367,16,0.000,0.0000,1.0000,0.718,0.2681,0.6092,0.819,0.4152,0.6017,0.507,0.2483,0.6239,0.882,0.5116,0.6066,0.316,0.2441,0.6442,0.834,0.4485,0.6394,0.677,0.2606,0.4733,0.642,0.3716,0.4708
701,23.400,16,0.000,0.0000,1.0000,0.729,0.2695,0.6092,0.817,0.4148,0.6013,0.527,0.2459,0.6246,0.880,0.5067,0.6084,0.290,0.2492,0.6444,0.852,0.4427,0.6416,0.687,0.2599,0.4728,0.647,0.3707,0.4706
702,23.433,16,0.000,0.0000,1.0000,0.728,0.2703,0.6092,0.806,0.4150,0.6006,0.555,0.2472,0.6260,0.862,0.5024,0.6097,0.289,0.2641,0.6452,0.819,0.4381,0.6423,0.694,0.2601,0.4725,0.645,0.3709,0.4700
703,23.467,16,0.000,0.0000,1.0000,0.726,0.2716,0.6093,0.803,0.4150,0.6003,0.592,0.2463,0.6272,0.838,0.4993,0.6097,0.366,0.2922,0.6481,0.831,0.4340,0.6432,0.695,0.2608,0.4724,0.641,0.3716,0.4695
704,23.500,16,0.000,0.0000,1.0000,0.733,0.2683,0.6083,0.787,0.4152,0.6002,0.629,0.2438,0.6274,0.829,0.4969,0.6095,0.494,0.2940,0.6484,0.834,0.4298,0.6442,0.686,0.2634,0.4728,0.629,0.3733,0.4696
705,23.533,16,0.000,0.0000,1.0000,0.738,0.2667,0.6081,0.778,0.4155,0.6001,0.640,0.2425,0.6278,0.840,0.4954,0.6095,0.497,0.2931,0.6490,0.806,0.4282,0.6434,0.685,0.2642,0.4728,0.625,0.3740,0.4696
706,23.567,16,0.000,0.0000,1.0000,0.736,0.2658,0.6069,0.781,0.4158,0.5998,0.642,0.2414,0.6283,0.854,0.4929,0.6090,0.489,0.2913,0.6495,0.792,0.4267,0.6443,0.685,0.2648,0.4725,0.625,0.3749,0.4700
707,23.600,16,0.000,0.0000,1.0000,0.751,0.2660,0.6068,0.793,0.4155,0.5993,0.667,0.2386,0.6279,0.863,0.4919,0.6085,0.572,0.2940,0.6508,0.819,0.4279,0.6445,0.680,0.2659,0.4717,0.636,0.3773,0.4694
708,23.633,16,0.000,0.0000,1.0000,0.754,0.2671,0.6068,0.798,0.4151,0.5993,0.652,0.2366,0.6276,0.858,0.4927,0.6087,0.603,0.2937,0.6512,0.832,0.4293,0.6458,0.672,0.2672,0.4717,0.633,0.3776,0.4693
709,23.667,16,0.000,0.0000,1.0000,0.765,0.2665,0.6075,0.800,0.4151,0.5993,0.651,0.2351,0.6281,0.840,0.4959,0.6080,0.689,0.2960,0.6555,0.819,0.4376,0.6428,0.667,0.2683,0.4717,0.642,0.3790,0.4691
710,23.700,16,0.000,0.0000,1.0000,0.778,0.2701,0.6072,0.803,0.4151,0.5996,0.709,0.2292,0.6284,0.828,0.4971,0.6077,0.780,0.2996,0.6572,0.857,0.4432,0.6408,0.647,0.2694,0.4719,0.648,0.3796,0.4686
711,23.733,16,0.000,0.0000,1.0000,0.795,0.2722,0.6075,0.791,0.4160,0.5999,0.762,0.2255,0.6282,0.849,0.4996,0.6069,0.794,0.2930,0.6575,0.849,0.4455,0.6409,0.652,0.2701,0.4715,0.664,0.3807,0.4686
712,23.767,16,0.000,0.0000,1.0000,0.822,0.2759,0.6072,0.785,0.4168,0.6000,0.788,0.2210,0.6281,0.867,0.5023,0.6057,0.758,0.2862,0.6563,0.788,0.4534,0.6374,0.669,0.2706,0.4708,0.667,0.3810,0.4684
713,23.800,16,0.000,0.0000,1.0000,0.828,0.2796,0.6064,0.788,0.4181,0.6002,0.800,0.2179,0.6268,0.886,0.5058,0.6048,0.768,0.2845,0.6540,0.782,0.4532,0.6373,0.678,0.2708,0.4702,0.666,0.3805,0.4682
714,23.833,16,0.000,0.0000,1.0000,0.828,0.2804,0.6066,0.807,0.4203,0.6003,0.787,0.2145,0.6259,0.880,0.5076,0.6036,0.773,0.2830,0.6532,0.774,0.4547,0.6365,0.685,0.2710,0.4694,0.667,0.3802,0.4677
715,23.867,16,0.000,0.0000,1.0000,0.830,0.2815,0.6062,0.812,0.4212,0.6000,0.778,0.2136,0.6255,0.871,0.5101,0.6025,0.750,0.2819,0.6526,0.802,0.4567,0.6357,0.684,0.2711,0.4691,0.667,0.3800,0.4670
716,23.900,16,0.000,0.0000,1.0000,0.831,0.2813,0.6063,0.835,0.4220,0.5992,0.778,0.2140,0.6252,0.858,0.5110,0.6019,0.736,0.2806,0.6518,0.793,0.4566,0.6357,0.686,0.2713,0.4687,0.666,0.3800,0.4664
717,23.933,16,0.000,0.0000,1.0000,0.834,0.2814,0.6058,0.860,0.4235,0.5982,0.794,0.2161,0.6253,0.850,0.5110,0.6014,0.743,0.2804,0.6516,0.814,0.4576,0.6354,0.687,0.2714,0.4679,0.664,0.3799,0.4660
718,23.967,16,0.000,0.0000,1.0000,0.833,0.2817,0.6058,0.876,0.4251,0.5977,0.794,0.2182,0.6255,0.841,0.5111,0.6013,0.752,0.2812,0.6522,0.845,0.4592,0.6346,0.688,0.2721,0.4678,0.664,0.3801,0.4658
719,24.000,16,0.000,0.0000,1.0000,0.829,0.2828,0.6059,0.881,0.4266,0.5974,0.792,0.2185,0.6254,0.833,0.5122,0.6012,0.752,0.2816,0.6529,0.870,0.4611,0.6339,0.686,0.2720,0.4678,0.660,0.3792,0.4656
720,24.033,16,0.000,0.0000,1.0000,0.831,0.2819,0.6054,0.884,0.4275,0.5971,0.787,0.2191,0.6244,0.828,0.5127,0.6000,0.731,0.2812,0.6525,0.874,0.4620,0.6338,0.682,0.2716,0.4677,0.663,0.3794,0.4655
721,24.067,16,0.000,0.0000,1.0000,0.829,0.2829,0.6050,0.883,0.4272,0.5970,0.819,0.2173,0.6233,0.844,0.5130,0.5994,0.688,0.2848,0.6514,0.874,0.4613,0.6339,0.682,0.2718,0.4677,0.661,0.3793,0.4655
722,24.100,16,0.000,0.0000,1.0000,0.840,0.2785,0.6056,0.882,0.4282,0.5968,0.794,0.2105,0.6220,0.860,0.5135,0.5983,0.709,0.2873,0.6496,0.872,0.4614,0.6338,0.681,0.2711,0.4675,0.655,0.3789,0.4656
723,24.133,16,0.000,0.0000,1.0000,0.833,0.2785,0.6047,0.882,0.4292,0.5964,0.791,0.2074,0.6192,0.864,0.5144,0.5974,0.756,0.2838,0.6461,0.876,0.4625,0.6332,0.678,0.2714,0.4670,0.651,0.3790,0.4653
724,24.167,16,0.000,0.0000,1.0000,0.827,0.2800,0.6047,0.879,0.4298,0.5966,0.778,0.2069,0.6149,0.860,0.5144,0.5974,0.722,0.2882,0.6430,0.882,0.4638,0.6334,0.672,0.2706,0.4674,0.648,0.3787,0.4658
725,24.200,16,0.000,0.0000,1.0000,0.833,0.2796,0.6045,0.878,0.4303,0.5966,0.812,0.2047,0.6121,0.862,0.5147,0.5972,0.716,0.2872,0.6395,0.883,0.4647,0.6329,0.672,0.2708,0.4675,0.642,0.3790,0.4654
726,24.233,16,0.000,0.0000,1.0000,0.835,0.2803,0.6052,0.878,0.4307,0.5968,0.854,0.2046,0.6102,0.860,0.5150,0.5971,0.743,0.2819,0.6375,0.883,0.4649,0.6324,0.671,0.2706,0.4676,0.637,0.3797,0.4656
727,24.267,16,0.000,0.0000,1.0000,0.833,0.2771,0.6065,0.879,0.4307,0.5967,0.871,0.2018,0.6090,0.859,0.5150,0.5970,0.732,0.2887,0.6362,0.882,0.4657,0.6318,0.671,0.2705,0.4678,0.633,0.3797,0.4657
728,24.300,16,0.000,0.0000,1.0000,0.824,0.2742,0.6066,0.877,0.4306,0.5967,0.881,0.1996,0.6086,0.859,0.5151,0.5963,0.712,0.2887,0.6355,0.879,0.4666,0.6311,0.671,0.2707,0.4679,0.630,0.3796,0.4658
729,24.333,16,0.000,0.0000,1.0000,0.815,0.2729,0.6066,0.875,0.4308,0.5967,0.888,0.1987,0.6078,0.862,0.5147,0.5957,0.639,0.2861,0.6355,0.870,0.4675,0.6301,0.678,0.2707,0.4678,0.633,0.3799,0.4656
730,24.367,16,0.000,0.0000,1.0000,0.814,0.2724,0.6064,0.874,0.4317,0.5967,0.873,0.1986,0.6069,0.857,0.5147,0.5953,0.615,0.2771,0.6359,0.855,0.4681,0.6288,0.670,0.2705,0.4681,0.633,0.3800,0.4661
731,24.400,16,0.000,0.0000,1.0000,0.811,0.2730,0.6058,0.874,0.4319,0.5967,0.866,0.1964,0.6050,0.855,0.5150,0.5946,0.669,0.2784,0.6351,0.833,0.4694,0.6279,0.670,0.2705,0.4684,0.636,0.3799,0.4663
732,24.433,16,0.000,0.0000,1.0000,0.814,0.2732,0.6059,0.871,0.4317,0.5969,0.853,0.1963,0.6029,0.859,0.5147,0.5938,0.692,0.2770,0.6341,0.841,0.4680,0.6292,0.670,0.2702,0.4683,0.635,0.3801,0.4664
733,24.467,16,0.000,0.0000,1.0000,0.824,0.2739,0.6068,0.870,0.4320,0.5968,0.849,0.1977,0.6025,0.862,0.5145,0.5936,0.788,0.2736,0.6335,0.837,0.4671,0.6292,0.675,0.2705,0.4680,0.637,0.3806,0.4663
734,24.500,16,0.000,0.0000,1.0000,0.825,0.2753,0.6063,0.870,0.4317,0.5969,0.851,0.1988,0.6032,0.865,0.5140,0.5932,0.812,0.2753,0.6348,0.828,0.4686,0.6272,0.678,0.2708,0.4681,0.631,0.3804,0.4660
735,24.533,16,0.000,0.0000,1.0000,0.809,0.2734,0.6059,0.872,0.4317,0.5969,0.865,0.1987,0.6054,0.863,0.5140,0.5929,0.816,0.2708,0.6362,0.834,0.4683,0.6267,0.679,0.2709,0.4682,0.629,0.3813,0.4658
736,24.567,16,0.000,0.0000,1.0000,0.800,0.2727,0.6058,0.871,0.4318,0.5969,0.872,0.1999,0.6067,0.864,0.5138,0.5926,0.662,0.2687,0.6385,0.851,0.4667,0.6270,0.680,0.2712,0.4682,0.630,0.3815,0.4658
737,24.600,16,0.000,0.0000,1.0000,0.787,0.2719,0.6056,0.873,0.4321,0.5972,0.859,0.2015,0.6083,0.862,0.5142,0.5925,0.653,0.2708,0.6415,0.852,0.4657,0.6266,0.674,0.2709,0.4683,0.626,0.3810,0.4658
738,24.633,16,0.000,0.0000,1.0000,0.798,0.2732,0.6052,0.874,0.4323,0.5974,0.855,0.2030,0.6097,0.860,0.5146,0.5921,0.739,0.2719,0.6445,0.841,0.4646,0.6262,0.678,0.2714,0.4685,0.631,0.3816,0.4660
739,24.667,16,0.000,0.0000,1.0000,0.795,0.2742,0.6051,0.866,0.4326,0.5975,0.837,0.2030,0.6115,0.848,0.5152,0.5917,0.800,0.2699,0.6465,0.794,0.4616,0.6266,0.676,0.2715,0.4683,0.634,0.3812,0.4661
740,24.700,16,0.000,0.0000,1.0000,0.792,0.2741,0.6048,0.864,0.4332,0.5977,0.802,0.2040,0.6130,0.834,0.5156,0.5909,0.838,0.2732,0.6484,0.790,0.4608,0.6256,0.674,0.2714,0.4687,0.631,0.3807,0.4663
741,24.733,16,0.000,0.0000,1.0000,0.798,0.2743,0.6049,0.861,0.4335,0.5976,0.802,0.2041,0.6138,0.829,0.5153,0.5905,0.835,0.2764,0.6498,0.799,0.4594,0.6247,0.676,0.2712,0.4684,0.630,0.3805,0.4659
742,24.767,16,0.000,0.0000,1.0000,0.821,0.2753,0.6050,0.855,0.4342,0.5978,0.806,0.2040,0.6141,0.823,0.5147,0.5903,0.838,0.2792,0.6501,0.726,0.4569,0.6255,0.679,0.2714,0.4683,0.639,0.3810,0.4661
743,24.800,16,0.000,0.0000,1.0000,0.826,0.2769,0.6058,0.853,0.4334,0.5983,0.810,0.2035,0.6133,0.839,0.5125,0.5901,0.837,0.2774,0.6472,0.750,0.4535,0.6256,0.678,0.2715,0.4681,0.633,0.3811,0.4657
744,24.833,16,0.000,0.0000,1.0000,0.829,0.2774,0.6058,0.846,0.4330,0.5979,0.827,0.2033,0.6123,0.854,0.5112,0.5901,0.749,0.2762,0.6450,0.761,0.4495,0.6250,0.683,0.2721,0.4682,0.639,0.3820,0.4658
745,24.867,16,0.000,0.0000,1.0000,0.819,0.2771,0.6055,0.852,0.4324,0.5977,0.839,0.2020,0.6117,0.858,0.5102,0.5897,0.713,0.2788,0.6436,0.795,0.4460,0.6242,0.678,0.2721,0.4682,0.637,0.3819,0.4655
746,24.900,16,0.000,0.0000,1.0000,0.802,0.2774,0.6058,0.834,0.4314,0.5982,0.858,0.2033,0.6101,0.852,0.5077,0.5889,0.708,0.2798,0.6406,0.759,0.4391,0.6243,0.675,0.2719,0.4682,0.641,0.3821,0.4657
747,24.933,16,0.000,0.0000,1.0000,0.819,0.2769,0.6062,0.847,0.4308,0.5980,0.870,0.2017,0.6091,0.846,0.5060,0.5883,0.715,0.2880,0.6391,0.646,0.4341,0.6249,0.677,0.2716,0.4679,0.638,0.3817,0.4656
748,24.967,16,0.000,0.0000,1.0000,0.803,0.2727,0.6078,0.837,0.4328,0.5979,0.876,0.1993,0.6086,0.855,0.5051,0.5881,0.663,0.2898,0.6381,0.597,0.4302,0.6247,0.677,0.2717,0.4682,0.641,0.3818,0.4662
749,25.000,16,0.000,0.0000,1.0000,0.798,0.2695,0.6066,0.837,0.4326,0.5981,0.855,0.2001,0.6080,0.837,0.5044,0.5879,0.508,0.2077,0.6404,0.462,0.4228,0.6271,0.677,0.2720,0.4684,0.650,0.3822,0.4667
750,25.033,16,0.000,0.0000,1.0000,0.799,0.2708,0.6054,0.839,0.4320,0.5978,0.838,0.2003,0.6078,0.833,0.5034,0.5875,0.641,0.2008,0.6406,0.496,0.4223,0.6255,0.679,0.2721,0.4681,0.655,0.3828,0.4665
751,25.067,16,0.000,0.0000,1.0000,0.798,0.2699,0.6045,0.831,0.4333,0.5980,0.720,0.1994,0.6088,0.807,0.5024,0.5872,0.576,0.2003,0.6456,0.447,0.4194,0.6258,0.681,0.2721,0.4677,0.654,0.3822,0.4669
752,25.100,16,0.000,0.0000,1.0000,0.820,0.2672,0.6051,0.828,0.4329,0.5978,0.657,0.1989,0.6077,0.802,0.5005,0.5859,0.587,0.1993,0.6449,0.438,0.4174,0.6276,0.681,0.2713,0.4680,0.653,0.3812,0.4678
753,25.133,16,0.000,0.0000,1.0000,0.794,0.2645,0.6049,0.824,0.4305,0.5985,0.547,0.2176,0.6105,0.780,0.4968,0.5847,0.389,0.2063,0.6427,0.438,0.4178,0.6275,0.677,0.2712,0.4683,0.649,0.3805,0.4679
754,25.167,16,0.000,0.0000,1.0000,0.794,0.2613,0.6056,0.812,0.4274,0.5993,0.357,0.2364,0.6142,0.832,0.4917,0.5845,0.181,0.2148,0.6423,0.428,0.4182,0.6265,0.673,0.2713,0.4684,0.646,0.3804,0.4681
755,25.200,16,0.000,0.0000,1.0000,0.782,0.2604,0.6049,0.820,0.4268,0.5986,0.331,0.2571,0.6172,0.834,0.4875,0.5834,0.116,0.3409,0.6417,0.391,0.4207,0.6247,0.675,0.2710,0.4681,0.644,0.3797,0.4688
756,25.233,16,0.000,0.0000,1.0000,0.785,0.2614,0.6056,0.834,0.4270,0.5979,0.326,0.2484,0.6182,0.822,0.4833,0.5827,0.111,0.3431,0.6428,0.334,0.4203,0.6241,0.674,0.2708,0.4683,0.645,0.3791,0.4697
757,25.267,16,0.000,0.0000,1.0000,0.800,0.2624,0.6058,0.811,0.4258,0.5983,0.276,0.2614,0.6186,0.798,0.4795,0.5820,0.143,0.3553,0.6442,0.351,0.4215,0.6219,0.673,0.2702,0.4684,0.644,0.3781,0.4708
758,25.300,16,0.000,0.0000,1.0000,0.793,0.2630,0.6056,0.792,0.4251,0.5983,0.266,0.2627,0.6185,0.742,0.4763,0.5814,0.150,0.3590,0.6437,0.354,0.4210,0.6194,0.676,0.2705,0.4683,0.643,0.3795,0.4699
759,25.333,16,0.000,0.0000,1.0000,0.790,0.2635,0.6052,0.777,0.4257,0.5981,0.273,0.2690,0.6169,0.756,0.4714,0.5823,0.164,0.3566,0.6431,0.348,0.4158,0.6211,0.672,0.2706,0.4685,0.646,0.3800,0.4699
760,25.367,16,0.000,0.0000,1.0000,0.798,0.2638,0.6056,0.769,0.4235,0.5983,0.270,0.2782,0.6166,0.748,0.4645,0.5831,0.168,0.3602,0.6436,0.366,0.4141,0.6232,0.668,0.2709,0.4689,0.651,0.3807,0.4700
761,25.400,16,0.000,0.0000,1.0000,0.804,0.2636,0.6061,0.762,0.4256,0.5981,0.269,0.2787,0.6153,0.663,0.4618,0.5826,0.173,0.3596,0.6437,0.310,0.4135,0.6243,0.657,0.2710,0.4695,0.654,0.3811,0.4705
762,25.433,16,0.000,0.0000,1.0000,0.801,0.2631,0.6059,0.758,0.4256,0.5982,0.280,0.2711,0.6150,0.579,0.4578,0.5848,0.183,0.3580,0.6440,0.292,0.4117,0.6254,0.661,0.2708,0.4698,0.646,0.3808,0.4706
763,25.467,16,0.000,0.0000,1.0000,0.793,0.2634,0.6059,0.768,0.4270,0.5977,0.257,0.2791,0.6153,0.417,0.4510,0.5872,0.184,0.3560,0.6425,0.242,0.4026,0.6285,0.660,0.2708,0.4698,0.642,0.3811,0.4706
764,25.500,16,0.000,0.0000,1.0000,0.798,0.2627,0.6059,0.763,0.4254,0.5977,0.250,0.2811,0.6154,0.405,0.4394,0.5934,0.192,0.3564,0.6420,0.224,0.3998,0.6290,0.661,0.2705,0.4698,0.635,0.3803,0.4705
765,25.533,16,0.000,0.0000,1.0000,0.797,0.2624,0.6055,0.755,0.4254,0.5988,0.255,0.2788,0.6145,0.331,0.4244,0.6001,0.183,0.3524,0.6431,0.215,0.3901,0.6330,0.660,0.2696,0.4701,0.627,0.3788,0.4719
766,25.567,16,0.000,0.0000,1.0000,0.787,0.2629,0.6055,0.750,0.4241,0.5986,0.290,0.2770,0.6130,0.322,0.4219,0.6012,0.170,0.3438,0.6391,0.212,0.3842,0.6334,0.660,0.2694,0.4705,0.620,0.3780,0.4720
767,25.600,16,0.000,0.0000,1.0000,0.776,0.2637,0.6051,0.752,0.4240,0.5985,0.316,0.2765,0.6124,0.337,0.4210,0.6019,0.167,0.3302,0.6381,0.218,0.3845,0.6334,0.662,0.2692,0.4705,0.624,0.3785,0.4719
768,25.633,16,0.000,0.0000,1.0000,0.772,0.2643,0.6048,0.749,0.4235,0.5989,0.288,0.2779,0.6110,0.333,0.4197,0.6009,0.166,0.3489,0.6396,0.221,0.3890,0.6326,0.661,0.2685,0.4712,0.626,0.3792,0.4722
769,25.667,16,0.000,0.0000,1.0000,0.775,0.2652,0.6051,0.732,0.4233,0.5998,0.250,0.2790,0.6100,0.321,0.4134,0.6000,0.156,0.3510,0.6387,0.215,0.3903,0.6320,0.658,0.2678,0.4716,0.607,0.3782,0.4723
770,25.700,16,0.000,0.0000,1.0000,0.771,0.2649,0.6051,0.736,0.4254,0.5998,0.229,0.2780,0.6090,0.301,0.4176,0.5941,0.130,0.3466,0.6375,0.193,0.3921,0.6315,0.658,0.2671,0.4714,0.591,0.3776,0.4724
771,25.733,16,0.000,0.0000,1.0000,0.772,0.2642,0.6052,0.747,0.4268,0.6001,0.218,0.2746,0.6088,0.273,0.4141,0.5926,0.113,0.3412,0.6366,0.166,0.3845,0.6329,0.662,0.2656,0.4719,0.571,0.3758,0.4738
772,25.767,16,0.000,0.0000,1.0000,0.774,0.2652,0.6052,0.761,0.4269,0.6007,0.191,0.2776,0.6088,0.240,0.4150,0.5903,0.109,0.3484,0.6380,0.142,0.3872,0.6320,0.645,0.2648,0.4731,0.553,0.3745,0.4748
773,25.800,16,0.000,0.0000,1.0000,0.781,0.2643,0.6055,0.770,0.4263,0.6016,0.185,0.2811,0.6094,0.264,0.4225,0.5894,0.105,0.3466,0.6384,0.135,0.3913,0.6316,0.647,0.2651,0.4748,0.559,0.3759,0.4752
774,25.833,15,0.000,0.0000,1.0000,0.783,0.2628,0.6053,0.779,0.4264,0.6023,0.189,0.2776,0.6099,0.251,0.4235,0.5889,0.000,0.0000,1.0000,0.118,0.3883,0.6323,0.652,0.2645,0.4760,0.552,0.3758,0.4754
775,25.867,15,0.000,0.0000,1.0000,0.783,0.2616,0.6054,0.787,0.4272,0.6025,0.182,0.2738,0.6098,0.221,0.4162,0.5905,0.000,0.0000,1.0000,0.110,0.3808,0.6356,0.652,0.2650,0.4760,0.559,0.3748,0.4756
776,25.900,16,0.000,0.0000,1.0000,0.788,0.2626,0.6050,0.790,0.4286,0.6026,0.198,0.2779,0.6093,0.209,0.4198,0.5896,0.103,0.3222,0.6368,0.118,0.3875,0.6359,0.651,0.2645,0.4763,0.574,0.3765,0.4761
777,25.933,15,0.000,0.0000,1.0000,0.791,0.2634,0.6049,0.777,0.4315,0.6018,0.168,0.2791,0.6049,0.333,0.4285,0.5223,0.000,0.0000,1.0000,0.200,0.4292,0.4660,0.653,0.2648,0.4773,0.578,0.3767,0.4757
778,25.967,15,0.000,0.0000,1.0000,0.781,0.2640,0.6047,0.773,0.4324,0.6014,0.201,0.2754,0.6071,0.397,0.4301,0.5175,0.000,0.0000,1.0000,0.246,0.4297,0.4610,0.662,0.2647,0.4778,0.586,0.3773,0.4753
779,26.000,16,0.000,0.0000,1.0000,0.776,0.2643,0.6052,0.780,0.4340,0.6017,0.212,0.2780,0.6066,0.298,0.4293,0.5198,0.116,0.3136,0.6373,0.180,0.4325,0.4579,0.670,0.2656,0.4786,0.599,0.3783,0.4764
780,26.033,16,0.000,0.0000,1.0000,0.774,0.2648,0.6064,0.785,0.4347,0.6023,0.228,0.2809,0.6114,0.191,0.4120,0.5962,0.140,0.3125,0.6353,0.104,0.3720,0.6376,0.677,0.2663,0.4806,0.603,0.3794,0.4781
781,26.067,16,0.000,0.0000,1.0000,0.792,0.2657,0.6082,0.788,0.4343,0.6027,0.221,0.2810,0.6157,0.245,0.4108,0.6013,0.132,0.3241,0.6404,0.138,0.3801,0.6381,0.684,0.2671,0.4805,0.618,0.3785,0.4785
782,26.100,16,0.000,0.0000,1.0000,0.773,0.2677,0.6097,0.788,0.4361,0.6030,0.214,0.2826,0.6179,0.235,0.4077,0.6044,0.161,0.3232,0.6409,0.147,0.3760,0.6398,0.671,0.2688,0.4796,0.609,0.3826,0.4763
783,26.133,16,0.000,0.0000,1.0000,0.734,0.2711,0.6108,0.773,0.4372,0.6019,0.210,0.2854,0.6195,0.189,0.4083,0.6042,0.150,0.3265,0.6435,0.162,0.3781,0.6414,0.652,0.2700,0.4793,0.592,0.3842,0.4753
784,26.167,16,0.000,0.0000,1.0000,0.742,0.2729,0.6116,0.772,0.4391,0.6009,0.195,0.2996,0.6201,0.203,0.4154,0.6033,0.118,0.3518,0.6469,0.171,0.3905,0.6427,0.670,0.2717,0.4789,0.600,0.3882,0.4734
785,26.200,16,0.000,0.0000,1.0000,0.758,0.2752,0.6112,0.769,0.4405,0.6001,0.217,0.2964,0.6191,0.215,0.4154,0.6028,0.119,0.3548,0.6469,0.155,0.3931,0.6422,0.674,0.2727,0.4778,0.613,0.3881,0.4724
786,26.233,16,0.000,0.0000,1.0000,0.761,0.2781,0.6114,0.779,0.4443,0.5993,0.208,0.2968,0.6189,0.204,0.4178,0.6005,0.115,0.3543,0.6469,0.142,0.3947,0.6415,0.681,0.2740,0.4771,0.623,0.3893,0.4712
787,26.267,16,0.000,0.0000,1.0000,0.763,0.2817,0.6134,0.785,0.4490,0.5991,0.174,0.2994,0.6204,0.135,0.4197,0.5995,0.118,0.3374,0.6471,0.121,0.3956,0.6445,0.675,0.2752,0.4769,0.610,0.3922,0.4709
788,26.300,15,0.000,0.0000,1.0000,0.766,0.2862,0.6149,0.796,0.4535,0.5985,0.211,0.3098,0.6249,0.107,0.4169,0.5944,0.184,0.3324,0.6460,0.000,0.0000,1.0000,0.672,0.2756,0.4761,0.603,0.3927,0.4690
789,26.333,16,0.000,0.0000,1.0000,0.755,0.2876,0.6157,0.786,0.4577,0.5984,0.269,0.3045,0.6271,0.125,0.4131,0.5984,0.295,0.3304,0.6487,0.113,0.3652,0.6409,0.670,0.2783,0.4751,0.624,0.3960,0.4694
790,26.367,16,0.000,0.0000,1.0000,0.690,0.2948,0.6156,0.798,0.4609,0.5986,0.404,0.2926,0.6267,0.217,0.4090,0.6102,0.443,0.3318,0.6493,0.213,0.3565,0.6437,0.692,0.2808,0.4767,0.634,0.3980,0.4707
791,26.400,16,0.000,0.0000,1.0000,0.711,0.2995,0.6154,0.806,0.4632,0.5985,0.490,0.2863,0.6284,0.229,0.4210,0.6083,0.498,0.3370,0.6499,0.291,0.3594,0.6435,0.680,0.2855,0.4756,0.646,0.4023,0.4702
792,26.433,16,0.000,0.0000,1.0000,0.688,0.3091,0.6154,0.802,0.4689,0.5991,0.549,0.2838,0.6291,0.247,0.4257,0.6100,0.510,0.3396,0.6498,0.259,0.3607,0.6422,0.667,0.2903,0.4765,0.646,0.4061,0.4704
793,26.467,16,0.000,0.0000,1.0000,0.737,0.3189,0.6152,0.799,0.4725,0.5988,0.635,0.2766,0.6293,0.268,0.4303,0.6078,0.569,0.3433,0.6514,0.271,0.3690,0.6425,0.657,0.2916,0.4773,0.643,0.4098,0.4705
794,26.500,16,0.000,0.0000,1.0000,0.728,0.3196,0.6165,0.793,0.4755,0.5993,0.655,0.2808,0.6309,0.255,0.4321,0.6081,0.539,0.3456,0.6522,0.262,0.3702,0.6439,0.667,0.2941,0.4773,0.627,0.4128,0.4708
795,26.533,16,0.000,0.0000,1.0000,0.703,0.3205,0.6182,0.779,0.4776,0.5996,0.609,0.2915,0.6330,0.245,0.4336,0.6090,0.505,0.3511,0.6523,0.257,0.3755,0.6449,0.663,0.2974,0.4772,0.610,0.4157,0.4706
796,26.567,16,0.000,0.0000,1.0000,0.690,0.3269,0.6174,0.798,0.4810,0.5994,0.669,0.2892,0.6340,0.217,0.4351,0.6078,0.562,0.3546,0.6529,0.276,0.3764,0.6449,0.671,0.3013,0.4783,0.611,0.4179,0.4708
797,26.600,16,0.000,0.0000,1.0000,0.694,0.3332,0.6177,0.797,0.4833,0.5994,0.670,0.2906,0.6344,0.201,0.4418,0.6082,0.568,0.3563,0.6526,0.272,0.3767,0.6445,0.670,0.3043,0.4783,0.625,0.4207,0.4709
798,26.633,16,0.000,0.0000,1.0000,0.722,0.3377,0.6175,0.792,0.4865,0.5995,0.679,0.2923,0.6349,0.219,0.4577,0.6116,0.613,0.3596,0.6532,0.284,0.3784,0.6451,0.668,0.3073,0.4787,0.645,0.4235,0.4706
799,26.667,16,0.000,0.0000,1.0000,0.704,0.3385,0.6191,0.800,0.4885,0.6000,0.620,0.2990,0.6364,0.212,0.4498,0.6117,0.545,0.3627,0.6538,0.234,0.3785,0.6446,0.666,0.3095,0.4793,0.644,0.4270,0.4720
800,26.700,16,0.000,0.0000,1.0000,0.758,0.3455,0.6190,0.792,0.4915,0.6002,0.613,0.2969,0.6374,0.213,0.4586,0.6119,0.531,0.3613,0.6542,0.219,0.3768,0.6440,0.648,0.3119,0.4800,0.641,0.4290,0.4730
801,26.733,16,0.000,0.0000,1.0000,0.743,0.3469,0.6200,0.776,0.4938,0.6002,0.639,0.3018,0.6396,0.212,0.4598,0.6135,0.466,0.3625,0.6539,0.194,0.3812,0.6450,0.647,0.3138,0.4801,0.632,0.4317,0.4734
802,26.767,16,0.000,0.0000,1.0000,0.711,0.3540,0.6207,0.762,0.4955,0.6000,0.716,0.3059,0.6417,0.226,0.4628,0.6132,0.537,0.3699,0.6562,0.205,0.3904,0.6448,0.659,0.3163,0.4805,0.622,0.4345,0.4733
803,26.800,16,0.000,0.0000,1.0000,0.691,0.3556,0.6226,0.773,0.4963,0.6009,0.709,0.3088,0.6434,0.225,0.4610,0.6148,0.571,0.3739,0.6576,0.196,0.3966,0.6470,0.661,0.3187,0.4818,0.606,0.4363,0.4755
804,26.833,16,0.000,0.0000,1.0000,0.692,0.3579,0.6227,0.785,0.4962,0.6011,0.702,0.3134,0.6449,0.221,0.4607,0.6165,0.591,0.3764,0.6599,0.214,0.3956,0.6483,0.660,0.3195,0.4822,0.628,0.4377,0.4763
805,26.867,16,0.000,0.0000,1.0000,0.707,0.3617,0.6226,0.788,0.4965,0.6012,0.710,0.3193,0.6464,0.226,0.4539,0.6183,0.565,0.3777,0.6610,0.197,0.3972,0.6486,0.656,0.3218,0.4835,0.643,0.4383,0.4770
806,26.900,16,0.000,0.0000,1.0000,0.701,0.3624,0.6231,0.792,0.4965,0.6014,0.679,0.3223,0.6473,0.214,0.4532,0.6183,0.511,0.3788,0.6608,0.171,0.4010,0.6490,0.655,0.3227,0.4845,0.651,0.4394,0.4785
807,26.933,16,0.000,0.0000,1.0000,0.712,0.3633,0.6242,0.804,0.4962,0.6019,0.651,0.3241,0.6481,0.205,0.4519,0.6188,0.529,0.3804,0.6614,0.173,0.4001,0.6486,0.656,0.3235,0.4849,0.658,0.4401,0.4785
808,26.967,16,0.000,0.0000,1.0000,0.720,0.3625,0.6256,0.810,0.4963,0.6022,0.628,0.3268,0.6493,0.203,0.4518,0.6191,0.511,0.3823,0.6619,0.162,0.4027,0.6503,0.643,0.3236,0.4862,0.665,0.4408,0.4796
809,27.000,16,0.000,0.0000,1.0000,0.718,0.3604,0.6268,0.807,0.4967,0.6021,0.565,0.3256,0.6492,0.193,0.4532,0.6187,0.429,0.3769,0.6603,0.149,0.4029,0.6508,0.643,0.3242,0.4878,0.662,0.4411,0.4802
810,27.033,16,0.000,0.0000,1.0000,0.718,0.3621,0.6262,0.808,0.4968,0.6020,0.615,0.3298,0.6501,0.191,0.4544,0.6172,0.450,0.3771,0.6605,0.146,0.4054,0.6511,0.640,0.3236,0.4878,0.659,0.4412,0.4807
811,27.067,16,0.000,0.0000,1.0000,0.714,0.3619,0.6260,0.795,0.4975,0.6015,0.613,0.3345,0.6508,0.199,0.4571,0.6167,0.435,0.3801,0.6611,0.141,0.4113,0.6513,0.648,0.3231,0.4882,0.657,0.4409,0.4807
812,27.100,16,0.000,0.0000,1.0000,0.708,0.3613,0.6262,0.785,0.4985,0.6009,0.600,0.3383,0.6508,0.180,0.4552,0.6152,0.434,0.3841,0.6605,0.136,0.4165,0.6507,0.654,0.3216,0.4886,0.651,0.4406,0.4805
813,27.133,16,0.000,0.0000,1.0000,0.703,0.3606,0.6270,0.780,0.4995,0.6006,0.595,0.3390,0.6504,0.170,0.4544,0.6124,0.445,0.3850,0.6605,0.136,0.4158,0.6503,0.655,0.3205,0.4887,0.645,0.4396,0.4803
814,27.167,16,0.000,0.0000,1.0000,0.700,0.3607,0.6277,0.785,0.5004,0.6002,0.587,0.3407,0.6500,0.146,0.4538,0.6110,0.429,0.3869,0.6606,0.122,0.4184,0.6508,0.662,0.3190,0.4893,0.635,0.4390,0.4807
815,27.200,16,0.000,0.0000,1.0000,0.687,0.3614,0.6281,0.790,0.5015,0.5997,0.617,0.3389,0.6492,0.139,0.4518,0.6093,0.470,0.3930,0.6609,0.137,0.4200,0.6516,0.661,0.3176,0.4893,0.629,0.4386,0.4802
816,27.233,16,0.000,0.0000,1.0000,0.692,0.3639,0.6277,0.795,0.5021,0.5998,0.625,0.3367,0.6491,0.160,0.4542,0.6124,0.496,0.3933,0.6612,0.149,0.4180,0.6520,0.661,0.3180,0.4896,0.622,0.4382,0.4801
817,27.267,16,0.000,0.0000,1.0000,0.688,0.3644,0.6280,0.801,0.5025,0.6002,0.584,0.3372,0.6495,0.134,0.4536,0.6102,0.405,0.3857,0.6604,0.118,0.4023,0.6505,0.655,0.3177,0.4893,0.619,0.4382,0.4800
818,27.300,16,0.000,0.0000,1.0000,0.691,0.3644,0.6292,0.811,0.5027,0.6009,0.504,0.3313,0.6478,0.119,0.4532,0.6101,0.289,0.3755,0.6571,0.115,0.3878,0.6507,0.655,0.3180,0.4894,0.618,0.4382,0.4798
819,27.333,16,0.000,0.0000,1.0000,0.687,0.3621,0.6311,0.818,0.5028,0.6013,0.439,0.3315,0.6480,0.113,0.4534,0.6083,0.264,0.3744,0.6573,0.106,0.3795,0.6519,0.654,0.3173,0.4895,0.614,0.4375,0.4797
820,27.367,15,0.000,0.0000,1.0000,0.667,0.3608,0.6340,0.818,0.5032,0.6012,0.399,0.3232,0.6468,0.104,0.4551,0.6053,0.215,0.3781,0.6585,0.000,0.0000,1.0000,0.653,0.3174,0.4893,0.618,0.4382,0.4797
821,27.400,16,0.000,0.0000,1.0000,0.658,0.3616,0.6345,0.827,0.5044,0.6014,0.439,0.3230,0.6466,0.106,0.4536,0.6044,0.264,0.2468,0.6285,0.107,0.3840,0.6561,0.656,0.3175,0.4896,0.619,0.4383,0.4796
822,27.433,16,0.000,0.0000,1.0000,0.651,0.3594,0.6369,0.835,0.5051,0.6016,0.402,0.3191,0.6447,0.103,0.4507,0.6045,0.313,0.2439,0.6282,0.128,0.3855,0.6547,0.656,0.3177,0.4897,0.613,0.4379,0.4795
823,27.467,15,0.000,0.0000,1.0000,0.695,0.3564,0.6374,0.842,0.5061,0.6019,0.397,0.2980,0.6403,0.000,0.0000,1.0000,0.385,0.2427,0.6272,0.118,0.3795,0.6532,0.658,0.3192,0.4900,0.617,0.4380,0.4794
824,27.500,15,0.000,0.0000,1.0000,0.691,0.3572,0.6370,0.854,0.5073,0.6026,0.462,0.2951,0.6394,0.000,0.0000,1.0000,0.506,0.2392,0.6274,0.120,0.3864,0.6536,0.662,0.3194,0.4902,0.618,0.4381,0.4794
825,27.533,14,0.000,0.0000,1.0000,0.692,0.3565,0.6365,0.859,0.5082,0.6031,0.435,0.2788,0.6369,0.000,0.0000,1.0000,0.439,0.2380,0.6327,0.000,0.0000,1.0000,0.659,0.3196,0.4904,0.619,0.4383,0.4797
826,27.567,14,0.000,0.0000,1.0000,0.715,0.3584,0.6348,0.859,0.5082,0.6033,0.437,0.2681,0.6353,0.000,0.0000,1.0000,0.355,0.2440,0.6354,0.000,0.0000,1.0000,0.658,0.3201,0.4902,0.624,0.4387,0.4798
827,27.600,15,0.000,0.0000,1.0000,0.721,0.3537,0.6341,0.857,0.5083,0.6037,0.443,0.2658,0.6316,0.000,0.0000,1.0000,0.264,0.2415,0.6469,0.108,0.3643,0.6470,0.656,0.3198,0.4902,0.624,0.4387,0.4802
828,27.633,16,0.000,0.0000,1.0000,0.709,0.3540,0.6343,0.857,0.5086,0.6036,0.409,0.2779,0.6275,0.107,0.4638,0.6062,0.210,0.2507,0.6462,0.171,0.3679,0.6491,0.654,0.3201,0.4904,0.626,0.4392,0.4804
829,27.667,16,0.000,0.0000,1.0000,0.761,0.3571,0.6335,0.862,0.5082,0.6037,0.669,0.2706,0.6248,0.121,0.4556,0.6103,0.321,0.2689,0.6509,0.284,0.3607,0.6462,0.653,0.3206,0.4898,0.629,0.4395,0.4801
830,27.700,16,0.000,0.0000,1.0000,0.794,0.3572,0.6337,0.863,0.5077,0.6037,0.784,0.2601,0.6236,0.130,0.4471,0.6126,0.421,0.2741,0.6512,0.211,0.3483,0.6450,0.649,0.3221,0.4887,0.634,0.4404,0.4801
831,27.733,16,0.000,0.0000,1.0000,0.811,0.3572,0.6331,0.858,0.5086,0.6035,0.794,0.2596,0.6150,0.104,0.4487,0.6078,0.467,0.2748,0.6489,0.188,0.3369,0.6423,0.641,0.3230,0.4884,0.639,0.4407,0.4801
832,27.767,16,0.000,0.0000,1.0000,0.813,0.3561,0.6319,0.857,0.5082,0.6032,0.813,0.2567,0.6126,0.107,0.4480,0.6034,0.492,0.2822,0.6473,0.214,0.3329,0.6413,0.640,0.3233,0.4882,0.641,0.4408,0.4799
833,27.800,15,0.000,0.0000,1.0000,0.812,0.3556,0.6316,0.856,0.5087,0.6032,0.859,0.2546,0.6087,0.000,0.0000,1.0000,0.481,0.2730,0.6432,0.204,0.3292,0.6389,0.639,0.3236,0.4880,0.645,0.4411,0.4797
834,27.833,15,0.000,0.0000,1.0000,0.818,0.3563,0.6314,0.854,0.5088,0.6031,0.836,0.2545,0.6050,0.000,0.0000,1.0000,0.407,0.2769,0.6418,0.201,0.3298,0.6389,0.638,0.3238,0.4881,0.645,0.4410,0.4795
835,27.867,15,0.000,0.0000,1.0000,0.813,0.3561,0.6312,0.855,0.5088,0.6031,0.821,0.2541,0.6039,0.000,0.0000,1.0000,0.383,0.2785,0.6412,0.193,0.3315,0.6388,0.640,0.3239,0.4882,0.646,0.4411,0.4794
836,27.900,15,0.000,0.0000,1.0000,0.807,0.3559,0.6308,0.858,0.5087,0.6034,0.821,0.2537,0.6048,0.000,0.0000,1.0000,0.387,0.2803,0.6429,0.194,0.3309,0.6387,0.634,0.3235,0.4878,0.646,0.4408,0.4788
837,27.933,15,0.000,0.0000,1.0000,0.806,0.3553,0.6312,0.863,0.5082,0.6039,0.844,0.2544,0.6067,0.000,0.0000,1.0000,0.418,0.2792,0.6432,0.185,0.3315,0.6389,0.629,0.3232,0.4876,0.644,0.4408,0.4788
838,27.967,15,0.000,0.0000,1.0000,0.808,0.3552,0.6315,0.863,0.5075,0.6039,0.867,0.2551,0.6081,0.000,0.0000,1.0000,0.531,0.2757,0.6440,0.161,0.3228,0.6375,0.629,0.3233,0.4873,0.642,0.4411,0.4789
839,28.000,15,0.000,0.0000,1.0000,0.814,0.3544,0.6320,0.864,0.5070,0.6039,0.875,0.2561,0.6103,0.000,0.0000,1.0000,0.560,0.2767,0.6456,0.152,0.3226,0.6387,0.630,0.3233,0.4876,0.645,0.4416,0.4791
840,28.033,15,0.000,0.0000,1.0000,0.807,0.3550,0.6317,0.861,0.5066,0.6039,0.829,0.2585,0.6131,0.000,0.0000,1.0000,0.580,0.2767,0.6470,0.133,0.3207,0.6383,0.629,0.3234,0.4877,0.646,0.4416,0.4796
841,28.067,15,0.000,0.0000,1.0000,0.814,0.3543,0.6317,0.862,0.5064,0.6040,0.813,0.2582,0.6131,0.000,0.0000,1.0000,0.555,0.2763,0.6473,0.130,0.3212,0.6382,0.632,0.3232,0.4879,0.646,0.4416,0.4800
842,28.100,16,0.000,0.0000,1.0000,0.808,0.3549,0.6319,0.862,0.5067,0.6041,0.792,0.2609,0.6138,0.104,0.4546,0.5994,0.542,0.2767,0.6477,0.137,0.3297,0.6382,0.636,0.3241,0.4884,0.653,0.4420,0.4800
843,28.133,16,0.000,0.0000,1.0000,0.800,0.3550,0.6319,0.863,0.5069,0.6042,0.809,0.2622,0.6162,0.106,0.4547,0.6009,0.553,0.2739,0.6485,0.137,0.3306,0.6385,0.638,0.3236,0.4884,0.649,0.4417,0.4798
844,28.167,15,0.000,0.0000,1.0000,0.814,0.3592,0.6338,0.866,0.5072,0.6045,0.815,0.2621,0.6208,0.000,0.0000,1.0000,0.527,0.2723,0.6495,0.107,0.3330,0.6403,0.643,0.3234,0.4888,0.643,0.4413,0.4801
845,28.200,15,0.000,0.0000,1.0000,0.808,0.3591,0.6344,0.871,0.5074,0.6046,0.807,0.2641,0.6227,0.000,0.0000,1.0000,0.513,0.2686,0.6496,0.106,0.3417,0.6405,0.648,0.3230,0.4895,0.641,0.4412,0.4804
846,28.233,16,0.000,0.0000,1.0000,0.780,0.3595,0.6351,0.873,0.5076,0.6045,0.762,0.2696,0.6234,0.103,0.4591,0.6057,0.398,0.2691,0.6489,0.136,0.3535,0.6438,0.648,0.3227,0.4900,0.638,0.4409,0.4805
847,28.267,16,0.000,0.0000,1.0000,0.770,0.3596,0.6350,0.875,0.5083,0.6044,0.744,0.2708,0.6238,0.106,0.4550,0.6053,0.282,0.2754,0.6467,0.166,0.3572,0.6447,0.653,0.3213,0.4903,0.632,0.4404,0.4804
848,28.300,15,0.000,0.0000,1.0000,0.761,0.3601,0.6355,0.874,0.5092,0.6045,0.725,0.2702,0.6252,0.000,0.0000,1.0000,0.255,0.2746,0.6468,0.143,0.3561,0.6446,0.657,0.3204,0.4907,0.628,0.4400,0.4806
849,28.333,15,0.000,0.0000,1.0000,0.775,0.3606,0.6356,0.873,0.5097,0.6044,0.716,0.2701,0.6277,0.000,0.0000,1.0000,0.258,0.2704,0.6461,0.107,0.3575,0.6418,0.659,0.3199,0.4911,0.626,0.4398,0.4809
850,28.367,15,0.000,0.0000,1.0000,0.782,0.3608,0.6359,0.872,0.5099,0.6047,0.757,0.2733,0.6307,0.000,0.0000,1.0000,0.196,0.2593,0.6449,0.112,0.3614,0.6414,0.658,0.3192,0.4911,0.622,0.4394,0.4808
851,28.400,15,0.000,0.0000,1.0000,0.759,0.3603,0.6363,0.873,0.5097,0.6048,0.744,0.2741,0.6324,0.000,0.0000,1.0000,0.263,0.2482,0.6415,0.121,0.3627,0.6440,0.661,0.3192,0.4910,0.618,0.4390,0.4808
852,28.433,15,0.000,0.0000,1.0000,0.782,0.3628,0.6360,0.873,0.5096,0.6049,0.701,0.2763,0.6333,0.000,0.0000,1.0000,0.278,0.2461,0.6416,0.106,0.3656,0.6432,0.654,0.3195,0.4908,0.616,0.4389,0.4802
853,28.467,14,0.000,0.0000,1.0000,0.774,0.3628,0.6369,0.875,0.5087,0.6050,0.712,0.2821,0.6355,0.000,0.0000,1.0000,0.243,0.2461,0.6445,0.000,0.0000,1.0000,0.650,0.3190,0.4910,0.608,0.4383,0.4802
854,28.500,14,0.000,0.0000,1.0000,0.764,0.3608,0.6373,0.873,0.5083,0.6048,0.626,0.2876,0.6396,0.000,0.0000,1.0000,0.288,0.2282,0.6467,0.000,0.0000,1.0000,0.647,0.3191,0.4910,0.609,0.4379,0.4806
855,28.533,14,0.000,0.0000,1.0000,0.788,0.3597,0.6389,0.871,0.5072,0.6048,0.556,0.2809,0.6438,0.000,0.0000,1.0000,0.336,0.2368,0.6461,0.000,0.0000,1.0000,0.650,0.3194,0.4915,0.613,0.4381,0.4811
856,28.567,14,0.000,0.0000,1.0000,0.759,0.3612,0.6379,0.864,0.5060,0.6045,0.545,0.2851,0.6445,0.000,0.0000,1.0000,0.348,0.2372,0.6345,0.000,0.0000,1.0000,0.651,0.3164,0.4910,0.609,0.4355,0.4813
857,28.600,14,0.000,0.0000,1.0000,0.738,0.3600,0.6376,0.860,0.5045,0.6043,0.549,0.2882,0.6461,0.000,0.0000,1.0000,0.426,0.2404,0.6289,0.000,0.0000,1.0000,0.643,0.3153,0.4906,0.619,0.4337,0.4810
858,28.633,15,0.000,0.0000,1.0000,0.707,0.3552,0.6375,0.852,0.5034,0.6043,0.522,0.2877,0.6469,0.104,0.4568,0.5975,0.443,0.2401,0.6298,0.000,0.0000,1.0000,0.633,0.3132,0.4898,0.621,0.4320,0.4800
859,28.667,15,0.000,0.0000,1.0000,0.704,0.3547,0.6368,0.827,0.5011,0.6038,0.552,0.2907,0.6506,0.116,0.4601,0.6012,0.396,0.2419,0.6302,0.000,0.0000,1.0000,0.634,0.3117,0.4899,0.633,0.4300,0.4803
860,28.700,15,0.000,0.0000,1.0000,0.734,0.3487,0.6378,0.800,0.4984,0.6035,0.560,0.2904,0.6528,0.129,0.4634,0.6018,0.240,0.2370,0.6338,0.000,0.0000,1.0000,0.644,0.3090,0.4900,0.643,0.4269,0.4799
861,28.733,15,0.000,0.0000,1.0000,0.737,0.3469,0.6359,0.808,0.4970,0.6034,0.512,0.2852,0.6516,0.136,0.4625,0.6035,0.229,0.2316,0.6391,0.000,0.0000,1.0000,0.636,0.3066,0.4886,0.640,0.4245,0.4789
862,28.767,16,0.000,0.0000,1.0000,0.792,0.3465,0.6321,0.827,0.4942,0.6040,0.553,0.2904,0.6528,0.144,0.4544,0.6109,0.236,0.3519,0.6541,0.140,0.3532,0.6461,0.637,0.3027,0.4881,0.643,0.4226,0.4791
863,28.800,16,0.000,0.0000,1.0000,0.809,0.3467,0.6295,0.837,0.4911,0.6036,0.656,0.2931,0.6537,0.211,0.4574,0.6149,0.468,0.3548,0.6553,0.243,0.3669,0.6475,0.632,0.2953,0.4882,0.620,0.4182,0.4788
864,28.833,16,0.000,0.0000,1.0000,0.785,0.3434,0.6305,0.840,0.4883,0.6035,0.665,0.2925,0.6530,0.204,0.4554,0.6142,0.485,0.3554,0.6559,0.223,0.3709,0.6468,0.638,0.2942,0.4888,0.610,0.4169,0.4787
865,28.867,16,0.000,0.0000,1.0000,0.713,0.3343,0.6321,0.840,0.4843,0.6035,0.645,0.2914,0.6528,0.185,0.4515,0.6114,0.476,0.3548,0.6567,0.199,0.3722,0.6474,0.633,0.2897,0.4862,0.625,0.4104,0.4788
866,28.900,16,0.000,0.0000,1.0000,0.716,0.3300,0.6309,0.849,0.4819,0.6036,0.618,0.2915,0.6528,0.194,0.4528,0.6120,0.425,0.3548,0.6575,0.156,0.3792,0.6504,0.642,0.2853,0.4885,0.650,0.4037,0.4794
867,28.933,16,0.000,0.0000,1.0000,0.741,0.3252,0.6317,0.844,0.4785,0.6043,0.615,0.2887,0.6530,0.176,0.4506,0.6129,0.419,0.3504,0.6584,0.142,0.3856,0.6513,0.650,0.2805,0.4879,0.644,0.4007,0.4792
868,28.967,16,0.000,0.0000,1.0000,0.765,0.3207,0.6313,0.840,0.4736,0.6040,0.645,0.2877,0.6536,0.179,0.4426,0.6142,0.496,0.3494,0.6588,0.165,0.3807,0.6522,0.660,0.2775,0.4886,0.638,0.3989,0.4796
869,29.000,16,0.000,0.0000,1.0000,0.772,0.3191,0.6294,0.846,0.4697,0.6031,0.684,0.2854,0.6543,0.156,0.4370,0.6141,0.541,0.3478,0.6605,0.160,0.3759,0.6507,0.665,0.2763,0.4905,0.615,0.3973,0.4796
870,29.033,16,0.000,0.0000,1.0000,0.761,0.3154,0.6309,0.866,0.4658,0.6035,0.678,0.2865,0.6552,0.162,0.4302,0.6151,0.511,0.3486,0.6609,0.153,0.3756,0.6521,0.650,0.2719,0.4907,0.623,0.3922,0.4807
871,29.067,16,0.000,0.0000,1.0000,0.746,0.3123,0.6300,0.858,0.4625,0.6034,0.693,0.2838,0.6545,0.182,0.4286,0.6155,0.529,0.3431,0.6612,0.167,0.3771,0.6560,0.663,0.2669,0.4907,0.635,0.3852,0.4795
872,29.100,16,0.000,0.0000,1.0000,0.738,0.3126,0.6280,0.857,0.4597,0.6037,0.720,0.2808,0.6541,0.191,0.4233,0.6167,0.579,0.3403,0.6625,0.192,0.3696,0.6550,0.673,0.2629,0.4909,0.630,0.3804,0.4793
873,29.133,16,0.000,0.0000,1.0000,0.721,0.3120,0.6277,0.835,0.4579,0.6027,0.722,0.2791,0.6535,0.219,0.4224,0.6173,0.615,0.3426,0.6626,0.210,0.3710,0.6545,0.676,0.2605,0.4923,0.619,0.3786,0.4795
874,29.167,16,0.000,0.0000,1.0000,0.728,0.3069,0.6276,0.819,0.4556,0.6014,0.696,0.2779,0.6526,0.204,0.4169,0.6139,0.641,0.3421,0.6620,0.203,0.3683,0.6548,0.676,0.2564,0.4920,0.599,0.3767,0.4800
875,29.200,16,0.000,0.0000,1.0000,0.728,0.3019,0.6278,0.808,0.4519,0.5998,0.630,0.2736,0.6507,0.146,0.4118,0.6113,0.533,0.3358,0.6617,0.140,0.3646,0.6512,0.667,0.2547,0.4915,0.590,0.3744,0.4788
876,29.233,16,0.000,0.0000,1.0000,0.709,0.2986,0.6286,0.792,0.4510,0.5992,0.586,0.2726,0.6490,0.404,0.4192,0.5218,0.485,0.3332,0.6612,0.368,0.4089,0.4511,0.661,0.2523,0.4910,0.606,0.3701,0.4784
877,29.267,16,0.000,0.0000,1.0000,0.703,0.2924,0.6298,0.806,0.4477,0.5976,0.550,0.2768,0.6486,0.547,0.4183,0.5176,0.445,0.3338,0.6628,0.497,0.4113,0.4437,0.650,0.2505,0.4900,0.622,0.3682,0.4783
878,29.300,16,0.000,0.0000,1.0000,0.715,0.2895,0.6300,0.804,0.4450,0.5969,0.537,0.2781,0.6477,0.625,0.4195,0.5164,0.425,0.3314,0.6638,0.511,0.4144,0.4440,0.646,0.2487,0.4895,0.628,0.3653,0.4782
879,29.333,16,0.000,0.0000,1.0000,0.723,0.2862,0.6308,0.812,0.4425,0.5972,0.521,0.2778,0.6470,0.519,0.4190,0.5179,0.410,0.3295,0.6639,0.450,0.4175,0.4477,0.664,0.2467,0.4902,0.633,0.3627,0.4784
880,29.367,16,0.000,0.0000,1.0000,0.721,0.2852,0.6302,0.815,0.4403,0.5971,0.509,0.2745,0.6472,0.639,0.4232,0.5204,0.378,0.3259,0.6627,0.440,0.4172,0.4473,0.666,0.2456,0.4904,0.646,0.3622,0.4793
881,29.400,16,0.000,0.0000,1.0000,0.701,0.2842,0.6294,0.809,0.4386,0.5970,0.533,0.2701,0.6460,0.639,0.4215,0.5189,0.389,0.3186,0.6616,0.377,0.4156,0.4440,0.672,0.2451,0.4908,0.643,0.3626,0.4793
882,29.433,16,0.000,0.0000,1.0000,0.701,0.2853,0.6269,0.823,0.4389,0.5965,0.624,0.2576,0.6452,0.545,0.4274,0.5216,0.516,0.3176,0.6610,0.311,0.4171,0.4450,0.682,0.2446,0.4907,0.644,0.3618,0.4787
883,29.467,16,0.000,0.0000,1.0000,0.701,0.2792,0.6268,0.807,0.4373,0.5961,0.596,0.2515,0.6457,0.620,0.4360,0.5188,0.442,0.3125,0.6591,0.441,0.4225,0.4436,0.674,0.2441,0.4905,0.637,0.3616,0.4797
884,29.500,16,0.000,0.0000,1.0000,0.712,0.2851,0.6254,0.812,0.4383,0.5965,0.711,0.2452,0.6462,0.559,0.4325,0.5166,0.527,0.3111,0.6596,0.347,0.4239,0.4366,0.669,0.2445,0.4905,0.639,0.3630,0.4790
885,29.533,16,0.000,0.0000,1.0000,0.710,0.2877,0.6244,0.817,0.4385,0.5968,0.757,0.2371,0.6444,0.628,0.4330,0.5200,0.659,0.3039,0.6596,0.315,0.4203,0.4444,0.665,0.2453,0.4903,0.638,0.3624,0.4785
886,29.567,16,0.000,0.0000,1.0000,0.722,0.2872,0.6251,0.817,0.4385,0.5970,0.760,0.2285,0.6418,0.674,0.4342,0.5191,0.746,0.2966,0.6588,0.336,0.4269,0.4446,0.665,0.2456,0.4904,0.640,0.3623,0.4784
887,29.600,16,0.000,0.0000,1.0000,0.740,0.2856,0.6271,0.808,0.4381,0.5972,0.798,0.2144,0.6420,0.670,0.4359,0.5157,0.711,0.2860,0.6583,0.391,0.4341,0.4356,0.659,0.2459,0.4904,0.632,0.3639,0.4784
888,29.633,16,0.000,0.0000,1.0000,0.754,0.2862,0.6268,0.809,0.4381,0.5969,0.810,0.2037,0.6406,0.715,0.4331,0.5116,0.696,0.2737,0.6531,0.434,0.4298,0.4415,0.648,0.2473,0.4896,0.636,0.3636,0.4778
889,29.667,16,0.000,0.0000,1.0000,0.745,0.2851,0.6258,0.804,0.4378,0.5964,0.817,0.1983,0.6386,0.724,0.4318,0.5104,0.683,0.2708,0.6508,0.406,0.4331,0.4369,0.644,0.2474,0.4890,0.640,0.3637,0.4773
890,29.700,16,0.000,0.0000,1.0000,0.745,0.2814,0.6264,0.779,0.4364,0.5972,0.791,0.1911,0.6368,0.582,0.4278,0.5128,0.691,0.2620,0.6483,0.327,0.4289,0.4364,0.643,0.2470,0.4881,0.638,0.3630,0.4770
891,29.733,16,0.000,0.0000,1.0000,0.763,0.2754,0.6280,0.785,0.4350,0.5979,0.812,0.1859,0.6357,0.504,0.4238,0.5139,0.661,0.2592,0.6486,0.232,0.4258,0.4368,0.638,0.2466,0.4879,0.636,0.3639,0.4768
892,29.767,16,0.000,0.0000,1.0000,0.760,0.2729,0.6267,0.789,0.4342,0.5975,0.845,0.1819,0.6347,0.517,0.4211,0.5127,0.644,0.2629,0.6461,0.259,0.4258,0.4367,0.646,0.2466,0.4880,0.638,0.3640,0.4773
893,29.800,16,0.000,0.0000,1.0000,0.756,0.2718,0.6265,0.779,0.4335,0.5992,0.843,0.1827,0.6341,0.267,0.4194,0.5150,0.668,0.2594,0.6463,0.123,0.2807,0.6376,0.641,0.2470,0.4877,0.635,0.3648,0.4771
894,29.833,16,0.000,0.0000,1.0000,0.755,0.2708,0.6261,0.801,0.4315,0.6011,0.839,0.1830,0.6340,0.241,0.4168,0.5207,0.668,0.2588,0.6463,0.160,0.2819,0.6379,0.634,0.2485,0.4876,0.629,0.3655,0.4765
895,29.867,16,0.000,0.0000,1.0000,0.769,0.2701,0.6272,0.822,0.4288,0.6025,0.827,0.1843,0.6342,0.227,0.4145,0.5228,0.672,0.2600,0.6464,0.176,0.2837,0.6390,0.629,0.2486,0.4875,0.625,0.3653,0.4769
896,29.900,16,0.000,0.0000,1.0000,0.761,0.2715,0.6280,0.849,0.4264,0.6037,0.802,0.1859,0.6348,0.180,0.4140,0.5200,0.610,0.2648,0.6487,0.201,0.2879,0.6418,0.622,0.2483,0.4863,0.619,0.3651,0.4767
897,29.933,16,0.000,0.0000,1.0000,0.758,0.2722,0.6286,0.868,0.4255,0.6048,0.783,0.1874,0.6353,0.195,0.3903,0.6169,0.558,0.2662,0.6501,0.243,0.2920,0.6430,0.626,0.2483,0.4861,0.629,0.3673,0.4768
898,29.967,16,0.000,0.0000,1.0000,0.742,0.2721,0.6275,0.871,0.4247,0.6050,0.785,0.1872,0.6354,0.192,0.3887,0.6159,0.570,0.2671,0.6503,0.248,0.2936,0.6425,0.620,0.2485,0.4867,0.634,0.3674,0.4771
899,30.000,16,0.000,0.0000,1.0000,0.749,0.2709,0.6275,0.865,0.4231,0.6049,0.782,0.1865,0.6356,0.175,0.3805,0.6164,0.582,0.2657,0.6500,0.257,0.2894,0.6428,0.619,0.2485,0.4864,0.630,0.3673,0.4776
900,30.033,16,0.000,0.0000,1.0000,0.753,0.2705,0.6278,0.864,0.4220,0.6053,0.795,0.1878,0.6351,0.148,0.3773,0.6168,0.613,0.2638,0.6498,0.240,0.2900,0.6424,0.621,0.2475,0.4862,0.633,0.3668,0.4775
901,30.067,16,0.000,0.0000,1.0000,0.759,0.2699,0.6278,0.862,0.4215,0.6055,0.814,0.1868,0.6345,0.171,0.4086,0.5242,0.696,0.2574,0.6489,0.232,0.2857,0.6421,0.615,0.2473,0.4863,0.626,0.3663,0.4776
902,30.100,16,0.000,0.0000,1.0000,0.762,0.2700,0.6280,0.861,0.4213,0.6055,0.830,0.1857,0.6341,0.135,0.3749,0.6187,0.692,0.2568,0.6488,0.230,0.2851,0.6422,0.616,0.2471,0.4863,0.624,0.3680,0.4772
903,30.133,16,0.000,0.0000,1.0000,0.764,0.2695,0.6278,0.858,0.4211,0.6056,0.827,0.1855,0.6341,0.150,0.4088,0.5236,0.686,0.2565,0.6486,0.213,0.2847,0.6417,0.609,0.2468,0.4865,0.625,0.3675,0.4778
904,30.167,16,0.000,0.0000,1.0000,0.770,0.2691,0.6276,0.857,0.4210,0.6058,0.827,0.1854,0.6340,0.181,0.4098,0.5238,0.688,0.2537,0.6485,0.217,0.2818,0.6412,0.609,0.2467,0.4865,0.627,0.3663,0.4777
905,30.200,16,0.000,0.0000,1.0000,0.790,0.2683,0.6284,0.855,0.4208,0.6058,0.825,0.1856,0.6340,0.229,0.4095,0.5227,0.659,0.2511,0.6490,0.176,0.2812,0.6407,0.611,0.2464,0.4864,0.626,0.3657,0.4779
906,30.233,16,0.000,0.0000,1.0000,0.792,0.2688,0.6290,0.854,0.4207,0.6058,0.830,0.1854,0.6340,0.294,0.4107,0.5206,0.671,0.2510,0.6492,0.200,0.4085,0.4546,0.604,0.2472,0.4869,0.627,0.3655,0.4779
907,30.267,16,0.000,0.0000,1.0000,0.787,0.2689,0.6289,0.855,0.4203,0.6060,0.832,0.1855,0.6345,0.347,0.4111,0.5204,0.693,0.2516,0.6486,0.222,0.4080,0.4529,0.611,0.2475,0.4885,0.634,0.3641,0.4784
908,30.300,16,0.000,0.0000,1.0000,0.770,0.2678,0.6281,0.856,0.4201,0.6061,0.806,0.1889,0.6348,0.410,0.4097,0.5195,0.696,0.2500,0.6491,0.251,0.4077,0.4533,0.617,0.2462,0.4885,0.632,0.3637,0.4786
909,30.333,16,0.000,0.0000,1.0000,0.759,0.2660,0.6290,0.849,0.4195,0.6062,0.755,0.1934,0.6369,0.474,0.4105,0.5187,0.678,0.2562,0.6507,0.304,0.4073,0.4531,0.615,0.2452,0.4884,0.627,0.3628,0.4790
910,30.367,16,0.000,0.0000,1.0000,0.731,0.2569,0.6310,0.843,0.4191,0.6063,0.677,0.1988,0.6388,0.525,0.4096,0.5173,0.383,0.2631,0.6535,0.351,0.4064,0.4522,0.616,0.2421,0.4893,0.619,0.3609,0.4798
911,30.400,16,0.000,0.0000,1.0000,0.747,0.2634,0.6312,0.840,0.4189,0.6066,0.720,0.2017,0.6409,0.466,0.4086,0.5171,0.321,0.2637,0.6545,0.299,0.4062,0.4514,0.618,0.2427,0.4901,0.625,0.3609,0.4802
912,30.433,16,0.000,0.0000,1.0000,0.677,0.2536,0.6326,0.837,0.4181,0.6072,0.549,0.2043,0.6423,0.466,0.4059,0.5189,0.183,0.2676,0.6568,0.286,0.4027,0.4530,0.620,0.2399,0.4907,0.620,0.3603,0.4808
913,30.467,16,0.000,0.0000,1.0000,0.645,0.2470,0.6330,0.819,0.4158,0.6080,0.455,0.2019,0.6414,0.451,0.4035,0.5199,0.144,0.2712,0.6562,0.273,0.3986,0.4536,0.625,0.2383,0.4908,0.609,0.3590,0.4815
914,30.500,16,0.000,0.0000,1.0000,0.663,0.2536,0.6307,0.838,0.4126,0.6081,0.653,0.1983,0.6404,0.390,0.4023,0.5217,0.370,0.2611,0.6525,0.208,0.3997,0.4520,0.628,0.2383,0.4904,0.617,0.3593,0.4812
915,30.533,16,0.000,0.0000,1.0000,0.666,0.2545,0.6298,0.839,0.4118,0.6074,0.688,0.1955,0.6396,0.395,0.4028,0.5185,0.482,0.2560,0.6507,0.258,0.4056,0.4461,0.628,0.2372,0.4907,0.615,0.3588,0.4813
916,30.567,16,0.000,0.0000,1.0000,0.665,0.2477,0.6325,0.826,0.4105,0.6079,0.552,0.1952,0.6384,0.558,0.4012,0.5191,0.330,0.2561,0.6520,0.332,0.4061,0.4462,0.633,0.2355,0.4916,0.601,0.3572,0.4823
917,30.600,16,0.000,0.0000,1.0000,0.673,0.2368,0.6326,0.821,0.4086,0.6088,0.315,0.1987,0.6402,0.528,0.4004,0.5212,0.193,0.1777,0.4845,0.300,0.3993,0.4479,0.626,0.2330,0.4913,0.587,0.3557,0.4827
918,30.633,16,0.000,0.0000,1.0000,0.661,0.2304,0.6326,0.808,0.4051,0.6092,0.263,0.1830,0.5450,0.602,0.4006,0.5183,0.197,0.1761,0.4806,0.385,0.4048,0.4451,0.616,0.2305,0.4911,0.567,0.3544,0.4828
919,30.667,16,0.000,0.0000,1.0000,0.676,0.2266,0.6330,0.808,0.4057,0.6093,0.329,0.1835,0.5431,0.633,0.4013,0.5196,0.204,0.1741,0.4773,0.407,0.4029,0.4459,0.611,0.2297,0.4908,0.565,0.3530,0.4831
920,30.700,16,0.000,0.0000,1.0000,0.708,0.2240,0.6338,0.812,0.4054,0.6102,0.424,0.1830,0.5436,0.662,0.4010,0.5221,0.235,0.1738,0.4763,0.415,0.4009,0.4475,0.599,0.2289,0.4917,0.563,0.3526,0.4840
921,30.733,16,0.000,0.0000,1.0000,0.712,0.2226,0.6341,0.809,0.4053,0.6103,0.413,0.1818,0.5427,0.715,0.4013,0.5214,0.242,0.1618,0.4540,0.478,0.4037,0.4457,0.602,0.2280,0.4925,0.557,0.3517,0.4850
922,30.767,16,0.000,0.0000,1.0000,0.737,0.2193,0.6333,0.810,0.4052,0.6104,0.426,0.1810,0.5403,0.764,0.4011,0.5209,0.295,0.1596,0.4520,0.550,0.4100,0.4427,0.610,0.2263,0.4920,0.562,0.3505,0.4846
923,30.800,16,0.000,0.0000,1.0000,0.749,0.2181,0.6327,0.810,0.4052,0.6103,0.414,0.1808,0.5393,0.791,0.4020,0.5198,0.281,0.1597,0.4519,0.622,0.4148,0.4414,0.613,0.2246,0.4923,0.562,0.3497,0.4852
924,30.833,16,0.000,0.0000,1.0000,0.750,0.2185,0.6325,0.801,0.4043,0.6104,0.420,0.1812,0.5390,0.766,0.4017,0.5195,0.289,0.1597,0.4520,0.627,0.4152,0.4403,0.616,0.2243,0.4919,0.563,0.3493,0.4852
925,30.867,16,0.000,0.0000,1.0000,0.740,0.2194,0.6319,0.797,0.4032,0.6103,0.389,0.1811,0.5396,0.735,0.4021,0.5186,0.276,0.1591,0.4523,0.593,0.4152,0.4385,0.614,0.2238,0.4917,0.561,0.3493,0.4853
926,30.900,16,0.000,0.0000,1.0000,0.720,0.2212,0.6322,0.809,0.4022,0.6101,0.288,0.1776,0.5354,0.713,0.4025,0.5186,0.261,0.1555,0.4502,0.608,0.4158,0.4375,0.618,0.2218,0.4916,0.556,0.3489,0.4855
927,30.933,16,0.000,0.0000,1.0000,0.714,0.2240,0.6331,0.815,0.4016,0.6097,0.254,0.1804,0.6325,0.726,0.4034,0.5205,0.192,0.1540,0.4522,0.525,0.4116,0.4399,0.620,0.2219,0.4919,0.562,0.3487,0.4858
928,30.967,16,0.000,0.0000,1.0000,0.709,0.2270,0.6339,0.815,0.4003,0.6099,0.361,0.1699,0.6302,0.731,0.4038,0.5212,0.166,0.1482,0.4507,0.466,0.4061,0.4420,0.626,0.2213,0.4919,0.572,0.3467,0.4856
929,31.000,16,0.000,0.0000,1.0000,0.707,0.2324,0.6338,0.821,0.4001,0.6089,0.563,0.1674,0.6309,0.689,0.4041,0.5190,0.121,0.2331,0.6473,0.440,0.4033,0.4432,0.628,0.2223,0.4924,0.567,0.3470,0.4858
930,31.033,16,0.000,0.0000,1.0000,0.725,0.2302,0.6336,0.816,0.3994,0.6080,0.588,0.1667,0.6320,0.717,0.4064,0.5182,0.138,0.2303,0.6481,0.478,0.4045,0.4434,0.627,0.2222,0.4925,0.572,0.3470,0.4858
931,31.067,16,0.000,0.0000,1.0000,0.735,0.2298,0.6332,0.820,0.3995,0.6075,0.588,0.1667,0.6320,0.732,0.4072,0.5184,0.144,0.2306,0.6473,0.486,0.4008,0.4457,0.623,0.2231,0.4931,0.577,0.3467,0.4857
932,31.100,16,0.000,0.0000,1.0000,0.746,0.2278,0.6325,0.816,0.3994,0.6071,0.537,0.1679,0.6320,0.753,0.4073,0.5177,0.122,0.2349,0.6484,0.500,0.4011,0.4454,0.627,0.2223,0.4924,0.582,0.3465,0.4852
933,31.133,16,0.000,0.0000,1.0000,0.743,0.2256,0.6321,0.819,0.3991,0.6077,0.407,0.1731,0.6318,0.751,0.4058,0.5173,0.146,0.1468,0.4485,0.501,0.4053,0.4419,0.628,0.2219,0.4922,0.577,0.3462,0.4855
934,31.167,16,0.000,0.0000,1.0000,0.741,0.2218,0.6316,0.817,0.3993,0.6082,0.297,0.1796,0.6319,0.713,0.4028,0.5160,0.192,0.1501,0.4509,0.472,0.4071,0.4392,0.625,0.2213,0.4919,0.571,0.3469,0.4857
935,31.200,16,0.000,0.0000,1.0000,0.736,0.2174,0.6317,0.812,0.3991,0.6086,0.288,0.1774,0.5399,0.658,0.4018,0.5135,0.279,0.1526,0.4519,0.464,0.4108,0.4351,0.622,0.2201,0.4917,0.567,0.3461,0.4860
936,31.233,16,0.000,0.0000,1.0000,0.729,0.2169,0.6321,0.814,0.3995,0.6083,0.325,0.1770,0.5410,0.689,0.4014,0.5151,0.286,0.1542,0.4558,0.454,0.4102,0.4362,0.623,0.2197,0.4916,0.573,0.3451,0.4860
937,31.267,16,0.000,0.0000,1.0000,0.735,0.2156,0.6323,0.815,0.4000,0.6081,0.394,0.1776,0.5414,0.698,0.4013,0.5158,0.307,0.1573,0.4570,0.440,0.4065,0.4389,0.623,0.2196,0.4913,0.578,0.3448,0.4859
938,31.300,16,0.000,0.0000,1.0000,0.736,0.2146,0.6325,0.818,0.3998,0.6081,0.443,0.1771,0.5413,0.716,0.4013,0.5173,0.335,0.1572,0.4574,0.431,0.4006,0.4428,0.625,0.2188,0.4913,0.586,0.3445,0.4855
939,31.333,16,0.000,0.0000,1.0000,0.739,0.2147,0.6323,0.818,0.3997,0.6080,0.434,0.1773,0.5410,0.726,0.4011,0.5173,0.344,0.1561,0.4568,0.437,0.4051,0.4399,0.625,0.2184,0.4908,0.594,0.3441,0.4849
940,31.367,16,0.000,0.0000,1.0000,0.735,0.2136,0.6326,0.816,0.3995,0.6078,0.463,0.1757,0.5404,0.711,0.4006,0.5158,0.389,0.1549,0.4560,0.455,0.4090,0.4360,0.627,0.2170,0.4906,0.596,0.3438,0.4847
941,31.400,16,0.000,0.0000,1.0000,0.736,0.2139,0.6334,0.817,0.3991,0.6081,0.473,0.1751,0.5403,0.702,0.4007,0.5147,0.406,0.1545,0.4560,0.473,0.4120,0.4351,0.623,0.2152,0.4905,0.595,0.3432,0.4848
942,31.433,16,0.000,0.0000,1.0000,0.731,0.2150,0.6338,0.819,0.3997,0.6077,0.500,0.1761,0.5418,0.716,0.4010,0.5164,0.407,0.1553,0.4571,0.434,0.4113,0.4364,0.623,0.2149,0.4910,0.591,0.3426,0.4849
943,31.467,16,0.000,0.0000,1.0000,0.738,0.2161,0.6338,0.818,0.4001,0.6073,0.500,0.1780,0.5420,0.717,0.4013,0.5158,0.375,0.1568,0.4588,0.483,0.4128,0.4356,0.624,0.2148,0.4906,0.595,0.3434,0.4844
944,31.500,16,0.000,0.0000,1.0000,0.744,0.2179,0.6342,0.818,0.4007,0.6069,0.500,0.1788,0.5434,0.714,0.4012,0.5162,0.342,0.1572,0.4615,0.468,0.4127,0.4363,0.622,0.2153,0.4904,0.596,0.3437,0.4842
945,31.533,16,0.000,0.0000,1.0000,0.734,0.2208,0.6370,0.815,0.4009,0.6069,0.492,0.1778,0.5444,0.674,0.4024,0.5135,0.343,0.1568,0.4612,0.503,0.4167,0.4355,0.623,0.2146,0.4908,0.594,0.3437,0.4841
946,31.567,16,0.000,0.0000,1.0000,0.741,0.2216,0.6377,0.817,0.4012,0.6071,0.423,0.1775,0.5456,0.630,0.4019,0.5103,0.284,0.1555,0.4621,0.504,0.4176,0.4348,0.615,0.2125,0.4907,0.593,0.3432,0.4841
947,31.600,16,0.000,0.0000,1.0000,0.704,0.2257,0.6386,0.822,0.4015,0.6072,0.295,0.1759,0.5486,0.609,0.4036,0.5099,0.224,0.1536,0.4612,0.490,0.4178,0.4348,0.603,0.2105,0.4918,0.584,0.3410,0.4846
948,31.633,16,0.000,0.0000,1.0000,0.663,0.2292,0.6380,0.821,0.4030,0.6070,0.212,0.1768,0.5499,0.581,0.4025,0.5136,0.183,0.1517,0.4615,0.433,0.4159,0.4363,0.599,0.2103,0.4915,0.583,0.3395,0.4841
949,31.667,16,0.000,0.0000,1.0000,0.652,0.2333,0.6372,0.823,0.4038,0.6069,0.193,0.1768,0.5504,0.566,0.4017,0.5093,0.151,0.1510,0.4638,0.430,0.4161,0.4363,0.590,0.2099,0.4916,0.577,0.3391,0.4838
950,31.700,16,0.000,0.0000,1.0000,0.655,0.2353,0.6355,0.819,0.4050,0.6061,0.278,0.1775,0.5520,0.613,0.4027,0.5074,0.237,0.1526,0.4689,0.497,0.4193,0.4349,0.601,0.2107,0.4924,0.578,0.3392,0.4835
951,31.733,16,0.000,0.0000,1.0000,0.671,0.2382,0.6353,0.811,0.4057,0.6058,0.406,0.1784,0.5533,0.605,0.4018,0.5065,0.355,0.1533,0.4726,0.531,0.4194,0.4349,0.609,0.2100,0.4926,0.574,0.3385,0.4835
952,31.767,16,0.000,0.0000,1.0000,0.676,0.2394,0.6356,0.803,0.4061,0.6062,0.365,0.1791,0.5537,0.632,0.4011,0.5077,0.317,0.1532,0.4703,0.540,0.4188,0.4368,0.606,0.2098,0.4925,0.573,0.3377,0.4832
953,31.800,16,0.000,0.0000,1.0000,0.672,0.2403,0.6360,0.808,0.4066,0.6065,0.324,0.1792,0.5543,0.628,0.4013,0.5078,0.259,0.1534,0.4701,0.554,0.4199,0.4371,0.607,0.2094,0.4927,0.574,0.3371,0.4835
954,31.833,16,0.000,0.0000,1.0000,0.730,0.2389,0.6383,0.809,0.4065,0.6062,0.362,0.1779,0.5536,0.605,0.4013,0.5091,0.248,0.1540,0.4710,0.516,0.4185,0.4385,0.603,0.2089,0.4925,0.573,0.3376,0.4836
955,31.867,16,0.000,0.0000,1.0000,0.743,0.2365,0.6384,0.808,0.4069,0.6063,0.375,0.1764,0.5542,0.620,0.4011,0.5141,0.255,0.1536,0.4708,0.508,0.4191,0.4414,0.602,0.2086,0.4923,0.578,0.3376,0.4832
956,31.900,16,0.000,0.0000,1.0000,0.730,0.2328,0.6381,0.804,0.4073,0.6064,0.409,0.1752,0.5526,0.610,0.4014,0.5142,0.293,0.1542,0.4703,0.475,0.4175,0.4422,0.599,0.2079,0.4921,0.581,0.3371,0.4830
957,31.933,16,0.000,0.0000,1.0000,0.674,0.2304,0.6367,0.802,0.4090,0.6069,0.383,0.1757,0.5512,0.596,0.4013,0.5150,0.326,0.1547,0.4715,0.410,0.4125,0.4442,0.605,0.2084,0.4915,0.587,0.3366,0.4822
958,31.967,16,0.000,0.0000,1.0000,0.725,0.2231,0.6351,0.794,0.4083,0.6078,0.451,0.1769,0.5479,0.577,0.4014,0.5165,0.341,0.1563,0.4705,0.348,0.4096,0.4493,0.625,0.2101,0.4920,0.587,0.3369,0.4831
959,32.000,16,0.000,0.0000,1.0000,0.780,0.2200,0.6331,0.801,0.4080,0.6081,0.535,0.1764,0.5449,0.584,0.4019,0.5176,0.350,0.1554,0.4634,0.354,0.4066,0.4509,0.625,0.2111,0.4910,0.589,0.3373,0.4830
960,32.033,16,0.000,0.0000,1.0000,0.764,0.2220,0.6329,0.801,0.4082,0.6080,0.506,0.1769,0.5445,0.546,0.4017,0.5166,0.328,0.1555,0.4619,0.339,0.4105,0.4496,0.628,0.2127,0.4909,0.593,0.3391,0.4832
961,32.067,16,0.000,0.0000,1.0000,0.713,0.2274,0.6328,0.806,0.4074,0.6086,0.448,0.1790,0.5450,0.540,0.4007,0.5190,0.273,0.1572,0.4629,0.349,0.4065,0.4531,0.632,0.2142,0.4910,0.589,0.3393,0.4838
962,32.100,16,0.000,0.0000,1.0000,0.707,0.2281,0.6334,0.812,0.4079,0.6085,0.453,0.1805,0.5439,0.588,0.4013,0.5197,0.262,0.1580,0.4623,0.347,0.4048,0.4514,0.628,0.2155,0.4910,0.596,0.3410,0.4844
963,32.133,16,0.000,0.0000,1.0000,0.730,0.2313,0.6333,0.818,0.4069,0.6092,0.435,0.1808,0.5442,0.584,0.4011,0.5193,0.263,0.1573,0.4607,0.356,0.4022,0.4524,0.616,0.2167,0.4900,0.600,0.3428,0.4843
964,32.167,16,0.000,0.0000,1.0000,0.734,0.2324,0.6337,0.822,0.4069,0.6096,0.386,0.1797,0.5457,0.601,0.4015,0.5201,0.229,0.1558,0.4597,0.368,0.4041,0.4510,0.617,0.2169,0.4901,0.606,0.3439,0.4842
965,32.200,16,0.000,0.0000,1.0000,0.732,0.2318,0.6333,0.828,0.4060,0.6101,0.397,0.1810,0.5454,0.628,0.4022,0.5225,0.207,0.1593,0.4606,0.419,0.4044,0.4528,0.618,0.2188,0.4901,0.608,0.3455,0.4840
966,32.233,16,0.000,0.0000,1.0000,0.755,0.2335,0.6338,0.831,0.4063,0.6098,0.345,0.1812,0.5467,0.648,0.4028,0.5229,0.187,0.1589,0.4609,0.435,0.4074,0.4525,0.620,0.2214,0.4903,0.608,0.3473,0.4835
967,32.267,16,0.000,0.0000,1.0000,0.762,0.2365,0.6349,0.833,0.4077,0.6095,0.240,0.1786,0.5486,0.666,0.4034,0.5223,0.164,0.1555,0.4590,0.430,0.4069,0.4510,0.616,0.2235,0.4902,0.604,0.3492,0.4829
968,32.300,16,0.000,0.0000,1.0000,0.759,0.2392,0.6355,0.833,0.4091,0.6093,0.311,0.1683,0.6146,0.673,0.4030,0.5224,0.107,0.1529,0.4607,0.410,0.4063,0.4512,0.607,0.2267,0.4904,0.606,0.3498,0.4824
969,32.333,15,0.000,0.0000,1.0000,0.748,0.2416,0.6356,0.832,0.4101,0.6091,0.379,0.1690,0.6169,0.701,0.4035,0.5225,0.000,0.0000,1.0000,0.425,0.4065,0.4498,0.596,0.2276,0.4905,0.601,0.3503,0.4820
970,32.367,15,0.000,0.0000,1.0000,0.752,0.2416,0.6358,0.829,0.4113,0.6091,0.460,0.1661,0.6168,0.676,0.4036,0.5228,0.000,0.0000,1.0000,0.412,0.4054,0.4501,0.591,0.2289,0.4898,0.592,0.3515,0.4811
971,32.400,15,0.000,0.0000,1.0000,0.777,0.2386,0.6346,0.821,0.4130,0.6092,0.452,0.1646,0.6114,0.688,0.4040,0.5237,0.000,0.0000,1.0000,0.444,0.4085,0.4484,0.589,0.2289,0.4893,0.590,0.3513,0.4813
972,32.433,15,0.000,0.0000,1.0000,0.798,0.2389,0.6345,0.802,0.4148,0.6095,0.510,0.1409,0.6056,0.637,0.4033,0.5233,0.000,0.0000,1.0000,0.399,0.4066,0.4477,0.594,0.2296,0.4892,0.583,0.3517,0.4807
973,32.467,16,0.000,0.0000,1.0000,0.801,0.2425,0.6340,0.802,0.4172,0.6096,0.684,0.1426,0.6053,0.566,0.4027,0.5228,0.254,0.0829,0.6100,0.351,0.4055,0.4474,0.606,0.2314,0.4885,0.580,0.3525,0.4802
974,32.500,16,0.000,0.0000,1.0000,0.808,0.2449,0.6333,0.808,0.4186,0.6101,0.744,0.1497,0.5987,0.467,0.4008,0.5239,0.129,0.1284,0.6130,0.302,0.4042,0.4475,0.609,0.2319,0.4879,0.578,0.3534,0.4806
975,32.533,16,0.000,0.0000,1.0000,0.810,0.2448,0.6326,0.821,0.4192,0.6098,0.827,0.1538,0.5937,0.483,0.4013,0.5230,0.159,0.1894,0.6259,0.307,0.4039,0.4471,0.603,0.2322,0.4880,0.581,0.3540,0.4805
976,32.567,16,0.000,0.0000,1.0000,0.808,0.2447,0.6320,0.820,0.4195,0.6093,0.795,0.1570,0.5886,0.411,0.3984,0.5236,0.150,0.1913,0.6258,0.278,0.4040,0.4474,0.596,0.2317,0.4859,0.585,0.3543,0.4801
977,32.600,16,0.000,0.0000,1.0000,0.794,0.2461,0.6306,0.822,0.4200,0.6083,0.869,0.1565,0.5850,0.334,0.3983,0.5236,0.344,0.1998,0.6264,0.221,0.4050,0.4469,0.613,0.2326,0.4849,0.591,0.3557,0.4796
978,32.633,16,0.000,0.0000,1.0000,0.756,0.2481,0.6293,0.829,0.4216,0.6073,0.811,0.1583,0.5761,0.377,0.3975,0.5225,0.216,0.2036,0.6207,0.224,0.4046,0.4450,0.614,0.2354,0.4844,0.592,0.3574,0.4793
979,32.667,16,0.000,0.0000,1.0000,0.756,0.2472,0.6281,0.833,0.4223,0.6071,0.836,0.1592,0.5713,0.424,0.4004,0.5200,0.229,0.1985,0.6202,0.230,0.4057,0.4405,0.615,0.2399,0.4854,0.600,0.3600,0.4785
980,32.700,16,0.000,0.0000,1.0000,0.738,0.2475,0.6274,0.833,0.4229,0.6065,0.783,0.1644,0.5686,0.426,0.4013,0.5189,0.140,0.2022,0.6120,0.252,0.4075,0.4386,0.618,0.2410,0.4850,0.596,0.3629,0.4778
981,32.733,16,0.000,0.0000,1.0000,0.739,0.2468,0.6264,0.828,0.4250,0.6058,0.660,0.1708,0.5622,0.483,0.4054,0.5166,0.333,0.1658,0.4606,0.318,0.4068,0.4362,0.616,0.2419,0.4860,0.589,0.3649,0.4777
982,32.767,16,0.000,0.0000,1.0000,0.741,0.2483,0.6264,0.825,0.4263,0.6058,0.773,0.1714,0.5596,0.459,0.4100,0.5171,0.243,0.1763,0.4696,0.308,0.4064,0.4322,0.610,0.2429,0.4884,0.584,0.3682,0.4786
983,32.800,16,0.000,0.0000,1.0000,0.732,0.2493,0.6262,0.797,0.4310,0.6044,0.821,0.1714,0.5597,0.455,0.4141,0.5174,0.235,0.2300,0.5592,0.264,0.4049,0.4273,0.614,0.2450,0.4893,0.574,0.3717,0.4793
984,32.833,16,0.000,0.0000,1.0000,0.758,0.2534,0.6265,0.775,0.4342,0.6033,0.843,0.1726,0.5595,0.550,0.4188,0.5143,0.229,0.2360,0.5584,0.391,0.4077,0.4275,0.602,0.2484,0.4894,0.566,0.3752,0.4792
985,32.867,16,0.000,0.0000,1.0000,0.759,0.2558,0.6257,0.776,0.4374,0.6033,0.845,0.1747,0.5588,0.581,0.4222,0.5138,0.191,0.1792,0.4757,0.425,0.4065,0.4300,0.622,0.2525,0.4902,0.593,0.3782,0.4803
986,32.900,16,0.000,0.0000,1.0000,0.766,0.2593,0.6258,0.802,0.4408,0.6030,0.853,0.1762,0.5579,0.641,0.4252,0.5133,0.207,0.1803,0.4908,0.372,0.4026,0.4316,0.627,0.2558,0.4906,0.607,0.3806,0.4797
987,32.933,16,0.000,0.0000,1.0000,0.776,0.2640,0.6266,0.822,0.4448,0.6035,0.864,0.1784,0.5594,0.548,0.4310,0.5205,0.402,0.1870,0.5065,0.251,0.4045,0.4323,0.629,0.2604,0.4912,0.617,0.3829,0.4789
988,32.967,16,0.000,0.0000,1.0000,0.766,0.2682,0.6277,0.821,0.4492,0.6029,0.864,0.1775,0.5603,0.574,0.4366,0.5251,0.459,0.2350,0.5602,0.116,0.4133,0.4339,0.627,0.2618,0.4907,0.621,0.3854,0.4781
989,33.000,15,0.000,0.0000,1.0000,0.769,0.2713,0.6283,0.802,0.4537,0.6026,0.830,0.1795,0.5617,0.667,0.4386,0.5252,0.477,0.2367,0.5606,0.000,0.0000,1.0000,0.632,0.2638,0.4917,0.617,0.3881,0.4791
990,33.033,15,0.000,0.0000,1.0000,0.805,0.2757,0.6297,0.780,0.4569,0.6032,0.777,0.1820,0.5644,0.750,0.4403,0.5249,0.545,0.2343,0.5582,0.000,0.0000,1.0000,0.622,0.2641,0.4905,0.586,0.3902,0.4805
991,33.067,16,0.000,0.0000,1.0000,0.819,0.2811,0.6305,0.796,0.4592,0.6027,0.767,0.1861,0.5660,0.763,0.4432,0.5207,0.563,0.2378,0.5539,0.307,0.4222,0.4322,0.622,0.2719,0.4920,0.557,0.3938,0.4815
992,33.100,16,0.000,0.0000,1.0000,0.819,0.2854,0.6309,0.825,0.4632,0.6039,0.790,0.1909,0.5694,0.741,0.4466,0.5212,0.521,0.2409,0.5474,0.236,0.4208,0.4239,0.631,0.2748,0.4924,0.582,0.3972,0.4803
993,33.133,16,0.000,0.0000,1.0000,0.789,0.2914,0.6319,0.844,0.4660,0.6050,0.812,0.1946,0.5712,0.703,0.4535,0.5243,0.606,0.2514,0.5481,0.138,0.4189,0.4195,0.627,0.2801,0.4939,0.601,0.4015,0.4814
994,33.167,15,0.000,0.0000,1.0000,0.813,0.2977,0.6327,0.830,0.4706,0.6040,0.804,0.2015,0.5730,0.751,0.4586,0.5244,0.540,0.2660,0.5480,0.000,0.0000,1.0000,0.615,0.2827,0.4947,0.606,0.4032,0.4816
995,33.200,15,0.000,0.0000,1.0000,0.825,0.3009,0.6333,0.805,0.4735,0.6033,0.777,0.2073,0.5739,0.811,0.4604,0.5238,0.599,0.2598,0.5538,0.000,0.0000,1.0000,0.602,0.2854,0.4953,0.599,0.4091,0.4818
996,33.233,15,0.000,0.0000,1.0000,0.832,0.3043,0.6336,0.792,0.4759,0.6033,0.786,0.2109,0.5736,0.792,0.4611,0.5239,0.461,0.2691,0.5503,0.000,0.0000,1.0000,0.608,0.2931,0.4972,0.608,0.4122,0.4818
997,33.267,15,0.000,0.0000,1.0000,0.820,0.3076,0.6348,0.779,0.4776,0.6031,0.778,0.2149,0.5737,0.730,0.4612,0.5239,0.378,0.2702,0.5387,0.000,0.0000,1.0000,0.603,0.2944,0.4979,0.583,0.4172,0.4817
998,33.300,15,0.000,0.0000,1.0000,0.779,0.3114,0.6356,0.773,0.4793,0.6028,0.805,0.2167,0.5715,0.631,0.4620,0.5247,0.333,0.1957,0.4712,0.000,0.0000,1.0000,0.605,0.2943,0.5021,0.588,0.4191,0.4832
999,33.333,15,0.000,0.0000,1.0000,0.771,0.3125,0.6362,0.782,0.4798,0.6035,0.791,0.2197,0.5690,0.590,0.4624,0.5271,0.283,0.1932,0.4728,0.000,0.0000,1.0000,0.615,0.2973,0.5018,0.607,0.4216,0.4838
1000,33.367,15,0.000,0.0000,1.0000,0.759,0.3131,0.6364,0.783,0.4802,0.6034,0.789,0.2199,0.5658,0.486,0.4589,0.5289,0.438,0.1964,0.4720,0.000,0.0000,1.0000,0.606,0.2984,0.5013,0.605,0.4228,0.4837
1001,33.400,15,0.000,0.0000,1.0000,0.745,0.3131,0.6371,0.784,0.4797,0.6039,0.753,0.2225,0.5633,0.331,0.4545,0.5340,0.527,0.1967,0.4702,0.000,0.0000,1.0000,0.597,0.2989,0.5014,0.596,0.4235,0.4844
1002,33.433,15,0.000,0.0000,1.0000,0.752,0.3120,0.6372,0.784,0.4784,0.6047,0.765,0.2257,0.5615,0.264,0.4435,0.5390,0.504,0.1977,0.4684,0.000,0.0000,1.0000,0.584,0.2995,0.5011,0.594,0.4244,0.4850
1003,33.467,15,0.000,0.0000,1.0000,0.748,0.3109,0.6374,0.810,0.4763,0.6066,0.750,0.2299,0.5586,0.287,0.4417,0.5385,0.603,0.1981,0.4667,0.000,0.0000,1.0000,0.578,0.3013,0.5009,0.598,0.4252,0.4865
1004,33.500,15,0.000,0.0000,1.0000,0.752,0.3091,0.6377,0.830,0.4738,0.6073,0.757,0.2303,0.5570,0.303,0.4404,0.5375,0.602,0.1981,0.4663,0.000,0.0000,1.0000,0.580,0.2975,0.4971,0.589,0.4238,0.4863
1005,33.533,15,0.000,0.0000,1.0000,0.784,0.3071,0.6386,0.841,0.4714,0.6083,0.796,0.2385,0.5566,0.241,0.4309,0.5421,0.362,0.1976,0.4693,0.000,0.0000,1.0000,0.570,0.2983,0.5012,0.611,0.4232,0.4885
1006,33.567,15,0.000,0.0000,1.0000,0.775,0.3025,0.6382,0.840,0.4691,0.6091,0.794,0.2416,0.5532,0.232,0.4276,0.5443,0.374,0.1998,0.4662,0.000,0.0000,1.0000,0.562,0.2960,0.5018,0.612,0.4215,0.4895
1007,33.600,15,0.000,0.0000,1.0000,0.755,0.2980,0.6383,0.838,0.4669,0.6099,0.790,0.2409,0.5526,0.230,0.4260,0.5423,0.457,0.1947,0.4799,0.000,0.0000,1.0000,0.566,0.2960,0.5008,0.600,0.4204,0.4892
1008,33.633,14,0.000,0.0000,1.0000,0.742,0.2964,0.6391,0.830,0.4658,0.6098,0.820,0.2437,0.5543,0.206,0.4264,0.5470,0.000,0.0000,1.0000,0.000,0.0000,1.0000,0.544,0.2937,0.5018,0.595,0.4162,0.4893
1009,33.667,15,0.000,0.0000,1.0000,0.752,0.2956,0.6404,0.824,0.4632,0.6102,0.816,0.2420,0.5533,0.229,0.4239,0.5456,0.271,0.2150,0.5480,0.000,0.0000,1.0000,0.540,0.2918,0.5006,0.617,0.4129,0.4896
1010,33.700,14,0.000,0.0000,1.0000,0.784,0.2893,0.6410,0.805,0.4616,0.6109,0.865,0.2323,0.5547,0.230,0.4220,0.5462,0.000,0.0000,1.0000,0.000,0.0000,1.0000,0.565,0.2865,0.4976,0.622,0.4090,0.4877
1011,33.733,14,0.000,0.0000,1.0000,0.813,0.2846,0.6428,0.761,0.4589,0.6124,0.829,0.2252,0.5551,0.365,0.4247,0.5378,0.000,0.0000,1.0000,0.000,0.0000,1.0000,0.564,0.2795,0.4970,0.612,0.4035,0.4855
1012,33.767,15,0.000,0.0000,1.0000,0.823,0.2812,0.6453,0.767,0.4563,0.6130,0.850,0.2157,0.5595,0.255,0.4153,0.5465,0.178,0.1846,0.4802,0.000,0.0000,1.0000,0.561,0.2746,0.5013,0.610,0.3997,0.4906
1013,33.800,15,0.000,0.0000,1.0000,0.786,0.2761,0.6464,0.804,0.4515,0.6149,0.754,0.2057,0.5613,0.253,0.4090,0.5449,0.388,0.1813,0.4832,0.000,0.0000,1.0000,0.536,0.2679,0.4988,0.544,0.3932,0.4906
1014,33.833,15,0.000,0.0000,1.0000,0.753,0.2703,0.6486,0.827,0.4456,0.6155,0.750,0.1951,0.5630,0.258,0.4038,0.5488,0.384,0.1760,0.4795,0.000,0.0000,1.0000,0.578,0.2628,0.5016,0.570,0.3888,0.4904
1015,33.867,15,0.000,0.0000,1.0000,0.761,0.2626,0.6514,0.826,0.4404,0.6175,0.792,0.1845,0.5719,0.286,0.3948,0.5496,0.365,0.2512,0.5705,0.000,0.0000,1.0000,0.599,0.2556,0.5037,0.574,0.3831,0.4916
1016,33.900,16,0.000,0.0000,1.0000,0.757,0.2550,0.6525,0.812,0.4350,0.6199,0.783,0.1740,0.5754,0.352,0.3939,0.5522,0.375,0.2535,0.5653,0.106,0.4125,0.4388,0.578,0.2509,0.5048,0.558,0.3779,0.4932
1017,33.933,16,0.000,0.0000,1.0000,0.756,0.2500,0.6548,0.843,0.4276,0.6225,0.783,0.1675,0.5804,0.364,0.3934,0.5536,0.258,0.2286,0.5640,0.125,0.4116,0.4483,0.588,0.2465,0.5056,0.558,0.3731,0.4945
1018,33.967,16,0.000,0.0000,1.0000,0.801,0.2419,0.6568,0.835,0.4230,0.6238,0.786,0.1581,0.5839,0.336,0.3946,0.5470,0.230,0.1813,0.5750,0.135,0.4091,0.4491,0.601,0.2397,0.5052,0.580,0.3674,0.4939
1019,34.000,16,0.000,0.0000,1.0000,0.780,0.2343,0.6589,0.804,0.4194,0.6244,0.772,0.1521,0.5846,0.368,0.3940,0.5397,0.276,0.1919,0.5744,0.183,0.4059,0.4490,0.560,0.2321,0.5060,0.576,0.3627,0.4931
1020,34.033,16,0.000,0.0000,1.0000,0.750,0.2281,0.6612,0.746,0.4161,0.6250,0.795,0.1496,0.5849,0.492,0.3974,0.5307,0.165,0.1677,0.5169,0.305,0.3972,0.4491,0.556,0.2287,0.5088,0.562,0.3587,0.4953
1021,34.067,16,0.000,0.0000,1.0000,0.756,0.2224,0.6623,0.813,0.4074,0.6299,0.795,0.1480,0.5844,0.588,0.4010,0.5281,0.347,0.2120,0.5575,0.382,0.3953,0.4524,0.562,0.2228,0.5098,0.549,0.3560,0.4965
1022,34.100,16,0.000,0.0000,1.0000,0.750,0.2152,0.6633,0.823,0.4006,0.6329,0.780,0.1463,0.5843,0.665,0.4006,0.5298,0.306,0.1951,0.5504,0.396,0.3964,0.4493,0.556,0.2165,0.5148,0.516,0.3534,0.5020
1023,34.133,16,0.000,0.0000,1.0000,0.756,0.2120,0.6644,0.774,0.3961,0.6362,0.792,0.1438,0.5839,0.693,0.4011,0.5304,0.422,0.1954,0.5442,0.386,0.3959,0.4480,0.583,0.2155,0.5167,0.530,0.3503,0.5038
1024,34.167,16,0.000,0.0000,1.0000,0.766,0.2067,0.6659,0.749,0.3945,0.6374,0.837,0.1378,0.5818,0.692,0.4007,0.5313,0.485,0.2025,0.5426,0.409,0.3982,0.4475,0.583,0.2137,0.5177,0.543,0.3484,0.5046
1025,34.200,16,0.000,0.0000,1.0000,0.797,0.2029,0.6662,0.769,0.3927,0.6383,0.823,0.1327,0.5779,0.713,0.4015,0.5312,0.479,0.2010,0.5393,0.434,0.4003,0.4467,0.576,0.2107,0.5156,0.555,0.3455,0.5054
1026,34.233,16,0.000,0.0000,1.0000,0.817,0.1968,0.6666,0.776,0.3904,0.6388,0.826,0.1303,0.5783,0.725,0.4010,0.5330,0.516,0.1924,0.5385,0.430,0.4013,0.4469,0.585,0.2107,0.5163,0.558,0.3440,0.5051
1027,34.267,16,0.000,0.0000,1.0000,0.807,0.1937,0.6676,0.776,0.3887,0.6393,0.784,0.1253,0.5765,0.735,0.4011,0.5328,0.471,0.1934,0.5441,0.481,0.4035,0.4452,0.577,0.2083,0.5164,0.549,0.3426,0.5061
1028,34.300,16,0.000,0.0000,1.0000,0.790,0.1908,0.6694,0.781,0.3863,0.6406,0.783,0.1240,0.5759,0.711,0.3999,0.5341,0.479,0.1937,0.5430,0.465,0.4031,0.4456,0.586,0.2056,0.5162,0.543,0.3426,0.5070
1029,34.333,16,0.000,0.0000,1.0000,0.771,0.1887,0.6704,0.788,0.3851,0.6413,0.793,0.1219,0.5772,0.708,0.4001,0.5340,0.506,0.1864,0.5441,0.436,0.4014,0.4475,0.588,0.2052,0.5166,0.548,0.3420,0.5067
1030,34.367,16,0.000,0.0000,1.0000,0.784,0.1870,0.6713,0.794,0.3850,0.6419,0.831,0.1188,0.5780,0.648,0.3996,0.5351,0.549,0.1760,0.5427,0.408,0.4003,0.4476,0.594,0.2026,0.5165,0.551,0.3414,0.5066
1031,34.400,16,0.000,0.0000,1.0000,0.791,0.1867,0.6717,0.802,0.3859,0.6427,0.817,0.1202,0.5773,0.553,0.3983,0.5365,0.552,0.1775,0.5409,0.352,0.3993,0.4484,0.602,0.2020,0.5166,0.555,0.3405,0.5071
1032,34.433,16,0.000,0.0000,1.0000,0.802,0.1850,0.6711,0.804,0.3866,0.6436,0.803,0.1221,0.5766,0.583,0.3986,0.5355,0.556,0.1738,0.5413,0.341,0.3973,0.4477,0.600,0.2016,0.5170,0.552,0.3402,0.5078
1033,34.467,16,0.000,0.0000,1.0000,0.808,0.1839,0.6709,0.806,0.3871,0.6438,0.790,0.1218,0.5756,0.530,0.3969,0.5383,0.493,0.1786,0.5419,0.318,0.3987,0.4482,0.604,0.2011,0.5175,0.559,0.3402,0.5083
1034,34.500,16,0.000,0.0000,1.0000,0.812,0.1831,0.6707,0.809,0.3882,0.6446,0.793,0.1229,0.5746,0.516,0.3966,0.5416,0.437,0.1829,0.5476,0.311,0.3971,0.4502,0.592,0.2006,0.5170,0.558,0.3398,0.5082
1035,34.533,16,0.000,0.0000,1.0000,0.807,0.1835,0.6708,0.809,0.3890,0.6449,0.809,0.1202,0.5742,0.608,0.3987,0.5379,0.355,0.1870,0.5511,0.379,0.3959,0.4489,0.584,0.1999,0.5181,0.552,0.3415,0.5091
1036,34.567,16,0.000,0.0000,1.0000,0.803,0.1846,0.6711,0.809,0.3910,0.6452,0.833,0.1156,0.5791,0.556,0.3970,0.5432,0.567,0.1755,0.5472,0.371,0.3932,0.4523,0.595,0.2019,0.5181,0.546,0.3429,0.5094
1037,34.600,16,0.000,0.0000,1.0000,0.801,0.1853,0.6715,0.805,0.3913,0.6458,0.864,0.1152,0.5827,0.581,0.3984,0.5434,0.620,0.1707,0.5462,0.431,0.3934,0.4545,0.593,0.2026,0.5186,0.539,0.3439,0.5102
1038,34.633,16,0.000,0.0000,1.0000,0.789,0.1869,0.6718,0.798,0.3915,0.6465,0.856,0.1141,0.5848,0.581,0.3998,0.5458,0.530,0.1750,0.5500,0.445,0.3963,0.4548,0.592,0.2031,0.5187,0.542,0.3455,0.5128
1039,34.667,16,0.000,0.0000,1.0000,0.778,0.1886,0.6722,0.786,0.3938,0.6470,0.854,0.1147,0.5856,0.584,0.3986,0.5454,0.526,0.1753,0.5436,0.423,0.3965,0.4535,0.594,0.2047,0.5185,0.540,0.3473,0.5132
1040,34.700,16,0.000,0.0000,1.0000,0.779,0.1909,0.6723,0.796,0.3957,0.6472,0.848,0.1167,0.5856,0.584,0.4003,0.5459,0.537,0.1775,0.5442,0.391,0.3954,0.4579,0.576,0.2071,0.5195,0.518,0.3498,0.5141
1041,34.733,16,0.000,0.0000,1.0000,0.794,0.1918,0.6719,0.808,0.3970,0.6473,0.826,0.1197,0.5862,0.571,0.4014,0.5476,0.423,0.1788,0.5489,0.333,0.3938,0.4585,0.558,0.2102,0.5198,0.498,0.3521,0.5145
1042,34.767,16,0.000,0.0000,1.0000,0.812,0.1943,0.6716,0.822,0.3992,0.6476,0.809,0.1234,0.5864,0.528,0.4021,0.5475,0.369,0.1810,0.5557,0.320,0.3948,0.4564,0.562,0.2113,0.5201,0.490,0.3527,0.5114
1043,34.800,16,0.000,0.0000,1.0000,0.823,0.1973,0.6715,0.835,0.4052,0.6472,0.797,0.1272,0.5854,0.590,0.4050,0.5529,0.160,0.1825,0.5640,0.319,0.3937,0.4595,0.555,0.2123,0.5204,0.501,0.3543,0.5146
1044,34.833,16,0.000,0.0000,1.0000,0.813,0.2021,0.6714,0.808,0.4109,0.6480,0.841,0.1352,0.5857,0.603,0.4091,0.5545,0.306,0.1884,0.5556,0.329,0.3948,0.4601,0.537,0.2138,0.5223,0.507,0.3567,0.5158
1045,34.867,16,0.000,0.0000,1.0000,0.796,0.2042,0.6706,0.768,0.4148,0.6489,0.830,0.1396,0.5852,0.602,0.4112,0.5558,0.353,0.1932,0.5542,0.294,0.3979,0.4585,0.550,0.2165,0.5225,0.523,0.3597,0.5173
1046,34.900,16,0.000,0.0000,1.0000,0.765,0.2119,0.6718,0.770,0.4177,0.6497,0.799,0.1460,0.5850,0.592,0.4141,0.5588,0.397,0.2102,0.5495,0.271,0.4037,0.4550,0.564,0.2236,0.5231,0.535,0.3634,0.5186
1047,34.933,16,0.000,0.0000,1.0000,0.804,0.2186,0.6717,0.800,0.4228,0.6497,0.805,0.1459,0.5856,0.581,0.4161,0.5616,0.426,0.2229,0.5568,0.229,0.4033,0.4523,0.574,0.2286,0.5208,0.535,0.3694,0.5164
1048,34.967,16,0.000,0.0000,1.0000,0.790,0.2265,0.6714,0.796,0.4321,0.6492,0.807,0.1442,0.5857,0.667,0.4215,0.5620,0.468,0.2253,0.5575,0.200,0.4054,0.4601,0.581,0.2363,0.5211,0.529,0.3745,0.5164
1049,35.000,15,0.000,0.0000,1.0000,0.784,0.2329,0.6711,0.790,0.4382,0.6490,0.795,0.1462,0.5860,0.727,0.4334,0.5611,0.528,0.2328,0.5601,0.000,0.0000,1.0000,0.589,0.2429,0.5266,0.558,0.3808,0.5168
1050,35.033,15,0.000,0.0000,1.0000,0.810,0.2373,0.6712,0.812,0.4423,0.6495,0.802,0.1515,0.5888,0.700,0.4377,0.5639,0.560,0.2334,0.5584,0.000,0.0000,1.0000,0.583,0.2449,0.5269,0.563,0.3850,0.5184
1051,35.067,15,0.000,0.0000,1.0000,0.788,0.2437,0.6720,0.794,0.4481,0.6500,0.783,0.1637,0.5892,0.657,0.4391,0.5611,0.506,0.2431,0.5563,0.000,0.0000,1.0000,0.572,0.2473,0.5275,0.552,0.3897,0.5171
1052,35.100,15,0.000,0.0000,1.0000,0.750,0.2493,0.6721,0.765,0.4549,0.6504,0.795,0.1748,0.5895,0.737,0.4524,0.5624,0.444,0.2494,0.5533,0.000,0.0000,1.0000,0.554,0.2492,0.5295,0.539,0.3930,0.5183
1053,35.133,15,0.000,0.0000,1.0000,0.783,0.2574,0.6717,0.762,0.4598,0.6505,0.801,0.1817,0.5866,0.746,0.4549,0.5603,0.422,0.2554,0.5511,0.000,0.0000,1.0000,0.584,0.2570,0.5295,0.545,0.3963,0.5195
1054,35.167,15,0.000,0.0000,1.0000,0.809,0.2647,0.6717,0.797,0.4662,0.6503,0.771,0.1882,0.5860,0.741,0.4593,0.5621,0.263,0.2538,0.5489,0.000,0.0000,1.0000,0.578,0.2653,0.5288,0.593,0.4035,0.5180
1055,35.200,15,0.000,0.0000,1.0000,0.792,0.2697,0.6717,0.793,0.4741,0.6494,0.853,0.1945,0.5858,0.712,0.4608,0.5554,0.183,0.2761,0.5629,0.000,0.0000,1.0000,0.571,0.2741,0.5285,0.570,0.4129,0.5151
1056,35.233,15,0.000,0.0000,1.0000,0.782,0.2767,0.6711,0.778,0.4792,0.6492,0.813,0.2036,0.5850,0.752,0.4687,0.5550,0.166,0.2713,0.5597,0.000,0.0000,1.0000,0.558,0.2786,0.5279,0.548,0.4174,0.5146
1057,35.267,15,0.000,0.0000,1.0000,0.810,0.2807,0.6708,0.811,0.4821,0.6491,0.779,0.2101,0.5826,0.754,0.4731,0.5569,0.220,0.1863,0.4937,0.000,0.0000,1.0000,0.548,0.2834,0.5282,0.566,0.4232,0.5133
1058,35.300,15,0.000,0.0000,1.0000,0.816,0.2856,0.6710,0.813,0.4875,0.6493,0.817,0.2115,0.5806,0.777,0.4787,0.5598,0.417,0.1889,0.4898,0.000,0.0000,1.0000,0.533,0.2870,0.5273,0.577,0.4260,0.5136
1059,35.333,15,0.000,0.0000,1.0000,0.766,0.2923,0.6723,0.805,0.4951,0.6482,0.827,0.2204,0.5827,0.745,0.4806,0.5558,0.190,0.1885,0.4879,0.000,0.0000,1.0000,0.538,0.2927,0.5288,0.571,0.4319,0.5154
1060,35.367,15,0.000,0.0000,1.0000,0.771,0.2965,0.6724,0.774,0.4982,0.6486,0.764,0.2266,0.5813,0.752,0.4898,0.5593,0.216,0.1899,0.4884,0.000,0.0000,1.0000,0.574,0.2981,0.5301,0.561,0.4363,0.5161
1061,35.400,14,0.000,0.0000,1.0000,0.799,0.3012,0.6721,0.803,0.5018,0.6484,0.832,0.2339,0.5844,0.777,0.4970,0.5596,0.000,0.0000,1.0000,0.000,0.0000,1.0000,0.572,0.3022,0.5293,0.575,0.4389,0.5159
1062,35.433,14,0.000,0.0000,1.0000,0.792,0.3067,0.6730,0.829,0.5051,0.6485,0.809,0.2413,0.5858,0.783,0.5021,0.5616,0.000,0.0000,1.0000,0.000,0.0000,1.0000,0.575,0.3076,0.5300,0.592,0.4404,0.5170
1063,35.467,14,0.000,0.0000,1.0000,0.779,0.3106,0.6733,0.833,0.5106,0.6481,0.782,0.2493,0.5867,0.810,0.5053,0.5615,0.000,0.0000,1.0000,0.000,0.0000,1.0000,0.581,0.3097,0.5291,0.597,0.4416,0.5169
1064,35.500,14,0.000,0.0000,1.0000,0.737,0.3141,0.6738,0.819,0.5167,0.6466,0.783,0.2522,0.5874,0.831,0.5090,0.5595,0.000,0.0000,1.0000,0.000,0.0000,1.0000,0.577,0.3114,0.5277,0.602,0.4443,0.5157
1065,35.533,15,0.000,0.0000,1.0000,0.765,0.3195,0.6740,0.802,0.5192,0.6457,0.790,0.2543,0.5872,0.815,0.5151,0.5591,0.111,0.3313,0.5863,0.000,0.0000,1.0000,0.564,0.3127,0.5275,0.604,0.4461,0.5150
1066,35.567,15,0.000,0.0000,1.0000,0.784,0.3227,0.6739,0.828,0.5223,0.6455,0.782,0.2559,0.5883,0.785,0.5182,0.5596,0.144,0.3307,0.5821,0.000,0.0000,1.0000,0.573,0.3139,0.5282,0.605,0.4472,0.5165
1067,35.600,15,0.000,0.0000,1.0000,0.768,0.3263,0.6746,0.830,0.5236,0.6455,0.788,0.2576,0.5877,0.786,0.5183,0.5590,0.121,0.3295,0.5829,0.000,0.0000,1.0000,0.577,0.3160,0.5288,0.604,0.4519,0.5166
1068,35.633,14,0.000,0.0000,1.0000,0.765,0.3278,0.6743,0.832,0.5245,0.6453,0.838,0.2593,0.5862,0.789,0.5199,0.5575,0.000,0.0000,1.0000,0.000,0.0000,1.0000,0.585,0.3165,0.5279,0.594,0.4541,0.5163
1069,35.667,14,0.000,0.0000,1.0000,0.760,0.3293,0.6746,0.836,0.5257,0.6456,0.851,0.2610,0.5852,0.790,0.5204,0.5575,0.000,0.0000,1.0000,0.000,0.0000,1.0000,0.588,0.3187,0.5279,0.576,0.4572,0.5156
1070,35.700,14,0.000,0.0000,1.0000,0.752,0.3310,0.6743,0.845,0.5276,0.6451,0.851,0.2607,0.5855,0.784,0.5204,0.5572,0.000,0.0000,1.0000,0.000,0.0000,1.0000,0.584,0.3212,0.5278,0.569,0.4593,0.5152
1071,35.733,14,0.000,0.0000,1.0000,0.723,0.3332,0.6744,0.837,0.5302,0.6441,0.840,0.2623,0.5862,0.754,0.5200,0.5569,0.000,0.0000,1.0000,0.000,0.0000,1.0000,0.577,0.3244,0.5271,0.579,0.4611,0.5139
1072,35.767,14,0.000,0.0000,1.0000,0.724,0.3347,0.6747,0.829,0.5313,0.6434,0.829,0.2643,0.5868,0.732,0.5199,0.5574,0.000,0.0000,1.0000,0.000,0.0000,1.0000,0.572,0.3259,0.5268,0.574,0.4625,0.5126
1073,35.800,14,0.000,0.0000,1.0000,0.734,0.3354,0.6743,0.823,0.5317,0.6430,0.824,0.2661,0.5866,0.701,0.5188,0.5594,0.000,0.0000,1.0000,0.000,0.0000,1.0000,0.560,0.3264,0.5242,0.579,0.4640,0.5119
1074,35.833,14,0.000,0.0000,1.0000,0.750,0.3363,0.6739,0.821,0.5327,0.6427,0.824,0.2687,0.5859,0.662,0.5178,0.5612,0.000,0.0000,1.0000,0.000,0.0000,1.0000,0.553,0.3282,0.5244,0.582,0.4651,0.5121
1075,35.867,14,0.000,0.0000,1.0000,0.766,0.3379,0.6735,0.818,0.5329,0.6422,0.828,0.2695,0.5853,0.623,0.5142,0.5658,0.000,0.0000,1.0000,0.000,0.0000,1.0000,0.552,0.3294,0.5233,0.580,0.4654,0.5102
1076,35.900,14,0.000,0.0000,1.0000,0.785,0.3396,0.6727,0.812,0.5332,0.6414,0.815,0.2711,0.5852,0.490,0.5037,0.5690,0.000,0.0000,1.0000,0.000,0.0000,1.0000,0.548,0.3304,0.5232,0.581,0.4659,0.5120
1077,35.933,14,0.000,0.0000,1.0000,0.793,0.3399,0.6723,0.810,0.5333,0.6411,0.833,0.2734,0.5850,0.393,0.4995,0.5688,0.000,0.0000,1.0000,0.000,0.0000,1.0000,0.553,0.3302,0.5229,0.579,0.4664,0.5105
1078,35.967,14,0.000,0.0000,1.0000,0.799,0.3403,0.6722,0.807,0.5332,0.6408,0.841,0.2744,0.5849,0.349,0.4943,0.5697,0.000,0.0000,1.0000,0.000,0.0000,1.0000,0.553,0.3304,0.5227,0.582,0.4666,0.5101
1079,36.000,14,0.000,0.0000,1.0000,0.810,0.3407,0.6720,0.808,0.5334,0.6407,0.843,0.2744,0.5847,0.355,0.4941,0.5698,0.000,0.0000,1.0000,0.000,0.0000,1.0000,0.550,0.3309,0.5231,0.581,0.4666,0.5101
1080,36.033,14,0.000,0.0000,1.0000,0.814,0.3409,0.6716,0.811,0.5333,0.6408,0.845,0.2746,0.5846,0.348,0.4948,0.5692,0.000,0.0000,1.0000,0.000,0.0000,1.0000,0.547,0.3309,0.5230,0.583,0.4668,0.5100
1081,36.067,14,0.000,0.0000,1.0000,0.816,0.3407,0.6713,0.810,0.5331,0.6407,0.844,0.2745,0.5845,0.359,0.4961,0.5681,0.000,0.0000,1.0000,0.000,0.0000,1.0000,0.552,0.3308,0.5229,0.584,0.4665,0.5100
1082,36.100,14,0.000,0.0000,1.0000,0.815,0.3405,0.6712,0.809,0.5326,0.6405,0.839,0.2739,0.5846,0.370,0.4957,0.5673,0.000,0.0000,1.0000,0.000,0.0000,1.0000,0.551,0.3308,0.5227,0.585,0.4664,0.5098
1083,36.133,14,0.000,0.0000,1.0000,0.815,0.3407,0.6713,0.807,0.5322,0.6403,0.830,0.2730,0.5844,0.360,0.4954,0.5672,0.000,0.0000,1.0000,0.000,0.0000,1.0000,0.548,0.3307,0.5228,0.588,0.4660,0.5094
1084,36.167,14,0.000,0.0000,1.0000,0.816,0.3412,0.6715,0.809,0.5317,0.6404,0.827,0.2729,0.5844,0.361,0.4958,0.5672,0.000,0.0000,1.0000,0.000,0.0000,1.0000,0.547,0.3311,0.5230,0.586,0.4665,0.5096
1085,36.200,14,0.000,0.0000,1.0000,0.817,0.3410,0.6714,0.814,0.5305,0.6406,0.827,0.2728,0.5843,0.365,0.4956,0.5672,0.000,0.0000,1.0000,0.000,0.0000,1.0000,0.549,0.3310,0.5230,0.584,0.4663,0.5098
1086,36.233,14,0.000,0.0000,1.0000,0.817,0.3404,0.6711,0.816,0.5286,0.6405,0.826,0.2727,0.5843,0.365,0.4930,0.5677,0.000,0.0000,1.0000,0.000,0.0000,1.0000,0.545,0.3316,0.5232,0.585,0.4661,0.5099
1087,36.267,14,0.000,0.0000,1.0000,0.810,0.3398,0.6712,0.811,0.5280,0.6400,0.820,0.2718,0.5844,0.388,0.4931,0.5673,0.000,0.0000,1.0000,0.000,0.0000,1.0000,0.548,0.3318,0.5235,0.583,0.4655,0.5100
1088,36.300,14,0.000,0.0000,1.0000,0.805,0.3394,0.6713,0.812,0.5279,0.6399,0.815,0.2714,0.5844,0.406,0.4948,0.5656,0.000,0.0000,1.0000,0.000,0.0000,1.0000,0.549,0.3308,0.5232,0.584,0.4653,0.5100
1089,36.333,14,0.000,0.0000,1.0000,0.800,0.3386,0.6717,0.807,0.5274,0.6394,0.822,0.2703,0.5847,0.420,0.4949,0.5654,0.000,0.0000,1.0000,0.000,0.0000,1.0000,0.553,0.3303,0.5232,0.582,0.4645,0.5096
1090,36.367,14,0.000,0.0000,1.0000,0.796,0.3380,0.6718,0.806,0.5270,0.6393,0.824,0.2696,0.5850,0.447,0.4958,0.5653,0.000,0.0000,1.0000,0.000,0.0000,1.0000,0.557,0.3293,0.5233,0.576,0.4638,0.5097
1091,36.400,14,0.000,0.0000,1.0000,0.786,0.3372,0.6723,0.811,0.5265,0.6397,0.833,0.2679,0.5854,0.459,0.4965,0.5655,0.000,0.0000,1.0000,0.000,0.0000,1.0000,0.565,0.3281,0.5232,0.573,0.4632,0.5096
1092,36.433,14,0.000,0.0000,1.0000,0.773,0.3356,0.6724,0.813,0.5261,0.6397,0.843,0.2664,0.5854,0.444,0.4945,0.5656,0.000,0.0000,1.0000,0.000,0.0000,1.0000,0.567,0.3275,0.5232,0.570,0.4630,0.5096
1093,36.467,15,0.000,0.0000,1.0000,0.767,0.3351,0.6727,0.810,0.5255,0.6394,0.847,0.2657,0.5859,0.446,0.4925,0.5663,0.171,0.3366,0.5919,0.000,0.0000,1.0000,0.576,0.3272,0.5233,0.562,0.4621,0.5097
1094,36.500,15,0.000,0.0000,1.0000,0.761,0.3350,0.6730,0.804,0.5251,0.6393,0.842,0.2653,0.5862,0.417,0.4891,0.5668,0.121,0.3333,0.5937,0.000,0.0000,1.0000,0.577,0.3255,0.5229,0.556,0.4613,0.5094
1095,36.533,15,0.000,0.0000,1.0000,0.749,0.3343,0.6731,0.804,0.5245,0.6394,0.847,0.2644,0.5858,0.417,0.4860,0.5659,0.119,0.3325,0.5925,0.000,0.0000,1.0000,0.577,0.3246,0.5229,0.545,0.4607,0.5095
1096,36.567,15,0.000,0.0000,1.0000,0.748,0.3340,0.6733,0.799,0.5243,0.6391,0.843,0.2628,0.5856,0.389,0.4832,0.5669,0.105,0.3319,0.5913,0.000,0.0000,1.0000,0.578,0.3238,0.5224,0.542,0.4603,0.5092
1097,36.600,14,0.000,0.0000,1.0000,0.742,0.3339,0.6736,0.793,0.5240,0.6388,0.838,0.2625,0.5852,0.375,0.4822,0.5669,0.000,0.0000,1.0000,0.000,0.0000,1.0000,0.580,0.3229,0.5218,0.538,0.4590,0.5094
1098,36.633,15,0.000,0.0000,1.0000,0.744,0.3330,0.6738,0.792,0.5239,0.6388,0.841,0.2621,0.5851,0.371,0.4812,0.5677,0.107,0.3337,0.5878,0.000,0.0000,1.0000,0.581,0.3219,0.5218,0.537,0.4581,0.5098
1099,36.667,15,0.000,0.0000,1.0000,0.732,0.3326,0.6745,0.793,0.5233,0.6393,0.845,0.2610,0.5852,0.391,0.4812,0.5666,0.103,0.3315,0.5894,0.000,0.0000,1.0000,0.579,0.3213,0.5222,0.542,0.4572,0.5104
1100,36.700,15,0.000,0.0000,1.0000,0.729,0.3321,0.6749,0.793,0.5235,0.6392,0.835,0.2606,0.5857,0.403,0.4814,0.5666,0.125,0.3317,0.5899,0.000,0.0000,1.0000,0.579,0.3209,0.5230,0.549,0.4570,0.5123
1101,36.733,15,0.000,0.0000,1.0000,0.733,0.3319,0.6752,0.799,0.5235,0.6396,0.830,0.2603,0.5866,0.446,0.4837,0.5669,0.177,0.3316,0.5865,0.000,0.0000,1.0000,0.580,0.3200,0.5234,0.558,0.4557,0.5125
1102,36.767,15,0.000,0.0000,1.0000,0.741,0.3324,0.6759,0.810,0.5240,0.6399,0.800,0.2605,0.5886,0.481,0.4867,0.5660,0.263,0.3370,0.5849,0.000,0.0000,1.0000,0.586,0.3188,0.5233,0.565,0.4549,0.5125
1103,36.800,15,0.000,0.0000,1.0000,0.751,0.3329,0.6767,0.817,0.5242,0.6409,0.812,0.2632,0.5902,0.517,0.4950,0.5670,0.224,0.3325,0.5857,0.000,0.0000,1.0000,0.580,0.3191,0.5234,0.569,0.4549,0.5123
1104,36.833,15,0.000,0.0000,1.0000,0.752,0.3331,0.6769,0.815,0.5241,0.6412,0.812,0.2628,0.5902,0.555,0.5000,0.5657,0.182,0.3311,0.5874,0.000,0.0000,1.0000,0.576,0.3183,0.5235,0.580,0.4539,0.5124
1105,36.867,15,0.000,0.0000,1.0000,0.753,0.3329,0.6768,0.811,0.5242,0.6416,0.788,0.2684,0.5937,0.567,0.5020,0.5647,0.139,0.2823,0.5906,0.000,0.0000,1.0000,0.577,0.3187,0.5264,0.587,0.4535,0.5126
1106,36.900,15,0.000,0.0000,1.0000,0.756,0.3332,0.6774,0.814,0.5239,0.6423,0.783,0.2682,0.5947,0.601,0.5032,0.5649,0.111,0.2906,0.5889,0.000,0.0000,1.0000,0.582,0.3184,0.5269,0.592,0.4531,0.5134
1107,36.933,15,0.000,0.0000,1.0000,0.766,0.3329,0.6780,0.818,0.5241,0.6430,0.800,0.2669,0.5966,0.619,0.5041,0.5646,0.117,0.3009,0.5969,0.000,0.0000,1.0000,0.585,0.3189,0.5271,0.591,0.4536,0.5124
1108,36.967,15,0.000,0.0000,1.0000,0.772,0.3334,0.6787,0.817,0.5241,0.6432,0.801,0.2676,0.5969,0.640,0.5044,0.5638,0.101,0.2913,0.5969,0.000,0.0000,1.0000,0.578,0.3176,0.5270,0.594,0.4529,0.5134
1109,37.000,14,0.000,0.0000,1.0000,0.775,0.3340,0.6794,0.818,0.5241,0.6436,0.801,0.2668,0.5979,0.672,0.5068,0.5637,0.000,0.0000,1.0000,0.000,0.0000,1.0000,0.583,0.3187,0.5274,0.592,0.4530,0.5133
1110,37.033,15,0.000,0.0000,1.0000,0.778,0.3350,0.6791,0.815,0.5237,0.6438,0.798,0.2656,0.5978,0.670,0.5061,0.5638,0.111,0.2783,0.5992,0.000,0.0000,1.0000,0.580,0.3192,0.5272,0.589,0.4532,0.5131
1111,37.067,15,0.000,0.0000,1.0000,0.779,0.3355,0.6789,0.818,0.5240,0.6438,0.801,0.2651,0.5975,0.655,0.5071,0.5637,0.149,0.2650,0.6011,0.000,0.0000,1.0000,0.572,0.3194,0.5268,0.583,0.4538,0.5119
1112,37.100,15,0.000,0.0000,1.0000,0.788,0.3371,0.6793,0.823,0.5245,0.6438,0.815,0.2601,0.5974,0.667,0.5079,0.5639,0.191,0.2840,0.5928,0.000,0.0000,1.0000,0.579,0.3203,0.5273,0.579,0.4534,0.5120
1113,37.133,15,0.000,0.0000,1.0000,0.794,0.3371,0.6797,0.828,0.5249,0.6440,0.826,0.2556,0.5980,0.688,0.5091,0.5638,0.273,0.3053,0.5921,0.000,0.0000,1.0000,0.581,0.3203,0.5278,0.578,0.4535,0.5122
1114,37.167,15,0.000,0.0000,1.0000,0.798,0.3375,0.6798,0.830,0.5247,0.6444,0.843,0.2551,0.5971,0.694,0.5091,0.5636,0.260,0.3026,0.5933,0.000,0.0000,1.0000,0.584,0.3213,0.5283,0.576,0.4543,0.5123
1115,37.200,15,0.000,0.0000,1.0000,0.797,0.3377,0.6800,0.833,0.5250,0.6443,0.842,0.2570,0.5968,0.692,0.5092,0.5635,0.123,0.2918,0.5993,0.000,0.0000,1.0000,0.579,0.3208,0.5279,0.569,0.4545,0.5117
1116,37.233,15,0.000,0.0000,1.0000,0.801,0.3381,0.6806,0.835,0.5254,0.6441,0.838,0.2551,0.5966,0.694,0.5094,0.5636,0.116,0.2720,0.6028,0.000,0.0000,1.0000,0.575,0.3209,0.5279,0.567,0.4546,0.5118
1117,37.267,15,0.000,0.0000,1.0000,0.804,0.3381,0.6809,0.833,0.5252,0.6445,0.826,0.2536,0.5969,0.704,0.5099,0.5638,0.162,0.2493,0.6081,0.000,0.0000,1.0000,0.578,0.3208,0.5281,0.566,0.4548,0.5124
1118,37.300,15,0.000,0.0000,1.0000,0.803,0.3384,0.6813,0.834,0.5253,0.6447,0.800,0.2520,0.5973,0.697,0.5095,0.5631,0.147,0.2906,0.5972,0.000,0.0000,1.0000,0.580,0.3215,0.5288,0.565,0.4550,0.5129
1119,37.333,15,0.000,0.0000,1.0000,0.803,0.3382,0.6815,0.833,0.5251,0.6449,0.805,0.2525,0.5969,0.696,0.5096,0.5631,0.153,0.2927,0.5972,0.000,0.0000,1.0000,0.583,0.3212,0.5288,0.569,0.4550,0.5131
1120,37.367,15,0.000,0.0000,1.0000,0.806,0.3380,0.6819,0.834,0.5251,0.6450,0.822,0.2530,0.5965,0.696,0.5096,0.5630,0.188,0.2992,0.5966,0.000,0.0000,1.0000,0.584,0.3215,0.5290,0.571,0.4552,0.5134
1121,37.400,15,0.000,0.0000,1.0000,0.806,0.3381,0.6820,0.836,0.5253,0.6448,0.814,0.2529,0.5966,0.696,0.5099,0.5629,0.169,0.2889,0.6010,0.000,0.0000,1.0000,0.586,0.3220,0.5291,0.567,0.4554,0.5133
1122,37.433,15,0.000,0.0000,1.0000,0.808,0.3383,0.6822,0.839,0.5255,0.6448,0.821,0.2538,0.5967,0.699,0.5099,0.5630,0.182,0.2900,0.6027,0.000,0.0000,1.0000,0.587,0.3222,0.5291,0.566,0.4557,0.5133
1123,37.467,15,0.000,0.0000,1.0000,0.809,0.3383,0.6823,0.837,0.5254,0.6449,0.829,0.2543,0.5969,0.695,0.5090,0.5631,0.208,0.2913,0.6027,0.000,0.0000,1.0000,0.587,0.3226,0.5294,0.564,0.4559,0.5132
1124,37.500,15,0.000,0.0000,1.0000,0.807,0.3384,0.6824,0.837,0.5257,0.6452,0.825,0.2541,0.5968,0.701,0.5091,0.5633,0.203,0.2711,0.6036,0.000,0.0000,1.0000,0.588,0.3228,0.5296,0.564,0.4557,0.5133
1125,37.533,15,0.000,0.0000,1.0000,0.802,0.3381,0.6825,0.840,0.5260,0.6453,0.819,0.2547,0.5967,0.707,0.5090,0.5633,0.235,0.2597,0.6045,0.000,0.0000,1.0000,0.589,0.3232,0.5301,0.565,0.4558,0.5138
1126,37.567,15,0.000,0.0000,1.0000,0.800,0.3386,0.6829,0.842,0.5263,0.6451,0.819,0.2547,0.5967,0.708,0.5087,0.5633,0.231,0.2629,0.6032,0.000,0.0000,1.0000,0.589,0.3229,0.5302,0.562,0.4559,0.5138
1127,37.600,15,0.000,0.0000,1.0000,0.799,0.3382,0.6831,0.840,0.5262,0.6451,0.818,0.2537,0.5967,0.702,0.5082,0.5632,0.213,0.2841,0.6021,0.000,0.0000,1.0000,0.591,0.3230,0.5304,0.562,0.4562,0.5142
1128,37.633,15,0.000,0.0000,1.0000,0.798,0.3383,0.6832,0.842,0.5263,0.6447,0.813,0.2530,0.5970,0.695,0.5070,0.5636,0.211,0.2903,0.6014,0.000,0.0000,1.0000,0.591,0.3228,0.5302,0.559,0.4559,0.5136
1129,37.667,15,0.000,0.0000,1.0000,0.798,0.3379,0.6836,0.840,0.5264,0.6451,0.803,0.2524,0.5973,0.691,0.5061,0.5639,0.148,0.2628,0.6056,0.000,0.0000,1.0000,0.586,0.3234,0.5305,0.559,0.4567,0.5141
1130,37.700,15,0.000,0.0000,1.0000,0.798,0.3377,0.6838,0.839,0.5266,0.6451,0.789,0.2505,0.5975,0.689,0.5059,0.5639,0.208,0.2930,0.6005,0.000,0.0000,1.0000,0.591,0.3233,0.5307,0.557,0.4567,0.5143
1131,37.733,15,0.000,0.0000,1.0000,0.792,0.3376,0.6840,0.841,0.5268,0.6451,0.788,0.2495,0.5975,0.685,0.5056,0.5642,0.253,0.3037,0.5987,0.000,0.0000,1.0000,0.592,0.3233,0.5307,0.553,0.4568,0.5140
1132,37.767,15,0.000,0.0000,1.0000,0.792,0.3382,0.6842,0.840,0.5269,0.6453,0.778,0.2495,0.5979,0.676,0.5055,0.5640,0.321,0.3001,0.5930,0.000,0.0000,1.0000,0.589,0.3231,0.5308,0.550,0.4567,0.5141
1133,37.800,15,0.000,0.0000,1.0000,0.786,0.3381,0.6843,0.839,0.5268,0.6454,0.772,0.2498,0.5982,0.683,0.5062,0.5639,0.278,0.2973,0.5945,0.000,0.0000,1.0000,0.591,0.3232,0.5310,0.552,0.4568,0.5144
1134,37.833,15,0.000,0.0000,1.0000,0.783,0.3378,0.6843,0.839,0.5269,0.6453,0.790,0.2511,0.5976,0.680,0.5068,0.5639,0.214,0.2921,0.5979,0.000,0.0000,1.0000,0.590,0.3228,0.5309,0.553,0.4568,0.5143
1135,37.867,15,0.000,0.0000,1.0000,0.781,0.3380,0.6844,0.838,0.5267,0.6456,0.809,0.2524,0.5979,0.681,0.5070,0.5638,0.161,0.2922,0.6021,0.000,0.0000,1.0000,0.588,0.3229,0.5308,0.559,0.4568,0.5147
1136,37.900,14,0.000,0.0000,1.0000,0.783,0.3377,0.6845,0.836,0.5267,0.6459,0.823,0.2542,0.5966,0.688,0.5074,0.5638,0.000,0.0000,1.0000,0.000,0.0000,1.0000,0.583,0.3226,0.5304,0.556,0.4568,0.5145
1137,37.933,14,0.000,0.0000,1.0000,0.780,0.3372,0.6846,0.838,0.5267,0.6459,0.834,0.2556,0.5952,0.701,0.5077,0.5637,0.000,0.0000,1.0000,0.000,0.0000,1.0000,0.588,0.3221,0.5306,0.563,0.4565,0.5149
1138,37.967,14,0.000,0.0000,1.0000,0.780,0.3371,0.6847,0.833,0.5267,0.6466,0.835,0.2571,0.5942,0.695,0.5080,0.5636,0.000,0.0000,1.0000,0.000,0.0000,1.0000,0.586,0.3222,0.5307,0.561,0.4567,0.5151
1139,38.000,14,0.000,0.0000,1.0000,0.783,0.3373,0.6847,0.829,0.5264,0.6468,0.836,0.2572,0.5943,0.701,0.5082,0.5637,0.000,0.0000,1.0000,0.000,0.0000,1.0000,0.586,0.3222,0.5305,0.562,0.4568,0.5147
1140,38.033,14,0.000,0.0000,1.0000,0.786,0.3374,0.6846,0.832,0.5270,0.6468,0.834,0.2571,0.5946,0.698,0.5084,0.5636,0.000,0.0000,1.0000,0.000,0.0000,1.0000,0.583,0.3222,0.5303,0.560,0.4568,0.5149
1141,38.067,14,0.000,0.0000,1.0000,0.789,0.3376,0.6847,0.830,0.5272,0.6468,0.834,0.2561,0.5947,0.706,0.5097,0.5636,0.000,0.0000,1.0000,0.000,0.0000,1.0000,0.585,0.3222,0.5305,0.563,0.4568,0.5149
1142,38.100,14,0.000,0.0000,1.0000,0.789,0.3378,0.6847,0.825,0.5274,0.6472,0.836,0.2559,0.5949,0.708,0.5102,0.5635,0.000,0.0000,1.0000,0.000,0.0000,1.0000,0.586,0.3225,0.5308,0.564,0.4570,0.5151
1143,38.133,14,0.000,0.0000,1.0000,0.790,0.3378,0.6848,0.825,0.5277,0.6473,0.838,0.2565,0.5949,0.712,0.5110,0.5631,0.000,0.0000,1.0000,0.000,0.0000,1.0000,0.587,0.3221,0.5309,0.568,0.4567,0.5154
1144,38.167,14,0.000,0.0000,1.0000,0.788,0.3377,0.6848,0.829,0.5281,0.6472,0.842,0.2572,0.5950,0.715,0.5118,0.5630,0.000,0.0000,1.0000,0.000,0.0000,1.0000,0.584,0.3221,0.5307,0.569,0.4567,0.5152
1145,38.200,14,0.000,0.0000,1.0000,0.789,0.3376,0.6847,0.831,0.5282,0.6472,0.840,0.2574,0.5946,0.715,0.5108,0.5628,0.000,0.0000,1.0000,0.000,0.0000,1.0000,0.585,0.3219,0.5305,0.571,0.4568,0.5156
1146,38.233,14,0.000,0.0000,1.0000,0.785,0.3373,0.6847,0.831,0.5282,0.6472,0.839,0.2586,0.5941,0.714,0.5104,0.5629,0.000,0.0000,1.0000,0.000,0.0000,1.0000,0.584,0.3219,0.5308,0.570,0.4570,0.5158
1147,38.267,14,0.000,0.0000,1.0000,0.784,0.3372,0.6847,0.831,0.5282,0.6473,0.837,0.2591,0.5934,0.715,0.5102,0.5634,0.000,0.0000,1.0000,0.000,0.0000,1.0000,0.584,0.3213,0.5306,0.569,0.4570,0.5158
1148,38.300,14,0.000,0.0000,1.0000,0.781,0.3370,0.6847,0.828,0.5280,0.6475,0.836,0.2593,0.5932,0.713,0.5099,0.5638,0.000,0.0000,1.0000,0.000,0.0000,1.0000,0.583,0.3210,0.5305,0.568,0.4570,0.5157
1149,38.333,14,0.000,0.0000,1.0000,0.779,0.3369,0.6848,0.830,0.5280,0.6474,0.835,0.2593,0.5929,0.709,0.5095,0.5638,0.000,0.0000,1.0000,0.000,0.0000,1.0000,0.584,0.3209,0.5306,0.569,0.4571,0.5157
1150,38.367,14,0.000,0.0000,1.0000,0.779,0.3370,0.6849,0.828,0.5279,0.6476,0.836,0.2593,0.5930,0.708,0.5094,0.5638,0.000,0.0000,1.0000,0.000,0.0000,1.0000,0.583,0.3211,0.5306,0.569,0.4573,0.5158
1151,38.400,14,0.000,0.0000,1.0000,0.779,0.3372,0.6849,0.828,0.5280,0.6476,0.836,0.2585,0.5928,0.704,0.5082,0.5638,0.000,0.0000,1.0000,0.000,0.0000,1.0000,0.584,0.3210,0.5308,0.569,0.4573,0.5159
1152,38.433,14,0.000,0.0000,1.0000,0.778,0.3373,0.6852,0.826,0.5281,0.6480,0.835,0.2593,0.5930,0.702,0.5075,0.5640,0.000,0.0000,1.0000,0.000,0.0000,1.0000,0.583,0.3215,0.5310,0.568,0.4576,0.5160
1153,38.467,14,0.000,0.0000,1.0000,0.778,0.3374,0.6852,0.830,0.5282,0.6476,0.836,0.2600,0.5928,0.700,0.5068,0.5642,0.000,0.0000,1.0000,0.000,0.0000,1.0000,0.582,0.3216,0.5309,0.567,0.4576,0.5159
1154,38.500,14,0.000,0.0000,1.0000,0.779,0.3378,0.6853,0.831,0.5283,0.6475,0.836,0.2604,0.5927,0.699,0.5066,0.5646,0.000,0.0000,1.0000,0.000,0.0000,1.0000,0.580,0.3221,0.5307,0.565,0.4578,0.5157
1155,38.533,14,0.000,0.0000,1.0000,0.779,0.3379,0.6852,0.833,0.5283,0.6475,0.834,0.2613,0.5923,0.702,0.5060,0.5648,0.000,0.0000,1.0000,0.000,0.0000,1.0000,0.582,0.3216,0.5306,0.566,0.4573,0.5154
1156,38.567,14,0.000,0.0000,1.0000,0.779,0.3379,0.6852,0.832,0.5284,0.6475,0.835,0.2614,0.5930,0.702,0.5069,0.5646,0.000,0.0000,1.0000,0.000,0.0000,1.0000,0.583,0.3219,0.5305,0.565,0.4575,0.5154
1157,38.600,14,0.000,0.0000,1.0000,0.780,0.3380,0.6852,0.834,0.5284,0.6473,0.833,0.2623,0.5927,0.708,0.5068,0.5647,0.000,0.0000,1.0000,0.000,0.0000,1.0000,0.580,0.3215,0.5302,0.563,0.4575,0.5152
1158,38.633,14,0.000,0.0000,1.0000,0.783,0.3381,0.6851,0.834,0.5284,0.6473,0.828,0.2628,0.5927,0.707,0.5070,0.5647,0.000,0.0000,1.0000,0.000,0.0000,1.0000,0.578,0.3215,0.5302,0.563,0.4576,0.5151
1159,38.667,14,0.000,0.0000,1.0000,0.784,0.3381,0.6850,0.836,0.5286,0.6471,0.828,0.2632,0.5929,0.706,0.5072,0.5643,0.000,0.0000,1.0000,0.000,0.0000,1.0000,0.579,0.3218,0.5304,0.562,0.4576,0.5151
1160,38.700,14,0.000,0.0000,1.0000,0.788,0.3384,0.6850,0.834,0.5286,0.6471,0.828,0.2638,0.5928,0.699,0.5071,0.5642,0.000,0.0000,1.0000,0.000,0.0000,1.0000,0.578,0.3219,0.5302,0.561,0.4577,0.5149
1161,38.733,14,0.000,0.0000,1.0000,0.794,0.3390,0.6850,0.837,0.5285,0.6468,0.828,0.2639,0.5924,0.677,0.5055,0.5644,0.000,0.0000,1.0000,0.000,0.0000,1.0000,0.577,0.3219,0.5299,0.561,0.4580,0.5149
1162,38.767,14,0.000,0.0000,1.0000,0.797,0.3389,0.6849,0.836,0.5285,0.6469,0.831,0.2638,0.5921,0.686,0.5058,0.5643,0.000,0.0000,1.0000,0.000,0.0000,1.0000,0.578,0.3218,0.5297,0.561,0.4580,0.5150
1163,38.800,14,0.000,0.0000,1.0000,0.799,0.3389,0.6849,0.834,0.5286,0.6469,0.828,0.2643,0.5917,0.694,0.5069,0.5644,0.000,0.0000,1.0000,0.000,0.0000,1.0000,0.580,0.3216,0.5297,0.562,0.4579,0.5150
1164,38.833,14,0.000,0.0000,1.0000,0.801,0.3395,0.6848,0.833,0.5287,0.6469,0.825,0.2649,0.5915,0.707,0.5079,0.5634,0.000,0.0000,1.0000,0.000,0.0000,1.0000,0.580,0.3215,0.5297,0.562,0.4579,0.5150
1165,38.867,14,0.000,0.0000,1.0000,0.802,0.3396,0.6848,0.833,0.5289,0.6469,0.824,0.2650,0.5915,0.710,0.5086,0.5633,0.000,0.0000,1.0000,0.000,0.0000,1.0000,0.580,0.3216,0.5299,0.563,0.4579,0.5151
1166,38.900,14,0.000,0.0000,1.0000,0.803,0.3399,0.6849,0.832,0.5291,0.6469,0.825,0.2649,0.5915,0.724,0.5112,0.5633,0.000,0.0000,1.0000,0.000,0.0000,1.0000,0.579,0.3223,0.5300,0.559,0.4584,0.5152
1167,38.933,14,0.000,0.0000,1.0000,0.804,0.3400,0.6849,0.832,0.5292,0.6468,0.826,0.2649,0.5919,0.724,0.5117,0.5633,0.000,0.0000,1.0000,0.000,0.0000,1.0000,0.580,0.3225,0.5301,0.559,0.4585,0.5152
1168,38.967,14,0.000,0.0000,1.0000,0.804,0.3401,0.6848,0.831,0.5294,0.6467,0.827,0.2648,0.5919,0.720,0.5128,0.5636,0.000,0.0000,1.0000,0.000,0.0000,1.0000,0.578,0.3227,0.5300,0.557,0.4584,0.5148
1169,39.000,14,0.000,0.0000,1.0000,0.807,0.3402,0.6848,0.830,0.5295,0.6468,0.824,0.2646,0.5915,0.723,0.5135,0.5636,0.000,0.0000,1.0000,0.000,0.0000,1.0000,0.579,0.3225,0.5299,0.557,0.4583,0.5147
1170,39.033,14,0.000,0.0000,1.0000,0.808,0.3406,0.6848,0.830,0.5298,0.6465,0.827,0.2642,0.5918,0.714,0.5145,0.5631,0.000,0.0000,1.0000,0.000,0.0000,1.0000,0.579,0.3226,0.5301,0.552,0.4586,0.5146
1171,39.067,14,0.000,0.0000,1.0000,0.809,0.3406,0.6847,0.829,0.5303,0.6465,0.828,0.2639,0.5918,0.715,0.5163,0.5633,0.000,0.0000,1.0000,0.000,0.0000,1.0000,0.578,0.3227,0.5301,0.553,0.4587,0.5148
1172,39.100,14,0.000,0.0000,1.0000,0.810,0.3408,0.6847,0.827,0.5305,0.6465,0.828,0.2638,0.5916,0.710,0.5165,0.5633,0.000,0.0000,1.0000,0.000,0.0000,1.0000,0.578,0.3229,0.5302,0.549,0.4590,0.5146
1173,39.133,14,0.000,0.0000,1.0000,0.812,0.3409,0.6846,0.826,0.5307,0.6467,0.826,0.2639,0.5914,0.708,0.5168,0.5632,0.000,0.0000,1.0000,0.000,0.0000,1.0000,0.577,0.3228,0.5302,0.548,0.4590,0.5146
1174,39.167,14,0.000,0.0000,1.0000,0.813,0.3416,0.6848,0.825,0.5310,0.6465,0.824,0.2641,0.5914,0.711,0.5173,0.5636,0.000,0.0000,1.0000,0.000,0.0000,1.0000,0.579,0.3228,0.5302,0.548,0.4590,0.5147
1175,39.200,14,0.000,0.0000,1.0000,0.814,0.3414,0.6848,0.822,0.5311,0.6469,0.825,0.2639,0.5915,0.714,0.5172,0.5636,0.000,0.0000,1.0000,0.000,0.0000,1.0000,0.579,0.3229,0.5305,0.548,0.4592,0.5151
1176,39.233,14,0.000,0.0000,1.0000,0.813,0.3413,0.6847,0.823,0.5319,0.6468,0.824,0.2646,0.5921,0.714,0.5172,0.5636,0.000,0.0000,1.0000,0.000,0.0000,1.0000,0.581,0.3230,0.5305,0.549,0.4594,0.5150
1177,39.267,14,0.000,0.0000,1.0000,0.814,0.3415,0.6846,0.824,0.5330,0.6467,0.823,0.2647,0.5916,0.710,0.5171,0.5636,0.000,0.0000,1.0000,0.000,0.0000,1.0000,0.579,0.3236,0.5303,0.550,0.4594,0.5145
1178,39.300,15,0.000,0.0000,1.0000,0.816,0.3417,0.6847,0.820,0.5331,0.6467,0.825,0.2645,0.5921,0.714,0.5166,0.5638,0.108,0.3157,0.6041,0.000,0.0000,1.0000,0.586,0.3238,0.5306,0.551,0.4595,0.5150
1179,39.333,14,0.000,0.0000,1.0000,0.818,0.3417,0.6846,0.818,0.5332,0.6467,0.824,0.2645,0.5918,0.713,0.5168,0.5640,0.000,0.0000,1.0000,0.000,0.0000,1.0000,0.585,0.3240,0.5306,0.554,0.4597,0.5149
1180,39.367,14,0.000,0.0000,1.0000,0.819,0.3423,0.6846,0.817,0.5333,0.6467,0.825,0.2643,0.5918,0.717,0.5169,0.5640,0.000,0.0000,1.0000,0.000,0.0000,1.0000,0.583,0.3239,0.5306,0.556,0.4598,0.5149
1181,39.400,15,0.000,0.0000,1.0000,0.820,0.3425,0.6846,0.819,0.5341,0.6464,0.825,0.2647,0.5922,0.718,0.5166,0.5640,0.103,0.3002,0.6077,0.000,0.0000,1.0000,0.586,0.3239,0.5309,0.557,0.4599,0.5150
1182,39.433,14,0.000,0.0000,1.0000,0.820,0.3429,0.6847,0.816,0.5343,0.6465,0.821,0.2652,0.5912,0.713,0.5168,0.5641,0.000,0.0000,1.0000,0.000,0.0000,1.0000,0.583,0.3240,0.5308,0.559,0.4601,0.5149
1183,39.467,14,0.000,0.0000,1.0000,0.819,0.3433,0.6848,0.815,0.5345,0.6466,0.816,0.2656,0.5910,0.714,0.5166,0.5640,0.000,0.0000,1.0000,0.000,0.0000,1.0000,0.583,0.3244,0.5308,0.560,0.4602,0.5149
1184,39.500,15,0.000,0.0000,1.0000,0.819,0.3439,0.6849,0.813,0.5349,0.6465,0.815,0.2653,0.5908,0.709,0.5169,0.5639,0.100,0.2980,0.6070,0.000,0.0000,1.0000,0.582,0.3243,0.5307,0.558,0.4603,0.5148
1185,39.533,15,0.000,0.0000,1.0000,0.818,0.3442,0.6850,0.810,0.5354,0.6464,0.815,0.2649,0.5901,0.694,0.5172,0.5634,0.102,0.3042,0.6069,0.000,0.0000,1.0000,0.583,0.3246,0.5309,0.557,0.4605,0.5146
1186,39.567,15,0.000,0.0000,1.0000,0.818,0.3450,0.6850,0.807,0.5361,0.6464,0.810,0.2655,0.5909,0.699,0.5173,0.5636,0.126,0.2721,0.6101,0.000,0.0000,1.0000,0.583,0.3248,0.5309,0.561,0.4608,0.5146
1187,39.600,15,0.000,0.0000,1.0000,0.817,0.3459,0.6851,0.803,0.5367,0.6461,0.813,0.2656,0.5912,0.692,0.5174,0.5637,0.105,0.2889,0.6093,0.000,0.0000,1.0000,0.581,0.3246,0.5309,0.556,0.4608,0.5146
1188,39.633,14,0.000,0.0000,1.0000,0.819,0.3459,0.6851,0.800,0.5368,0.6461,0.815,0.2657,0.5910,0.691,0.5173,0.5640,0.000,0.0000,1.0000,0.000,0.0000,1.0000,0.582,0.3247,0.5308,0.554,0.4608,0.5145
1189,39.667,14,0.000,0.0000,1.0000,0.819,0.3460,0.6851,0.799,0.5365,0.6468,0.813,0.2660,0.5911,0.691,0.5176,0.5637,0.000,0.0000,1.0000,0.000,0.0000,1.0000,0.580,0.3248,0.5305,0.556,0.4608,0.5141
1190,39.700,15,0.000,0.0000,1.0000,0.821,0.3459,0.6851,0.793,0.5369,0.6464,0.811,0.2666,0.5918,0.689,0.5176,0.5637,0.125,0.2714,0.6095,0.000,0.0000,1.0000,0.581,0.3251,0.5304,0.557,0.4613,0.5148
1191,39.733,14,0.000,0.0000,1.0000,0.823,0.3459,0.6850,0.794,0.5371,0.6464,0.822,0.2656,0.5923,0.689,0.5178,0.5638,0.000,0.0000,1.0000,0.000,0.0000,1.0000,0.582,0.3251,0.5304,0.558,0.4615,0.5147
1192,39.767,15,0.000,0.0000,1.0000,0.823,0.3461,0.6851,0.792,0.5372,0.6465,0.823,0.2655,0.5916,0.681,0.5175,0.5637,0.104,0.3266,0.6040,0.000,0.0000,1.0000,0.581,0.3254,0.5306,0.559,0.4615,0.5149
1193,39.800,15,0.000,0.0000,1.0000,0.824,0.3462,0.6851,0.792,0.5372,0.6469,0.829,0.2649,0.5919,0.683,0.5171,0.5643,0.117,0.3234,0.6032,0.000,0.0000,1.0000,0.585,0.3251,0.5308,0.562,0.4615,0.5150
1194,39.833,15,0.000,0.0000,1.0000,0.826,0.3459,0.6850,0.791,0.5372,0.6470,0.831,0.2646,0.5914,0.688,0.5171,0.5646,0.109,0.3174,0.6045,0.000,0.0000,1.0000,0.584,0.3253,0.5308,0.564,0.4617,0.5150
1195,39.867,15,0.000,0.0000,1.0000,0.828,0.3458,0.6849,0.790,0.5378,0.6465,0.828,0.2650,0.5916,0.681,0.5166,0.5647,0.129,0.3164,0.6017,0.000,0.0000,1.0000,0.581,0.3258,0.5308,0.567,0.4620,0.5148
1196,39.900,15,0.000,0.0000,1.0000,0.827,0.3465,0.6849,0.788,0.5379,0.6466,0.829,0.2648,0.5912,0.669,0.5170,0.5643,0.140,0.3167,0.6013,0.000,0.0000,1.0000,0.575,0.3259,0.5309,0.567,0.4622,0.5150
1197,39.933,15,0.000,0.0000,1.0000,0.828,0.3466,0.6848,0.786,0.5378,0.6469,0.828,0.2642,0.5913,0.664,0.5157,0.5641,0.173,0.3245,0.5979,0.000,0.0000,1.0000,0.576,0.3260,0.5311,0.567,0.4622,0.5150
1198,39.967,15,0.000,0.0000,1.0000,0.828,0.3466,0.6847,0.782,0.5383,0.6469,0.829,0.2637,0.5907,0.646,0.5156,0.5644,0.210,0.3221,0.5968,0.000,0.0000,1.0000,0.579,0.3264,0.5304,0.565,0.4629,0.5143
1199,40.000,15,0.000,0.0000,1.0000,0.828,0.3469,0.6844,0.780,0.5383,0.6471,0.825,0.2639,0.5906,0.650,0.5161,0.5651,0.271,0.3243,0.5981,0.000,0.0000,1.0000,0.581,0.3264,0.5304,0.567,0.4631,0.5143
1200,40.033,15,0.000,0.0000,1.0000,0.828,0.3469,0.6843,0.779,0.5386,0.6469,0.821,0.2649,0.5908,0.644,0.5159,0.5656,0.327,0.3255,0.5979,0.000,0.0000,1.0000,0.581,0.3268,0.5304,0.569,0.4632,0.5141
1201,40.067,15,0.000,0.0000,1.0000,0.831,0.3465,0.6840,0.779,0.5390,0.6467,0.817,0.2655,0.5909,0.642,0.5154,0.5660,0.328,0.3274,0.5986,0.000,0.0000,1.0000,0.577,0.3273,0.5303,0.570,0.4634,0.5134
1202,40.100,15,0.000,0.0000,1.0000,0.833,0.3465,0.6838,0.778,0.5393,0.6466,0.816,0.2654,0.5905,0.637,0.5156,0.5660,0.289,0.3287,0.5993,0.000,0.0000,1.0000,0.579,0.3272,0.5302,0.566,0.4637,0.5129
1203,40.133,15,0.000,0.0000,1.0000,0.833,0.3464,0.6836,0.775,0.5396,0.6465,0.814,0.2652,0.5904,0.641,0.5160,0.5657,0.220,0.3288,0.6006,0.000,0.0000,1.0000,0.574,0.3276,0.5298,0.565,0.4639,0.5126
1204,40.167,15,0.000,0.0000,1.0000,0.833,0.3465,0.6836,0.774,0.5398,0.6468,0.817,0.2651,0.5906,0.633,0.5165,0.5649,0.248,0.3263,0.6008,0.000,0.0000,1.0000,0.577,0.3275,0.5299,0.564,0.4640,0.5127
1205,40.200,15,0.000,0.0000,1.0000,0.833,0.3466,0.6836,0.773,0.5400,0.6468,0.821,0.2646,0.5905,0.643,0.5176,0.5646,0.275,0.3249,0.6001,0.000,0.0000,1.0000,0.575,0.3277,0.5299,0.564,0.4639,0.5125
1206,40.233,15,0.000,0.0000,1.0000,0.835,0.3457,0.6833,0.771,0.5403,0.6465,0.824,0.2643,0.5908,0.626,0.5181,0.5646,0.255,0.3225,0.6008,0.000,0.0000,1.0000,0.571,0.3276,0.5297,0.562,0.4639,0.5125
1207,40.267,15,0.000,0.0000,1.0000,0.835,0.3457,0.6832,0.768,0.5407,0.6467,0.826,0.2643,0.5912,0.625,0.5185,0.5646,0.240,0.3207,0.6020,0.000,0.0000,1.0000,0.570,0.3276,0.5295,0.562,0.4641,0.5125
1208,40.300,15,0.000,0.0000,1.0000,0.837,0.3455,0.6831,0.769,0.5408,0.6466,0.823,0.2644,0.5909,0.629,0.5186,0.5645,0.207,0.3231,0.6042,0.000,0.0000,1.0000,0.566,0.3276,0.5294,0.565,0.4641,0.5124
1209,40.333,15,0.000,0.0000,1.0000,0.836,0.3463,0.6831,0.776,0.5412,0.6459,0.822,0.2645,0.5901,0.622,0.5184,0.5645,0.169,0.3213,0.6040,0.000,0.0000,1.0000,0.564,0.3277,0.5294,0.563,0.4641,0.5124
1210,40.367,15,0.000,0.0000,1.0000,0.836,0.3461,0.6827,0.778,0.5414,0.6459,0.814,0.2656,0.5902,0.612,0.5181,0.5648,0.106,0.3128,0.6056,0.000,0.0000,1.0000,0.562,0.3276,0.5291,0.562,0.4642,0.5122
1211,40.400,15,0.000,0.0000,1.0000,0.835,0.3464,0.6830,0.779,0.5414,0.6459,0.806,0.2672,0.5902,0.612,0.5184,0.5649,0.106,0.3073,0.6093,0.000,0.0000,1.0000,0.561,0.3276,0.5290,0.566,0.4644,0.5123
1212,40.433,15,0.000,0.0000,1.0000,0.836,0.3465,0.6830,0.780,0.5414,0.6459,0.796,0.2686,0.5902,0.615,0.5183,0.5649,0.106,0.2929,0.6122,0.000,0.0000,1.0000,0.557,0.3279,0.5288,0.568,0.4646,0.5123
1213,40.467,14,0.000,0.0000,1.0000,0.833,0.3466,0.6826,0.782,0.5414,0.6458,0.792,0.2695,0.5900,0.611,0.5182,0.5646,0.000,0.0000,1.0000,0.000,0.0000,1.0000,0.555,0.3277,0.5286,0.566,0.4645,0.5122
1214,40.500,14,0.000,0.0000,1.0000,0.833,0.3467,0.6825,0.782,0.5414,0.6459,0.793,0.2687,0.5892,0.618,0.5190,0.5640,0.000,0.0000,1.0000,0.000,0.0000,1.0000,0.555,0.3281,0.5287,0.568,0.4647,0.5123
1215,40.533,14,0.000,0.0000,1.0000,0.832,0.3478,0.6829,0.782,0.5416,0.6459,0.792,0.2684,0.5888,0.619,0.5199,0.5632,0.000,0.0000,1.0000,0.000,0.0000,1.0000,0.555,0.3279,0.5286,0.566,0.4647,0.5119
1216,40.567,14,0.000,0.0000,1.0000,0.833,0.3477,0.6829,0.783,0.5418,0.6463,0.797,0.2681,0.5892,0.629,0.5206,0.5629,0.000,0.0000,1.0000,0.000,0.0000,1.0000,0.554,0.3283,0.5287,0.569,0.4648,0.5122
1217,40.600,14,0.000,0.0000,1.0000,0.831,0.3479,0.6830,0.786,0.5424,0.6456,0.804,0.2672,0.5897,0.639,0.5213,0.5630,0.000,0.0000,1.0000,0.000,0.0000,1.0000,0.556,0.3282,0.5291,0.567,0.4648,0.5122
1218,40.633,14,0.000,0.0000,1.0000,0.834,0.3480,0.6831,0.791,0.5426,0.6455,0.806,0.2673,0.5902,0.636,0.5212,0.5629,0.000,0.0000,1.0000,0.000,0.0000,1.0000,0.557,0.3282,0.5291,0.566,0.4647,0.5123
1219,40.667,14,0.000,0.0000,1.0000,0.834,0.3486,0.6830,0.794,0.5429,0.6452,0.811,0.2672,0.5909,0.616,0.5205,0.5630,0.000,0.0000,1.0000,0.000,0.0000,1.0000,0.558,0.3282,0.5292,0.560,0.4644,0.5119
1220,40.700,14,0.000,0.0000,1.0000,0.834,0.3490,0.6831,0.795,0.5433,0.6448,0.811,0.2671,0.5905,0.610,0.5205,0.5632,0.000,0.0000,1.0000,0.000,0.0000,1.0000,0.556,0.3282,0.5291,0.559,0.4644,0.5119
1221,40.733,14,0.000,0.0000,1.0000,0.833,0.3491,0.6830,0.795,0.5434,0.6447,0.808,0.2677,0.5904,0.614,0.5206,0.5631,0.000,0.0000,1.0000,0.000,0.0000,1.0000,0.554,0.3287,0.5286,0.559,0.4645,0.5118
1222,40.767,14,0.000,0.0000,1.0000,0.834,0.3493,0.6831,0.794,0.5434,0.6445,0.806,0.2682,0.5905,0.615,0.5208,0.5629,0.000,0.0000,1.0000,0.000,0.0000,1.0000,0.553,0.3287,0.5286,0.557,0.4645,0.5118
1223,40.800,14,0.000,0.0000,1.0000,0.833,0.3497,0.6830,0.795,0.5438,0.6442,0.802,0.2687,0.5902,0.609,0.5206,0.5627,0.000,0.0000,1.0000,0.000,0.0000,1.0000,0.551,0.3288,0.5288,0.555,0.4644,0.5118
1224,40.833,14,0.000,0.0000,1.0000,0.833,0.3498,0.6830,0.794,0.5439,0.6441,0.801,0.2685,0.5904,0.637,0.5211,0.5622,0.000,0.0000,1.0000,0.000,0.0000,1.0000,0.549,0.3289,0.5288,0.559,0.4646,0.5119
1225,40.867,14,0.000,0.0000,1.0000,0.832,0.3499,0.6830,0.795,0.5442,0.6439,0.800,0.2690,0.5903,0.637,0.5211,0.5621,0.000,0.0000,1.0000,0.000,0.0000,1.0000,0.548,0.3289,0.5286,0.558,0.4646,0.5118
1226,40.900,14,0.000,0.0000,1.0000,0.831,0.3500,0.6830,0.796,0.5443,0.6437,0.797,0.2696,0.5905,0.629,0.5209,0.5622,0.000,0.0000,1.0000,0.000,0.0000,1.0000,0.551,0.3287,0.5285,0.556,0.4646,0.5117
1227,40.933,14,0.000,0.0000,1.0000,0.832,0.3499,0.6830,0.795,0.5441,0.6438,0.794,0.2709,0.5911,0.621,0.5207,0.5621,0.000,0.0000,1.0000,0.000,0.0000,1.0000,0.553,0.3285,0.5284,0.555,0.4646,0.5105
1228,40.967,14,0.000,0.0000,1.0000,0.831,0.3500,0.6830,0.797,0.5442,0.6437,0.797,0.2713,0.5914,0.622,0.5204,0.5619,0.000,0.0000,1.0000,0.000,0.0000,1.0000,0.553,0.3286,0.5285,0.554,0.4646,0.5117
1229,41.000,15,0.000,0.0000,1.0000,0.830,0.3502,0.6830,0.799,0.5442,0.6438,0.808,0.2724,0.5918,0.622,0.5205,0.5619,0.102,0.2720,0.6151,0.000,0.0000,1.0000,0.552,0.3287,0.5286,0.556,0.4647,0.5117
1230,41.033,14,0.000,0.0000,1.0000,0.832,0.3502,0.6830,0.799,0.5441,0.6438,0.808,0.2724,0.5917,0.611,0.5202,0.5619,0.000,0.0000,1.0000,0.000,0.0000,1.0000,0.554,0.3285,0.5284,0.555,0.4647,0.5105
1231,41.067,15,0.000,0.0000,1.0000,0.831,0.3503,0.6830,0.797,0.5439,0.6439,0.807,0.2724,0.5918,0.613,0.5204,0.5619,0.106,0.2649,0.6097,0.000,0.0000,1.0000,0.552,0.3285,0.5284,0.559,0.4649,0.5106
1232,41.100,15,0.000,0.0000,1.0000,0.830,0.3508,0.6829,0.796,0.5440,0.6437,0.808,0.2724,0.5917,0.632,0.5207,0.5617,0.105,0.2669,0.6103,0.000,0.0000,1.0000,0.552,0.3286,0.5284,0.562,0.4651,0.5105
1233,41.133,15,0.000,0.0000,1.0000,0.830,0.3509,0.6828,0.795,0.5438,0.6439,0.814,0.2731,0.5918,0.644,0.5211,0.5618,0.128,0.2615,0.6104,0.000,0.0000,1.0000,0.550,0.3288,0.5283,0.566,0.4652,0.5104
1234,41.167,15,0.000,0.0000,1.0000,0.828,0.3509,0.6828,0.800,0.5441,0.6437,0.806,0.2724,0.5914,0.640,0.5200,0.5607,0.131,0.2627,0.6099,0.000,0.0000,1.0000,0.551,0.3290,0.5285,0.564,0.4654,0.5106
1235,41.200,15,0.000,0.0000,1.0000,0.829,0.3511,0.6828,0.802,0.5444,0.6437,0.800,0.2720,0.5913,0.639,0.5199,0.5603,0.102,0.2725,0.6102,0.000,0.0000,1.0000,0.547,0.3296,0.5288,0.563,0.4654,0.5119
1236,41.233,14,0.000,0.0000,1.0000,0.828,0.3512,0.6828,0.800,0.5442,0.6438,0.788,0.2706,0.5903,0.632,0.5198,0.5599,0.000,0.0000,1.0000,0.000,0.0000,1.0000,0.543,0.3298,0.5289,0.560,0.4655,0.5107
1237,41.267,14,0.000,0.0000,1.0000,0.828,0.3513,0.6828,0.799,0.5443,0.6438,0.794,0.2696,0.5899,0.635,0.5201,0.5594,0.000,0.0000,1.0000,0.000,0.0000,1.0000,0.542,0.3308,0.5296,0.560,0.4657,0.5119
1238,41.300,14,0.000,0.0000,1.0000,0.825,0.3517,0.6830,0.802,0.5448,0.6433,0.797,0.2694,0.5901,0.640,0.5204,0.5593,0.000,0.0000,1.0000,0.000,0.0000,1.0000,0.544,0.3302,0.5291,0.563,0.4656,0.5107
1239,41.333,14,0.000,0.0000,1.0000,0.825,0.3516,0.6830,0.802,0.5448,0.6433,0.799,0.2694,0.5912,0.637,0.5205,0.5593,0.000,0.0000,1.0000,0.000,0.0000,1.0000,0.548,0.3299,0.5292,0.562,0.4656,0.5121
1240,41.367,14,0.000,0.0000,1.0000,0.827,0.3514,0.6830,0.803,0.5454,0.6429,0.795,0.2702,0.5916,0.636,0.5206,0.5598,0.000,0.0000,1.0000,0.000,0.0000,1.0000,0.545,0.3297,0.5289,0.562,0.4656,0.5119
1241,41.400,15,0.000,0.0000,1.0000,0.830,0.3508,0.6832,0.808,0.5457,0.6428,0.804,0.2724,0.5916,0.628,0.5204,0.5598,0.109,0.2708,0.6084,0.000,0.0000,1.0000,0.546,0.3292,0.5286,0.562,0.4655,0.5105
1242,41.433,15,0.000,0.0000,1.0000,0.829,0.3508,0.6832,0.807,0.5457,0.6429,0.808,0.2728,0.5917,0.640,0.5207,0.5597,0.136,0.2630,0.6050,0.000,0.0000,1.0000,0.548,0.3294,0.5288,0.562,0.4655,0.5108
1243,41.467,15,0.000,0.0000,1.0000,0.828,0.3511,0.6829,0.807,0.5456,0.6429,0.813,0.2733,0.5917,0.637,0.5205,0.5599,0.145,0.2627,0.6052,0.000,0.0000,1.0000,0.546,0.3297,0.5289,0.565,0.4657,0.5119
1244,41.500,15,0.000,0.0000,1.0000,0.826,0.3514,0.6829,0.807,0.5458,0.6427,0.807,0.2726,0.5915,0.628,0.5206,0.5600,0.129,0.2654,0.6079,0.000,0.0000,1.0000,0.544,0.3297,0.5287,0.566,0.4657,0.5106
1245,41.533,15,0.000,0.0000,1.0000,0.826,0.3515,0.6830,0.806,0.5458,0.6427,0.808,0.2727,0.5916,0.626,0.5206,0.5601,0.127,0.2666,0.6095,0.000,0.0000,1.0000,0.545,0.3297,0.5287,0.568,0.4658,0.5106
1246,41.567,15,0.000,0.0000,1.0000,0.824,0.3516,0.6829,0.807,0.5460,0.6425,0.807,0.2726,0.5915,0.624,0.5206,0.5602,0.133,0.2655,0.6081,0.000,0.0000,1.0000,0.544,0.3298,0.5288,0.567,0.4658,0.5105
1247,41.600,15,0.000,0.0000,1.0000,0.823,0.3517,0.6829,0.804,0.5461,0.6424,0.809,0.2728,0.5915,0.618,0.5204,0.5602,0.143,0.2605,0.6085,0.000,0.0000,1.0000,0.545,0.3298,0.5283,0.568,0.4658,0.5104
1248,41.633,15,0.000,0.0000,1.0000,0.823,0.3521,0.6830,0.809,0.5459,0.6425,0.811,0.2733,0.5916,0.614,0.5205,0.5603,0.140,0.2672,0.6061,0.000,0.0000,1.0000,0.548,0.3295,0.5280,0.569,0.4658,0.5098
1249,41.667,15,0.000,0.0000,1.0000,0.822,0.3525,0.6831,0.807,0.5459,0.6424,0.811,0.2733,0.5914,0.608,0.5203,0.5604,0.137,0.2654,0.6075,0.000,0.0000,1.0000,0.549,0.3292,0.5278,0.570,0.4659,0.5097
1250,41.700,15,0.000,0.0000,1.0000,0.821,0.3525,0.6830,0.806,0.5457,0.6421,0.814,0.2738,0.5916,0.601,0.5201,0.5604,0.160,0.2637,0.6066,0.000,0.0000,1.0000,0.545,0.3290,0.5275,0.572,0.4659,0.5096
1251,41.733,15,0.000,0.0000,1.0000,0.821,0.3522,0.6828,0.804,0.5457,0.6421,0.813,0.2740,0.5915,0.601,0.5202,0.5605,0.177,0.2609,0.6031,0.000,0.0000,1.0000,0.546,0.3289,0.5274,0.575,0.4660,0.5095
1252,41.767,15,0.000,0.0000,1.0000,0.821,0.3523,0.6825,0.806,0.5460,0.6423,0.814,0.2740,0.5915,0.602,0.5204,0.5606,0.177,0.2621,0.6042,0.000,0.0000,1.0000,0.539,0.3295,0.5274,0.577,0.4661,0.5096
1253,41.800,15,0.000,0.0000,1.0000,0.819,0.3525,0.6823,0.804,0.5457,0.6421,0.814,0.2740,0.5914,0.596,0.5205,0.5608,0.163,0.2644,0.6069,0.000,0.0000,1.0000,0.537,0.3298,0.5274,0.579,0.4662,0.5096
1254,41.833,15,0.000,0.0000,1.0000,0.819,0.3529,0.6824,0.805,0.5458,0.6419,0.815,0.2741,0.5915,0.593,0.5204,0.5607,0.178,0.2626,0.6056,0.000,0.0000,1.0000,0.538,0.3293,0.5271,0.579,0.4660,0.5094
1255,41.867,15,0.000,0.0000,1.0000,0.816,0.3532,0.6823,0.803,0.5458,0.6419,0.814,0.2743,0.5914,0.594,0.5204,0.5607,0.195,0.2616,0.6036,0.000,0.0000,1.0000,0.538,0.3292,0.5270,0.579,0.4659,0.5093
1256,41.900,15,0.000,0.0000,1.0000,0.813,0.3535,0.6822,0.803,0.5458,0.6419,0.815,0.2746,0.5916,0.597,0.5205,0.5608,0.178,0.2629,0.6051,0.000,0.0000,1.0000,0.538,0.3293,0.5270,0.577,0.4657,0.5093
1257,41.933,15,0.000,0.0000,1.0000,0.813,0.3536,0.6822,0.798,0.5457,0.6416,0.816,0.2747,0.5915,0.600,0.5207,0.5608,0.151,0.2675,0.6062,0.000,0.0000,1.0000,0.538,0.3295,0.5271,0.578,0.4657,0.5093
1258,41.967,15,0.000,0.0000,1.0000,0.811,0.3538,0.6821,0.795,0.5457,0.6415,0.814,0.2755,0.5916,0.597,0.5207,0.5608,0.150,0.2673,0.6055,0.000,0.0000,1.0000,0.538,0.3296,0.5272,0.579,0.4657,0.5093
1259,42.000,15,0.000,0.0000,1.0000,0.810,0.3538,0.6820,0.792,0.5458,0.6411,0.814,0.2756,0.5911,0.601,0.5211,0.5612,0.142,0.2676,0.6057,0.000,0.0000,1.0000,0.534,0.3304,0.5271,0.581,0.4659,0.5094
1260,42.033,15,0.000,0.0000,1.0000,0.809,0.3539,0.6820,0.788,0.5458,0.6405,0.814,0.2763,0.5910,0.593,0.5205,0.5611,0.148,0.2679,0.6059,0.000,0.0000,1.0000,0.534,0.3302,0.5271,0.579,0.4659,0.5093
1261,42.067,15,0.000,0.0000,1.0000,0.807,0.3541,0.6819,0.785,0.5460,0.6400,0.811,0.2761,0.5906,0.603,0.5207,0.5606,0.138,0.2687,0.6068,0.000,0.0000,1.0000,0.536,0.3296,0.5271,0.580,0.4657,0.5093
1262,42.100,15,0.000,0.0000,1.0000,0.803,0.3546,0.6817,0.784,0.5461,0.6398,0.815,0.2761,0.5907,0.597,0.5205,0.5605,0.131,0.2723,0.6086,0.000,0.0000,1.0000,0.539,0.3300,0.5271,0.580,0.4657,0.5093
1263,42.133,15,0.000,0.0000,1.0000,0.803,0.3547,0.6814,0.785,0.5461,0.6398,0.814,0.2760,0.5906,0.605,0.5205,0.5601,0.114,0.2727,0.6099,0.000,0.0000,1.0000,0.540,0.3296,0.5272,0.580,0.4657,0.5093
1264,42.167,14,0.000,0.0000,1.0000,0.802,0.3547,0.6812,0.786,0.5462,0.6398,0.815,0.2761,0.5901,0.610,0.5206,0.5600,0.000,0.0000,1.0000,0.000,0.0000,1.0000,0.539,0.3295,0.5270,0.580,0.4656,0.5092
1265,42.200,14,0.000,0.0000,1.0000,0.800,0.3542,0.6806,0.785,0.5465,0.6396,0.810,0.2757,0.5896,0.620,0.5208,0.5595,0.000,0.0000,1.0000,0.000,0.0000,1.0000,0.537,0.3297,0.5272,0.580,0.4658,0.5092
1266,42.233,14,0.000,0.0000,1.0000,0.795,0.3542,0.6802,0.782,0.5467,0.6393,0.801,0.2753,0.5889,0.614,0.5209,0.5592,0.000,0.0000,1.0000,0.000,0.0000,1.0000,0.542,0.3297,0.5274,0.580,0.4657,0.5092
1267,42.267,14,0.000,0.0000,1.0000,0.789,0.3546,0.6801,0.780,0.5470,0.6387,0.794,0.2749,0.5884,0.619,0.5213,0.5587,0.000,0.0000,1.0000,0.000,0.0000,1.0000,0.541,0.3297,0.5274,0.580,0.4657,0.5091
1268,42.300,14,0.000,0.0000,1.0000,0.784,0.3547,0.6799,0.781,0.5471,0.6387,0.796,0.2753,0.5885,0.620,0.5212,0.5576,0.000,0.0000,1.0000,0.000,0.0000,1.0000,0.540,0.3299,0.5276,0.579,0.4657,0.5092
1269,42.333,15,0.000,0.0000,1.0000,0.784,0.3547,0.6799,0.778,0.5472,0.6385,0.794,0.2752,0.5887,0.625,0.5223,0.5574,0.100,0.2728,0.6055,0.000,0.0000,1.0000,0.540,0.3295,0.5272,0.583,0.4656,0.5090
1270,42.367,15,0.000,0.0000,1.0000,0.779,0.3549,0.6798,0.777,0.5474,0.6384,0.798,0.2751,0.5888,0.634,0.5230,0.5570,0.108,0.2753,0.6062,0.000,0.0000,1.0000,0.537,0.3293,0.5269,0.582,0.4654,0.5087
1271,42.400,15,0.000,0.0000,1.0000,0.775,0.3551,0.6797,0.777,0.5474,0.6384,0.798,0.2752,0.5889,0.640,0.5226,0.5567,0.117,0.2733,0.6043,0.000,0.0000,1.0000,0.537,0.3295,0.5270,0.583,0.4655,0.5086
1272,42.433,15,0.000,0.0000,1.0000,0.772,0.3553,0.6793,0.776,0.5474,0.6383,0.797,0.2748,0.5890,0.635,0.5225,0.5568,0.119,0.2774,0.6046,0.000,0.0000,1.0000,0.535,0.3297,0.5270,0.581,0.4654,0.5087
1273,42.467,15,0.000,0.0000,1.0000,0.770,0.3553,0.6792,0.776,0.5474,0.6383,0.792,0.2743,0.5888,0.635,0.5225,0.5568,0.122,0.2791,0.6092,0.000,0.0000,1.0000,0.534,0.3303,0.5268,0.585,0.4656,0.5084
1274,42.500,15,0.000,0.0000,1.0000,0.768,0.3553,0.6791,0.776,0.5474,0.6383,0.784,0.2735,0.5885,0.632,0.5229,0.5570,0.120,0.2769,0.6098,0.000,0.0000,1.0000,0.535,0.3320,0.5270,0.584,0.4657,0.5083
1275,42.533,15,0.000,0.0000,1.0000,0.768,0.3554,0.6792,0.777,0.5475,0.6383,0.788,0.2733,0.5887,0.628,0.5235,0.5573,0.122,0.2788,0.6094,0.000,0.0000,1.0000,0.534,0.3321,0.5269,0.585,0.4656,0.5080
1276,42.567,15,0.000,0.0000,1.0000,0.768,0.3554,0.6791,0.774,0.5476,0.6381,0.783,0.2727,0.5889,0.623,0.5235,0.5573,0.115,0.2813,0.6094,0.000,0.0000,1.0000,0.536,0.3322,0.5268,0.584,0.4656,0.5080
1277,42.600,14,0.000,0.0000,1.0000,0.764,0.3567,0.6789,0.784,0.5476,0.6389,0.783,0.2725,0.5888,0.629,0.5246,0.5570,0.000,0.0000,1.0000,0.000,0.0000,1.0000,0.538,0.3326,0.5269,0.594,0.4661,0.5085
1278,42.633,15,0.000,0.0000,1.0000,0.769,0.3569,0.6791,0.782,0.5477,0.6384,0.783,0.2724,0.5888,0.623,0.5250,0.5580,0.106,0.2798,0.6109,0.000,0.0000,1.0000,0.536,0.3327,0.5269,0.594,0.4663,0.5086
1279,42.667,15,0.000,0.0000,1.0000,0.771,0.3572,0.6792,0.785,0.5480,0.6387,0.786,0.2727,0.5887,0.633,0.5254,0.5585,0.116,0.2824,0.6085,0.000,0.0000,1.0000,0.543,0.3329,0.5271,0.595,0.4664,0.5087
1280,42.700,15,0.000,0.0000,1.0000,0.773,0.3577,0.6793,0.790,0.5480,0.6389,0.781,0.2721,0.5890,0.646,0.5265,0.5587,0.140,0.2804,0.6066,0.000,0.0000,1.0000,0.546,0.3332,0.5271,0.598,0.4666,0.5085
1281,42.733,15,0.000,0.0000,1.0000,0.769,0.3577,0.6791,0.790,0.5480,0.6389,0.774,0.2716,0.5893,0.658,0.5276,0.5581,0.179,0.2714,0.6078,0.000,0.0000,1.0000,0.548,0.3332,0.5270,0.598,0.4666,0.5085
1282,42.767,15,0.000,0.0000,1.0000,0.770,0.3580,0.6790,0.787,0.5480,0.6387,0.777,0.2702,0.5899,0.670,0.5272,0.5570,0.180,0.2723,0.6079,0.000,0.0000,1.0000,0.554,0.3338,0.5273,0.599,0.4671,0.5084
1283,42.800,15,0.000,0.0000,1.0000,0.780,0.3586,0.6790,0.790,0.5479,0.6389,0.776,0.2710,0.5915,0.676,0.5276,0.5563,0.260,0.2641,0.6103,0.000,0.0000,1.0000,0.551,0.3337,0.5272,0.598,0.4670,0.5085
1284,42.833,15,0.000,0.0000,1.0000,0.788,0.3591,0.6793,0.790,0.5480,0.6388,0.791,0.2722,0.5922,0.679,0.5277,0.5560,0.196,0.2581,0.6083,0.000,0.0000,1.0000,0.549,0.3337,0.5271,0.599,0.4672,0.5085
1285,42.867,15,0.000,0.0000,1.0000,0.792,0.3597,0.6795,0.790,0.5480,0.6388,0.779,0.2723,0.5934,0.677,0.5280,0.5555,0.451,0.2457,0.6067,0.000,0.0000,1.0000,0.555,0.3341,0.5273,0.599,0.4673,0.5084
1286,42.900,15,0.000,0.0000,1.0000,0.794,0.3601,0.6797,0.792,0.5480,0.6389,0.782,0.2726,0.5946,0.657,0.5273,0.5566,0.567,0.2444,0.6072,0.000,0.0000,1.0000,0.556,0.3344,0.5273,0.598,0.4675,0.5085
1287,42.933,15,0.000,0.0000,1.0000,0.795,0.3602,0.6800,0.793,0.5477,0.6392,0.776,0.2729,0.5951,0.642,0.5275,0.5586,0.589,0.2431,0.6042,0.000,0.0000,1.0000,0.555,0.3348,0.5270,0.596,0.4678,0.5085
1288,42.967,15,0.000,0.0000,1.0000,0.793,0.3605,0.6801,0.792,0.5481,0.6389,0.776,0.2744,0.5954,0.626,0.5269,0.5590,0.665,0.2381,0.6038,0.000,0.0000,1.0000,0.554,0.3351,0.5267,0.597,0.4687,0.5083
1289,43.000,15,0.000,0.0000,1.0000,0.794,0.3609,0.6799,0.791,0.5481,0.6388,0.764,0.2744,0.5962,0.625,0.5277,0.5589,0.668,0.2385,0.6027,0.000,0.0000,1.0000,0.553,0.3351,0.5265,0.598,0.4688,0.5081
1290,43.033,15,0.000,0.0000,1.0000,0.793,0.3608,0.6798,0.797,0.5480,0.6392,0.755,0.2726,0.5965,0.623,0.5271,0.5592,0.673,0.2364,0.6038,0.000,0.0000,1.0000,0.554,0.3351,0.5265,0.597,0.4689,0.5080
1291,43.067,15,0.000,0.0000,1.0000,0.794,0.3610,0.6797,0.800,0.5481,0.6393,0.767,0.2706,0.5960,0.625,0.5277,0.5595,0.704,0.2346,0.6061,0.000,0.0000,1.0000,0.554,0.3354,0.5263,0.599,0.4696,0.5081
1292,43.100,15,0.000,0.0000,1.0000,0.794,0.3610,0.6795,0.811,0.5481,0.6399,0.761,0.2713,0.5962,0.628,0.5279,0.5598,0.697,0.2379,0.6063,0.000,0.0000,1.0000,0.556,0.3354,0.5267,0.597,0.4695,0.5083
1293,43.133,15,0.000,0.0000,1.0000,0.795,0.3610,0.6796,0.812,0.5480,0.6399,0.776,0.2697,0.5967,0.629,0.5279,0.5598,0.549,0.2432,0.6057,0.000,0.0000,1.0000,0.563,0.3356,0.5272,0.596,0.4695,0.5084
1294,43.167,15,0.000,0.0000,1.0000,0.795,0.3611,0.6795,0.810,0.5482,0.6397,0.770,0.2704,0.5964,0.614,0.5262,0.5604,0.483,0.2457,0.6060,0.000,0.0000,1.0000,0.563,0.3364,0.5273,0.596,0.4698,0.5083
1295,43.200,15,0.000,0.0000,1.0000,0.797,0.3611,0.6794,0.810,0.5481,0.6398,0.783,0.2688,0.5967,0.604,0.5252,0.5613,0.316,0.2497,0.6069,0.000,0.0000,1.0000,0.563,0.3358,0.5274,0.594,0.4695,0.5082
1296,43.233,15,0.000,0.0000,1.0000,0.796,0.3610,0.6793,0.810,0.5483,0.6398,0.790,0.2681,0.5953,0.605,0.5251,0.5619,0.246,0.2521,0.6070,0.000,0.0000,1.0000,0.560,0.3355,0.5267,0.594,0.4698,0.5078
1297,43.267,15,0.000,0.0000,1.0000,0.792,0.3608,0.6793,0.806,0.5482,0.6396,0.780,0.2685,0.5946,0.588,0.5249,0.5622,0.231,0.2502,0.6107,0.000,0.0000,1.0000,0.560,0.3352,0.5266,0.593,0.4697,0.5076
1298,43.300,15,0.000,0.0000,1.0000,0.793,0.3605,0.6792,0.797,0.5477,0.6396,0.809,0.2655,0.5949,0.600,0.5249,0.5621,0.193,0.2546,0.6165,0.000,0.0000,1.0000,0.547,0.3346,0.5261,0.591,0.4697,0.5074
1299,43.333,15,0.000,0.0000,1.0000,0.790,0.3601,0.6790,0.789,0.5472,0.6394,0.813,0.2656,0.5956,0.607,0.5255,0.5612,0.252,0.2529,0.6178,0.000,0.0000,1.0000,0.550,0.3351,0.5260,0.592,0.4694,0.5069
1300,43.367,15,0.000,0.0000,1.0000,0.788,0.3603,0.6789,0.788,0.5469,0.6400,0.812,0.2636,0.5975,0.613,0.5262,0.5602,0.358,0.2474,0.6184,0.000,0.0000,1.0000,0.552,0.3354,0.5260,0.592,0.4699,0.5074
1301,43.400,15,0.000,0.0000,1.0000,0.787,0.3603,0.6788,0.785,0.5463,0.6404,0.801,0.2617,0.5986,0.636,0.5279,0.5591,0.355,0.2502,0.6203,0.000,0.0000,1.0000,0.553,0.3363,0.5259,0.594,0.4695,0.5071
1302,43.433,15,0.000,0.0000,1.0000,0.788,0.3603,0.6786,0.786,0.5459,0.6409,0.811,0.2612,0.5985,0.679,0.5294,0.5588,0.246,0.2542,0.6198,0.000,0.0000,1.0000,0.552,0.3371,0.5261,0.593,0.4706,0.5077
1303,43.467,15,0.000,0.0000,1.0000,0.782,0.3601,0.6783,0.788,0.5453,0.6413,0.815,0.2609,0.5984,0.649,0.5270,0.5596,0.207,0.2589,0.6210,0.000,0.0000,1.0000,0.555,0.3365,0.5262,0.591,0.4706,0.5079
1304,43.500,15,0.000,0.0000,1.0000,0.782,0.3602,0.6782,0.784,0.5442,0.6421,0.818,0.2603,0.5971,0.537,0.5228,0.5627,0.210,0.2541,0.6201,0.000,0.0000,1.0000,0.551,0.3359,0.5260,0.587,0.4702,0.5076
1305,43.533,15,0.000,0.0000,1.0000,0.779,0.3597,0.6782,0.784,0.5431,0.6428,0.818,0.2602,0.5967,0.503,0.5210,0.5632,0.210,0.2539,0.6210,0.000,0.0000,1.0000,0.547,0.3365,0.5259,0.587,0.4708,0.5075
1306,43.567,15,0.000,0.0000,1.0000,0.778,0.3603,0.6781,0.779,0.5426,0.6427,0.828,0.2590,0.5957,0.548,0.5227,0.5621,0.365,0.2486,0.6271,0.000,0.0000,1.0000,0.556,0.3367,0.5236,0.592,0.4708,0.5074
1307,43.600,15,0.000,0.0000,1.0000,0.775,0.3601,0.6779,0.776,0.5425,0.6425,0.836,0.2564,0.5964,0.550,0.5231,0.5622,0.544,0.2471,0.6275,0.000,0.0000,1.0000,0.558,0.3366,0.5234,0.593,0.4708,0.5072
1308,43.633,15,0.000,0.0000,1.0000,0.767,0.3587,0.6779,0.771,0.5420,0.6428,0.831,0.2564,0.5953,0.555,0.5239,0.5636,0.416,0.2477,0.6240,0.000,0.0000,1.0000,0.551,0.3358,0.5237,0.593,0.4703,0.5075
1309,43.667,15,0.000,0.0000,1.0000,0.766,0.3581,0.6776,0.771,0.5418,0.6427,0.840,0.2567,0.5946,0.544,0.5230,0.5641,0.343,0.2529,0.6229,0.000,0.0000,1.0000,0.551,0.3361,0.5262,0.593,0.4702,0.5077
1310,43.700,15,0.000,0.0000,1.0000,0.772,0.3586,0.6777,0.772,0.5419,0.6425,0.843,0.2588,0.5939,0.503,0.5210,0.5642,0.185,0.2699,0.6262,0.000,0.0000,1.0000,0.542,0.3353,0.5259,0.587,0.4695,0.5072
1311,43.733,14,0.000,0.0000,1.0000,0.771,0.3586,0.6779,0.769,0.5417,0.6426,0.849,0.2595,0.5961,0.469,0.5194,0.5649,0.000,0.0000,1.0000,0.000,0.0000,1.0000,0.540,0.3355,0.5258,0.585,0.4692,0.5072
1312,43.767,14,0.000,0.0000,1.0000,0.781,0.3588,0.6784,0.771,0.5414,0.6428,0.844,0.2596,0.5980,0.494,0.5180,0.5651,0.000,0.0000,1.0000,0.000,0.0000,1.0000,0.543,0.3363,0.5258,0.585,0.4694,0.5082
1313,43.800,15,0.000,0.0000,1.0000,0.778,0.3578,0.6785,0.776,0.5408,0.6429,0.855,0.2604,0.5971,0.522,0.5171,0.5653,0.115,0.3217,0.6051,0.000,0.0000,1.0000,0.550,0.3354,0.5261,0.587,0.4672,0.5077
1314,43.833,15,0.000,0.0000,1.0000,0.772,0.3575,0.6786,0.780,0.5403,0.6422,0.857,0.2600,0.5971,0.520,0.5149,0.5673,0.252,0.3322,0.5998,0.000,0.0000,1.0000,0.560,0.3348,0.5271,0.583,0.4666,0.5085
1315,43.867,15,0.000,0.0000,1.0000,0.769,0.3570,0.6785,0.784,0.5398,0.6411,0.860,0.2599,0.5968,0.520,0.5122,0.5677,0.360,0.3374,0.5957,0.000,0.0000,1.0000,0.570,0.3352,0.5276,0.582,0.4660,0.5085
1316,43.900,15,0.000,0.0000,1.0000,0.771,0.3575,0.6787,0.786,0.5395,0.6409,0.863,0.2601,0.5966,0.498,0.5102,0.5682,0.371,0.3401,0.5929,0.000,0.0000,1.0000,0.567,0.3348,0.5275,0.579,0.4655,0.5086
1317,43.933,15,0.000,0.0000,1.0000,0.773,0.3572,0.6785,0.789,0.5390,0.6410,0.864,0.2601,0.5968,0.498,0.5095,0.5684,0.396,0.3412,0.5914,0.000,0.0000,1.0000,0.565,0.3345,0.5274,0.576,0.4649,0.5085
1318,43.967,15,0.000,0.0000,1.0000,0.766,0.3569,0.6785,0.792,0.5384,0.6411,0.863,0.2595,0.5971,0.489,0.5088,0.5684,0.413,0.3393,0.5904,0.000,0.0000,1.0000,0.572,0.3348,0.5281,0.575,0.4648,0.5090
1319,44.000,15,0.000,0.0000,1.0000,0.764,0.3557,0.6785,0.794,0.5382,0.6411,0.853,0.2570,0.5977,0.491,0.5080,0.5678,0.387,0.3388,0.5894,0.000,0.0000,1.0000,0.572,0.3345,0.5282,0.574,0.4646,0.5090
1320,44.033,15,0.000,0.0000,1.0000,0.762,0.3558,0.6785,0.798,0.5373,0.6410,0.812,0.2531,0.5986,0.494,0.5080,0.5675,0.387,0.3386,0.5883,0.000,0.0000,1.0000,0.567,0.3339,0.5276,0.576,0.4642,0.5086
1321,44.067,15,0.000,0.0000,1.0000,0.768,0.3555,0.6786,0.794,0.5372,0.6408,0.796,0.2497,0.6001,0.493,0.5080,0.5674,0.338,0.3396,0.5888,0.000,0.0000,1.0000,0.558,0.3334,0.5273,0.575,0.4641,0.5083
1322,44.100,15,0.000,0.0000,1.0000,0.767,0.3556,0.6787,0.796,0.5368,0.6408,0.820,0.2463,0.6018,0.469,0.5080,0.5679,0.314,0.3375,0.5925,0.000,0.0000,1.0000,0.546,0.3328,0.5271,0.572,0.4638,0.5082
1323,44.133,15,0.000,0.0000,1.0000,0.771,0.3567,0.6789,0.794,0.5367,0.6406,0.832,0.2445,0.6026,0.500,0.5106,0.5672,0.394,0.3360,0.5893,0.000,0.0000,1.0000,0.551,0.3331,0.5274,0.571,0.4639,0.5085
1324,44.167,15,0.000,0.0000,1.0000,0.770,0.3567,0.6791,0.795,0.5365,0.6407,0.846,0.2417,0.6039,0.525,0.5122,0.5666,0.434,0.3360,0.5877,0.000,0.0000,1.0000,0.548,0.3334,0.5274,0.571,0.4637,0.5085
1325,44.200,15,0.000,0.0000,1.0000,0.774,0.3552,0.6792,0.791,0.5372,0.6403,0.853,0.2384,0.6042,0.540,0.5131,0.5659,0.438,0.3351,0.5869,0.000,0.0000,1.0000,0.547,0.3331,0.5268,0.571,0.4637,0.5081
1326,44.233,15,0.000,0.0000,1.0000,0.773,0.3557,0.6795,0.792,0.5370,0.6402,0.854,0.2364,0.6056,0.538,0.5129,0.5660,0.447,0.3329,0.5878,0.000,0.0000,1.0000,0.550,0.3333,0.5270,0.571,0.4639,0.5083
1327,44.267,15,0.000,0.0000,1.0000,0.775,0.3554,0.6798,0.791,0.5369,0.6400,0.851,0.2351,0.6073,0.534,0.5124,0.5658,0.505,0.3303,0.5839,0.000,0.0000,1.0000,0.551,0.3333,0.5274,0.574,0.4643,0.5080
1328,44.300,15,0.000,0.0000,1.0000,0.775,0.3553,0.6800,0.788,0.5369,0.6399,0.848,0.2332,0.6089,0.527,0.5114,0.5659,0.517,0.3288,0.5821,0.000,0.0000,1.0000,0.550,0.3333,0.5278,0.576,0.4641,0.5084
1329,44.333,15,0.000,0.0000,1.0000,0.776,0.3553,0.6802,0.794,0.5356,0.6401,0.830,0.2317,0.6097,0.513,0.5104,0.5653,0.535,0.3276,0.5823,0.000,0.0000,1.0000,0.549,0.3335,0.5278,0.577,0.4644,0.5080
1330,44.367,15,0.000,0.0000,1.0000,0.785,0.3569,0.6804,0.800,0.5347,0.6403,0.819,0.2310,0.6107,0.515,0.5096,0.5646,0.532,0.3283,0.5844,0.000,0.0000,1.0000,0.549,0.3336,0.5278,0.575,0.4642,0.5082
1331,44.400,15,0.000,0.0000,1.0000,0.792,0.3571,0.6807,0.799,0.5344,0.6402,0.808,0.2300,0.6120,0.520,0.5100,0.5644,0.492,0.3295,0.5843,0.000,0.0000,1.0000,0.546,0.3337,0.5273,0.576,0.4643,0.5081
1332,44.433,15,0.000,0.0000,1.0000,0.798,0.3578,0.6812,0.804,0.5340,0.6404,0.800,0.2282,0.6133,0.517,0.5095,0.5646,0.500,0.3268,0.5838,0.000,0.0000,1.0000,0.545,0.3343,0.5276,0.574,0.4643,0.5080
1333,44.467,15,0.000,0.0000,1.0000,0.804,0.3589,0.6822,0.805,0.5341,0.6404,0.815,0.2257,0.6149,0.533,0.5091,0.5643,0.544,0.3257,0.5820,0.000,0.0000,1.0000,0.547,0.3343,0.5283,0.576,0.4642,0.5084
1334,44.500,15,0.000,0.0000,1.0000,0.801,0.3590,0.6828,0.806,0.5340,0.6405,0.819,0.2258,0.6172,0.475,0.5023,0.5653,0.571,0.3245,0.5826,0.000,0.0000,1.0000,0.545,0.3339,0.5284,0.572,0.4640,0.5088
1335,44.533,15,0.000,0.0000,1.0000,0.799,0.3594,0.6835,0.807,0.5330,0.6408,0.818,0.2267,0.6192,0.394,0.4953,0.5670,0.594,0.3240,0.5794,0.000,0.0000,1.0000,0.547,0.3341,0.5292,0.572,0.4649,0.5096
1336,44.567,15,0.000,0.0000,1.0000,0.798,0.3598,0.6837,0.807,0.5325,0.6407,0.819,0.2272,0.6201,0.399,0.4939,0.5675,0.595,0.3240,0.5781,0.000,0.0000,1.0000,0.548,0.3340,0.5291,0.574,0.4644,0.5092
1337,44.600,15,0.000,0.0000,1.0000,0.803,0.3605,0.6840,0.807,0.5325,0.6406,0.820,0.2275,0.6214,0.394,0.4929,0.5681,0.601,0.3232,0.5774,0.000,0.0000,1.0000,0.553,0.3339,0.5292,0.578,0.4647,0.5093
1338,44.633,15,0.000,0.0000,1.0000,0.802,0.3609,0.6843,0.807,0.5325,0.6404,0.821,0.2284,0.6219,0.389,0.4927,0.5681,0.625,0.3202,0.5769,0.000,0.0000,1.0000,0.549,0.3334,0.5289,0.582,0.4641,0.5085
1339,44.667,15,0.000,0.0000,1.0000,0.796,0.3609,0.6847,0.807,0.5320,0.6403,0.817,0.2293,0.6220,0.397,0.4915,0.5678,0.628,0.3190,0.5750,0.000,0.0000,1.0000,0.550,0.3332,0.5292,0.583,0.4639,0.5085
1340,44.700,15,0.000,0.0000,1.0000,0.794,0.3619,0.6852,0.806,0.5320,0.6402,0.809,0.2299,0.6221,0.382,0.4924,0.5682,0.620,0.3148,0.5739,0.000,0.0000,1.0000,0.555,0.3336,0.5294,0.583,0.4641,0.5085
1341,44.733,15,0.000,0.0000,1.0000,0.782,0.3619,0.6855,0.809,0.5312,0.6407,0.797,0.2302,0.6218,0.373,0.4940,0.5680,0.666,0.2979,0.5729,0.000,0.0000,1.0000,0.559,0.3337,0.5282,0.587,0.4645,0.5079
1342,44.767,15,0.000,0.0000,1.0000,0.780,0.3626,0.6856,0.807,0.5314,0.6405,0.827,0.2326,0.6215,0.384,0.4928,0.5660,0.662,0.2919,0.5603,0.000,0.0000,1.0000,0.559,0.3340,0.5272,0.583,0.4643,0.5079
1343,44.800,15,0.000,0.0000,1.0000,0.796,0.3622,0.6851,0.796,0.5324,0.6397,0.842,0.2338,0.6205,0.387,0.4931,0.5663,0.774,0.2794,0.5547,0.000,0.0000,1.0000,0.539,0.3330,0.5272,0.578,0.4642,0.5076
1344,44.833,15,0.000,0.0000,1.0000,0.802,0.3625,0.6847,0.789,0.5325,0.6394,0.832,0.2336,0.6187,0.397,0.4962,0.5659,0.747,0.2739,0.5516,0.000,0.0000,1.0000,0.541,0.3324,0.5284,0.572,0.4639,0.5079
1345,44.867,15,0.000,0.0000,1.0000,0.810,0.3627,0.6843,0.781,0.5335,0.6390,0.828,0.2339,0.6181,0.392,0.4972,0.5657,0.751,0.2705,0.5518,0.000,0.0000,1.0000,0.535,0.3319,0.5284,0.567,0.4635,0.5081
1346,44.900,15,0.000,0.0000,1.0000,0.812,0.3625,0.6840,0.781,0.5341,0.6391,0.830,0.2341,0.6184,0.417,0.4991,0.5655,0.770,0.2674,0.5513,0.000,0.0000,1.0000,0.539,0.3320,0.5290,0.563,0.4635,0.5085
1347,44.933,15,0.000,0.0000,1.0000,0.811,0.3619,0.6839,0.781,0.5340,0.6391,0.822,0.2348,0.6167,0.421,0.4994,0.5653,0.769,0.2669,0.5510,0.000,0.0000,1.0000,0.543,0.3321,0.5293,0.562,0.4637,0.5086
1348,44.967,15,0.000,0.0000,1.0000,0.813,0.3619,0.6838,0.781,0.5341,0.6390,0.815,0.2352,0.6148,0.424,0.4995,0.5654,0.793,0.2660,0.5522,0.000,0.0000,1.0000,0.549,0.3319,0.5292,0.562,0.4634,0.5086
1349,45.000,15,0.000,0.0000,1.0000,0.812,0.3620,0.6837,0.777,0.5345,0.6388,0.813,0.2352,0.6132,0.400,0.4984,0.5657,0.792,0.2653,0.5520,0.000,0.0000,1.0000,0.549,0.3320,0.5292,0.562,0.4634,0.5086
1350,45.033,15,0.000,0.0000,1.0000,0.812,0.3617,0.6835,0.778,0.5343,0.6389,0.863,0.2364,0.6118,0.406,0.4988,0.5656,0.800,0.2632,0.5520,0.000,0.0000,1.0000,0.553,0.3321,0.5288,0.564,0.4637,0.5085
1351,45.067,15,0.000,0.0000,1.0000,0.809,0.3609,0.6834,0.778,0.5343,0.6390,0.876,0.2373,0.6110,0.403,0.4989,0.5656,0.799,0.2622,0.5520,0.000,0.0000,1.0000,0.556,0.3325,0.5289,0.567,0.4642,0.5083
1352,45.100,15,0.000,0.0000,1.0000,0.807,0.3604,0.6834,0.777,0.5343,0.6390,0.882,0.2379,0.6104,0.409,0.4991,0.5655,0.817,0.2614,0.5531,0.000,0.0000,1.0000,0.561,0.3323,0.5293,0.569,0.4643,0.5082
1353,45.133,15,0.000,0.0000,1.0000,0.805,0.3601,0.6833,0.778,0.5344,0.6391,0.881,0.2386,0.6098,0.420,0.4993,0.5657,0.832,0.2605,0.5545,0.000,0.0000,1.0000,0.565,0.3325,0.5289,0.572,0.4644,0.5081
1354,45.167,15,0.000,0.0000,1.0000,0.804,0.3602,0.6834,0.776,0.5347,0.6390,0.873,0.2398,0.6089,0.411,0.4985,0.5658,0.809,0.2607,0.5532,0.000,0.0000,1.0000,0.564,0.3320,0.5288,0.568,0.4643,0.5083
1355,45.200,15,0.000,0.0000,1.0000,0.809,0.3607,0.6836,0.778,0.5349,0.6393,0.863,0.2412,0.6084,0.398,0.4980,0.5667,0.809,0.2612,0.5537,0.000,0.0000,1.0000,0.566,0.3317,0.5298,0.566,0.4645,0.5091
1356,45.233,15,0.000,0.0000,1.0000,0.811,0.3609,0.6837,0.786,0.5349,0.6398,0.842,0.2443,0.6082,0.381,0.4977,0.5669,0.818,0.2609,0.5556,0.000,0.0000,1.0000,0.565,0.3325,0.5290,0.571,0.4648,0.5080
1357,45.267,15,0.000,0.0000,1.0000,0.813,0.3613,0.6841,0.785,0.5348,0.6399,0.823,0.2472,0.6071,0.375,0.4969,0.5667,0.766,0.2659,0.5540,0.000,0.0000,1.0000,0.566,0.3332,0.5284,0.574,0.4649,0.5079
1358,45.300,15,0.000,0.0000,1.0000,0.812,0.3605,0.6842,0.788,0.5352,0.6402,0.804,0.2477,0.6039,0.387,0.4977,0.5669,0.743,0.2701,0.5558,0.000,0.0000,1.0000,0.570,0.3333,0.5280,0.581,0.4650,0.5078
1359,45.333,15,0.000,0.0000,1.0000,0.807,0.3593,0.6840,0.786,0.5351,0.6405,0.777,0.2500,0.6020,0.410,0.4991,0.5680,0.705,0.2666,0.5607,0.000,0.0000,1.0000,0.573,0.3342,0.5284,0.578,0.4655,0.5085
1360,45.367,15,0.000,0.0000,1.0000,0.800,0.3580,0.6838,0.787,0.5358,0.6406,0.780,0.2520,0.6008,0.436,0.5011,0.5680,0.684,0.2626,0.5627,0.000,0.0000,1.0000,0.573,0.3343,0.5283,0.578,0.4656,0.5083
1361,45.400,15,0.000,0.0000,1.0000,0.794,0.3573,0.6837,0.787,0.5359,0.6406,0.788,0.2537,0.5996,0.466,0.5023,0.5681,0.653,0.2672,0.5621,0.000,0.0000,1.0000,0.571,0.3345,0.5283,0.581,0.4655,0.5081
1362,45.433,15,0.000,0.0000,1.0000,0.794,0.3572,0.6835,0.787,0.5360,0.6405,0.801,0.2554,0.5987,0.495,0.5036,0.5683,0.679,0.2655,0.5650,0.000,0.0000,1.0000,0.570,0.3343,0.5282,0.583,0.4655,0.5081
1363,45.467,15,0.000,0.0000,1.0000,0.793,0.3569,0.6835,0.787,0.5362,0.6406,0.819,0.2568,0.5982,0.494,0.5037,0.5682,0.650,0.2672,0.5659,0.000,0.0000,1.0000,0.577,0.3348,0.5284,0.584,0.4659,0.5082
1364,45.500,15,0.000,0.0000,1.0000,0.794,0.3570,0.6834,0.793,0.5357,0.6412,0.833,0.2581,0.5974,0.524,0.5050,0.5668,0.523,0.2753,0.5657,0.000,0.0000,1.0000,0.578,0.3349,0.5279,0.583,0.4661,0.5089
1365,45.533,15,0.000,0.0000,1.0000,0.792,0.3568,0.6834,0.797,0.5355,0.6417,0.847,0.2572,0.5975,0.533,0.5077,0.5668,0.467,0.2846,0.5625,0.000,0.0000,1.0000,0.570,0.3349,0.5273,0.584,0.4662,0.5090
1366,45.567,15,0.000,0.0000,1.0000,0.797,0.3558,0.6833,0.801,0.5355,0.6421,0.829,0.2564,0.5979,0.553,0.5089,0.5674,0.494,0.2819,0.5675,0.000,0.0000,1.0000,0.553,0.3344,0.5268,0.586,0.4660,0.5090
1367,45.600,15,0.000,0.0000,1.0000,0.794,0.3560,0.6831,0.795,0.5364,0.6420,0.808,0.2531,0.5996,0.560,0.5113,0.5663,0.639,0.2858,0.5595,0.000,0.0000,1.0000,0.567,0.3353,0.5270,0.590,0.4670,0.5088
1368,45.633,15,0.000,0.0000,1.0000,0.801,0.3553,0.6835,0.795,0.5366,0.6425,0.795,0.2491,0.6024,0.552,0.5111,0.5665,0.685,0.2874,0.5573,0.000,0.0000,1.0000,0.563,0.3344,0.5278,0.583,0.4669,0.5093
1369,45.667,15,0.000,0.0000,1.0000,0.801,0.3549,0.6836,0.785,0.5382,0.6425,0.821,0.2472,0.6057,0.566,0.5126,0.5665,0.654,0.2881,0.5613,0.000,0.0000,1.0000,0.565,0.3361,0.5268,0.587,0.4673,0.5087
1370,45.700,15,0.000,0.0000,1.0000,0.796,0.3548,0.6837,0.783,0.5387,0.6427,0.869,0.2401,0.6091,0.524,0.5112,0.5681,0.626,0.2933,0.5683,0.000,0.0000,1.0000,0.562,0.3355,0.5275,0.586,0.4673,0.5089
1371,45.733,15,0.000,0.0000,1.0000,0.787,0.3553,0.6841,0.784,0.5381,0.6431,0.861,0.2370,0.6106,0.503,0.5091,0.5692,0.553,0.2929,0.5741,0.000,0.0000,1.0000,0.553,0.3357,0.5272,0.585,0.4683,0.5090
1372,45.767,15,0.000,0.0000,1.0000,0.784,0.3555,0.6844,0.788,0.5375,0.6431,0.830,0.2327,0.6121,0.465,0.5048,0.5702,0.588,0.3072,0.5767,0.000,0.0000,1.0000,0.549,0.3366,0.5277,0.583,0.4684,0.5093
1373,45.800,15,0.000,0.0000,1.0000,0.782,0.3577,0.6848,0.794,0.5365,0.6431,0.789,0.2298,0.6136,0.467,0.5048,0.5706,0.587,0.3211,0.5786,0.000,0.0000,1.0000,0.546,0.3364,0.5274,0.581,0.4679,0.5094
1374,45.833,15,0.000,0.0000,1.0000,0.785,0.3577,0.6845,0.806,0.5342,0.6435,0.805,0.2280,0.6144,0.443,0.5032,0.5710,0.589,0.3220,0.5790,0.000,0.0000,1.0000,0.553,0.3384,0.5281,0.583,0.4692,0.5094
1375,45.867,15,0.000,0.0000,1.0000,0.776,0.3571,0.6845,0.810,0.5333,0.6437,0.816,0.2264,0.6160,0.448,0.5025,0.5710,0.574,0.3245,0.5787,0.000,0.0000,1.0000,0.560,0.3393,0.5290,0.581,0.4698,0.5097
1376,45.900,15,0.000,0.0000,1.0000,0.769,0.3557,0.6844,0.817,0.5325,0.6440,0.825,0.2247,0.6179,0.438,0.5021,0.5709,0.565,0.3239,0.5811,0.000,0.0000,1.0000,0.559,0.3389,0.5289,0.579,0.4700,0.5098
1377,45.933,15,0.000,0.0000,1.0000,0.771,0.3552,0.6846,0.826,0.5311,0.6444,0.833,0.2224,0.6195,0.463,0.5037,0.5700,0.605,0.3224,0.5807,0.000,0.0000,1.0000,0.561,0.3383,0.5292,0.579,0.4695,0.5105
1378,45.967,15,0.000,0.0000,1.0000,0.766,0.3553,0.6851,0.830,0.5302,0.6446,0.843,0.2168,0.6222,0.481,0.5042,0.5686,0.625,0.3213,0.5804,0.000,0.0000,1.0000,0.566,0.3385,0.5303,0.580,0.4695,0.5119
1379,46.000,15,0.000,0.0000,1.0000,0.757,0.3558,0.6855,0.834,0.5287,0.6446,0.833,0.2141,0.6231,0.505,0.5051,0.5668,0.644,0.3160,0.5789,0.000,0.0000,1.0000,0.570,0.3373,0.5312,0.587,0.4684,0.5126
1380,46.033,15,0.000,0.0000,1.0000,0.753,0.3552,0.6861,0.839,0.5277,0.6448,0.812,0.2110,0.6240,0.528,0.5055,0.5659,0.651,0.3117,0.5771,0.000,0.0000,1.0000,0.567,0.3358,0.5316,0.587,0.4663,0.5128
1381,46.067,15,0.000,0.0000,1.0000,0.773,0.3527,0.6861,0.839,0.5267,0.6442,0.783,0.2082,0.6244,0.557,0.5048,0.5653,0.678,0.3049,0.5785,0.000,0.0000,1.0000,0.565,0.3348,0.5307,0.583,0.4647,0.5130
1382,46.100,15,0.000,0.0000,1.0000,0.782,0.3498,0.6856,0.821,0.5252,0.6433,0.821,0.2013,0.6245,0.557,0.5017,0.5627,0.672,0.3006,0.5780,0.000,0.0000,1.0000,0.556,0.3336,0.5303,0.573,0.4622,0.5136
1383,46.133,15,0.000,0.0000,1.0000,0.788,0.3449,0.6851,0.801,0.5227,0.6428,0.808,0.1985,0.6260,0.639,0.4995,0.5599,0.692,0.2906,0.5796,0.000,0.0000,1.0000,0.563,0.3287,0.5311,0.563,0.4603,0.5149
1384,46.167,15,0.000,0.0000,1.0000,0.781,0.3427,0.6846,0.778,0.5203,0.6418,0.807,0.1925,0.6255,0.713,0.5004,0.5574,0.710,0.2855,0.5813,0.000,0.0000,1.0000,0.574,0.3264,0.5318,0.559,0.4574,0.5145
1385,46.200,15,0.000,0.0000,1.0000,0.769,0.3382,0.6836,0.803,0.5158,0.6430,0.788,0.1884,0.6249,0.728,0.4997,0.5556,0.728,0.2793,0.5814,0.000,0.0000,1.0000,0.579,0.3226,0.5326,0.583,0.4535,0.5156
1386,46.233,15,0.000,0.0000,1.0000,0.773,0.3336,0.6834,0.813,0.5114,0.6428,0.802,0.1860,0.6243,0.725,0.4931,0.5508,0.702,0.2783,0.5795,0.000,0.0000,1.0000,0.570,0.3160,0.5326,0.588,0.4457,0.5153
1387,46.267,15,0.000,0.0000,1.0000,0.801,0.3268,0.6821,0.830,0.5082,0.6431,0.839,0.1821,0.6234,0.743,0.4896,0.5503,0.698,0.2775,0.5794,0.000,0.0000,1.0000,0.555,0.3132,0.5306,0.584,0.4436,0.5152
1388,46.300,15,0.000,0.0000,1.0000,0.784,0.3206,0.6818,0.815,0.5052,0.6413,0.853,0.1777,0.6218,0.737,0.4828,0.5501,0.666,0.2813,0.5795,0.000,0.0000,1.0000,0.560,0.3073,0.5309,0.554,0.4395,0.5148
1389,46.333,15,0.000,0.0000,1.0000,0.764,0.3128,0.6818,0.773,0.4997,0.6417,0.846,0.1763,0.6181,0.697,0.4790,0.5510,0.661,0.2801,0.5814,0.000,0.0000,1.0000,0.539,0.3052,0.5297,0.539,0.4380,0.5140
1390,46.367,15,0.000,0.0000,1.0000,0.795,0.3062,0.6816,0.813,0.4889,0.6434,0.805,0.1708,0.6135,0.708,0.4758,0.5504,0.651,0.2764,0.5834,0.000,0.0000,1.0000,0.518,0.2952,0.5283,0.572,0.4301,0.5132
1391,46.400,15,0.000,0.0000,1.0000,0.792,0.3010,0.6819,0.822,0.4831,0.6439,0.805,0.1684,0.6112,0.740,0.4697,0.5509,0.602,0.2731,0.5835,0.000,0.0000,1.0000,0.511,0.2928,0.5288,0.580,0.4257,0.5137
1392,46.433,15,0.000,0.0000,1.0000,0.756,0.2965,0.6811,0.788,0.4789,0.6425,0.818,0.1671,0.6096,0.834,0.4636,0.5489,0.555,0.2670,0.5823,0.000,0.0000,1.0000,0.537,0.2840,0.5294,0.562,0.4203,0.5153
1393,46.467,15,0.000,0.0000,1.0000,0.796,0.2859,0.6802,0.812,0.4708,0.6454,0.842,0.1611,0.6054,0.869,0.4624,0.5483,0.607,0.2579,0.5809,0.000,0.0000,1.0000,0.541,0.2791,0.5277,0.550,0.4155,0.5140
1394,46.500,15,0.000,0.0000,1.0000,0.769,0.2766,0.6791,0.832,0.4645,0.6448,0.853,0.1533,0.6046,0.849,0.4619,0.5493,0.624,0.2508,0.5839,0.000,0.0000,1.0000,0.542,0.2693,0.5241,0.581,0.4050,0.5149
1395,46.533,15,0.000,0.0000,1.0000,0.770,0.2695,0.6794,0.793,0.4588,0.6467,0.826,0.1483,0.6074,0.833,0.4609,0.5497,0.617,0.2461,0.5827,0.000,0.0000,1.0000,0.562,0.2653,0.5282,0.550,0.3987,0.5160
1396,46.567,15,0.000,0.0000,1.0000,0.775,0.2593,0.6783,0.774,0.4526,0.6476,0.844,0.1390,0.6084,0.810,0.4602,0.5503,0.647,0.2382,0.5816,0.000,0.0000,1.0000,0.559,0.2563,0.5275,0.545,0.3923,0.5169
1397,46.600,15,0.000,0.0000,1.0000,0.737,0.2532,0.6783,0.782,0.4465,0.6502,0.833,0.1286,0.6099,0.838,0.4610,0.5534,0.702,0.2251,0.5802,0.000,0.0000,1.0000,0.554,0.2457,0.5242,0.567,0.3828,0.5176
1398,46.633,15,0.000,0.0000,1.0000,0.736,0.2464,0.6774,0.788,0.4422,0.6504,0.842,0.1234,0.6112,0.878,0.4635,0.5588,0.669,0.2251,0.5782,0.000,0.0000,1.0000,0.556,0.2432,0.5239,0.560,0.3782,0.5170
1399,46.667,15,0.000,0.0000,1.0000,0.716,0.2365,0.6756,0.753,0.4367,0.6512,0.850,0.1137,0.6109,0.829,0.4661,0.5614,0.646,0.2201,0.5781,0.000,0.0000,1.0000,0.561,0.2362,0.5228,0.543,0.3735,0.5166
1400,46.700,16,0.000,0.0000,1.0000,0.678,0.2297,0.6753,0.807,0.4313,0.6521,0.799,0.1069,0.6093,0.815,0.4718,0.5640,0.628,0.2132,0.5809,0.111,0.3835,0.5854,0.553,0.2328,0.5235,0.564,0.3709,0.5175
1401,46.733,16,0.000,0.0000,1.0000,0.735,0.2215,0.6751,0.829,0.4248,0.6537,0.825,0.1043,0.6067,0.824,0.4711,0.5652,0.625,0.2076,0.5788,0.130,0.3862,0.5798,0.543,0.2276,0.5238,0.567,0.3670,0.5170
1402,46.767,16,0.000,0.0000,1.0000,0.746,0.2135,0.6742,0.825,0.4197,0.6546,0.824,0.1024,0.6040,0.863,0.4699,0.5688,0.654,0.2023,0.5788,0.362,0.3825,0.5791,0.548,0.2226,0.5276,0.568,0.3600,0.5166
1403,46.800,16,0.000,0.0000,1.0000,0.743,0.2082,0.6737,0.793,0.4153,0.6552,0.804,0.1015,0.6018,0.860,0.4656,0.5709,0.615,0.2026,0.5771,0.413,0.3843,0.5780,0.545,0.2157,0.5228,0.564,0.3563,0.5182
1404,46.833,16,0.000,0.0000,1.0000,0.777,0.2051,0.6732,0.821,0.4085,0.6569,0.792,0.1032,0.6001,0.862,0.4619,0.5714,0.612,0.2030,0.5743,0.325,0.3821,0.5802,0.533,0.2128,0.5269,0.541,0.3535,0.5190
1405,46.867,16,0.000,0.0000,1.0000,0.805,0.2000,0.6723,0.830,0.4027,0.6580,0.799,0.1051,0.5982,0.846,0.4585,0.5712,0.673,0.1976,0.5718,0.240,0.3804,0.5819,0.542,0.2117,0.5284,0.561,0.3502,0.5196
1406,46.900,16,0.000,0.0000,1.0000,0.816,0.1955,0.6716,0.838,0.3990,0.6590,0.782,0.1051,0.5963,0.855,0.4531,0.5714,0.588,0.2017,0.5690,0.251,0.3741,0.5836,0.556,0.2047,0.5229,0.581,0.3431,0.5180
1407,46.933,16,0.000,0.0000,1.0000,0.796,0.1929,0.6716,0.819,0.3955,0.6597,0.774,0.1050,0.5929,0.874,0.4497,0.5712,0.597,0.1966,0.5654,0.339,0.3786,0.5849,0.572,0.2033,0.5235,0.583,0.3398,0.5185
1408,46.967,16,0.000,0.0000,1.0000,0.788,0.1858,0.6709,0.794,0.3911,0.6604,0.781,0.1018,0.5903,0.877,0.4470,0.5719,0.521,0.1933,0.5643,0.366,0.3697,0.5876,0.583,0.1993,0.5219,0.574,0.3370,0.5182
1409,47.000,16,0.000,0.0000,1.0000,0.806,0.1824,0.6697,0.812,0.3867,0.6609,0.793,0.1012,0.5860,0.868,0.4468,0.5729,0.526,0.1892,0.5620,0.427,0.3694,0.5904,0.607,0.1982,0.5203,0.577,0.3360,0.5184
1410,47.033,16,0.000,0.0000,1.0000,0.823,0.1766,0.6682,0.821,0.3831,0.6613,0.819,0.0975,0.5833,0.858,0.4467,0.5740,0.639,0.1768,0.5595,0.448,0.3696,0.5914,0.609,0.1969,0.5223,0.549,0.3320,0.5203
1411,47.067,16,0.000,0.0000,1.0000,0.797,0.1710,0.6671,0.809,0.3796,0.6615,0.814,0.0961,0.5807,0.848,0.4460,0.5749,0.664,0.1702,0.5587,0.419,0.3643,0.5937,0.618,0.1949,0.5248,0.555,0.3298,0.5193
1412,47.100,16,0.000,0.0000,1.0000,0.767,0.1677,0.6658,0.797,0.3776,0.6623,0.798,0.0946,0.5765,0.852,0.4427,0.5762,0.645,0.1746,0.5563,0.322,0.3601,0.5945,0.620,0.1941,0.5247,0.558,0.3286,0.5192
1413,47.133,16,0.000,0.0000,1.0000,0.759,0.1672,0.6656,0.783,0.3767,0.6628,0.803,0.0937,0.5752,0.854,0.4407,0.5769,0.654,0.1756,0.5575,0.275,0.3606,0.5965,0.625,0.1917,0.5224,0.570,0.3262,0.5196
1414,47.167,16,0.000,0.0000,1.0000,0.743,0.1648,0.6648,0.753,0.3755,0.6641,0.792,0.0923,0.5748,0.837,0.4379,0.5771,0.632,0.1752,0.5572,0.313,0.3577,0.5954,0.626,0.1910,0.5219,0.565,0.3253,0.5192
1415,47.200,16,0.000,0.0000,1.0000,0.752,0.1634,0.6644,0.743,0.3739,0.6651,0.810,0.0921,0.5736,0.818,0.4348,0.5781,0.586,0.1750,0.5532,0.312,0.3583,0.5937,0.620,0.1903,0.5222,0.558,0.3243,0.5185
1416,47.233,16,0.000,0.0000,1.0000,0.751,0.1611,0.6635,0.739,0.3715,0.6659,0.822,0.0925,0.5731,0.829,0.4311,0.5788,0.547,0.1749,0.5495,0.354,0.3528,0.5917,0.613,0.1890,0.5225,0.558,0.3225,0.5195
1417,47.267,16,0.000,0.0000,1.0000,0.763,0.1588,0.6623,0.751,0.3703,0.6664,0.841,0.0938,0.5721,0.828,0.4271,0.5778,0.569,0.1748,0.5469,0.161,0.3541,0.5913,0.616,0.1882,0.5224,0.551,0.3201,0.5200
1418,47.300,15,0.000,0.0000,1.0000,0.775,0.1566,0.6615,0.752,0.3693,0.6660,0.842,0.0944,0.5709,0.822,0.4225,0.5780,0.572,0.1726,0.5468,0.000,0.0000,1.0000,0.616,0.1877,0.5231,0.546,0.3193,0.5198
1419,47.333,16,0.000,0.0000,1.0000,0.779,0.1541,0.6609,0.753,0.3683,0.6666,0.845,0.0956,0.5698,0.812,0.4197,0.5775,0.560,0.1725,0.5468,0.146,0.3967,0.4682,0.609,0.1882,0.5260,0.534,0.3197,0.5199
1420,47.367,16,0.000,0.0000,1.0000,0.779,0.1536,0.6605,0.758,0.3681,0.6667,0.844,0.0979,0.5688,0.791,0.4166,0.5776,0.513,0.1736,0.5496,0.161,0.3942,0.4709,0.613,0.1886,0.5261,0.534,0.3199,0.5208
1421,47.400,16,0.000,0.0000,1.0000,0.782,0.1528,0.6599,0.769,0.3673,0.6673,0.799,0.1030,0.5681,0.791,0.4169,0.5768,0.356,0.1801,0.5546,0.135,0.3952,0.4727,0.613,0.1883,0.5235,0.542,0.3198,0.5213
1422,47.433,16,0.000,0.0000,1.0000,0.781,0.1509,0.6586,0.769,0.3668,0.6682,0.776,0.1060,0.5674,0.794,0.4170,0.5769,0.219,0.1835,0.5611,0.115,0.3917,0.4751,0.604,0.1888,0.5258,0.541,0.3222,0.5211
1423,47.467,15,0.000,0.0000,1.0000,0.780,0.1508,0.6581,0.769,0.3675,0.6684,0.787,0.1117,0.5641,0.792,0.4165,0.5774,0.124,0.1848,0.5758,0.000,0.0000,1.0000,0.594,0.1890,0.5254,0.552,0.3225,0.5207
1424,47.500,14,0.000,0.0000,1.0000,0.785,0.1519,0.6578,0.763,0.3686,0.6682,0.791,0.1156,0.5641,0.808,0.4185,0.5775,0.000,0.0000,1.0000,0.000,0.0000,1.0000,0.596,0.1880,0.5224,0.548,0.3208,0.5209
1425,47.533,14,0.000,0.0000,1.0000,0.801,0.1549,0.6576,0.756,0.3693,0.6678,0.788,0.1227,0.5623,0.825,0.4226,0.5780,0.000,0.0000,1.0000,0.000,0.0000,1.0000,0.595,0.1886,0.5212,0.555,0.3218,0.5189
1426,47.567,15,0.000,0.0000,1.0000,0.806,0.1569,0.6569,0.750,0.3697,0.6677,0.784,0.1291,0.5616,0.833,0.4234,0.5785,0.102,0.1997,0.5383,0.000,0.0000,1.0000,0.595,0.1892,0.5215,0.542,0.3235,0.5202
1427,47.600,14,0.000,0.0000,1.0000,0.812,0.1577,0.6561,0.739,0.3727,0.6667,0.839,0.1335,0.5586,0.845,0.4256,0.5797,0.000,0.0000,1.0000,0.000,0.0000,1.0000,0.597,0.1899,0.5220,0.535,0.3246,0.5209
1428,47.633,15,0.000,0.0000,1.0000,0.799,0.1590,0.6548,0.753,0.3740,0.6667,0.836,0.1373,0.5576,0.853,0.4280,0.5808,0.000,0.0000,1.0000,0.185,0.3437,0.5642,0.604,0.1914,0.5219,0.540,0.3270,0.5216
1429,47.667,15,0.000,0.0000,1.0000,0.780,0.1619,0.6539,0.764,0.3769,0.6657,0.809,0.1415,0.5582,0.830,0.4357,0.5809,0.000,0.0000,1.0000,0.166,0.3512,0.5748,0.595,0.1933,0.5227,0.549,0.3292,0.5211
1430,47.700,15,0.000,0.0000,1.0000,0.750,0.1633,0.6524,0.755,0.3803,0.6645,0.787,0.1445,0.5584,0.868,0.4404,0.5820,0.000,0.0000,1.0000,0.204,0.3496,0.5734,0.600,0.1967,0.5253,0.551,0.3311,0.5211
1431,47.733,15,0.000,0.0000,1.0000,0.752,0.1681,0.6529,0.748,0.3847,0.6638,0.785,0.1457,0.5584,0.881,0.4451,0.5820,0.000,0.0000,1.0000,0.246,0.3524,0.5761,0.607,0.1995,0.5230,0.551,0.3334,0.5201
1432,47.767,15,0.000,0.0000,1.0000,0.774,0.1728,0.6528,0.743,0.3880,0.6640,0.801,0.1478,0.5587,0.863,0.4496,0.5821,0.000,0.0000,1.0000,0.250,0.3596,0.5741,0.609,0.1996,0.5220,0.564,0.3359,0.5203
1433,47.800,16,0.000,0.0000,1.0000,0.763,0.1814,0.6530,0.731,0.3923,0.6642,0.812,0.1497,0.5596,0.822,0.4556,0.5812,0.124,0.2027,0.5420,0.291,0.3652,0.5690,0.591,0.2036,0.5224,0.576,0.3396,0.5211
1434,47.833,15,0.000,0.0000,1.0000,0.747,0.1879,0.6540,0.769,0.3983,0.6638,0.811,0.1571,0.5596,0.844,0.4613,0.5804,0.000,0.0000,1.0000,0.368,0.3698,0.5692,0.563,0.2090,0.5262,0.569,0.3474,0.5204
1435,47.867,16,0.000,0.0000,1.0000,0.807,0.1938,0.6534,0.791,0.4060,0.6619,0.768,0.1631,0.5594,0.840,0.4648,0.5787,0.139,0.1482,0.4617,0.273,0.3762,0.5671,0.592,0.2140,0.5260,0.545,0.3528,0.5198
1436,47.900,16,0.000,0.0000,1.0000,0.795,0.2002,0.6529,0.780,0.4101,0.6614,0.794,0.1681,0.5594,0.799,0.4714,0.5758,0.227,0.1519,0.4648,0.231,0.3834,0.5575,0.608,0.2194,0.5270,0.539,0.3569,0.5199
1437,47.933,16,0.000,0.0000,1.0000,0.761,0.2061,0.6528,0.811,0.4181,0.6597,0.803,0.1713,0.5602,0.782,0.4773,0.5747,0.207,0.1512,0.4730,0.268,0.3883,0.5711,0.584,0.2272,0.5269,0.551,0.3602,0.5199
1438,47.967,16,0.000,0.0000,1.0000,0.758,0.2103,0.6523,0.817,0.4250,0.6598,0.809,0.1782,0.5594,0.823,0.4850,0.5740,0.338,0.1519,0.4631,0.340,0.3948,0.5716,0.595,0.2337,0.5262,0.531,0.3694,0.5188
1439,48.000,16,0.000,0.0000,1.0000,0.766,0.2170,0.6517,0.791,0.4324,0.6592,0.760,0.1847,0.5615,0.821,0.4962,0.5729,0.239,0.1548,0.4616,0.339,0.4020,0.5743,0.586,0.2353,0.5264,0.528,0.3738,0.5202
1440,48.033,16,0.000,0.0000,1.0000,0.755,0.2258,0.6526,0.813,0.4397,0.6582,0.799,0.1904,0.5612,0.859,0.5023,0.5728,0.236,0.1575,0.4582,0.346,0.4083,0.5710,0.562,0.2370,0.5229,0.546,0.3769,0.5192
1441,48.067,16,0.000,0.0000,1.0000,0.754,0.2320,0.6522,0.806,0.4471,0.6569,0.779,0.1932,0.5600,0.862,0.5125,0.5717,0.297,0.1663,0.4566,0.290,0.4103,0.5682,0.570,0.2448,0.5264,0.560,0.3803,0.5201
1442,48.100,16,0.000,0.0000,1.0000,0.771,0.2396,0.6521,0.786,0.4513,0.6559,0.728,0.2000,0.5594,0.847,0.5199,0.5711,0.367,0.1814,0.4796,0.353,0.4163,0.5649,0.608,0.2533,0.5275,0.567,0.3867,0.5196
1443,48.133,16,0.000,0.0000,1.0000,0.743,0.2452,0.6512,0.773,0.4580,0.6541,0.719,0.2030,0.5564,0.886,0.5266,0.5695,0.369,0.1858,0.4793,0.382,0.4183,0.5606,0.605,0.2597,0.5267,0.566,0.3910,0.5197
1444,48.167,16,0.000,0.0000,1.0000,0.713,0.2491,0.6508,0.789,0.4667,0.6534,0.729,0.2042,0.5547,0.866,0.5336,0.5689,0.437,0.1873,0.4785,0.351,0.4273,0.5637,0.587,0.2621,0.5258,0.549,0.3958,0.5195
1445,48.200,16,0.000,0.0000,1.0000,0.714,0.2558,0.6500,0.774,0.4743,0.6521,0.723,0.2053,0.5530,0.824,0.5403,0.5676,0.569,0.1909,0.4807,0.482,0.4319,0.5601,0.575,0.2645,0.5228,0.551,0.4059,0.5177
1446,48.233,16,0.000,0.0000,1.0000,0.732,0.2662,0.6520,0.742,0.4793,0.6509,0.748,0.2085,0.5548,0.839,0.5443,0.5656,0.638,0.1911,0.4802,0.503,0.4434,0.5581,0.549,0.2738,0.5224,0.537,0.4124,0.5164
1447,48.267,16,0.000,0.0000,1.0000,0.733,0.2736,0.6535,0.798,0.4898,0.6477,0.746,0.2095,0.5561,0.819,0.5487,0.5639,0.631,0.1910,0.4795,0.524,0.4492,0.5575,0.561,0.2803,0.5215,0.534,0.4177,0.5146
1448,48.300,16,0.000,0.0000,1.0000,0.774,0.2822,0.6559,0.785,0.4943,0.6474,0.735,0.2121,0.5614,0.823,0.5519,0.5612,0.597,0.1922,0.4773,0.509,0.4513,0.5638,0.548,0.2863,0.5230,0.568,0.4234,0.5138
1449,48.333,16,0.000,0.0000,1.0000,0.750,0.2903,0.6568,0.779,0.4986,0.6481,0.775,0.2146,0.5654,0.850,0.5511,0.5596,0.464,0.1938,0.4715,0.432,0.4530,0.5677,0.572,0.2950,0.5267,0.577,0.4313,0.5151
1450,48.367,16,0.000,0.0000,1.0000,0.765,0.2966,0.6582,0.821,0.5025,0.6476,0.816,0.2150,0.5703,0.860,0.5516,0.5585,0.312,0.1951,0.4740,0.302,0.4580,0.5689,0.606,0.3009,0.5281,0.560,0.4345,0.5147
1451,48.400,16,0.000,0.0000,1.0000,0.794,0.3035,0.6596,0.846,0.5060,0.6475,0.804,0.2164,0.5738,0.835,0.5430,0.5582,0.429,0.2912,0.5509,0.251,0.4583,0.5681,0.596,0.3055,0.5261,0.554,0.4367,0.5145
1452,48.433,16,0.000,0.0000,1.0000,0.781,0.3080,0.6604,0.839,0.5106,0.6473,0.780,0.2168,0.5746,0.822,0.5381,0.5577,0.401,0.2936,0.5528,0.141,0.4512,0.5679,0.595,0.3068,0.5262,0.563,0.4386,0.5156
1453,48.467,15,0.000,0.0000,1.0000,0.735,0.3128,0.6612,0.822,0.5157,0.6459,0.771,0.2188,0.5767,0.811,0.5301,0.5531,0.398,0.2950,0.5527,0.000,0.0000,1.0000,0.596,0.3105,0.5269,0.543,0.4396,0.5143
1454,48.500,15,0.000,0.0000,1.0000,0.732,0.3167,0.6615,0.796,0.5189,0.6450,0.730,0.2232,0.5777,0.774,0.5241,0.5511,0.361,0.2964,0.5544,0.000,0.0000,1.0000,0.576,0.3120,0.5265,0.545,0.4413,0.5137
1455,48.533,15,0.000,0.0000,1.0000,0.746,0.3190,0.6619,0.815,0.5207,0.6448,0.736,0.2258,0.5790,0.758,0.5212,0.5506,0.332,0.3045,0.5616,0.000,0.0000,1.0000,0.566,0.3126,0.5236,0.561,0.4427,0.5136
1456,48.567,15,0.000,0.0000,1.0000,0.748,0.3220,0.6624,0.818,0.5221,0.6451,0.730,0.2272,0.5801,0.756,0.5194,0.5519,0.220,0.3080,0.5670,0.000,0.0000,1.0000,0.549,0.3142,0.5258,0.567,0.4439,0.5135
1457,48.600,15,0.000,0.0000,1.0000,0.747,0.3243,0.6631,0.821,0.5228,0.6449,0.781,0.2328,0.5797,0.775,0.5190,0.5533,0.211,0.3082,0.5746,0.000,0.0000,1.0000,0.550,0.3144,0.5257,0.575,0.4455,0.5139
1458,48.633,15,0.000,0.0000,1.0000,0.739,0.3252,0.6634,0.822,0.5236,0.6443,0.799,0.2347,0.5790,0.764,0.5176,0.5493,0.238,0.3141,0.5706,0.000,0.0000,1.0000,0.555,0.3146,0.5260,0.563,0.4473,0.5137
1459,48.667,15,0.000,0.0000,1.0000,0.742,0.3253,0.6634,0.818,0.5237,0.6441,0.800,0.2335,0.5797,0.787,0.5193,0.5464,0.185,0.3156,0.5721,0.000,0.0000,1.0000,0.544,0.3140,0.5231,0.556,0.4481,0.5132
1460,48.700,15,0.000,0.0000,1.0000,0.745,0.3257,0.6632,0.821,0.5245,0.6439,0.803,0.2348,0.5793,0.819,0.5205,0.5481,0.231,0.3148,0.5702,0.000,0.0000,1.0000,0.556,0.3134,0.5230,0.562,0.4472,0.5131
1461,48.733,15,0.000,0.0000,1.0000,0.751,0.3254,0.6629,0.818,0.5245,0.6439,0.799,0.2329,0.5799,0.832,0.5209,0.5474,0.215,0.3132,0.5694,0.000,0.0000,1.0000,0.566,0.3129,0.5221,0.565,0.4478,0.5108
1462,48.767,15,0.000,0.0000,1.0000,0.750,0.3251,0.6627,0.818,0.5254,0.6433,0.787,0.2323,0.5797,0.835,0.5216,0.5468,0.240,0.3113,0.5640,0.000,0.0000,1.0000,0.568,0.3131,0.5221,0.569,0.4476,0.5105
1463,48.800,15,0.000,0.0000,1.0000,0.751,0.3243,0.6624,0.821,0.5257,0.6433,0.784,0.2319,0.5795,0.840,0.5222,0.5470,0.289,0.3103,0.5615,0.000,0.0000,1.0000,0.573,0.3129,0.5221,0.569,0.4474,0.5108
1464,48.833,15,0.000,0.0000,1.0000,0.749,0.3244,0.6624,0.818,0.5259,0.6429,0.789,0.2320,0.5794,0.847,0.5223,0.5471,0.366,0.3097,0.5598,0.000,0.0000,1.0000,0.578,0.3126,0.5219,0.572,0.4455,0.5108
1465,48.867,15,0.000,0.0000,1.0000,0.745,0.3239,0.6624,0.816,0.5253,0.6432,0.794,0.2322,0.5798,0.846,0.5222,0.5470,0.371,0.3098,0.5597,0.000,0.0000,1.0000,0.578,0.3130,0.5225,0.570,0.4443,0.5109
1466,48.900,15,0.000,0.0000,1.0000,0.744,0.3217,0.6624,0.816,0.5246,0.6433,0.789,0.2320,0.5798,0.850,0.5224,0.5471,0.353,0.3096,0.5592,0.000,0.0000,1.0000,0.579,0.3124,0.5221,0.570,0.4434,0.5106
1467,48.933,15,0.000,0.0000,1.0000,0.730,0.3202,0.6625,0.815,0.5234,0.6437,0.777,0.2313,0.5799,0.845,0.5222,0.5472,0.347,0.3078,0.5606,0.000,0.0000,1.0000,0.581,0.3122,0.5226,0.567,0.4430,0.5106
1468,48.967,15,0.000,0.0000,1.0000,0.717,0.3185,0.6625,0.817,0.5228,0.6435,0.769,0.2263,0.5797,0.838,0.5219,0.5476,0.405,0.3051,0.5614,0.000,0.0000,1.0000,0.584,0.3112,0.5223,0.567,0.4422,0.5111
1469,49.000,15,0.000,0.0000,1.0000,0.707,0.3170,0.6626,0.818,0.5220,0.6436,0.794,0.2241,0.5790,0.827,0.5218,0.5485,0.424,0.3037,0.5615,0.000,0.0000,1.0000,0.585,0.3107,0.5225,0.563,0.4413,0.5126
1470,49.033,16,0.000,0.0000,1.0000,0.702,0.3162,0.6629,0.812,0.5205,0.6442,0.801,0.2203,0.5787,0.820,0.5217,0.5490,0.412,0.3024,0.5622,0.109,0.4339,0.5523,0.585,0.3096,0.5225,0.557,0.4403,0.5115
1471,49.067,16,0.000,0.0000,1.0000,0.692,0.3136,0.6633,0.802,0.5186,0.6455,0.810,0.2184,0.5785,0.810,0.5230,0.5509,0.413,0.3025,0.5614,0.184,0.4369,0.5437,0.588,0.3096,0.5230,0.545,0.4403,0.5127
1472,49.100,16,0.000,0.0000,1.0000,0.703,0.3129,0.6634,0.819,0.5167,0.6460,0.815,0.2151,0.5804,0.836,0.5245,0.5532,0.498,0.2972,0.5605,0.229,0.4387,0.5413,0.577,0.3089,0.5233,0.531,0.4391,0.5127
1473,49.133,16,0.000,0.0000,1.0000,0.713,0.3127,0.6638,0.826,0.5143,0.6464,0.823,0.2144,0.5843,0.849,0.5258,0.5553,0.537,0.2943,0.5607,0.246,0.4405,0.5398,0.570,0.3094,0.5242,0.526,0.4384,0.5127
1474,49.167,16,0.000,0.0000,1.0000,0.718,0.3113,0.6638,0.832,0.5103,0.6482,0.794,0.2070,0.5856,0.854,0.5271,0.5572,0.555,0.2932,0.5611,0.330,0.4466,0.5403,0.568,0.3082,0.5241,0.532,0.4367,0.5107
1475,49.200,16,0.000,0.0000,1.0000,0.719,0.3089,0.6637,0.822,0.5070,0.6491,0.833,0.2011,0.5852,0.856,0.5275,0.5596,0.560,0.2914,0.5613,0.449,0.4461,0.5383,0.567,0.3078,0.5271,0.532,0.4360,0.5106
1476,49.233,16,0.000,0.0000,1.0000,0.731,0.3077,0.6639,0.812,0.5040,0.6493,0.849,0.1967,0.5855,0.855,0.5262,0.5604,0.616,0.2824,0.5614,0.504,0.4454,0.5355,0.572,0.3064,0.5274,0.546,0.4351,0.5102
1477,49.267,16,0.000,0.0000,1.0000,0.736,0.3043,0.6641,0.771,0.5015,0.6501,0.817,0.1901,0.5865,0.838,0.5266,0.5616,0.590,0.2826,0.5609,0.524,0.4449,0.5326,0.581,0.3022,0.5269,0.551,0.4338,0.5112
1478,49.300,16,0.000,0.0000,1.0000,0.735,0.3037,0.6645,0.752,0.4994,0.6508,0.790,0.1855,0.5884,0.821,0.5254,0.5623,0.622,0.2779,0.5610,0.515,0.4432,0.5340,0.568,0.3006,0.5262,0.563,0.4316,0.5108
1479,49.333,16,0.000,0.0000,1.0000,0.730,0.3001,0.6644,0.765,0.4975,0.6511,0.836,0.1786,0.5930,0.831,0.5237,0.5619,0.644,0.2727,0.5611,0.449,0.4383,0.5365,0.573,0.2989,0.5260,0.572,0.4299,0.5106
1480,49.367,16,0.000,0.0000,1.0000,0.732,0.2984,0.6651,0.779,0.4956,0.6511,0.826,0.1698,0.5973,0.832,0.5231,0.5627,0.685,0.2686,0.5628,0.514,0.4401,0.5362,0.556,0.2942,0.5226,0.589,0.4282,0.5097
1481,49.400,16,0.000,0.0000,1.0000,0.733,0.2974,0.6656,0.787,0.4932,0.6513,0.834,0.1602,0.5996,0.846,0.5236,0.5632,0.725,0.2649,0.5669,0.528,0.4381,0.5365,0.551,0.2940,0.5226,0.598,0.4270,0.5092
1482,49.433,16,0.000,0.0000,1.0000,0.727,0.2969,0.6672,0.793,0.4912,0.6515,0.833,0.1515,0.6020,0.837,0.5223,0.5625,0.725,0.2597,0.5724,0.523,0.4342,0.5362,0.545,0.2910,0.5235,0.583,0.4251,0.5090
1483,49.467,16,0.000,0.0000,1.0000,0.707,0.2921,0.6680,0.818,0.4871,0.6528,0.818,0.1462,0.6061,0.821,0.5210,0.5631,0.676,0.2561,0.5772,0.506,0.4274,0.5352,0.560,0.2871,0.5228,0.582,0.4225,0.5082
1484,49.500,16,0.000,0.0000,1.0000,0.705,0.2955,0.6695,0.804,0.4844,0.6518,0.839,0.1422,0.6101,0.785,0.5176,0.5626,0.695,0.2507,0.5794,0.509,0.4246,0.5356,0.550,0.2862,0.5266,0.569,0.4203,0.5103
1485,49.533,16,0.000,0.0000,1.0000,0.706,0.2893,0.6699,0.788,0.4813,0.6522,0.828,0.1387,0.6127,0.800,0.5147,0.5630,0.712,0.2470,0.5809,0.554,0.4252,0.5357,0.555,0.2838,0.5263,0.548,0.4181,0.5110
1486,49.567,16,0.000,0.0000,1.0000,0.713,0.2879,0.6701,0.780,0.4782,0.6521,0.854,0.1359,0.6185,0.814,0.5131,0.5634,0.740,0.2360,0.5856,0.583,0.4248,0.5361,0.545,0.2824,0.5264,0.550,0.4174,0.5114
1487,49.600,16,0.000,0.0000,1.0000,0.728,0.2827,0.6699,0.798,0.4759,0.6528,0.825,0.1294,0.6227,0.813,0.5122,0.5629,0.744,0.2227,0.5921,0.587,0.4242,0.5354,0.551,0.2770,0.5262,0.538,0.4140,0.5139
1488,49.633,16,0.000,0.0000,1.0000,0.726,0.2822,0.6702,0.810,0.4732,0.6532,0.803,0.1249,0.6244,0.819,0.5113,0.5633,0.760,0.2139,0.5939,0.601,0.4234,0.5359,0.536,0.2734,0.5255,0.546,0.4097,0.5148
1489,49.667,16,0.000,0.0000,1.0000,0.709,0.2787,0.6706,0.810,0.4706,0.6527,0.833,0.1234,0.6295,0.822,0.5113,0.5636,0.716,0.2126,0.5884,0.571,0.4201,0.5374,0.558,0.2718,0.5265,0.547,0.4052,0.5143
1490,49.700,16,0.000,0.0000,1.0000,0.721,0.2719,0.6710,0.796,0.4690,0.6517,0.872,0.1202,0.6315,0.822,0.5126,0.5634,0.755,0.2099,0.5810,0.603,0.4200,0.5378,0.559,0.2691,0.5270,0.541,0.4006,0.5141
1491,49.733,16,0.000,0.0000,1.0000,0.731,0.2699,0.6717,0.785,0.4677,0.6515,0.874,0.1181,0.6340,0.818,0.5121,0.5636,0.795,0.1943,0.5807,0.551,0.4165,0.5392,0.602,0.2643,0.5283,0.517,0.3970,0.5110
1492,49.767,16,0.000,0.0000,1.0000,0.737,0.2690,0.6716,0.791,0.4657,0.6516,0.863,0.1161,0.6349,0.835,0.5120,0.5646,0.683,0.1873,0.5766,0.557,0.4132,0.5387,0.620,0.2614,0.5288,0.535,0.3928,0.5146
1493,49.800,16,0.000,0.0000,1.0000,0.733,0.2702,0.6716,0.796,0.4639,0.6516,0.861,0.1172,0.6353,0.839,0.5099,0.5644,0.795,0.1787,0.5733,0.557,0.4128,0.5396,0.615,0.2596,0.5285,0.555,0.3916,0.5153
1494,49.833,16,0.000,0.0000,1.0000,0.745,0.2661,0.6716,0.792,0.4623,0.6514,0.864,0.1171,0.6337,0.837,0.5052,0.5637,0.788,0.1826,0.5690,0.553,0.4092,0.5396,0.601,0.2557,0.5278,0.556,0.3901,0.5157
1495,49.867,16,0.000,0.0000,1.0000,0.742,0.2587,0.6707,0.781,0.4608,0.6514,0.842,0.1185,0.6280,0.821,0.5017,0.5627,0.744,0.1918,0.5664,0.523,0.4071,0.5397,0.579,0.2511,0.5273,0.557,0.3873,0.5173
1496,49.900,16,0.000,0.0000,1.0000,0.743,0.2570,0.6703,0.763,0.4590,0.6516,0.838,0.1189,0.6241,0.814,0.4923,0.5617,0.791,0.1956,0.5669,0.416,0.3971,0.5409,0.560,0.2479,0.5278,0.565,0.3865,0.5179
1497,49.933,16,0.000,0.0000,1.0000,0.779,0.2602,0.6706,0.757,0.4573,0.6516,0.841,0.1193,0.6160,0.839,0.4816,0.5598,0.706,0.2067,0.5704,0.185,0.3899,0.5513,0.548,0.2472,0.5269,0.560,0.3847,0.5184
1498,49.967,16,0.000,0.0000,1.0000,0.794,0.2610,0.6703,0.767,0.4547,0.6517,0.852,0.1212,0.6113,0.797,0.4744,0.5602,0.671,0.2162,0.5685,0.100,0.3923,0.5571,0.564,0.2454,0.5269,0.552,0.3805,0.5181
1499,50.000,15,0.000,0.0000,1.0000,0.777,0.2579,0.6699,0.776,0.4523,0.6517,0.835,0.1215,0.6034,0.829,0.4649,0.5587,0.635,0.2244,0.5663,0.000,0.0000,1.0000,0.570,0.2443,0.5268,0.538,0.3788,0.5177
1500,50.033,15,0.000,0.0000,1.0000,0.785,0.2568,0.6698,0.791,0.4480,0.6525,0.785,0.1244,0.6003,0.829,0.4614,0.5597,0.641,0.2222,0.5646,0.000,0.0000,1.0000,0.581,0.2428,0.5270,0.515,0.3764,0.5174
1501,50.067,15,0.000,0.0000,1.0000,0.773,0.2542,0.6695,0.792,0.4462,0.6525,0.805,0.1282,0.5973,0.803,0.4573,0.5595,0.633,0.2237,0.5653,0.000,0.0000,1.0000,0.588,0.2410,0.5268,0.503,0.3747,0.5184
1502,50.100,15,0.000,0.0000,1.0000,0.744,0.2493,0.6687,0.790,0.4436,0.6520,0.797,0.1275,0.5923,0.774,0.4558,0.5606,0.629,0.2229,0.5651,0.000,0.0000,1.0000,0.586,0.2382,0.5267,0.505,0.3730,0.5192
1503,50.133,15,0.000,0.0000,1.0000,0.761,0.2444,0.6682,0.774,0.4408,0.6517,0.795,0.1293,0.5892,0.794,0.4523,0.5609,0.629,0.2191,0.5645,0.000,0.0000,1.0000,0.577,0.2359,0.5269,0.513,0.3703,0.5196
1504,50.167,15,0.000,0.0000,1.0000,0.777,0.2410,0.6681,0.753,0.4361,0.6524,0.801,0.1322,0.5873,0.800,0.4510,0.5612,0.606,0.2207,0.5635,0.000,0.0000,1.0000,0.576,0.2352,0.5271,0.525,0.3696,0.5197
1505,50.200,15,0.000,0.0000,1.0000,0.774,0.2387,0.6679,0.767,0.4346,0.6525,0.837,0.1356,0.5860,0.822,0.4475,0.5607,0.617,0.2199,0.5587,0.000,0.0000,1.0000,0.581,0.2335,0.5270,0.534,0.3673,0.5201
1506,50.233,15,0.000,0.0000,1.0000,0.765,0.2370,0.6673,0.777,0.4326,0.6525,0.827,0.1374,0.5831,0.827,0.4470,0.5607,0.564,0.2203,0.5589,0.000,0.0000,1.0000,0.579,0.2332,0.5264,0.535,0.3686,0.5188
1507,50.267,15,0.000,0.0000,1.0000,0.751,0.2356,0.6666,0.790,0.4301,0.6537,0.825,0.1395,0.5801,0.816,0.4471,0.5616,0.488,0.2249,0.5604,0.000,0.0000,1.0000,0.572,0.2324,0.5265,0.533,0.3689,0.5185
1508,50.300,15,0.000,0.0000,1.0000,0.735,0.2327,0.6661,0.806,0.4284,0.6551,0.814,0.1406,0.5793,0.794,0.4484,0.5631,0.506,0.2227,0.5602,0.000,0.0000,1.0000,0.578,0.2322,0.5274,0.533,0.3685,0.5195
1509,50.333,15,0.000,0.0000,1.0000,0.724,0.2312,0.6663,0.823,0.4267,0.6564,0.812,0.1401,0.5781,0.797,0.4485,0.5633,0.526,0.2220,0.5614,0.000,0.0000,1.0000,0.579,0.2307,0.5279,0.529,0.3679,0.5190
1510,50.367,15,0.000,0.0000,1.0000,0.731,0.2281,0.6662,0.829,0.4251,0.6566,0.812,0.1383,0.5779,0.792,0.4500,0.5638,0.546,0.2196,0.5613,0.000,0.0000,1.0000,0.576,0.2300,0.5294,0.530,0.3643,0.5204
1511,50.400,16,0.000,0.0000,1.0000,0.741,0.2259,0.6662,0.837,0.4240,0.6573,0.808,0.1368,0.5779,0.789,0.4503,0.5640,0.535,0.2197,0.5616,0.116,0.4061,0.4460,0.581,0.2296,0.5294,0.531,0.3621,0.5198
1512,50.433,16,0.000,0.0000,1.0000,0.745,0.2227,0.6657,0.836,0.4227,0.6578,0.808,0.1363,0.5777,0.785,0.4508,0.5640,0.488,0.2225,0.5622,0.118,0.4068,0.4455,0.588,0.2290,0.5303,0.527,0.3613,0.5199
1513,50.467,16,0.000,0.0000,1.0000,0.751,0.2207,0.6658,0.840,0.4221,0.6581,0.809,0.1363,0.5773,0.785,0.4510,0.5642,0.472,0.2230,0.5623,0.146,0.4080,0.4473,0.595,0.2284,0.5302,0.531,0.3605,0.5199
1514,50.500,16,0.000,0.0000,1.0000,0.753,0.2185,0.6660,0.840,0.4217,0.6582,0.816,0.1379,0.5773,0.788,0.4511,0.5642,0.447,0.2248,0.5626,0.168,0.4040,0.4523,0.599,0.2279,0.5308,0.520,0.3590,0.5195
1515,50.533,16,0.000,0.0000,1.0000,0.755,0.2179,0.6661,0.838,0.4213,0.6581,0.819,0.1388,0.5773,0.805,0.4512,0.5650,0.429,0.2248,0.5626,0.162,0.4012,0.4550,0.603,0.2273,0.5308,0.516,0.3577,0.5195
1516,50.567,16,0.000,0.0000,1.0000,0.752,0.2169,0.6662,0.837,0.4208,0.6580,0.819,0.1385,0.5773,0.796,0.4506,0.5639,0.396,0.2258,0.5638,0.182,0.3997,0.4601,0.606,0.2264,0.5313,0.510,0.3575,0.5201
1517,50.600,16,0.000,0.0000,1.0000,0.750,0.2160,0.6661,0.837,0.4207,0.6576,0.821,0.1381,0.5775,0.798,0.4464,0.5625,0.399,0.2278,0.5658,0.203,0.4020,0.4605,0.606,0.2247,0.5312,0.510,0.3571,0.5201
1518,50.633,16,0.000,0.0000,1.0000,0.748,0.2151,0.6660,0.837,0.4207,0.6575,0.824,0.1372,0.5782,0.817,0.4433,0.5619,0.404,0.2261,0.5652,0.211,0.4019,0.4613,0.605,0.2242,0.5318,0.503,0.3568,0.5205
1519,50.667,16,0.000,0.0000,1.0000,0.750,0.2145,0.6659,0.838,0.4209,0.6574,0.827,0.1366,0.5786,0.830,0.4424,0.5618,0.418,0.2256,0.5655,0.201,0.4017,0.4620,0.606,0.2240,0.5317,0.504,0.3566,0.5208
1520,50.700,16,0.000,0.0000,1.0000,0.748,0.2145,0.6662,0.839,0.4217,0.6567,0.825,0.1363,0.5788,0.855,0.4414,0.5608,0.433,0.2243,0.5668,0.211,0.4019,0.4613,0.605,0.2243,0.5318,0.506,0.3570,0.5206
1521,50.733,16,0.000,0.0000,1.0000,0.746,0.2146,0.6662,0.842,0.4224,0.6562,0.826,0.1370,0.5794,0.866,0.4400,0.5597,0.429,0.2260,0.5672,0.233,0.4046,0.4593,0.604,0.2243,0.5320,0.512,0.3575,0.5203
1522,50.767,16,0.000,0.0000,1.0000,0.748,0.2150,0.6664,0.839,0.4231,0.6558,0.820,0.1389,0.5798,0.845,0.4381,0.5589,0.428,0.2256,0.5682,0.214,0.4036,0.4596,0.600,0.2245,0.5322,0.513,0.3580,0.5204
1523,50.800,16,0.000,0.0000,1.0000,0.743,0.2146,0.6662,0.833,0.4243,0.6549,0.815,0.1400,0.5784,0.805,0.4359,0.5586,0.426,0.2280,0.5707,0.177,0.4077,0.4568,0.596,0.2248,0.5324,0.520,0.3587,0.5200
1524,50.833,16,0.000,0.0000,1.0000,0.741,0.2149,0.6663,0.823,0.4253,0.6537,0.793,0.1435,0.5770,0.769,0.4313,0.5547,0.423,0.2318,0.5708,0.312,0.4084,0.4498,0.594,0.2254,0.5322,0.516,0.3593,0.5192
1525,50.867,16,0.000,0.0000,1.0000,0.748,0.2153,0.6664,0.817,0.4262,0.6531,0.784,0.1462,0.5776,0.771,0.4287,0.5541,0.426,0.2321,0.5704,0.331,0.4091,0.4494,0.599,0.2261,0.5324,0.507,0.3595,0.5190
1526,50.900,16,0.000,0.0000,1.0000,0.757,0.2163,0.6665,0.809,0.4272,0.6523,0.810,0.1495,0.5787,0.739,0.4245,0.5515,0.419,0.2324,0.5704,0.351,0.4098,0.4485,0.597,0.2273,0.5317,0.508,0.3605,0.5186
1527,50.933,16,0.000,0.0000,1.0000,0.759,0.2166,0.6665,0.798,0.4282,0.6516,0.816,0.1523,0.5773,0.712,0.4217,0.5501,0.370,0.2331,0.5714,0.336,0.4109,0.4477,0.591,0.2282,0.5322,0.500,0.3613,0.5190
1528,50.967,16,0.000,0.0000,1.0000,0.753,0.2164,0.6663,0.792,0.4307,0.6510,0.810,0.1581,0.5764,0.700,0.4205,0.5484,0.305,0.2370,0.5711,0.333,0.4120,0.4478,0.589,0.2281,0.5321,0.505,0.3633,0.5194
1529,51.000,16,0.000,0.0000,1.0000,0.757,0.2169,0.6659,0.779,0.4322,0.6505,0.786,0.1628,0.5759,0.699,0.4210,0.5477,0.148,0.2311,0.5750,0.331,0.4128,0.4475,0.576,0.2274,0.5301,0.508,0.3641,0.5182
1530,51.033,16,0.000,0.0000,1.0000,0.750,0.2184,0.6653,0.767,0.4334,0.6501,0.725,0.1680,0.5755,0.700,0.4216,0.5475,0.133,0.1669,0.5059,0.338,0.4132,0.4472,0.565,0.2258,0.5288,0.503,0.3643,0.5183
1531,51.067,16,0.000,0.0000,1.0000,0.748,0.2180,0.6651,0.760,0.4356,0.6502,0.722,0.1734,0.5744,0.684,0.4224,0.5499,0.255,0.1600,0.5020,0.308,0.4152,0.4470,0.558,0.2260,0.5287,0.507,0.3657,0.5189
1532,51.100,16,0.000,0.0000,1.0000,0.753,0.2201,0.6655,0.759,0.4372,0.6496,0.741,0.1761,0.5732,0.665,0.4242,0.5500,0.303,0.1604,0.5015,0.255,0.4170,0.4463,0.555,0.2274,0.5285,0.503,0.3674,0.5176
1533,51.133,16,0.000,0.0000,1.0000,0.754,0.2246,0.6663,0.796,0.4398,0.6488,0.729,0.1814,0.5737,0.696,0.4240,0.5497,0.298,0.1593,0.4993,0.138,0.4151,0.4480,0.557,0.2295,0.5277,0.503,0.3687,0.5175
1534,51.167,16,0.000,0.0000,1.0000,0.745,0.2283,0.6674,0.797,0.4410,0.6488,0.736,0.1838,0.5744,0.702,0.4256,0.5496,0.260,0.1623,0.4987,0.111,0.4160,0.4495,0.547,0.2309,0.5266,0.486,0.3710,0.5170
1535,51.200,16,0.000,0.0000,1.0000,0.749,0.2303,0.6675,0.791,0.4422,0.6489,0.741,0.1843,0.5748,0.708,0.4302,0.5515,0.300,0.1656,0.5038,0.100,0.4115,0.4532,0.559,0.2332,0.5267,0.480,0.3743,0.5164
1536,51.233,15,0.000,0.0000,1.0000,0.765,0.2325,0.6679,0.811,0.4472,0.6475,0.735,0.1854,0.5760,0.676,0.4303,0.5537,0.279,0.1682,0.5034,0.000,0.0000,1.0000,0.568,0.2393,0.5273,0.505,0.3778,0.5158
1537,51.267,15,0.000,0.0000,1.0000,0.776,0.2349,0.6681,0.811,0.4494,0.6473,0.755,0.1869,0.5764,0.665,0.4312,0.5535,0.166,0.1665,0.5030,0.000,0.0000,1.0000,0.562,0.2422,0.5274,0.531,0.3809,0.5144
1538,51.300,15,0.000,0.0000,1.0000,0.779,0.2365,0.6688,0.798,0.4519,0.6474,0.776,0.1889,0.5774,0.662,0.4340,0.5559,0.158,0.1655,0.5006,0.000,0.0000,1.0000,0.542,0.2426,0.5240,0.542,0.3836,0.5147
1539,51.333,14,0.000,0.0000,1.0000,0.783,0.2384,0.6693,0.787,0.4534,0.6479,0.800,0.1905,0.5778,0.658,0.4358,0.5569,0.000,0.0000,1.0000,0.000,0.0000,1.0000,0.537,0.2434,0.5235,0.542,0.3847,0.5143
1540,51.367,14,0.000,0.0000,1.0000,0.787,0.2416,0.6694,0.774,0.4557,0.6464,0.811,0.1929,0.5788,0.643,0.4362,0.5555,0.000,0.0000,1.0000,0.000,0.0000,1.0000,0.527,0.2467,0.5238,0.532,0.3875,0.5142
1541,51.400,14,0.000,0.0000,1.0000,0.781,0.2449,0.6706,0.779,0.4577,0.6467,0.812,0.1958,0.5785,0.683,0.4389,0.5557,0.000,0.0000,1.0000,0.000,0.0000,1.0000,0.532,0.2507,0.5271,0.536,0.3886,0.5155
1542,51.433,14,0.000,0.0000,1.0000,0.763,0.2478,0.6711,0.792,0.4595,0.6466,0.807,0.1957,0.5778,0.646,0.4393,0.5560,0.000,0.0000,1.0000,0.000,0.0000,1.0000,0.528,0.2529,0.5284,0.520,0.3921,0.5153
1543,51.467,14,0.000,0.0000,1.0000,0.740,0.2515,0.6725,0.815,0.4625,0.6448,0.814,0.1980,0.5788,0.626,0.4406,0.5548,0.000,0.0000,1.0000,0.000,0.0000,1.0000,0.538,0.2569,0.5285,0.501,0.3948,0.5145
1544,51.500,14,0.000,0.0000,1.0000,0.775,0.2557,0.6718,0.822,0.4639,0.6454,0.799,0.2029,0.5804,0.613,0.4414,0.5540,0.000,0.0000,1.0000,0.000,0.0000,1.0000,0.539,0.2586,0.5283,0.498,0.3955,0.5144
1545,51.533,14,0.000,0.0000,1.0000,0.797,0.2583,0.6716,0.824,0.4670,0.6448,0.806,0.2042,0.5819,0.610,0.4447,0.5546,0.000,0.0000,1.0000,0.000,0.0000,1.0000,0.538,0.2624,0.5279,0.520,0.3985,0.5145
1546,51.567,14,0.000,0.0000,1.0000,0.809,0.2618,0.6718,0.823,0.4693,0.6450,0.781,0.2064,0.5814,0.612,0.4479,0.5550,0.000,0.0000,1.0000,0.000,0.0000,1.0000,0.536,0.2644,0.5279,0.533,0.4016,0.5137
1547,51.600,14,0.000,0.0000,1.0000,0.799,0.2655,0.6726,0.807,0.4719,0.6442,0.774,0.2092,0.5818,0.602,0.4487,0.5544,0.000,0.0000,1.0000,0.000,0.0000,1.0000,0.528,0.2660,0.5272,0.532,0.4031,0.5127
1548,51.633,15,0.000,0.0000,1.0000,0.792,0.2675,0.6728,0.793,0.4747,0.6436,0.795,0.2112,0.5820,0.614,0.4500,0.5552,0.146,0.1730,0.4884,0.000,0.0000,1.0000,0.521,0.2660,0.5247,0.542,0.4064,0.5136
1549,51.667,15,0.000,0.0000,1.0000,0.782,0.2689,0.6731,0.786,0.4755,0.6432,0.802,0.2123,0.5825,0.608,0.4509,0.5554,0.153,0.1780,0.4907,0.000,0.0000,1.0000,0.518,0.2670,0.5241,0.534,0.4099,0.5137
1550,51.700,15,0.000,0.0000,1.0000,0.764,0.2708,0.6734,0.767,0.4780,0.6427,0.811,0.2130,0.5824,0.601,0.4523,0.5561,0.185,0.1827,0.4915,0.000,0.0000,1.0000,0.514,0.2684,0.5240,0.538,0.4129,0.5133
1551,51.733,15,0.000,0.0000,1.0000,0.750,0.2719,0.6732,0.768,0.4788,0.6427,0.800,0.2134,0.5816,0.596,0.4540,0.5561,0.367,0.1854,0.4902,0.000,0.0000,1.0000,0.508,0.2664,0.5231,0.523,0.4145,0.5129
1552,51.767,15,0.000,0.0000,1.0000,0.752,0.2752,0.6733,0.788,0.4804,0.6435,0.794,0.2142,0.5811,0.604,0.4550,0.5551,0.441,0.1861,0.4889,0.000,0.0000,1.0000,0.501,0.2671,0.5231,0.509,0.4157,0.5135
1553,51.800,15,0.000,0.0000,1.0000,0.764,0.2770,0.6731,0.801,0.4817,0.6434,0.776,0.2153,0.5802,0.559,0.4562,0.5551,0.459,0.1865,0.4893,0.000,0.0000,1.0000,0.488,0.2670,0.5230,0.496,0.4168,0.5114
1554,51.833,15,0.000,0.0000,1.0000,0.783,0.2787,0.6727,0.809,0.4826,0.6432,0.771,0.2179,0.5806,0.551,0.4571,0.5548,0.483,0.1877,0.4900,0.000,0.0000,1.0000,0.480,0.2680,0.5228,0.511,0.4182,0.5106
1555,51.867,15,0.000,0.0000,1.0000,0.793,0.2793,0.6724,0.812,0.4828,0.6436,0.772,0.2202,0.5809,0.555,0.4591,0.5546,0.528,0.1879,0.4914,0.000,0.0000,1.0000,0.481,0.2711,0.5227,0.517,0.4190,0.5095
1556,51.900,15,0.000,0.0000,1.0000,0.798,0.2808,0.6723,0.821,0.4846,0.6435,0.793,0.2210,0.5819,0.540,0.4610,0.5564,0.488,0.1881,0.4917,0.000,0.0000,1.0000,0.496,0.2765,0.5261,0.528,0.4207,0.5088
1557,51.933,15,0.000,0.0000,1.0000,0.800,0.2821,0.6721,0.822,0.4868,0.6432,0.800,0.2213,0.5822,0.533,0.4618,0.5569,0.483,0.1884,0.4921,0.000,0.0000,1.0000,0.502,0.2783,0.5263,0.537,0.4217,0.5085
1558,51.967,15,0.000,0.0000,1.0000,0.795,0.2840,0.6721,0.815,0.4886,0.6430,0.803,0.2214,0.5818,0.528,0.4626,0.5573,0.469,0.1882,0.4905,0.000,0.0000,1.0000,0.495,0.2788,0.5238,0.551,0.4226,0.5075
1559,52.000,15,0.000,0.0000,1.0000,0.790,0.2858,0.6721,0.812,0.4907,0.6431,0.806,0.2214,0.5818,0.528,0.4637,0.5578,0.486,0.1886,0.4897,0.000,0.0000,1.0000,0.503,0.2807,0.5236,0.556,0.4235,0.5067
1560,52.033,15,0.000,0.0000,1.0000,0.783,0.2872,0.6725,0.812,0.4917,0.6436,0.810,0.2223,0.5828,0.507,0.4642,0.5591,0.448,0.1890,0.4902,0.000,0.0000,1.0000,0.508,0.2819,0.5230,0.562,0.4241,0.5066
1561,52.067,15,0.000,0.0000,1.0000,0.779,0.2885,0.6727,0.812,0.4927,0.6438,0.800,0.2222,0.5822,0.505,0.4646,0.5592,0.478,0.1902,0.4891,0.000,0.0000,1.0000,0.505,0.2822,0.5230,0.568,0.4253,0.5063
1562,52.100,15,0.000,0.0000,1.0000,0.779,0.2889,0.6726,0.806,0.4938,0.6433,0.807,0.2230,0.5828,0.490,0.4647,0.5600,0.425,0.1903,0.4887,0.000,0.0000,1.0000,0.509,0.2828,0.5230,0.571,0.4259,0.5063
1563,52.133,15,0.000,0.0000,1.0000,0.771,0.2896,0.6726,0.801,0.4945,0.6432,0.810,0.2233,0.5830,0.498,0.4659,0.5602,0.403,0.1901,0.4887,0.000,0.0000,1.0000,0.503,0.2840,0.5231,0.568,0.4274,0.5071
1564,52.167,15,0.000,0.0000,1.0000,0.767,0.2902,0.6724,0.793,0.4961,0.6425,0.810,0.2238,0.5832,0.520,0.4676,0.5589,0.399,0.1900,0.4884,0.000,0.0000,1.0000,0.507,0.2840,0.5227,0.567,0.4277,0.5071
1565,52.200,15,0.000,0.0000,1.0000,0.762,0.2908,0.6723,0.791,0.4965,0.6424,0.808,0.2239,0.5832,0.519,0.4678,0.5587,0.384,0.1899,0.4883,0.000,0.0000,1.0000,0.509,0.2851,0.5225,0.567,0.4282,0.5071
1566,52.233,15,0.000,0.0000,1.0000,0.760,0.2911,0.6724,0.786,0.4970,0.6416,0.806,0.2241,0.5833,0.519,0.4684,0.5585,0.383,0.1896,0.4878,0.000,0.0000,1.0000,0.514,0.2856,0.5219,0.570,0.4283,0.5063
1567,52.267,15,0.000,0.0000,1.0000,0.761,0.2914,0.6724,0.789,0.4967,0.6418,0.799,0.2250,0.5831,0.547,0.4688,0.5576,0.421,0.1901,0.4880,0.000,0.0000,1.0000,0.518,0.2861,0.5216,0.574,0.4282,0.5064
1568,52.300,15,0.000,0.0000,1.0000,0.761,0.2916,0.6723,0.788,0.4965,0.6416,0.800,0.2249,0.5831,0.544,0.4687,0.5573,0.406,0.1901,0.4883,0.000,0.0000,1.0000,0.518,0.2864,0.5216,0.573,0.4283,0.5063
1569,52.333,15,0.000,0.0000,1.0000,0.765,0.2914,0.6722,0.788,0.4963,0.6413,0.800,0.2249,0.5831,0.538,0.4687,0.5573,0.408,0.1903,0.4879,0.000,0.0000,1.0000,0.521,0.2865,0.5215,0.573,0.4283,0.5062
1570,52.367,15,0.000,0.0000,1.0000,0.766,0.2914,0.6722,0.790,0.4960,0.6413,0.801,0.2247,0.5829,0.536,0.4687,0.5573,0.387,0.1900,0.4885,0.000,0.0000,1.0000,0.520,0.2866,0.5216,0.574,0.4284,0.5062
1571,52.400,15,0.000,0.0000,1.0000,0.764,0.2917,0.6722,0.790,0.4953,0.6409,0.803,0.2248,0.5828,0.532,0.4687,0.5574,0.355,0.1894,0.4882,0.000,0.0000,1.0000,0.519,0.2871,0.5215,0.573,0.4288,0.5056
1572,52.433,15,0.000,0.0000,1.0000,0.765,0.2917,0.6721,0.791,0.4949,0.6406,0.801,0.2246,0.5825,0.531,0.4685,0.5573,0.383,0.1901,0.4884,0.000,0.0000,1.0000,0.519,0.2867,0.5215,0.573,0.4277,0.5049
1573,52.467,15,0.000,0.0000,1.0000,0.769,0.2912,0.6717,0.792,0.4944,0.6405,0.796,0.2247,0.5816,0.531,0.4681,0.5571,0.462,0.1908,0.4881,0.000,0.0000,1.0000,0.515,0.2866,0.5216,0.569,0.4275,0.5049
1574,52.500,15,0.000,0.0000,1.0000,0.770,0.2910,0.6716,0.802,0.4930,0.6412,0.796,0.2241,0.5811,0.545,0.4679,0.5561,0.500,0.1903,0.4885,0.000,0.0000,1.0000,0.519,0.2857,0.5214,0.567,0.4260,0.5046
1575,52.533,15,0.000,0.0000,1.0000,0.776,0.2904,0.6715,0.812,0.4906,0.6417,0.792,0.2238,0.5801,0.540,0.4674,0.5574,0.525,0.1901,0.4883,0.000,0.0000,1.0000,0.518,0.2849,0.5213,0.565,0.4256,0.5045
1576,52.567,15,0.000,0.0000,1.0000,0.777,0.2899,0.6712,0.813,0.4898,0.6418,0.787,0.2232,0.5794,0.531,0.4666,0.5577,0.564,0.1902,0.4883,0.000,0.0000,1.0000,0.518,0.2838,0.5211,0.561,0.4249,0.5042
1577,52.600,15,0.000,0.0000,1.0000,0.780,0.2897,0.6711,0.815,0.4893,0.6421,0.793,0.2221,0.5800,0.519,0.4658,0.5582,0.553,0.1902,0.4882,0.000,0.0000,1.0000,0.520,0.2831,0.5208,0.561,0.4245,0.5041
1578,52.633,15,0.000,0.0000,1.0000,0.782,0.2894,0.6710,0.816,0.4892,0.6418,0.798,0.2216,0.5802,0.510,0.4650,0.5583,0.553,0.1899,0.4883,0.000,0.0000,1.0000,0.521,0.2832,0.5210,0.566,0.4246,0.5043
1579,52.667,15,0.000,0.0000,1.0000,0.786,0.2890,0.6710,0.818,0.4886,0.6421,0.807,0.2211,0.5808,0.508,0.4654,0.5587,0.527,0.1898,0.4880,0.000,0.0000,1.0000,0.521,0.2829,0.5212,0.564,0.4244,0.5048
1580,52.700,15,0.000,0.0000,1.0000,0.788,0.2887,0.6709,0.820,0.4883,0.6418,0.806,0.2198,0.5808,0.514,0.4648,0.5582,0.506,0.1897,0.4883,0.000,0.0000,1.0000,0.518,0.2821,0.5215,0.562,0.4236,0.5050
1581,52.733,15,0.000,0.0000,1.0000,0.793,0.2883,0.6708,0.820,0.4874,0.6421,0.805,0.2192,0.5807,0.521,0.4647,0.5583,0.493,0.1896,0.4884,0.000,0.0000,1.0000,0.514,0.2817,0.5213,0.561,0.4235,0.5054
1582,52.767,15,0.000,0.0000,1.0000,0.795,0.2879,0.6707,0.821,0.4863,0.6421,0.794,0.2184,0.5791,0.517,0.4624,0.5575,0.505,0.1890,0.4881,0.000,0.0000,1.0000,0.510,0.2813,0.5208,0.560,0.4232,0.5055
1583,52.800,15,0.000,0.0000,1.0000,0.798,0.2874,0.6706,0.817,0.4852,0.6419,0.793,0.2184,0.5790,0.500,0.4611,0.5577,0.478,0.1893,0.4886,0.000,0.0000,1.0000,0.507,0.2810,0.5210,0.555,0.4227,0.5061
1584,52.833,15,0.000,0.0000,1.0000,0.800,0.2867,0.6705,0.810,0.4847,0.6418,0.791,0.2182,0.5786,0.490,0.4602,0.5573,0.444,0.1891,0.4886,0.000,0.0000,1.0000,0.506,0.2802,0.5208,0.553,0.4221,0.5059
1585,52.867,15,0.000,0.0000,1.0000,0.799,0.2863,0.6704,0.808,0.4843,0.6412,0.793,0.2181,0.5785,0.490,0.4599,0.5572,0.392,0.1885,0.4890,0.000,0.0000,1.0000,0.506,0.2800,0.5210,0.552,0.4215,0.5059
1586,52.900,15,0.000,0.0000,1.0000,0.800,0.2859,0.6705,0.808,0.4842,0.6407,0.799,0.2192,0.5793,0.503,0.4596,0.5566,0.292,0.1877,0.4895,0.000,0.0000,1.0000,0.510,0.2800,0.5211,0.551,0.4206,0.5058
1587,52.933,15,0.000,0.0000,1.0000,0.802,0.2855,0.6704,0.802,0.4835,0.6405,0.796,0.2183,0.5786,0.505,0.4591,0.5562,0.329,0.1880,0.4896,0.000,0.0000,1.0000,0.510,0.2783,0.5205,0.538,0.4194,0.5063
1588,52.967,15,0.000,0.0000,1.0000,0.801,0.2856,0.6706,0.795,0.4829,0.6396,0.799,0.2187,0.5793,0.506,0.4580,0.5550,0.294,0.1877,0.4897,0.000,0.0000,1.0000,0.508,0.2779,0.5203,0.534,0.4191,0.5065
1589,53.000,15,0.000,0.0000,1.0000,0.799,0.2851,0.6705,0.783,0.4818,0.6392,0.797,0.2176,0.5790,0.480,0.4568,0.5557,0.313,0.1878,0.4894,0.000,0.0000,1.0000,0.509,0.2779,0.5204,0.538,0.4191,0.5065
1590,53.033,15,0.000,0.0000,1.0000,0.798,0.2840,0.6702,0.779,0.4810,0.6398,0.795,0.2164,0.5795,0.470,0.4564,0.5562,0.301,0.1877,0.4894,0.000,0.0000,1.0000,0.508,0.2768,0.5200,0.538,0.4190,0.5063
1591,53.067,15,0.000,0.0000,1.0000,0.797,0.2825,0.6690,0.775,0.4802,0.6400,0.800,0.2148,0.5801,0.457,0.4562,0.5574,0.268,0.1875,0.4887,0.000,0.0000,1.0000,0.512,0.2771,0.5202,0.539,0.4190,0.5064
1592,53.100,15,0.000,0.0000,1.0000,0.797,0.2812,0.6690,0.765,0.4789,0.6404,0.801,0.2141,0.5805,0.464,0.4560,0.5575,0.195,0.1868,0.4898,0.000,0.0000,1.0000,0.513,0.2763,0.5201,0.538,0.4182,0.5067
1593,53.133,15,0.000,0.0000,1.0000,0.792,0.2807,0.6688,0.758,0.4784,0.6404,0.801,0.2141,0.5803,0.470,0.4561,0.5578,0.195,0.1867,0.4898,0.000,0.0000,1.0000,0.514,0.2755,0.5201,0.536,0.4178,0.5067
1594,53.167,15,0.000,0.0000,1.0000,0.791,0.2805,0.6689,0.761,0.4777,0.6404,0.799,0.2142,0.5800,0.486,0.4555,0.5566,0.194,0.1867,0.4895,0.000,0.0000,1.0000,0.508,0.2748,0.5203,0.534,0.4176,0.5068
1595,53.200,15,0.000,0.0000,1.0000,0.789,0.2799,0.6688,0.765,0.4773,0.6404,0.793,0.2141,0.5795,0.495,0.4552,0.5567,0.219,0.1870,0.4877,0.000,0.0000,1.0000,0.510,0.2747,0.5203,0.527,0.4171,0.5067
1596,53.233,15,0.000,0.0000,1.0000,0.782,0.2792,0.6687,0.775,0.4760,0.6410,0.797,0.2138,0.5799,0.486,0.4524,0.5564,0.135,0.1842,0.4860,0.000,0.0000,1.0000,0.509,0.2747,0.5206,0.529,0.4172,0.5068
1597,53.267,15,0.000,0.0000,1.0000,0.774,0.2782,0.6686,0.779,0.4756,0.6411,0.795,0.2135,0.5799,0.500,0.4524,0.5560,0.135,0.1841,0.4860,0.000,0.0000,1.0000,0.506,0.2740,0.5207,0.529,0.4168,0.5069
1598,53.300,15,0.000,0.0000,1.0000,0.764,0.2772,0.6685,0.790,0.4741,0.6415,0.795,0.2131,0.5800,0.509,0.4516,0.5560,0.105,0.1797,0.4854,0.000,0.0000,1.0000,0.507,0.2741,0.5209,0.533,0.4162,0.5070
1599,53.333,15,0.000,0.0000,1.0000,0.760,0.2768,0.6685,0.797,0.4729,0.6420,0.799,0.2129,0.5806,0.535,0.4525,0.5558,0.124,0.2620,0.5936,0.000,0.0000,1.0000,0.513,0.2741,0.5204,0.539,0.4156,0.5070
1600,53.367,15,0.000,0.0000,1.0000,0.756,0.2763,0.6682,0.803,0.4725,0.6421,0.799,0.2125,0.5810,0.536,0.4515,0.5561,0.136,0.2645,0.5936,0.000,0.0000,1.0000,0.519,0.2740,0.5208,0.542,0.4153,0.5067
1601,53.400,15,0.000,0.0000,1.0000,0.752,0.2756,0.6682,0.804,0.4723,0.6421,0.798,0.2122,0.5810,0.535,0.4522,0.5565,0.147,0.2623,0.5934,0.000,0.0000,1.0000,0.519,0.2741,0.5209,0.544,0.4151,0.5068
1602,53.433,15,0.000,0.0000,1.0000,0.753,0.2757,0.6683,0.804,0.4723,0.6424,0.794,0.2122,0.5810,0.541,0.4521,0.5564,0.139,0.2631,0.5927,0.000,0.0000,1.0000,0.519,0.2734,0.5211,0.545,0.4146,0.5067
1603,53.467,15,0.000,0.0000,1.0000,0.751,0.2754,0.6683,0.802,0.4729,0.6419,0.788,0.2117,0.5810,0.553,0.4524,0.5559,0.131,0.2608,0.5927,0.000,0.0000,1.0000,0.516,0.2735,0.5209,0.546,0.4139,0.5070
1604,53.500,15,0.000,0.0000,1.0000,0.752,0.2749,0.6687,0.806,0.4717,0.6423,0.788,0.2114,0.5812,0.549,0.4523,0.5561,0.142,0.2636,0.5922,0.000,0.0000,1.0000,0.521,0.2724,0.5210,0.550,0.4132,0.5068
1605,53.533,15,0.000,0.0000,1.0000,0.754,0.2745,0.6695,0.808,0.4716,0.6424,0.789,0.2112,0.5814,0.579,0.4536,0.5564,0.159,0.2658,0.5918,0.000,0.0000,1.0000,0.519,0.2721,0.5210,0.552,0.4130,0.5073
1606,53.567,15,0.000,0.0000,1.0000,0.756,0.2725,0.6697,0.808,0.4712,0.6423,0.788,0.2111,0.5815,0.586,0.4529,0.5556,0.169,0.2662,0.5918,0.000,0.0000,1.0000,0.520,0.2721,0.5212,0.554,0.4128,0.5075
1607,53.600,15,0.000,0.0000,1.0000,0.761,0.2722,0.6697,0.807,0.4715,0.6420,0.786,0.2110,0.5815,0.592,0.4534,0.5558,0.182,0.2683,0.5917,0.000,0.0000,1.0000,0.516,0.2719,0.5211,0.556,0.4124,0.5077
1608,53.633,15,0.000,0.0000,1.0000,0.768,0.2718,0.6701,0.808,0.4714,0.6421,0.782,0.2106,0.5814,0.598,0.4535,0.5559,0.198,0.2703,0.5909,0.000,0.0000,1.0000,0.516,0.2710,0.5213,0.556,0.4120,0.5081
1609,53.667,15,0.000,0.0000,1.0000,0.773,0.2713,0.6700,0.807,0.4710,0.6419,0.777,0.2102,0.5814,0.604,0.4535,0.5558,0.202,0.2710,0.5899,0.000,0.0000,1.0000,0.516,0.2712,0.5214,0.558,0.4119,0.5082
1610,53.700,15,0.000,0.0000,1.0000,0.774,0.2710,0.6700,0.807,0.4708,0.6422,0.776,0.2101,0.5816,0.603,0.4538,0.5563,0.210,0.2706,0.5901,0.000,0.0000,1.0000,0.521,0.2710,0.5218,0.558,0.4113,0.5088
1611,53.733,15,0.000,0.0000,1.0000,0.776,0.2704,0.6697,0.807,0.4708,0.6422,0.774,0.2101,0.5815,0.604,0.4537,0.5564,0.195,0.2685,0.5916,0.000,0.0000,1.0000,0.520,0.2709,0.5216,0.558,0.4112,0.5088
1612,53.767,15,0.000,0.0000,1.0000,0.783,0.2696,0.6700,0.806,0.4707,0.6422,0.771,0.2101,0.5814,0.599,0.4527,0.5561,0.167,0.2679,0.5916,0.000,0.0000,1.0000,0.520,0.2707,0.5217,0.555,0.4109,0.5089
1613,53.800,15,0.000,0.0000,1.0000,0.788,0.2693,0.6701,0.810,0.4701,0.6428,0.774,0.2102,0.5815,0.609,0.4531,0.5559,0.167,0.2657,0.5919,0.000,0.0000,1.0000,0.519,0.2705,0.5216,0.556,0.4105,0.5089
1614,53.833,15,0.000,0.0000,1.0000,0.792,0.2690,0.6702,0.810,0.4701,0.6430,0.776,0.2103,0.5816,0.615,0.4531,0.5554,0.166,0.2657,0.5918,0.000,0.0000,1.0000,0.520,0.2704,0.5217,0.555,0.4104,0.5090
1615,53.867,15,0.000,0.0000,1.0000,0.794,0.2689,0.6703,0.813,0.4700,0.6432,0.777,0.2103,0.5816,0.619,0.4535,0.5548,0.168,0.2648,0.5923,0.000,0.0000,1.0000,0.521,0.2702,0.5216,0.557,0.4101,0.5091
1616,53.900,15,0.000,0.0000,1.0000,0.795,0.2687,0.6702,0.812,0.4699,0.6432,0.773,0.2103,0.5813,0.623,0.4531,0.5544,0.149,0.2629,0.5925,0.000,0.0000,1.0000,0.521,0.2695,0.5216,0.553,0.4098,0.5092
1617,53.933,15,0.000,0.0000,1.0000,0.800,0.2685,0.6703,0.813,0.4696,0.6434,0.774,0.2104,0.5812,0.628,0.4542,0.5536,0.153,0.2623,0.5928,0.000,0.0000,1.0000,0.523,0.2699,0.5214,0.553,0.4098,0.5092
1618,53.967,15,0.000,0.0000,1.0000,0.801,0.2683,0.6703,0.813,0.4695,0.6434,0.774,0.2105,0.5808,0.638,0.4548,0.5533,0.150,0.2613,0.5937,0.000,0.0000,1.0000,0.522,0.2700,0.5215,0.551,0.4097,0.5091
1619,54.000,15,0.000,0.0000,1.0000,0.802,0.2682,0.6704,0.812,0.4694,0.6436,0.774,0.2109,0.5800,0.640,0.4556,0.5537,0.142,0.2596,0.5947,0.000,0.0000,1.0000,0.519,0.2703,0.5214,0.551,0.4099,0.5092
1620,54.033,15,0.000,0.0000,1.0000,0.804,0.2681,0.6704,0.814,0.4697,0.6437,0.775,0.2112,0.5794,0.643,0.4554,0.5535,0.105,0.2574,0.5946,0.000,0.0000,1.0000,0.518,0.2700,0.5210,0.554,0.4101,0.5087
1621,54.067,15,0.000,0.0000,1.0000,0.808,0.2671,0.6704,0.816,0.4698,0.6440,0.778,0.2113,0.5792,0.641,0.4561,0.5539,0.115,0.2589,0.5932,0.000,0.0000,1.0000,0.513,0.2706,0.5211,0.553,0.4106,0.5088
1622,54.100,15,0.000,0.0000,1.0000,0.809,0.2670,0.6704,0.817,0.4698,0.6440,0.774,0.2110,0.5788,0.635,0.4555,0.5534,0.101,0.2614,0.5943,0.000,0.0000,1.0000,0.514,0.2700,0.5212,0.552,0.4104,0.5090
1623,54.133,14,0.000,0.0000,1.0000,0.810,0.2667,0.6703,0.817,0.4700,0.6442,0.775,0.2109,0.5779,0.638,0.4553,0.5536,0.000,0.0000,1.0000,0.000,0.0000,1.0000,0.513,0.2703,0.5215,0.551,0.4106,0.5091
1624,54.167,14,0.000,0.0000,1.0000,0.810,0.2668,0.6704,0.815,0.4701,0.6443,0.782,0.2116,0.5784,0.634,0.4545,0.5541,0.000,0.0000,1.0000,0.000,0.0000,1.0000,0.512,0.2707,0.5217,0.551,0.4104,0.5091
1625,54.200,15,0.000,0.0000,1.0000,0.813,0.2665,0.6704,0.816,0.4700,0.6445,0.771,0.2110,0.5777,0.631,0.4541,0.5535,0.138,0.1827,0.4869,0.000,0.0000,1.0000,0.507,0.2713,0.5216,0.550,0.4108,0.5089
1626,54.233,15,0.000,0.0000,1.0000,0.816,0.2664,0.6706,0.814,0.4702,0.6445,0.774,0.2113,0.5776,0.644,0.4554,0.5529,0.140,0.1825,0.4868,0.000,0.0000,1.0000,0.505,0.2715,0.5219,0.546,0.4107,0.5091
1627,54.267,15,0.000,0.0000,1.0000,0.818,0.2662,0.6707,0.814,0.4709,0.6449,0.777,0.2119,0.5775,0.655,0.4556,0.5527,0.141,0.1826,0.4869,0.000,0.0000,1.0000,0.511,0.2709,0.5218,0.549,0.4105,0.5091
1628,54.300,15,0.000,0.0000,1.0000,0.819,0.2662,0.6708,0.814,0.4708,0.6453,0.776,0.2112,0.5772,0.660,0.4568,0.5519,0.152,0.1829,0.4870,0.000,0.0000,1.0000,0.510,0.2708,0.5218,0.550,0.4103,0.5090
1629,54.333,15,0.000,0.0000,1.0000,0.823,0.2659,0.6709,0.812,0.4706,0.6456,0.780,0.2117,0.5773,0.673,0.4578,0.5504,0.145,0.1828,0.4872,0.000,0.0000,1.0000,0.508,0.2707,0.5220,0.548,0.4104,0.5091
1630,54.367,15,0.000,0.0000,1.0000,0.824,0.2652,0.6710,0.810,0.4706,0.6457,0.776,0.2111,0.5771,0.676,0.4579,0.5504,0.169,0.1844,0.4880,0.000,0.0000,1.0000,0.511,0.2701,0.5222,0.546,0.4101,0.5094
1631,54.400,15,0.000,0.0000,1.0000,0.824,0.2649,0.6709,0.807,0.4705,0.6458,0.776,0.2111,0.5769,0.676,0.4579,0.5507,0.181,0.1843,0.4871,0.000,0.0000,1.0000,0.512,0.2704,0.5224,0.545,0.4100,0.5092
1632,54.433,15,0.000,0.0000,1.0000,0.824,0.2649,0.6710,0.808,0.4705,0.6458,0.779,0.2111,0.5770,0.678,0.4580,0.5508,0.162,0.1843,0.4878,0.000,0.0000,1.0000,0.513,0.2702,0.5223,0.547,0.4098,0.5092
1633,54.467,15,0.000,0.0000,1.0000,0.825,0.2648,0.6711,0.807,0.4702,0.6463,0.783,0.2118,0.5771,0.680,0.4581,0.5509,0.165,0.1845,0.4880,0.000,0.0000,1.0000,0.513,0.2701,0.5225,0.548,0.4099,0.5092
1634,54.500,15,0.000,0.0000,1.0000,0.826,0.2644,0.6713,0.808,0.4702,0.6465,0.784,0.2121,0.5770,0.684,0.4579,0.5513,0.190,0.1848,0.4893,0.000,0.0000,1.0000,0.514,0.2701,0.5225,0.549,0.4092,0.5094
1635,54.533,15,0.000,0.0000,1.0000,0.825,0.2643,0.6715,0.807,0.4700,0.6466,0.788,0.2122,0.5769,0.683,0.4575,0.5514,0.177,0.1850,0.4894,0.000,0.0000,1.0000,0.516,0.2701,0.5225,0.547,0.4091,0.5095
1636,54.567,15,0.000,0.0000,1.0000,0.824,0.2641,0.6716,0.802,0.4699,0.6469,0.786,0.2117,0.5772,0.685,0.4577,0.5513,0.185,0.1848,0.4905,0.000,0.0000,1.0000,0.514,0.2701,0.5226,0.545,0.4091,0.5097
1637,54.600,15,0.000,0.0000,1.0000,0.823,0.2637,0.6717,0.800,0.4697,0.6472,0.780,0.2110,0.5770,0.682,0.4578,0.5506,0.215,0.1828,0.4906,0.000,0.0000,1.0000,0.520,0.2689,0.5225,0.547,0.4083,0.5095
1638,54.633,15,0.000,0.0000,1.0000,0.823,0.2634,0.6717,0.796,0.4692,0.6474,0.770,0.2104,0.5769,0.689,0.4575,0.5501,0.225,0.1836,0.4886,0.000,0.0000,1.0000,0.518,0.2687,0.5228,0.540,0.4082,0.5100
1639,54.667,15,0.000,0.0000,1.0000,0.822,0.2625,0.6718,0.794,0.4698,0.6474,0.753,0.2096,0.5764,0.696,0.4571,0.5497,0.282,0.1833,0.4881,0.000,0.0000,1.0000,0.513,0.2691,0.5233,0.539,0.4087,0.5102
1640,54.700,15,0.000,0.0000,1.0000,0.822,0.2618,0.6719,0.794,0.4694,0.6474,0.755,0.2095,0.5764,0.702,0.4566,0.5494,0.278,0.1835,0.4885,0.000,0.0000,1.0000,0.517,0.2688,0.5232,0.539,0.4078,0.5101
1641,54.733,15,0.000,0.0000,1.0000,0.819,0.2604,0.6718,0.793,0.4691,0.6477,0.747,0.2092,0.5759,0.701,0.4565,0.5495,0.367,0.1838,0.4890,0.000,0.0000,1.0000,0.517,0.2686,0.5232,0.542,0.4077,0.5101
1642,54.767,15,0.000,0.0000,1.0000,0.817,0.2596,0.6713,0.791,0.4680,0.6482,0.739,0.2089,0.5758,0.696,0.4565,0.5497,0.344,0.1823,0.4889,0.000,0.0000,1.0000,0.519,0.2678,0.5228,0.548,0.4075,0.5099
1643,54.800,15,0.000,0.0000,1.0000,0.812,0.2589,0.6711,0.789,0.4675,0.6485,0.729,0.2083,0.5756,0.702,0.4564,0.5495,0.356,0.1819,0.4887,0.000,0.0000,1.0000,0.521,0.2671,0.5225,0.551,0.4074,0.5100
1644,54.833,15,0.000,0.0000,1.0000,0.807,0.2582,0.6710,0.786,0.4668,0.6491,0.731,0.2079,0.5753,0.697,0.4559,0.5497,0.333,0.1802,0.4880,0.000,0.0000,1.0000,0.519,0.2679,0.5228,0.554,0.4073,0.5100
1645,54.867,15,0.000,0.0000,1.0000,0.799,0.2576,0.6709,0.779,0.4657,0.6497,0.731,0.2075,0.5753,0.687,0.4557,0.5500,0.346,0.1803,0.4880,0.000,0.0000,1.0000,0.517,0.2672,0.5228,0.551,0.4062,0.5106
1646,54.900,15,0.000,0.0000,1.0000,0.793,0.2567,0.6708,0.776,0.4652,0.6499,0.731,0.2072,0.5753,0.685,0.4553,0.5505,0.381,0.1808,0.4884,0.000,0.0000,1.0000,0.523,0.2667,0.5226,0.554,0.4059,0.5105
1647,54.933,15,0.000,0.0000,1.0000,0.790,0.2561,0.6707,0.779,0.4642,0.6502,0.730,0.2072,0.5753,0.696,0.4550,0.5507,0.418,0.1812,0.4888,0.000,0.0000,1.0000,0.525,0.2666,0.5223,0.555,0.4047,0.5101
1648,54.967,15,0.000,0.0000,1.0000,0.786,0.2555,0.6707,0.773,0.4635,0.6501,0.732,0.2068,0.5753,0.696,0.4548,0.5501,0.447,0.1806,0.4886,0.000,0.0000,1.0000,0.527,0.2666,0.5223,0.553,0.4040,0.5101
1649,55.000,15,0.000,0.0000,1.0000,0.782,0.2553,0.6706,0.772,0.4627,0.6503,0.734,0.2063,0.5755,0.704,0.4552,0.5499,0.424,0.1797,0.4888,0.000,0.0000,1.0000,0.528,0.2664,0.5220,0.553,0.4036,0.5102
1650,55.033,15,0.000,0.0000,1.0000,0.774,0.2539,0.6704,0.769,0.4620,0.6505,0.738,0.2059,0.5755,0.710,0.4556,0.5498,0.389,0.1788,0.4886,0.000,0.0000,1.0000,0.531,0.2656,0.5219,0.550,0.4033,0.5103
1651,55.067,15,0.000,0.0000,1.0000,0.765,0.2532,0.6700,0.764,0.4618,0.6503,0.745,0.2051,0.5760,0.711,0.4557,0.5499,0.351,0.1780,0.4889,0.000,0.0000,1.0000,0.528,0.2656,0.5220,0.550,0.4032,0.5102
1652,55.100,15,0.000,0.0000,1.0000,0.759,0.2524,0.6698,0.763,0.4617,0.6502,0.747,0.2053,0.5756,0.706,0.4559,0.5506,0.299,0.1771,0.4904,0.000,0.0000,1.0000,0.528,0.2657,0.5220,0.552,0.4032,0.5103
1653,55.133,15,0.000,0.0000,1.0000,0.756,0.2520,0.6697,0.758,0.4611,0.6505,0.749,0.2044,0.5755,0.711,0.4558,0.5509,0.256,0.1766,0.4903,0.000,0.0000,1.0000,0.526,0.2659,0.5224,0.552,0.4030,0.5104
1654,55.167,15,0.000,0.0000,1.0000,0.751,0.2518,0.6696,0.757,0.4612,0.6502,0.758,0.2037,0.5754,0.721,0.4545,0.5514,0.216,0.1762,0.4906,0.000,0.0000,1.0000,0.522,0.2663,0.5226,0.549,0.4030,0.5100
1655,55.200,15,0.000,0.0000,1.0000,0.746,0.2514,0.6695,0.756,0.4606,0.6502,0.769,0.2028,0.5751,0.718,0.4540,0.5510,0.200,0.1742,0.4893,0.000,0.0000,1.0000,0.525,0.2658,0.5226,0.546,0.4025,0.5101
1656,55.233,15,0.000,0.0000,1.0000,0.750,0.2503,0.6693,0.754,0.4598,0.6506,0.772,0.2022,0.5752,0.724,0.4538,0.5513,0.190,0.1733,0.4870,0.000,0.0000,1.0000,0.524,0.2654,0.5226,0.545,0.4024,0.5104
1657,55.267,15,0.000,0.0000,1.0000,0.755,0.2496,0.6691,0.752,0.4597,0.6503,0.775,0.2016,0.5746,0.723,0.4532,0.5506,0.202,0.1726,0.4866,0.000,0.0000,1.0000,0.521,0.2654,0.5228,0.541,0.4022,0.5106
1658,55.300,15,0.000,0.0000,1.0000,0.760,0.2492,0.6690,0.755,0.4595,0.6501,0.774,0.2016,0.5744,0.723,0.4523,0.5510,0.205,0.1735,0.4854,0.000,0.0000,1.0000,0.523,0.2648,0.5226,0.538,0.4018,0.5106
1659,55.333,15,0.000,0.0000,1.0000,0.761,0.2490,0.6690,0.753,0.4590,0.6499,0.775,0.2004,0.5738,0.712,0.4506,0.5510,0.209,0.1735,0.4850,0.000,0.0000,1.0000,0.523,0.2649,0.5224,0.541,0.4021,0.5103
1660,55.367,15,0.000,0.0000,1.0000,0.762,0.2490,0.6688,0.758,0.4587,0.6497,0.777,0.2000,0.5737,0.711,0.4495,0.5519,0.196,0.1739,0.4830,0.000,0.0000,1.0000,0.525,0.2637,0.5220,0.536,0.4016,0.5103
1661,55.400,15,0.000,0.0000,1.0000,0.762,0.2488,0.6687,0.753,0.4582,0.6497,0.781,0.1998,0.5737,0.710,0.4496,0.5519,0.172,0.1697,0.4800,0.000,0.0000,1.0000,0.525,0.2634,0.5221,0.531,0.4013,0.5105
1662,55.433,15,0.000,0.0000,1.0000,0.761,0.2488,0.6684,0.753,0.4580,0.6497,0.783,0.1999,0.5736,0.704,0.4487,0.5520,0.159,0.1689,0.4802,0.000,0.0000,1.0000,0.524,0.2633,0.5221,0.530,0.4011,0.5104
1663,55.467,15,0.000,0.0000,1.0000,0.757,0.2488,0.6684,0.747,0.4576,0.6498,0.784,0.1995,0.5736,0.703,0.4481,0.5511,0.164,0.1691,0.4805,0.000,0.0000,1.0000,0.528,0.2630,0.5218,0.524,0.3997,0.5102
1664,55.500,15,0.000,0.0000,1.0000,0.758,0.2488,0.6683,0.750,0.4577,0.6496,0.793,0.1987,0.5739,0.699,0.4476,0.5504,0.149,0.1701,0.4821,0.000,0.0000,1.0000,0.532,0.2632,0.5217,0.526,0.3997,0.5097
1665,55.533,15,0.000,0.0000,1.0000,0.760,0.2482,0.6681,0.745,0.4574,0.6495,0.807,0.1978,0.5736,0.704,0.4470,0.5501,0.147,0.1684,0.4793,0.000,0.0000,1.0000,0.531,0.2623,0.5217,0.522,0.3994,0.5097
1666,55.567,15,0.000,0.0000,1.0000,0.756,0.2488,0.6682,0.744,0.4572,0.6494,0.807,0.1975,0.5734,0.701,0.4470,0.5501,0.155,0.1694,0.4786,0.000,0.0000,1.0000,0.531,0.2618,0.5215,0.520,0.3990,0.5096
1667,55.600,15,0.000,0.0000,1.0000,0.760,0.2480,0.6680,0.741,0.4570,0.6493,0.810,0.1974,0.5734,0.722,0.4475,0.5491,0.155,0.1694,0.4784,0.000,0.0000,1.0000,0.530,0.2617,0.5216,0.516,0.3989,0.5096
1668,55.633,15,0.000,0.0000,1.0000,0.761,0.2478,0.6680,0.742,0.4569,0.6493,0.812,0.1971,0.5735,0.730,0.4478,0.5489,0.150,0.1692,0.4782,0.000,0.0000,1.0000,0.530,0.2618,0.5217,0.514,0.3988,0.5097
1669,55.667,15,0.000,0.0000,1.0000,0.761,0.2478,0.6680,0.746,0.4565,0.6493,0.812,0.1970,0.5734,0.730,0.4478,0.5488,0.154,0.1692,0.4769,0.000,0.0000,1.0000,0.529,0.2617,0.5217,0.515,0.3988,0.5096
1670,55.700,15,0.000,0.0000,1.0000,0.760,0.2479,0.6680,0.747,0.4564,0.6493,0.812,0.1970,0.5733,0.728,0.4477,0.5489,0.159,0.1692,0.4781,0.000,0.0000,1.0000,0.527,0.2617,0.5217,0.513,0.3986,0.5095
1671,55.733,15,0.000,0.0000,1.0000,0.759,0.2483,0.6682,0.749,0.4563,0.6491,0.813,0.1969,0.5733,0.728,0.4479,0.5489,0.146,0.1690,0.4780,0.000,0.0000,1.0000,0.530,0.2617,0.5217,0.513,0.3987,0.5094
1672,55.767,15,0.000,0.0000,1.0000,0.760,0.2479,0.6681,0.750,0.4563,0.6491,0.814,0.1971,0.5734,0.729,0.4476,0.5490,0.132,0.1682,0.4771,0.000,0.0000,1.0000,0.532,0.2617,0.5218,0.512,0.3986,0.5095
1673,55.800,15,0.000,0.0000,1.0000,0.761,0.2478,0.6681,0.749,0.4563,0.6491,0.807,0.1974,0.5732,0.718,0.4473,0.5492,0.148,0.1678,0.4752,0.000,0.0000,1.0000,0.531,0.2613,0.5217,0.511,0.3986,0.5095
1674,55.833,15,0.000,0.0000,1.0000,0.761,0.2478,0.6680,0.748,0.4564,0.6492,0.801,0.1982,0.5730,0.711,0.4468,0.5494,0.159,0.1676,0.4750,0.000,0.0000,1.0000,0.532,0.2607,0.5215,0.510,0.3985,0.5094
1675,55.867,15,0.000,0.0000,1.0000,0.763,0.2476,0.6680,0.747,0.4565,0.6490,0.805,0.1984,0.5727,0.714,0.4462,0.5494,0.168,0.1679,0.4756,0.000,0.0000,1.0000,0.532,0.2613,0.5219,0.510,0.3986,0.5094
1676,55.900,15,0.000,0.0000,1.0000,0.763,0.2477,0.6680,0.750,0.4566,0.6488,0.805,0.1984,0.5724,0.720,0.4464,0.5489,0.189,0.1710,0.4771,0.000,0.0000,1.0000,0.531,0.2608,0.5217,0.509,0.3986,0.5093
1677,55.933,15,0.000,0.0000,1.0000,0.765,0.2478,0.6680,0.750,0.4566,0.6487,0.807,0.1982,0.5724,0.722,0.4463,0.5488,0.185,0.1719,0.4782,0.000,0.0000,1.0000,0.533,0.2609,0.5217,0.508,0.3985,0.5094
1678,55.967,15,0.000,0.0000,1.0000,0.765,0.2479,0.6680,0.749,0.4569,0.6486,0.802,0.1985,0.5723,0.721,0.4469,0.5488,0.198,0.1723,0.4784,0.000,0.0000,1.0000,0.533,0.2610,0.5216,0.509,0.3986,0.5093
1679,56.000,15,0.000,0.0000,1.0000,0.762,0.2484,0.6682,0.749,0.4569,0.6486,0.796,0.1987,0.5723,0.723,0.4473,0.5486,0.206,0.1718,0.4779,0.000,0.0000,1.0000,0.532,0.2611,0.5215,0.512,0.3988,0.5093
1680,56.033,15,0.000,0.0000,1.0000,0.760,0.2486,0.6682,0.750,0.4571,0.6485,0.793,0.1989,0.5724,0.721,0.4476,0.5487,0.219,0.1730,0.4794,0.000,0.0000,1.0000,0.533,0.2615,0.5215,0.515,0.3992,0.5091
1681,56.067,15,0.000,0.0000,1.0000,0.761,0.2487,0.6682,0.749,0.4571,0.6485,0.792,0.1992,0.5726,0.737,0.4494,0.5486,0.216,0.1729,0.4796,0.000,0.0000,1.0000,0.533,0.2613,0.5214,0.517,0.3992,0.5091
1682,56.100,15,0.000,0.0000,1.0000,0.758,0.2490,0.6682,0.754,0.4575,0.6482,0.794,0.1991,0.5727,0.744,0.4512,0.5486,0.214,0.1731,0.4806,0.000,0.0000,1.0000,0.535,0.2617,0.5212,0.521,0.3998,0.5088
1683,56.133,15,0.000,0.0000,1.0000,0.754,0.2490,0.6678,0.755,0.4575,0.6482,0.783,0.1993,0.5721,0.754,0.4524,0.5485,0.235,0.1732,0.4776,0.000,0.0000,1.0000,0.542,0.2629,0.5211,0.531,0.4003,0.5086
1684,56.167,15,0.000,0.0000,1.0000,0.755,0.2489,0.6675,0.753,0.4574,0.6483,0.780,0.1994,0.5719,0.756,0.4533,0.5485,0.257,0.1750,0.4799,0.000,0.0000,1.0000,0.540,0.2625,0.5207,0.533,0.4006,0.5086
1685,56.200,15,0.000,0.0000,1.0000,0.754,0.2490,0.6675,0.752,0.4576,0.6483,0.774,0.1995,0.5718,0.758,0.4540,0.5484,0.286,0.1749,0.4810,0.000,0.0000,1.0000,0.542,0.2636,0.5210,0.533,0.4007,0.5087
1686,56.233,15,0.000,0.0000,1.0000,0.751,0.2493,0.6674,0.750,0.4576,0.6487,0.771,0.1995,0.5713,0.755,0.4542,0.5485,0.324,0.1762,0.4830,0.000,0.0000,1.0000,0.541,0.2631,0.5208,0.531,0.4005,0.5088
1687,56.267,15,0.000,0.0000,1.0000,0.751,0.2495,0.6675,0.748,0.4576,0.6490,0.769,0.1995,0.5713,0.753,0.4552,0.5486,0.347,0.1765,0.4833,0.000,0.0000,1.0000,0.538,0.2633,0.5209,0.535,0.4011,0.5092
1688,56.300,15,0.000,0.0000,1.0000,0.752,0.2494,0.6675,0.748,0.4578,0.6492,0.752,0.2002,0.5708,0.750,0.4556,0.5487,0.392,0.1774,0.4847,0.000,0.0000,1.0000,0.541,0.2631,0.5209,0.540,0.4015,0.5093
1689,56.333,15,0.000,0.0000,1.0000,0.749,0.2497,0.6675,0.748,0.4580,0.6494,0.740,0.2013,0.5708,0.741,0.4556,0.5490,0.434,0.1782,0.4864,0.000,0.0000,1.0000,0.542,0.2634,0.5210,0.540,0.4019,0.5096
1690,56.367,15,0.000,0.0000,1.0000,0.750,0.2497,0.6675,0.750,0.4584,0.6495,0.739,0.2020,0.5708,0.736,0.4558,0.5491,0.461,0.1788,0.4871,0.000,0.0000,1.0000,0.541,0.2636,0.5211,0.538,0.4022,0.5099
1691,56.400,15,0.000,0.0000,1.0000,0.747,0.2501,0.6676,0.754,0.4588,0.6496,0.734,0.2025,0.5708,0.733,0.4560,0.5494,0.452,0.1797,0.4858,0.000,0.0000,1.0000,0.538,0.2647,0.5216,0.542,0.4027,0.5100
1692,56.433,15,0.000,0.0000,1.0000,0.747,0.2501,0.6675,0.754,0.4591,0.6497,0.733,0.2027,0.5708,0.727,0.4561,0.5496,0.479,0.1808,0.4862,0.000,0.0000,1.0000,0.540,0.2655,0.5211,0.545,0.4030,0.5098
1693,56.467,15,0.000,0.0000,1.0000,0.747,0.2509,0.6677,0.764,0.4601,0.6492,0.730,0.2032,0.5712,0.721,0.4561,0.5495,0.463,0.1805,0.4859,0.000,0.0000,1.0000,0.540,0.2661,0.5216,0.548,0.4034,0.5098
1694,56.500,15,0.000,0.0000,1.0000,0.747,0.2508,0.6676,0.762,0.4604,0.6494,0.732,0.2034,0.5714,0.722,0.4561,0.5494,0.458,0.1808,0.4855,0.000,0.0000,1.0000,0.538,0.2669,0.5216,0.552,0.4041,0.5094
1695,56.533,15,0.000,0.0000,1.0000,0.750,0.2510,0.6679,0.753,0.4601,0.6499,0.733,0.2036,0.5719,0.724,0.4560,0.5492,0.417,0.1811,0.4854,0.000,0.0000,1.0000,0.536,0.2672,0.5215,0.553,0.4057,0.5092
1696,56.567,15,0.000,0.0000,1.0000,0.759,0.2518,0.6683,0.752,0.4604,0.6501,0.735,0.2043,0.5728,0.721,0.4559,0.5494,0.379,0.1812,0.4858,0.000,0.0000,1.0000,0.536,0.2670,0.5215,0.552,0.4058,0.5092
1697,56.600,15,0.000,0.0000,1.0000,0.759,0.2519,0.6682,0.749,0.4605,0.6503,0.734,0.2050,0.5734,0.716,0.4557,0.5494,0.358,0.1811,0.4863,0.000,0.0000,1.0000,0.531,0.2673,0.5216,0.551,0.4064,0.5095
1698,56.633,15,0.000,0.0000,1.0000,0.762,0.2520,0.6683,0.747,0.4604,0.6503,0.734,0.2051,0.5734,0.716,0.4558,0.5493,0.378,0.1824,0.4859,0.000,0.0000,1.0000,0.531,0.2672,0.5215,0.551,0.4072,0.5094
1699,56.667,15,0.000,0.0000,1.0000,0.760,0.2521,0.6680,0.750,0.4606,0.6503,0.731,0.2054,0.5734,0.713,0.4557,0.5494,0.369,0.1821,0.4852,0.000,0.0000,1.0000,0.528,0.2673,0.5215,0.549,0.4074,0.5094
1700,56.700,15,0.000,0.0000,1.0000,0.767,0.2524,0.6686,0.755,0.4607,0.6506,0.729,0.2055,0.5733,0.713,0.4558,0.5496,0.376,0.1824,0.4853,0.000,0.0000,1.0000,0.530,0.2671,0.5213,0.548,0.4074,0.5094
1701,56.733,15,0.000,0.0000,1.0000,0.767,0.2523,0.6687,0.760,0.4608,0.6508,0.727,0.2055,0.5733,0.706,0.4555,0.5498,0.381,0.1829,0.4854,0.000,0.0000,1.0000,0.524,0.2676,0.5213,0.545,0.4080,0.5092
1702,56.767,15,0.000,0.0000,1.0000,0.770,0.2531,0.6687,0.764,0.4612,0.6508,0.728,0.2059,0.5736,0.702,0.4557,0.5500,0.359,0.1835,0.4871,0.000,0.0000,1.0000,0.528,0.2673,0.5212,0.547,0.4085,0.5090
1703,56.800,15,0.000,0.0000,1.0000,0.766,0.2528,0.6687,0.766,0.4610,0.6512,0.731,0.2060,0.5737,0.701,0.4557,0.5501,0.361,0.1835,0.4880,0.000,0.0000,1.0000,0.530,0.2675,0.5210,0.546,0.4087,0.5089
1704,56.833,15,0.000,0.0000,1.0000,0.773,0.2534,0.6690,0.768,0.4611,0.6511,0.728,0.2062,0.5736,0.701,0.4558,0.5499,0.379,0.1839,0.4884,0.000,0.0000,1.0000,0.528,0.2673,0.5210,0.545,0.4087,0.5089
1705,56.867,15,0.000,0.0000,1.0000,0.771,0.2532,0.6686,0.767,0.4610,0.6512,0.732,0.2065,0.5736,0.703,0.4559,0.5499,0.362,0.1839,0.4881,0.000,0.0000,1.0000,0.527,0.2677,0.5211,0.544,0.4089,0.5089
1706,56.900,15,0.000,0.0000,1.0000,0.776,0.2537,0.6686,0.767,0.4610,0.6511,0.735,0.2065,0.5734,0.708,0.4562,0.5496,0.359,0.1844,0.4876,0.000,0.0000,1.0000,0.529,0.2676,0.5210,0.544,0.4088,0.5090
1707,56.933,15,0.000,0.0000,1.0000,0.772,0.2534,0.6686,0.768,0.4609,0.6512,0.734,0.2069,0.5732,0.710,0.4563,0.5495,0.359,0.1844,0.4875,0.000,0.0000,1.0000,0.531,0.2675,0.5211,0.542,0.4090,0.5090
1708,56.967,15,0.000,0.0000,1.0000,0.778,0.2543,0.6690,0.765,0.4611,0.6511,0.737,0.2069,0.5732,0.709,0.4562,0.5494,0.359,0.1840,0.4881,0.000,0.0000,1.0000,0.531,0.2676,0.5214,0.540,0.4091,0.5090
1709,57.000,15,0.000,0.0000,1.0000,0.779,0.2544,0.6687,0.768,0.4613,0.6510,0.736,0.2070,0.5729,0.710,0.4563,0.5493,0.376,0.1843,0.4875,0.000,0.0000,1.0000,0.532,0.2675,0.5212,0.539,0.4099,0.5092
1710,57.033,15,0.000,0.0000,1.0000,0.779,0.2546,0.6685,0.767,0.4615,0.6509,0.737,0.2069,0.5733,0.716,0.4564,0.5491,0.347,0.1835,0.4873,0.000,0.0000,1.0000,0.530,0.2674,0.5212,0.539,0.4098,0.5091
1711,57.067,15,0.000,0.0000,1.0000,0.778,0.2543,0.6682,0.767,0.4613,0.6510,0.736,0.2070,0.5731,0.723,0.4570,0.5489,0.361,0.1837,0.4876,0.000,0.0000,1.0000,0.527,0.2677,0.5211,0.542,0.4101,0.5089
1712,57.100,15,0.000,0.0000,1.0000,0.781,0.2547,0.6681,0.773,0.4617,0.6513,0.740,0.2072,0.5729,0.721,0.4571,0.5489,0.381,0.1843,0.4870,0.000,0.0000,1.0000,0.528,0.2671,0.5212,0.537,0.4097,0.5093
1713,57.133,15,0.000,0.0000,1.0000,0.784,0.2549,0.6683,0.772,0.4618,0.6512,0.739,0.2072,0.5729,0.728,0.4570,0.5486,0.376,0.1843,0.4869,0.000,0.0000,1.0000,0.527,0.2670,0.5210,0.537,0.4098,0.5092
1714,57.167,15,0.000,0.0000,1.0000,0.783,0.2549,0.6682,0.773,0.4622,0.6509,0.742,0.2071,0.5731,0.731,0.4570,0.5483,0.354,0.1842,0.4868,0.000,0.0000,1.0000,0.528,0.2669,0.5210,0.538,0.4098,0.5092
1715,57.200,15,0.000,0.0000,1.0000,0.786,0.2556,0.6687,0.772,0.4623,0.6508,0.740,0.2069,0.5734,0.737,0.4573,0.5481,0.346,0.1843,0.4870,0.000,0.0000,1.0000,0.526,0.2671,0.5210,0.538,0.4098,0.5092
1716,57.233,15,0.000,0.0000,1.0000,0.787,0.2554,0.6685,0.771,0.4622,0.6508,0.741,0.2066,0.5738,0.739,0.4576,0.5482,0.339,0.1839,0.4878,0.000,0.0000,1.0000,0.527,0.2670,0.5210,0.538,0.4097,0.5093
1717,57.267,15,0.000,0.0000,1.0000,0.791,0.2563,0.6691,0.771,0.4630,0.6506,0.737,0.2063,0.5745,0.744,0.4577,0.5480,0.316,0.1846,0.4876,0.000,0.0000,1.0000,0.528,0.2671,0.5210,0.541,0.4090,0.5093
1718,57.300,15,0.000,0.0000,1.0000,0.793,0.2566,0.6693,0.776,0.4632,0.6507,0.730,0.2060,0.5750,0.750,0.4581,0.5481,0.298,0.1837,0.4867,0.000,0.0000,1.0000,0.528,0.2669,0.5209,0.541,0.4083,0.5094
1719,57.333,15,0.000,0.0000,1.0000,0.793,0.2567,0.6693,0.774,0.4637,0.6507,0.729,0.2060,0.5750,0.761,0.4584,0.5479,0.310,0.1843,0.4870,0.000,0.0000,1.0000,0.527,0.2667,0.5208,0.539,0.4088,0.5092
1720,57.367,15,0.000,0.0000,1.0000,0.794,0.2567,0.6694,0.774,0.4638,0.6507,0.728,0.2061,0.5749,0.765,0.4587,0.5481,0.322,0.1850,0.4880,0.000,0.0000,1.0000,0.527,0.2668,0.5208,0.540,0.4088,0.5091
1721,57.400,15,0.000,0.0000,1.0000,0.795,0.2566,0.6694,0.771,0.4645,0.6503,0.729,0.2060,0.5749,0.770,0.4590,0.5483,0.339,0.1853,0.4885,0.000,0.0000,1.0000,0.528,0.2665,0.5208,0.543,0.4083,0.5093
1722,57.433,15,0.000,0.0000,1.0000,0.792,0.2567,0.6693,0.774,0.4649,0.6505,0.730,0.2061,0.5747,0.770,0.4596,0.5489,0.330,0.1852,0.4885,0.000,0.0000,1.0000,0.529,0.2662,0.5209,0.543,0.4083,0.5095
1723,57.467,15,0.000,0.0000,1.0000,0.791,0.2565,0.6690,0.772,0.4651,0.6504,0.733,0.2061,0.5744,0.773,0.4598,0.5490,0.339,0.1852,0.4881,0.000,0.0000,1.0000,0.528,0.2663,0.5209,0.543,0.4082,0.5095
1724,57.500,15,0.000,0.0000,1.0000,0.788,0.2564,0.6689,0.772,0.4654,0.6503,0.733,0.2064,0.5744,0.768,0.4599,0.5492,0.341,0.1844,0.4884,0.000,0.0000,1.0000,0.529,0.2661,0.5211,0.542,0.4083,0.5096
1725,57.533,15,0.000,0.0000,1.0000,0.789,0.2565,0.6690,0.771,0.4658,0.6500,0.732,0.2063,0.5745,0.774,0.4602,0.5493,0.332,0.1849,0.4882,0.000,0.0000,1.0000,0.528,0.2661,0.5210,0.543,0.4085,0.5096
1726,57.567,15,0.000,0.0000,1.0000,0.789,0.2567,0.6686,0.772,0.4659,0.6500,0.732,0.2063,0.5745,0.774,0.4604,0.5495,0.326,0.1849,0.4885,0.000,0.0000,1.0000,0.530,0.2660,0.5211,0.545,0.4084,0.5096
1727,57.600,15,0.000,0.0000,1.0000,0.793,0.2572,0.6692,0.777,0.4664,0.6497,0.732,0.2065,0.5746,0.772,0.4606,0.5497,0.311,0.1855,0.4887,0.000,0.0000,1.0000,0.529,0.2659,0.5211,0.546,0.4084,0.5096
1728,57.633,15,0.000,0.0000,1.0000,0.799,0.2572,0.6693,0.780,0.4662,0.6503,0.735,0.2070,0.5742,0.784,0.4615,0.5507,0.329,0.1850,0.4885,0.000,0.0000,1.0000,0.530,0.2662,0.5212,0.550,0.4083,0.5097
1729,57.667,15,0.000,0.0000,1.0000,0.798,0.2570,0.6691,0.782,0.4664,0.6504,0.738,0.2074,0.5737,0.804,0.4622,0.5512,0.375,0.1842,0.4884,0.000,0.0000,1.0000,0.535,0.2655,0.5209,0.550,0.4077,0.5097
1730,57.700,15,0.000,0.0000,1.0000,0.797,0.2571,0.6694,0.786,0.4660,0.6507,0.737,0.2075,0.5735,0.832,0.4640,0.5531,0.383,0.1840,0.4882,0.000,0.0000,1.0000,0.540,0.2649,0.5207,0.550,0.4064,0.5100
1731,57.733,15,0.000,0.0000,1.0000,0.797,0.2568,0.6692,0.795,0.4658,0.6511,0.739,0.2075,0.5736,0.836,0.4646,0.5533,0.366,0.1835,0.4880,0.000,0.0000,1.0000,0.543,0.2649,0.5208,0.550,0.4065,0.5099
1732,57.767,15,0.000,0.0000,1.0000,0.793,0.2569,0.6691,0.792,0.4659,0.6511,0.736,0.2076,0.5735,0.831,0.4650,0.5529,0.378,0.1837,0.4881,0.000,0.0000,1.0000,0.542,0.2648,0.5208,0.548,0.4064,0.5100
1733,57.800,15,0.000,0.0000,1.0000,0.794,0.2572,0.6691,0.798,0.4656,0.6516,0.740,0.2076,0.5735,0.828,0.4662,0.5530,0.369,0.1832,0.4877,0.000,0.0000,1.0000,0.544,0.2652,0.5210,0.548,0.4063,0.5100
1734,57.833,15,0.000,0.0000,1.0000,0.797,0.2574,0.6690,0.799,0.4657,0.6517,0.740,0.2080,0.5732,0.830,0.4661,0.5531,0.368,0.1831,0.4873,0.000,0.0000,1.0000,0.547,0.2648,0.5211,0.549,0.4059,0.5103
1735,57.867,15,0.000,0.0000,1.0000,0.792,0.2569,0.6685,0.802,0.4664,0.6515,0.747,0.2084,0.5731,0.833,0.4662,0.5533,0.377,0.1834,0.4867,0.000,0.0000,1.0000,0.546,0.2651,0.5214,0.547,0.4055,0.5103
1736,57.900,15,0.000,0.0000,1.0000,0.788,0.2572,0.6682,0.801,0.4667,0.6513,0.748,0.2088,0.5727,0.834,0.4660,0.5534,0.396,0.1833,0.4868,0.000,0.0000,1.0000,0.546,0.2651,0.5213,0.549,0.4054,0.5103
1737,57.933,15,0.000,0.0000,1.0000,0.786,0.2574,0.6678,0.795,0.4667,0.6511,0.742,0.2086,0.5717,0.836,0.4661,0.5536,0.425,0.1834,0.4868,0.000,0.0000,1.0000,0.548,0.2639,0.5213,0.546,0.4051,0.5105
1738,57.967,15,0.000,0.0000,1.0000,0.793,0.2576,0.6676,0.793,0.4671,0.6509,0.742,0.2079,0.5714,0.832,0.4666,0.5535,0.416,0.1835,0.4868,0.000,0.0000,1.0000,0.549,0.2639,0.5214,0.544,0.4051,0.5107
1739,58.000,15,0.000,0.0000,1.0000,0.798,0.2575,0.6674,0.796,0.4675,0.6510,0.730,0.2070,0.5712,0.825,0.4673,0.5531,0.443,0.1836,0.4870,0.000,0.0000,1.0000,0.547,0.2640,0.5214,0.543,0.4053,0.5108
1740,58.033,15,0.000,0.0000,1.0000,0.789,0.2571,0.6668,0.801,0.4678,0.6515,0.733,0.2050,0.5723,0.830,0.4677,0.5537,0.436,0.1844,0.4876,0.000,0.0000,1.0000,0.541,0.2649,0.5216,0.542,0.4058,0.5111
1741,58.067,15,0.000,0.0000,1.0000,0.782,0.2568,0.6663,0.800,0.4680,0.6516,0.737,0.2032,0.5718,0.826,0.4691,0.5540,0.432,0.1849,0.4875,0.000,0.0000,1.0000,0.543,0.2641,0.5216,0.542,0.4059,0.5112
1742,58.100,15,0.000,0.0000,1.0000,0.783,0.2574,0.6661,0.798,0.4681,0.6515,0.763,0.2016,0.5716,0.820,0.4697,0.5542,0.440,0.1855,0.4876,0.000,0.0000,1.0000,0.546,0.2644,0.5212,0.541,0.4059,0.5111
1743,58.133,15,0.000,0.0000,1.0000,0.777,0.2573,0.6656,0.794,0.4681,0.6513,0.773,0.2006,0.5712,0.824,0.4697,0.5544,0.416,0.1853,0.4876,0.000,0.0000,1.0000,0.543,0.2645,0.5210,0.546,0.4066,0.5110
1744,58.167,15,0.000,0.0000,1.0000,0.776,0.2571,0.6654,0.787,0.4680,0.6507,0.781,0.2001,0.5709,0.825,0.4691,0.5540,0.399,0.1846,0.4872,0.000,0.0000,1.0000,0.545,0.2638,0.5207,0.547,0.4068,0.5109
1745,58.200,15,0.000,0.0000,1.0000,0.779,0.2573,0.6653,0.788,0.4682,0.6502,0.795,0.1994,0.5717,0.829,0.4692,0.5545,0.342,0.1849,0.4873,0.000,0.0000,1.0000,0.550,0.2640,0.5204,0.547,0.4069,0.5109
1746,58.233,15,0.000,0.0000,1.0000,0.783,0.2580,0.6655,0.794,0.4688,0.6496,0.800,0.1974,0.5723,0.822,0.4695,0.5541,0.321,0.1850,0.4874,0.000,0.0000,1.0000,0.551,0.2654,0.5205,0.551,0.4073,0.5104
1747,58.267,15,0.000,0.0000,1.0000,0.787,0.2584,0.6656,0.800,0.4693,0.6493,0.808,0.1959,0.5727,0.814,0.4716,0.5546,0.273,0.1839,0.4867,0.000,0.0000,1.0000,0.553,0.2658,0.5206,0.554,0.4077,0.5104
1748,58.300,15,0.000,0.0000,1.0000,0.784,0.2585,0.6656,0.801,0.4688,0.6495,0.804,0.1946,0.5734,0.805,0.4740,0.5553,0.244,0.1840,0.4870,0.000,0.0000,1.0000,0.559,0.2657,0.5205,0.555,0.4068,0.5106
1749,58.333,15,0.000,0.0000,1.0000,0.775,0.2591,0.6651,0.808,0.4699,0.6490,0.801,0.1918,0.5739,0.774,0.4759,0.5541,0.210,0.1834,0.4868,0.000,0.0000,1.0000,0.558,0.2667,0.5205,0.554,0.4080,0.5103
1750,58.367,15,0.000,0.0000,1.0000,0.761,0.2573,0.6642,0.813,0.4698,0.6485,0.792,0.1912,0.5731,0.743,0.4769,0.5514,0.237,0.1835,0.4871,0.000,0.0000,1.0000,0.556,0.2666,0.5203,0.549,0.4069,0.5110
1751,58.400,15,0.000,0.0000,1.0000,0.752,0.2564,0.6636,0.816,0.4681,0.6490,0.789,0.1902,0.5725,0.820,0.4803,0.5546,0.295,0.1860,0.4878,0.000,0.0000,1.0000,0.561,0.2651,0.5197,0.554,0.4051,0.5110
1752,58.433,15,0.000,0.0000,1.0000,0.744,0.2557,0.6631,0.818,0.4676,0.6492,0.787,0.1902,0.5721,0.820,0.4828,0.5545,0.327,0.1856,0.4874,0.000,0.0000,1.0000,0.562,0.2640,0.5199,0.555,0.4038,0.5109
1753,58.467,15,0.000,0.0000,1.0000,0.736,0.2557,0.6625,0.813,0.4668,0.6495,0.783,0.1894,0.5722,0.814,0.4867,0.5555,0.332,0.1844,0.4867,0.000,0.0000,1.0000,0.562,0.2643,0.5198,0.559,0.4037,0.5110
1754,58.500,15,0.000,0.0000,1.0000,0.725,0.2546,0.6622,0.806,0.4663,0.6499,0.771,0.1885,0.5717,0.765,0.4958,0.5600,0.345,0.1831,0.4858,0.000,0.0000,1.0000,0.562,0.2631,0.5195,0.560,0.4029,0.5109
1755,58.533,15,0.000,0.0000,1.0000,0.727,0.2550,0.6619,0.807,0.4669,0.6498,0.764,0.1872,0.5714,0.754,0.5012,0.5618,0.371,0.1818,0.4845,0.000,0.0000,1.0000,0.560,0.2627,0.5191,0.566,0.4027,0.5108
1756,58.567,15,0.000,0.0000,1.0000,0.725,0.2550,0.6618,0.809,0.4668,0.6499,0.788,0.1835,0.5711,0.843,0.5067,0.5662,0.323,0.1792,0.4850,0.000,0.0000,1.0000,0.565,0.2618,0.5189,0.568,0.4011,0.5109
1757,58.600,15,0.000,0.0000,1.0000,0.723,0.2555,0.6619,0.811,0.4679,0.6499,0.782,0.1816,0.5735,0.862,0.5127,0.5700,0.239,0.1788,0.4864,0.000,0.0000,1.0000,0.572,0.2619,0.5193,0.570,0.4004,0.5109
1758,58.633,15,0.000,0.0000,1.0000,0.725,0.2552,0.6619,0.808,0.4687,0.6502,0.774,0.1814,0.5743,0.838,0.5161,0.5732,0.246,0.1784,0.4863,0.000,0.0000,1.0000,0.576,0.2611,0.5192,0.563,0.3994,0.5109
1759,58.667,15,0.000,0.0000,1.0000,0.723,0.2560,0.6621,0.800,0.4705,0.6506,0.778,0.1785,0.5759,0.799,0.5177,0.5745,0.259,0.1777,0.4865,0.000,0.0000,1.0000,0.574,0.2616,0.5195,0.559,0.3993,0.5109
1760,58.700,15,0.000,0.0000,1.0000,0.726,0.2569,0.6622,0.790,0.4712,0.6510,0.801,0.1756,0.5775,0.763,0.5188,0.5752,0.183,0.1727,0.4855,0.000,0.0000,1.0000,0.583,0.2619,0.5198,0.557,0.3992,0.5109
1761,58.733,15,0.000,0.0000,1.0000,0.730,0.2578,0.6625,0.801,0.4709,0.6518,0.822,0.1743,0.5809,0.780,0.5166,0.5769,0.200,0.2821,0.5692,0.000,0.0000,1.0000,0.596,0.2626,0.5200,0.561,0.3994,0.5107
1762,58.767,15,0.000,0.0000,1.0000,0.730,0.2583,0.6625,0.814,0.4714,0.6525,0.828,0.1736,0.5838,0.807,0.5153,0.5794,0.318,0.2742,0.5735,0.000,0.0000,1.0000,0.601,0.2640,0.5200,0.564,0.3999,0.5104
1763,58.800,15,0.000,0.0000,1.0000,0.737,0.2594,0.6631,0.821,0.4717,0.6531,0.805,0.1716,0.5852,0.822,0.5160,0.5819,0.156,0.2739,0.5799,0.000,0.0000,1.0000,0.598,0.2632,0.5194,0.563,0.3998,0.5105
1764,58.833,15,0.000,0.0000,1.0000,0.742,0.2625,0.6644,0.828,0.4716,0.6542,0.764,0.1720,0.5892,0.821,0.5169,0.5836,0.422,0.2722,0.5786,0.000,0.0000,1.0000,0.609,0.2646,0.5199,0.564,0.4003,0.5106
1765,58.867,15,0.000,0.0000,1.0000,0.749,0.2642,0.6650,0.835,0.4717,0.6547,0.790,0.1707,0.5922,0.830,0.5161,0.5838,0.503,0.2663,0.5812,0.000,0.0000,1.0000,0.607,0.2660,0.5201,0.566,0.4006,0.5102
1766,58.900,15,0.000,0.0000,1.0000,0.748,0.2646,0.6652,0.841,0.4711,0.6553,0.776,0.1697,0.5953,0.821,0.5165,0.5832,0.566,0.2577,0.5841,0.000,0.0000,1.0000,0.612,0.2648,0.5200,0.564,0.4008,0.5102
1767,58.933,16,0.000,0.0000,1.0000,0.755,0.2628,0.6654,0.852,0.4702,0.6559,0.783,0.1680,0.5971,0.833,0.5136,0.5823,0.378,0.2658,0.5877,0.101,0.3849,0.5866,0.603,0.2643,0.5197,0.565,0.4013,0.5106
1768,58.967,16,0.000,0.0000,1.0000,0.763,0.2608,0.6651,0.857,0.4697,0.6570,0.809,0.1642,0.5972,0.843,0.5126,0.5817,0.177,0.2627,0.5924,0.101,0.3887,0.5844,0.585,0.2631,0.5183,0.564,0.4016,0.5107
1769,59.000,16,0.000,0.0000,1.0000,0.773,0.2593,0.6660,0.860,0.4696,0.6573,0.806,0.1629,0.5978,0.848,0.5098,0.5802,0.253,0.2675,0.5903,0.104,0.3859,0.5840,0.581,0.2632,0.5185,0.561,0.4029,0.5108
1770,59.033,15,0.000,0.0000,1.0000,0.789,0.2617,0.6674,0.864,0.4698,0.6577,0.788,0.1647,0.5991,0.858,0.5086,0.5795,0.375,0.2716,0.5897,0.000,0.0000,1.0000,0.585,0.2645,0.5189,0.561,0.4042,0.5124
1771,59.067,16,0.000,0.0000,1.0000,0.793,0.2636,0.6680,0.862,0.4697,0.6576,0.789,0.1641,0.5995,0.866,0.5043,0.5800,0.380,0.2708,0.5903,0.111,0.3800,0.5754,0.582,0.2654,0.5196,0.566,0.4048,0.5129
1772,59.100,16,0.000,0.0000,1.0000,0.790,0.2643,0.6678,0.863,0.4694,0.6576,0.793,0.1639,0.5996,0.846,0.5033,0.5785,0.370,0.2722,0.5897,0.102,0.3777,0.5775,0.581,0.2652,0.5196,0.567,0.4048,0.5129
1773,59.133,15,0.000,0.0000,1.0000,0.785,0.2655,0.6675,0.862,0.4695,0.6572,0.806,0.1634,0.5993,0.833,0.5034,0.5771,0.383,0.2729,0.5893,0.000,0.0000,1.0000,0.582,0.2654,0.5197,0.564,0.4048,0.5123
1774,59.167,16,0.000,0.0000,1.0000,0.787,0.2647,0.6670,0.858,0.4692,0.6568,0.807,0.1634,0.5989,0.827,0.5032,0.5761,0.305,0.2728,0.5886,0.105,0.3897,0.5734,0.574,0.2649,0.5193,0.567,0.4046,0.5124
1775,59.200,16,0.000,0.0000,1.0000,0.782,0.2640,0.6664,0.855,0.4693,0.6564,0.805,0.1646,0.5983,0.828,0.5039,0.5756,0.294,0.2720,0.5877,0.112,0.3908,0.5730,0.575,0.2650,0.5194,0.573,0.4040,0.5129
1776,59.233,16,0.000,0.0000,1.0000,0.764,0.2673,0.6667,0.854,0.4696,0.6560,0.814,0.1644,0.5987,0.829,0.5039,0.5749,0.503,0.2690,0.5847,0.108,0.3909,0.5745,0.584,0.2673,0.5204,0.565,0.4042,0.5107
1777,59.267,16,0.000,0.0000,1.0000,0.769,0.2668,0.6663,0.852,0.4695,0.6559,0.809,0.1666,0.5979,0.834,0.5042,0.5747,0.446,0.2685,0.5852,0.121,0.3909,0.5730,0.581,0.2671,0.5196,0.566,0.4038,0.5102
1778,59.300,16,0.000,0.0000,1.0000,0.757,0.2693,0.6668,0.854,0.4691,0.6558,0.823,0.1705,0.5971,0.835,0.5034,0.5748,0.489,0.2700,0.5864,0.129,0.3882,0.5709,0.587,0.2672,0.5197,0.569,0.4034,0.5100
1779,59.333,16,0.000,0.0000,1.0000,0.749,0.2707,0.6672,0.851,0.4687,0.6556,0.833,0.1728,0.5966,0.829,0.5018,0.5744,0.518,0.2717,0.5855,0.158,0.3888,0.5670,0.585,0.2674,0.5196,0.572,0.4035,0.5101
1780,59.367,16,0.000,0.0000,1.0000,0.747,0.2710,0.6674,0.849,0.4686,0.6553,0.827,0.1765,0.5957,0.818,0.4994,0.5733,0.525,0.2731,0.5841,0.135,0.3877,0.5691,0.587,0.2669,0.5199,0.574,0.4038,0.5099
1781,59.400,16,0.000,0.0000,1.0000,0.756,0.2707,0.6675,0.847,0.4684,0.6555,0.818,0.1808,0.5938,0.798,0.4953,0.5722,0.487,0.2759,0.5832,0.106,0.3836,0.5754,0.589,0.2673,0.5202,0.572,0.4041,0.5102
1782,59.433,15,0.000,0.0000,1.0000,0.770,0.2693,0.6674,0.844,0.4680,0.6554,0.795,0.1828,0.5911,0.821,0.4904,0.5700,0.474,0.2769,0.5839,0.000,0.0000,1.0000,0.589,0.2679,0.5202,0.569,0.4046,0.5103
1783,59.467,15,0.000,0.0000,1.0000,0.783,0.2691,0.6677,0.838,0.4678,0.6551,0.757,0.1866,0.5902,0.790,0.4828,0.5662,0.449,0.2773,0.5837,0.000,0.0000,1.0000,0.590,0.2665,0.5204,0.564,0.4042,0.5103
1784,59.500,15,0.000,0.0000,1.0000,0.794,0.2686,0.6679,0.832,0.4675,0.6546,0.744,0.1882,0.5888,0.760,0.4808,0.5647,0.355,0.2766,0.5845,0.000,0.0000,1.0000,0.584,0.2662,0.5206,0.564,0.4046,0.5102
1785,59.533,15,0.000,0.0000,1.0000,0.793,0.2689,0.6684,0.826,0.4676,0.6543,0.760,0.1896,0.5891,0.729,0.4786,0.5633,0.331,0.2771,0.5820,0.000,0.0000,1.0000,0.583,0.2661,0.5209,0.563,0.4049,0.5100
1786,59.567,15,0.000,0.0000,1.0000,0.787,0.2696,0.6682,0.824,0.4678,0.6542,0.753,0.1893,0.5885,0.724,0.4776,0.5628,0.303,0.2796,0.5765,0.000,0.0000,1.0000,0.578,0.2671,0.5210,0.564,0.4063,0.5097
1787,59.600,15,0.000,0.0000,1.0000,0.784,0.2702,0.6686,0.823,0.4684,0.6534,0.746,0.1884,0.5884,0.719,0.4761,0.5615,0.338,0.2803,0.5759,0.000,0.0000,1.0000,0.576,0.2681,0.5212,0.564,0.4066,0.5099
1788,59.633,15,0.000,0.0000,1.0000,0.778,0.2707,0.6686,0.816,0.4694,0.6531,0.736,0.1883,0.5879,0.742,0.4744,0.5597,0.373,0.2817,0.5722,0.000,0.0000,1.0000,0.575,0.2688,0.5217,0.565,0.4075,0.5099
1789,59.667,15,0.000,0.0000,1.0000,0.773,0.2709,0.6685,0.812,0.4703,0.6531,0.747,0.1884,0.5881,0.760,0.4741,0.5582,0.383,0.2791,0.5661,0.000,0.0000,1.0000,0.564,0.2699,0.5217,0.566,0.4093,0.5095
1790,59.700,15,0.000,0.0000,1.0000,0.760,0.2719,0.6683,0.799,0.4718,0.6524,0.774,0.1904,0.5874,0.749,0.4742,0.5555,0.412,0.2791,0.5660,0.000,0.0000,1.0000,0.562,0.2716,0.5222,0.564,0.4099,0.5097
1791,59.733,15,0.000,0.0000,1.0000,0.760,0.2718,0.6678,0.794,0.4721,0.6521,0.823,0.1946,0.5861,0.754,0.4744,0.5555,0.362,0.2800,0.5652,0.000,0.0000,1.0000,0.554,0.2720,0.5223,0.565,0.4105,0.5101
1792,59.767,15,0.000,0.0000,1.0000,0.762,0.2742,0.6675,0.797,0.4729,0.6518,0.843,0.1967,0.5844,0.747,0.4739,0.5526,0.356,0.2785,0.5599,0.000,0.0000,1.0000,0.541,0.2704,0.5224,0.567,0.4102,0.5102
1793,59.800,15,0.000,0.0000,1.0000,0.749,0.2750,0.6662,0.780,0.4736,0.6512,0.769,0.2025,0.5799,0.750,0.4730,0.5529,0.234,0.1905,0.4902,0.000,0.0000,1.0000,0.529,0.2690,0.5218,0.559,0.4104,0.5105
1794,59.833,15,0.000,0.0000,1.0000,0.744,0.2750,0.6657,0.768,0.4751,0.6505,0.750,0.2036,0.5781,0.726,0.4749,0.5513,0.250,0.1911,0.4889,0.000,0.0000,1.0000,0.521,0.2688,0.5216,0.554,0.4112,0.5107
1795,59.867,15,0.000,0.0000,1.0000,0.727,0.2740,0.6646,0.774,0.4764,0.6494,0.767,0.2020,0.5782,0.761,0.4769,0.5524,0.221,0.1902,0.4894,0.000,0.0000,1.0000,0.527,0.2691,0.5215,0.553,0.4117,0.5106
1796,59.900,15,0.000,0.0000,1.0000,0.736,0.2748,0.6645,0.778,0.4777,0.6484,0.783,0.1992,0.5787,0.795,0.4786,0.5517,0.228,0.2779,0.5622,0.000,0.0000,1.0000,0.527,0.2700,0.5211,0.550,0.4125,0.5097
1797,59.933,15,0.000,0.0000,1.0000,0.742,0.2757,0.6642,0.790,0.4788,0.6476,0.810,0.1974,0.5796,0.797,0.4809,0.5511,0.273,0.2789,0.5632,0.000,0.0000,1.0000,0.539,0.2737,0.5217,0.545,0.4146,0.5090
1798,59.967,15,0.000,0.0000,1.0000,0.767,0.2793,0.6644,0.825,0.4821,0.6452,0.823,0.1950,0.5822,0.779,0.4913,0.5500,0.324,0.2761,0.5619,0.000,0.0000,1.0000,0.550,0.2758,0.5211,0.543,0.4154,0.5092
1799,60.000,16,0.000,0.0000,1.0000,0.744,0.2813,0.6637,0.824,0.4840,0.6441,0.821,0.1928,0.5840,0.786,0.5022,0.5498,0.318,0.2721,0.5559,0.194,0.4098,0.5417,0.555,0.2782,0.5197,0.513,0.4158,0.5084
1800,60.033,16,0.000,0.0000,1.0000,0.746,0.2845,0.6640,0.823,0.4863,0.6433,0.793,0.1897,0.5857,0.779,0.5129,0.5499,0.404,0.2662,0.5517,0.465,0.4239,0.5303,0.562,0.2803,0.5203,0.512,0.4173,0.5087
1801,60.067,16,0.000,0.0000,1.0000,0.739,0.2875,0.6634,0.804,0.4901,0.6407,0.751,0.1881,0.5871,0.800,0.5210,0.5498,0.502,0.2645,0.5491,0.552,0.4323,0.5232,0.552,0.2837,0.5202,0.542,0.4207,0.5064
1802,60.100,16,0.000,0.0000,1.0000,0.750,0.2873,0.6625,0.778,0.4929,0.6391,0.787,0.1901,0.5898,0.842,0.5272,0.5505,0.522,0.2662,0.5416,0.629,0.4393,0.5122,0.542,0.2869,0.5199,0.563,0.4222,0.5048
1803,60.133,16,0.000,0.0000,1.0000,0.762,0.2880,0.6620,0.751,0.4974,0.6376,0.808,0.1929,0.5902,0.844,0.5339,0.5516,0.585,0.2605,0.5377,0.745,0.4579,0.5074,0.536,0.2909,0.5213,0.576,0.4267,0.5072
1804,60.167,16,0.000,0.0000,1.0000,0.781,0.2892,0.6610,0.746,0.4992,0.6376,0.812,0.1958,0.5903,0.796,0.5404,0.5523,0.543,0.2473,0.5390,0.778,0.4670,0.5054,0.570,0.2975,0.5215,0.573,0.4322,0.5065
1805,60.200,16,0.000,0.0000,1.0000,0.772,0.2919,0.6603,0.779,0.5013,0.6374,0.821,0.1961,0.5910,0.866,0.5476,0.5530,0.667,0.2441,0.5384,0.782,0.4804,0.5067,0.589,0.3026,0.5215,0.567,0.4342,0.5073
1806,60.233,16,0.000,0.0000,1.0000,0.818,0.2960,0.6592,0.781,0.5034,0.6378,0.835,0.1951,0.5920,0.842,0.5534,0.5526,0.664,0.2396,0.5396,0.745,0.4905,0.5065,0.609,0.3045,0.5194,0.555,0.4357,0.5065
1807,60.267,16,0.000,0.0000,1.0000,0.826,0.3009,0.6584,0.785,0.5071,0.6374,0.833,0.1945,0.5936,0.825,0.5639,0.5523,0.724,0.2362,0.5420,0.734,0.5043,0.5104,0.613,0.3057,0.5190,0.535,0.4376,0.5067
1808,60.300,16,0.000,0.0000,1.0000,0.823,0.3052,0.6582,0.789,0.5099,0.6380,0.849,0.1919,0.5951,0.853,0.5680,0.5521,0.636,0.2298,0.5475,0.731,0.5149,0.5198,0.621,0.3095,0.5192,0.552,0.4396,0.5080
1809,60.333,16,0.000,0.0000,1.0000,0.810,0.3082,0.6583,0.784,0.5129,0.6375,0.817,0.1882,0.5937,0.796,0.5758,0.5520,0.610,0.2287,0.5557,0.368,0.5422,0.5423,0.616,0.3088,0.5181,0.574,0.4397,0.5077
1810,60.367,16,0.000,0.0000,1.0000,0.798,0.3109,0.6588,0.793,0.5143,0.6385,0.823,0.1852,0.5942,0.851,0.5845,0.5561,0.663,0.2360,0.5623,0.289,0.5762,0.6058,0.609,0.3109,0.5175,0.584,0.4416,0.5075
1811,60.400,16,0.000,0.0000,1.0000,0.791,0.3120,0.6585,0.805,0.5157,0.6398,0.814,0.1846,0.5981,0.864,0.5921,0.5607,0.722,0.2373,0.5798,0.426,0.5843,0.6116,0.611,0.3128,0.5163,0.587,0.4433,0.5082
1812,60.433,16,0.000,0.0000,1.0000,0.786,0.3122,0.6587,0.810,0.5156,0.6412,0.800,0.1812,0.6016,0.828,0.6002,0.5678,0.498,0.2303,0.6020,0.408,0.5825,0.6132,0.607,0.3125,0.5169,0.583,0.4434,0.5087
1813,60.467,16,0.000,0.0000,1.0000,0.810,0.3155,0.6588,0.808,0.5168,0.6412,0.840,0.1837,0.6086,0.878,0.6049,0.5734,0.246,0.2310,0.6272,0.615,0.5855,0.6163,0.610,0.3143,0.5169,0.590,0.4442,0.5081
1814,60.500,16,0.000,0.0000,1.0000,0.812,0.3185,0.6597,0.811,0.5168,0.6422,0.822,0.1833,0.6160,0.876,0.6050,0.5847,0.197,0.2475,0.6340,0.550,0.5858,0.6197,0.614,0.3142,0.5168,0.592,0.4454,0.5082
1815,60.533,16,0.000,0.0000,1.0000,0.806,0.3214,0.6601,0.809,0.5192,0.6420,0.838,0.1917,0.6234,0.875,0.6055,0.5936,0.114,0.2493,0.6439,0.533,0.5826,0.6250,0.608,0.3139,0.5164,0.599,0.4452,0.5074
1816,60.567,16,0.000,0.0000,1.0000,0.801,0.3225,0.6607,0.838,0.5213,0.6426,0.892,0.1968,0.6350,0.844,0.6068,0.6013,0.197,0.2873,0.6564,0.493,0.5802,0.6320,0.604,0.3123,0.5158,0.608,0.4433,0.5060
1817,60.600,16,0.000,0.0000,1.0000,0.792,0.3213,0.6612,0.828,0.5189,0.6456,0.836,0.2064,0.6452,0.864,0.5975,0.6106,0.215,0.2932,0.6609,0.219,0.5784,0.6347,0.589,0.3110,0.5151,0.607,0.4419,0.5049
1818,60.633,15,0.000,0.0000,1.0000,0.782,0.3186,0.6615,0.835,0.5183,0.6466,0.801,0.2107,0.6489,0.819,0.5887,0.6217,0.203,0.2914,0.6638,0.000,0.0000,1.0000,0.602,0.3101,0.5151,0.588,0.4382,0.5057
1819,60.667,16,0.000,0.0000,1.0000,0.805,0.3192,0.6611,0.845,0.5143,0.6456,0.785,0.2170,0.6526,0.622,0.5859,0.6260,0.151,0.3013,0.6668,0.140,0.5105,0.6645,0.621,0.3059,0.5146,0.608,0.4333,0.5056
1820,60.700,16,0.000,0.0000,1.0000,0.784,0.3132,0.6603,0.834,0.5060,0.6443,0.753,0.2233,0.6539,0.506,0.5636,0.6348,0.247,0.1384,0.6695,0.153,0.5136,0.6655,0.605,0.3036,0.5127,0.618,0.4299,0.5040
1821,60.733,16,0.000,0.0000,1.0000,0.805,0.3123,0.6583,0.797,0.5003,0.6433,0.713,0.2295,0.6529,0.584,0.5522,0.6379,0.266,0.2905,0.6658,0.186,0.5122,0.6626,0.614,0.2992,0.5098,0.614,0.4249,0.5033
1822,60.767,16,0.000,0.0000,1.0000,0.807,0.3111,0.6550,0.828,0.4933,0.6414,0.733,0.2389,0.6544,0.736,0.5438,0.6401,0.304,0.2879,0.6630,0.368,0.4953,0.6676,0.612,0.2959,0.5077,0.604,0.4208,0.5028
1823,60.800,16,0.000,0.0000,1.0000,0.775,0.3105,0.6510,0.800,0.4824,0.6411,0.710,0.2442,0.6578,0.727,0.5355,0.6407,0.284,0.2963,0.6680,0.411,0.4852,0.6681,0.599,0.2923,0.5054,0.581,0.4191,0.5006
1824,60.833,16,0.000,0.0000,1.0000,0.774,0.3059,0.6480,0.808,0.4753,0.6391,0.680,0.2474,0.6595,0.774,0.5275,0.6397,0.269,0.2851,0.6682,0.364,0.4657,0.6732,0.611,0.2884,0.5043,0.589,0.4139,0.4972
1825,60.867,16,0.000,0.0000,1.0000,0.751,0.2999,0.6477,0.811,0.4710,0.6386,0.620,0.2525,0.6605,0.752,0.5218,0.6393,0.232,0.2790,0.6680,0.297,0.4488,0.6739,0.639,0.2840,0.5055,0.600,0.4071,0.4977
1826,60.900,16,0.000,0.0000,1.0000,0.720,0.2941,0.6479,0.793,0.4631,0.6377,0.564,0.2574,0.6581,0.734,0.5188,0.6375,0.196,0.2831,0.6643,0.274,0.4469,0.6733,0.631,0.2790,0.5051,0.604,0.4025,0.4972
1827,60.933,16,0.000,0.0000,1.0000,0.705,0.2858,0.6475,0.774,0.4585,0.6372,0.465,0.2657,0.6569,0.752,0.5163,0.6359,0.131,0.3531,0.6871,0.293,0.4433,0.6730,0.634,0.2766,0.5046,0.585,0.3977,0.4966
1828,60.967,16,0.000,0.0000,1.0000,0.730,0.2794,0.6468,0.782,0.4540,0.6373,0.324,0.2848,0.6534,0.781,0.5149,0.6357,0.143,0.3669,0.6847,0.315,0.4432,0.6671,0.617,0.2729,0.5024,0.577,0.3950,0.4947
1829,61.000,16,0.000,0.0000,1.0000,0.734,0.2753,0.6446,0.802,0.4505,0.6375,0.306,0.2781,0.6503,0.771,0.5153,0.6354,0.102,0.3160,0.6701,0.262,0.4496,0.6606,0.604,0.2699,0.5024,0.600,0.3913,0.4935
1830,61.033,15,0.000,0.0000,1.0000,0.741,0.2728,0.6426,0.798,0.4467,0.6383,0.260,0.2827,0.6437,0.758,0.5157,0.6351,0.000,0.0000,1.0000,0.414,0.5817,0.6354,0.619,0.2657,0.5011,0.598,0.3859,0.4912
1831,61.067,15,0.000,0.0000,1.0000,0.708,0.2706,0.6400,0.792,0.4411,0.6384,0.334,0.2632,0.6429,0.785,0.5164,0.6354,0.000,0.0000,1.0000,0.456,0.5807,0.6347,0.632,0.2622,0.5013,0.590,0.3829,0.4914
1832,61.100,16,0.000,0.0000,1.0000,0.699,0.2674,0.6373,0.760,0.4386,0.6383,0.387,0.2585,0.6411,0.799,0.5131,0.6358,0.112,0.2875,0.6595,0.281,0.5709,0.6363,0.623,0.2614,0.4996,0.595,0.3821,0.4913
1833,61.133,15,0.000,0.0000,1.0000,0.709,0.2659,0.6358,0.780,0.4355,0.6391,0.291,0.2616,0.6388,0.804,0.5108,0.6355,0.000,0.0000,1.0000,0.424,0.5760,0.6347,0.623,0.2604,0.4971,0.593,0.3826,0.4909
1834,61.167,15,0.000,0.0000,1.0000,0.713,0.2642,0.6352,0.790,0.4326,0.6384,0.315,0.2599,0.6381,0.805,0.5099,0.6354,0.000,0.0000,1.0000,0.552,0.5787,0.6349,0.628,0.2608,0.4972,0.599,0.3830,0.4913
1835,61.200,15,0.000,0.0000,1.0000,0.719,0.2619,0.6346,0.805,0.4316,0.6378,0.291,0.2583,0.6374,0.829,0.5092,0.6352,0.000,0.0000,1.0000,0.521,0.5812,0.6340,0.639,0.2595,0.4958,0.583,0.3813,0.4905
1836,61.233,15,0.000,0.0000,1.0000,0.706,0.2605,0.6349,0.819,0.4310,0.6375,0.285,0.2512,0.6367,0.840,0.5101,0.6345,0.000,0.0000,1.0000,0.527,0.5769,0.6347,0.642,0.2604,0.4956,0.587,0.3826,0.4906
1837,61.267,16,0.000,0.0000,1.0000,0.721,0.2605,0.6340,0.821,0.4310,0.6368,0.311,0.2518,0.6368,0.826,0.5114,0.6336,0.114,0.2644,0.6526,0.433,0.5703,0.6360,0.640,0.2608,0.4953,0.580,0.3834,0.4904
1838,61.300,16,0.000,0.0000,1.0000,0.729,0.2615,0.6331,0.836,0.4294,0.6355,0.366,0.2476,0.6362,0.818,0.5090,0.6339,0.210,0.2305,0.6454,0.462,0.5691,0.6360,0.646,0.2595,0.4944,0.580,0.3840,0.4902
1839,61.333,16,0.000,0.0000,1.0000,0.729,0.2633,0.6322,0.850,0.4298,0.6345,0.394,0.2455,0.6361,0.811,0.5077,0.6335,0.254,0.2339,0.6463,0.485,0.5683,0.6363,0.646,0.2590,0.4942,0.575,0.3823,0.4892
1840,61.367,16,0.000,0.0000,1.0000,0.733,0.2616,0.6316,0.854,0.4297,0.6340,0.357,0.2468,0.6351,0.801,0.5084,0.6341,0.235,0.2318,0.6456,0.556,0.5757,0.6347,0.646,0.2587,0.4944,0.586,0.3824,0.4896
1841,61.400,16,0.000,0.0000,1.0000,0.741,0.2602,0.6315,0.848,0.4300,0.6339,0.281,0.2503,0.6336,0.815,0.5078,0.6337,0.129,0.2503,0.6477,0.388,0.5677,0.6357,0.635,0.2590,0.4963,0.587,0.3808,0.4913
1842,61.433,16,0.000,0.0000,1.0000,0.739,0.2623,0.6307,0.846,0.4302,0.6337,0.327,0.2493,0.6356,0.820,0.5101,0.6340,0.131,0.2804,0.6506,0.284,0.5591,0.6373,0.634,0.2602,0.4967,0.589,0.3821,0.4906
1843,61.467,15,0.000,0.0000,1.0000,0.743,0.2569,0.6315,0.852,0.4312,0.6327,0.231,0.2499,0.6339,0.801,0.5170,0.6343,0.000,0.0000,1.0000,0.384,0.5721,0.6352,0.635,0.2581,0.4956,0.583,0.3824,0.4895
1844,61.500,15,0.000,0.0000,1.0000,0.736,0.2551,0.6315,0.837,0.4315,0.6312,0.186,0.2503,0.6323,0.802,0.5204,0.6347,0.000,0.0000,1.0000,0.315,0.5707,0.6358,0.638,0.2573,0.4944,0.578,0.3813,0.4867
1845,61.533,15,0.000,0.0000,1.0000,0.722,0.2543,0.6311,0.842,0.4313,0.6301,0.177,0.2494,0.6334,0.780,0.5201,0.6361,0.000,0.0000,1.0000,0.173,0.4712,0.6462,0.631,0.2592,0.4932,0.593,0.3836,0.4859
1846,61.567,15,0.000,0.0000,1.0000,0.698,0.2556,0.6302,0.829,0.4296,0.6285,0.243,0.2482,0.6347,0.787,0.5211,0.6364,0.000,0.0000,1.0000,0.173,0.4414,0.6498,0.631,0.2614,0.4923,0.596,0.3851,0.4849
1847,61.600,16,0.000,0.0000,1.0000,0.692,0.2639,0.6292,0.818,0.4330,0.6287,0.450,0.2419,0.6371,0.789,0.5209,0.6361,0.184,0.2791,0.6497,0.185,0.4329,0.6506,0.625,0.2656,0.4916,0.595,0.3883,0.4829
1848,61.633,16,0.000,0.0000,1.0000,0.684,0.2760,0.6264,0.799,0.4366,0.6280,0.569,0.2398,0.6372,0.807,0.5210,0.6347,0.265,0.2685,0.6485,0.163,0.4444,0.6490,0.610,0.2691,0.4911,0.598,0.3901,0.4817
1849,61.667,16,0.000,0.0000,1.0000,0.687,0.2790,0.6264,0.799,0.4381,0.6276,0.517,0.2391,0.6345,0.827,0.5209,0.6330,0.326,0.2666,0.6485,0.191,0.4771,0.6466,0.619,0.2708,0.4921,0.598,0.3903,0.4826
1850,61.700,16,0.000,0.0000,1.0000,0.702,0.2918,0.6248,0.822,0.4404,0.6274,0.682,0.2414,0.6354,0.810,0.5207,0.6322,0.352,0.2772,0.6499,0.254,0.5573,0.6382,0.661,0.2753,0.4925,0.592,0.3923,0.4825
1851,61.733,16,0.000,0.0000,1.0000,0.704,0.2980,0.6237,0.820,0.4462,0.6273,0.722,0.2409,0.6354,0.824,0.5222,0.6319,0.351,0.2794,0.6495,0.212,0.4938,0.6446,0.668,0.2774,0.4920,0.587,0.3945,0.4843
1852,61.767,16,0.000,0.0000,1.0000,0.751,0.3037,0.6237,0.811,0.4517,0.6272,0.780,0.2398,0.6352,0.849,0.5230,0.6307,0.380,0.2894,0.6484,0.440,0.4886,0.6456,0.686,0.2819,0.4937,0.605,0.3981,0.4867
1853,61.800,16,0.000,0.0000,1.0000,0.764,0.3068,0.6236,0.802,0.4559,0.6276,0.788,0.2399,0.6355,0.858,0.5244,0.6308,0.384,0.2903,0.6460,0.341,0.4854,0.6464,0.689,0.2849,0.4924,0.600,0.4013,0.4870
1854,61.833,16,0.000,0.0000,1.0000,0.748,0.3115,0.6243,0.821,0.4593,0.6272,0.798,0.2403,0.6349,0.836,0.5261,0.6292,0.377,0.2856,0.6449,0.262,0.4946,0.6450,0.662,0.2872,0.4919,0.598,0.4042,0.4873
1855,61.867,16,0.000,0.0000,1.0000,0.753,0.3140,0.6257,0.811,0.4608,0.6263,0.789,0.2426,0.6328,0.808,0.5288,0.6259,0.396,0.2778,0.6465,0.443,0.5070,0.6439,0.628,0.2911,0.4937,0.601,0.4094,0.4892
1856,61.900,16,0.000,0.0000,1.0000,0.747,0.3162,0.6261,0.790,0.4631,0.6251,0.768,0.2466,0.6312,0.810,0.5335,0.6236,0.417,0.2797,0.6465,0.561,0.5031,0.6430,0.638,0.2944,0.4953,0.587,0.4148,0.4885
1857,61.933,16,0.000,0.0000,1.0000,0.766,0.3180,0.6268,0.790,0.4651,0.6242,0.753,0.2482,0.6310,0.816,0.5346,0.6224,0.379,0.2822,0.6460,0.604,0.5047,0.6430,0.643,0.2945,0.4957,0.584,0.4145,0.4905
1858,61.967,16,0.000,0.0000,1.0000,0.775,0.3192,0.6268,0.812,0.4700,0.6238,0.753,0.2499,0.6308,0.809,0.5381,0.6217,0.404,0.2869,0.6468,0.683,0.5058,0.6426,0.642,0.2968,0.4968,0.587,0.4160,0.4927
1859,62.000,16,0.000,0.0000,1.0000,0.773,0.3201,0.6262,0.813,0.4731,0.6230,0.741,0.2509,0.6318,0.806,0.5407,0.6199,0.361,0.2909,0.6460,0.685,0.5063,0.6409,0.639,0.2982,0.4960,0.554,0.4182,0.4913
1860,62.033,16,0.000,0.0000,1.0000,0.808,0.3237,0.6265,0.812,0.4747,0.6229,0.777,0.2523,0.6321,0.832,0.5427,0.6185,0.411,0.2872,0.6472,0.704,0.5092,0.6402,0.634,0.3005,0.4986,0.585,0.4207,0.4938
1861,62.067,16,0.000,0.0000,1.0000,0.819,0.3252,0.6264,0.816,0.4740,0.6226,0.808,0.2550,0.6325,0.855,0.5430,0.6181,0.426,0.2887,0.6479,0.707,0.5113,0.6401,0.622,0.3042,0.5007,0.585,0.4201,0.4957
1862,62.100,16,0.000,0.0000,1.0000,0.826,0.3298,0.6270,0.811,0.4742,0.6225,0.812,0.2559,0.6323,0.865,0.5443,0.6175,0.441,0.2893,0.6472,0.712,0.5123,0.6390,0.628,0.3033,0.5013,0.571,0.4180,0.4963
1863,62.133,16,0.000,0.0000,1.0000,0.806,0.3319,0.6267,0.797,0.4770,0.6221,0.815,0.2574,0.6329,0.848,0.5450,0.6168,0.403,0.2988,0.6457,0.692,0.5139,0.6385,0.623,0.3048,0.5016,0.583,0.4215,0.4953
1864,62.167,16,0.000,0.0000,1.0000,0.774,0.3350,0.6267,0.801,0.4789,0.6214,0.809,0.2606,0.6327,0.836,0.5453,0.6159,0.351,0.2969,0.6450,0.685,0.5141,0.6383,0.628,0.3058,0.5013,0.577,0.4232,0.4947
1865,62.200,16,0.000,0.0000,1.0000,0.796,0.3385,0.6273,0.829,0.4810,0.6210,0.794,0.2636,0.6322,0.830,0.5456,0.6157,0.353,0.2974,0.6459,0.654,0.5167,0.6376,0.636,0.3051,0.5018,0.580,0.4245,0.4953
1866,62.233,16,0.000,0.0000,1.0000,0.807,0.3399,0.6278,0.838,0.4829,0.6205,0.776,0.2646,0.6330,0.828,0.5463,0.6153,0.388,0.2892,0.6474,0.650,0.5172,0.6374,0.639,0.3046,0.5020,0.578,0.4258,0.4954
1867,62.267,16,0.000,0.0000,1.0000,0.801,0.3414,0.6275,0.838,0.4846,0.6199,0.760,0.2663,0.6341,0.818,0.5459,0.6153,0.395,0.2885,0.6484,0.635,0.5153,0.6384,0.633,0.3048,0.5018,0.574,0.4264,0.4945
1868,62.300,16,0.000,0.0000,1.0000,0.809,0.3426,0.6276,0.828,0.4880,0.6196,0.755,0.2687,0.6347,0.812,0.5462,0.6151,0.366,0.2910,0.6468,0.639,0.5150,0.6386,0.630,0.3065,0.5016,0.586,0.4309,0.4944
1869,62.333,16,0.000,0.0000,1.0000,0.812,0.3439,0.6279,0.813,0.4886,0.6200,0.735,0.2699,0.6350,0.803,0.5468,0.6148,0.390,0.2893,0.6477,0.660,0.5163,0.6389,0.625,0.3077,0.4984,0.584,0.4313,0.4944
1870,62.367,16,0.000,0.0000,1.0000,0.819,0.3454,0.6284,0.807,0.4898,0.6213,0.725,0.2708,0.6354,0.801,0.5474,0.6152,0.385,0.2888,0.6480,0.679,0.5172,0.6405,0.623,0.3081,0.4982,0.577,0.4323,0.4940
1871,62.400,16,0.000,0.0000,1.0000,0.829,0.3458,0.6293,0.782,0.4915,0.6219,0.730,0.2710,0.6359,0.791,0.5464,0.6165,0.398,0.2862,0.6495,0.659,0.5146,0.6424,0.625,0.3086,0.4974,0.580,0.4324,0.4942
1872,62.433,16,0.000,0.0000,1.0000,0.829,0.3455,0.6295,0.765,0.4916,0.6223,0.712,0.2712,0.6367,0.784,0.5443,0.6191,0.361,0.2841,0.6488,0.617,0.5100,0.6433,0.625,0.3093,0.4973,0.580,0.4332,0.4930
1873,62.467,16,0.000,0.0000,1.0000,0.825,0.3434,0.6299,0.734,0.4922,0.6241,0.685,0.2712,0.6376,0.751,0.5424,0.6210,0.326,0.2836,0.6487,0.559,0.5033,0.6453,0.632,0.3102,0.4967,0.584,0.4355,0.4925
1874,62.500,16,0.000,0.0000,1.0000,0.821,0.3413,0.6304,0.725,0.4936,0.6256,0.691,0.2724,0.6381,0.674,0.5409,0.6228,0.322,0.2875,0.6480,0.461,0.4907,0.6471,0.627,0.3111,0.4971,0.578,0.4363,0.4922
1875,62.533,16,0.000,0.0000,1.0000,0.821,0.3417,0.6313,0.742,0.4946,0.6267,0.699,0.2726,0.6379,0.641,0.5405,0.6234,0.349,0.2833,0.6507,0.392,0.4880,0.6486,0.616,0.3126,0.4960,0.570,0.4372,0.4922
1876,62.567,16,0.000,0.0000,1.0000,0.816,0.3403,0.6317,0.766,0.4934,0.6274,0.701,0.2727,0.6379,0.632,0.5407,0.6243,0.320,0.2850,0.6500,0.352,0.4891,0.6490,0.621,0.3144,0.4947,0.575,0.4378,0.4913
1877,62.600,16,0.000,0.0000,1.0000,0.808,0.3424,0.6319,0.769,0.4937,0.6280,0.707,0.2736,0.6380,0.584,0.5389,0.6261,0.308,0.2897,0.6516,0.296,0.4882,0.6500,0.642,0.3158,0.4944,0.579,0.4382,0.4908
1878,62.633,16,0.000,0.0000,1.0000,0.816,0.3443,0.6326,0.762,0.4932,0.6281,0.727,0.2739,0.6379,0.600,0.5355,0.6273,0.292,0.2982,0.6520,0.315,0.4875,0.6504,0.657,0.3184,0.4940,0.604,0.4413,0.4905
1879,62.667,16,0.000,0.0000,1.0000,0.824,0.3460,0.6329,0.777,0.4930,0.6285,0.741,0.2741,0.6378,0.608,0.5370,0.6265,0.298,0.3010,0.6515,0.329,0.4895,0.6490,0.671,0.3213,0.4941,0.614,0.4440,0.4899
1880,62.700,16,0.000,0.0000,1.0000,0.825,0.3455,0.6332,0.799,0.4922,0.6300,0.741,0.2739,0.6381,0.616,0.5384,0.6269,0.300,0.3014,0.6509,0.300,0.4767,0.6517,0.675,0.3229,0.4940,0.621,0.4463,0.4903
1881,62.733,16,0.000,0.0000,1.0000,0.827,0.3463,0.6332,0.798,0.4930,0.6316,0.738,0.2737,0.6382,0.603,0.5386,0.6278,0.300,0.3009,0.6506,0.305,0.4740,0.6530,0.674,0.3250,0.4939,0.610,0.4466,0.4897
1882,62.767,16,0.000,0.0000,1.0000,0.833,0.3470,0.6330,0.790,0.4933,0.6328,0.734,0.2740,0.6380,0.576,0.5392,0.6282,0.308,0.2972,0.6515,0.297,0.4701,0.6549,0.671,0.3275,0.4940,0.609,0.4482,0.4891
1883,62.800,16,0.000,0.0000,1.0000,0.835,0.3482,0.6329,0.776,0.4947,0.6336,0.729,0.2739,0.6380,0.563,0.5403,0.6289,0.302,0.2917,0.6513,0.288,0.4661,0.6559,0.664,0.3297,0.4939,0.609,0.4490,0.4883
1884,62.833,16,0.000,0.0000,1.0000,0.834,0.3487,0.6334,0.760,0.4955,0.6328,0.729,0.2740,0.6379,0.551,0.5378,0.6313,0.345,0.2898,0.6512,0.269,0.4606,0.6575,0.666,0.3308,0.4946,0.619,0.4523,0.4887
1885,62.867,16,0.000,0.0000,1.0000,0.828,0.3515,0.6335,0.745,0.4988,0.6317,0.745,0.2743,0.6377,0.517,0.5361,0.6322,0.406,0.2869,0.6521,0.261,0.4573,0.6583,0.656,0.3325,0.4944,0.612,0.4530,0.4879
1886,62.900,16,0.000,0.0000,1.0000,0.823,0.3516,0.6336,0.748,0.4996,0.6306,0.760,0.2742,0.6371,0.508,0.5341,0.6323,0.487,0.2838,0.6531,0.260,0.4569,0.6581,0.657,0.3328,0.4938,0.596,0.4537,0.4865
1887,62.933,16,0.000,0.0000,1.0000,0.827,0.3512,0.6331,0.728,0.4990,0.6282,0.770,0.2738,0.6365,0.515,0.5327,0.6327,0.549,0.2816,0.6538,0.255,0.4595,0.6576,0.654,0.3331,0.4936,0.600,0.4540,0.4852
1888,62.967,16,0.000,0.0000,1.0000,0.833,0.3513,0.6328,0.696,0.4989,0.6262,0.787,0.2740,0.6361,0.547,0.5292,0.6322,0.561,0.2790,0.6540,0.256,0.4639,0.6562,0.663,0.3326,0.4926,0.605,0.4545,0.4840
1889,63.000,16,0.000,0.0000,1.0000,0.822,0.3525,0.6313,0.682,0.5000,0.6245,0.790,0.2738,0.6357,0.579,0.5286,0.6324,0.521,0.2733,0.6524,0.250,0.4632,0.6561,0.667,0.3322,0.4919,0.617,0.4539,0.4823
1890,63.033,16,0.000,0.0000,1.0000,0.803,0.3533,0.6297,0.708,0.5019,0.6216,0.775,0.2732,0.6356,0.596,0.5273,0.6322,0.531,0.2707,0.6518,0.250,0.4585,0.6547,0.664,0.3316,0.4905,0.619,0.4531,0.4812
1891,63.067,16,0.000,0.0000,1.0000,0.799,0.3537,0.6289,0.718,0.5023,0.6204,0.769,0.2733,0.6354,0.594,0.5295,0.6302,0.455,0.2685,0.6506,0.248,0.4634,0.6535,0.661,0.3313,0.4899,0.609,0.4527,0.4805
1892,63.100,16,0.000,0.0000,1.0000,0.805,0.3522,0.6282,0.722,0.5034,0.6184,0.739,0.2738,0.6355,0.611,0.5308,0.6294,0.396,0.2683,0.6497,0.260,0.4635,0.6516,0.656,0.3311,0.4896,0.609,0.4516,0.4801
1893,63.133,16,0.000,0.0000,1.0000,0.803,0.3521,0.6275,0.727,0.5040,0.6183,0.742,0.2746,0.6350,0.556,0.5351,0.6262,0.326,0.2762,0.6468,0.268,0.4695,0.6500,0.652,0.3311,0.4893,0.612,0.4516,0.4786
1894,63.167,16,0.000,0.0000,1.0000,0.794,0.3532,0.6270,0.691,0.5026,0.6147,0.771,0.2741,0.6343,0.564,0.5360,0.6245,0.252,0.2823,0.6428,0.310,0.4743,0.6478,0.653,0.3305,0.4888,0.616,0.4490,0.4787
1895,63.200,16,0.000,0.0000,1.0000,0.777,0.3529,0.6254,0.676,0.5027,0.6126,0.780,0.2734,0.6334,0.590,0.5360,0.6238,0.312,0.2915,0.6437,0.282,0.4710,0.6487,0.659,0.3287,0.4874,0.613,0.4462,0.4787
1896,63.233,16,0.000,0.0000,1.0000,0.766,0.3524,0.6247,0.690,0.5027,0.6132,0.771,0.2715,0.6314,0.617,0.5408,0.6228,0.448,0.2871,0.6467,0.312,0.4737,0.6470,0.667,0.3276,0.4870,0.614,0.4425,0.4792
1897,63.267,16,0.000,0.0000,1.0000,0.761,0.3529,0.6236,0.724,0.5064,0.6158,0.781,0.2714,0.6287,0.572,0.5411,0.6222,0.525,0.2829,0.6474,0.276,0.4721,0.6470,0.666,0.3260,0.4862,0.606,0.4407,0.4781
1898,63.300,16,0.000,0.0000,1.0000,0.783,0.3546,0.6225,0.736,0.5081,0.6174,0.773,0.2710,0.6285,0.583,0.5462,0.6197,0.513,0.2810,0.6469,0.308,0.4797,0.6456,0.671,0.3260,0.4856,0.598,0.4387,0.4780
1899,63.333,16,0.000,0.0000,1.0000,0.797,0.3550,0.6222,0.702,0.5056,0.6147,0.772,0.2711,0.6278,0.599,0.5431,0.6203,0.531,0.2797,0.6464,0.329,0.4805,0.6448,0.683,0.3263,0.4841,0.598,0.4371,0.4772
1900,63.367,16,0.000,0.0000,1.0000,0.797,0.3548,0.6218,0.708,0.5043,0.6115,0.770,0.2710,0.6273,0.633,0.5388,0.6205,0.516,0.2813,0.6460,0.345,0.4840,0.6437,0.685,0.3267,0.4829,0.588,0.4362,0.4759
1901,63.400,16,0.000,0.0000,1.0000,0.817,0.3557,0.6214,0.718,0.5043,0.6107,0.762,0.2705,0.6262,0.622,0.5381,0.6201,0.551,0.2827,0.6470,0.341,0.4851,0.6436,0.685,0.3269,0.4829,0.583,0.4362,0.4759
1902,63.433,16,0.000,0.0000,1.0000,0.826,0.3556,0.6209,0.734,0.5042,0.6101,0.794,0.2694,0.6245,0.662,0.5440,0.6176,0.613,0.2824,0.6474,0.393,0.4902,0.6423,0.688,0.3262,0.4825,0.584,0.4372,0.4761
1903,63.467,16,0.000,0.0000,1.0000,0.832,0.3530,0.6202,0.733,0.5029,0.6112,0.853,0.2639,0.6231,0.689,0.5482,0.6169,0.670,0.2818,0.6473,0.405,0.4929,0.6423,0.687,0.3275,0.4826,0.591,0.4370,0.4761
1904,63.500,16,0.000,0.0000,1.0000,0.836,0.3525,0.6189,0.701,0.5018,0.6130,0.859,0.2571,0.6194,0.667,0.5504,0.6176,0.786,0.2812,0.6470,0.358,0.4867,0.6442,0.675,0.3275,0.4816,0.589,0.4365,0.4761
1905,63.533,16,0.000,0.0000,1.0000,0.832,0.3514,0.6186,0.708,0.5022,0.6134,0.835,0.2438,0.6130,0.661,0.5531,0.6173,0.742,0.2767,0.6399,0.323,0.4869,0.6428,0.678,0.3295,0.4821,0.585,0.4372,0.4761
1906,63.567,16,0.000,0.0000,1.0000,0.828,0.3491,0.6166,0.709,0.5023,0.6136,0.903,0.2376,0.6084,0.660,0.5541,0.6171,0.829,0.2794,0.6361,0.316,0.4901,0.6415,0.677,0.3298,0.4812,0.591,0.4367,0.4739
1907,63.600,16,0.000,0.0000,1.0000,0.793,0.3509,0.6147,0.727,0.5032,0.6148,0.885,0.2355,0.5969,0.648,0.5544,0.6164,0.811,0.2824,0.6279,0.334,0.4905,0.6415,0.675,0.3296,0.4821,0.592,0.4368,0.4739
1908,63.633,16,0.000,0.0000,1.0000,0.750,0.3505,0.6126,0.744,0.5036,0.6164,0.813,0.2299,0.5849,0.648,0.5549,0.6163,0.672,0.2893,0.6193,0.333,0.4928,0.6414,0.667,0.3306,0.4810,0.590,0.4368,0.4734
1909,63.667,16,0.000,0.0000,1.0000,0.779,0.3466,0.6108,0.763,0.5047,0.6170,0.807,0.2252,0.5736,0.659,0.5576,0.6145,0.216,0.2744,0.5910,0.339,0.5010,0.6393,0.662,0.3301,0.4805,0.596,0.4364,0.4730
1910,63.700,16,0.000,0.0000,1.0000,0.848,0.3449,0.6084,0.763,0.5047,0.6164,0.807,0.2211,0.5636,0.678,0.5595,0.6141,0.231,0.3133,0.5518,0.336,0.5066,0.6378,0.657,0.3306,0.4797,0.602,0.4367,0.4724
1911,63.733,16,0.000,0.0000,1.0000,0.852,0.3439,0.6078,0.747,0.5037,0.6154,0.792,0.2289,0.5596,0.669,0.5583,0.6141,0.371,0.3198,0.5479,0.354,0.5077,0.6368,0.656,0.3305,0.4794,0.599,0.4368,0.4721
1912,63.767,16,0.000,0.0000,1.0000,0.840,0.3486,0.6077,0.750,0.5034,0.6155,0.819,0.2372,0.5548,0.684,0.5594,0.6140,0.695,0.3042,0.5446,0.350,0.5073,0.6375,0.659,0.3315,0.4790,0.585,0.4390,0.4716
1913,63.800,16,0.000,0.0000,1.0000,0.841,0.3467,0.6058,0.739,0.5032,0.6152,0.844,0.2464,0.5480,0.675,0.5568,0.6139,0.595,0.3252,0.5231,0.356,0.5065,0.6377,0.656,0.3326,0.4801,0.575,0.4402,0.4715
1914,63.833,16,0.000,0.0000,1.0000,0.824,0.3464,0.6041,0.751,0.5042,0.6163,0.821,0.2547,0.5391,0.684,0.5589,0.6135,0.641,0.3281,0.5115,0.363,0.5082,0.6378,0.668,0.3335,0.4801,0.582,0.4427,0.4736
1915,63.867,16,0.000,0.0000,1.0000,0.804,0.3424,0.6025,0.765,0.5049,0.6178,0.892,0.2602,0.5338,0.685,0.5605,0.6134,0.420,0.3325,0.5013,0.319,0.5088,0.6375,0.682,0.3344,0.4797,0.587,0.4426,0.4738
1916,63.900,16,0.000,0.0000,1.0000,0.789,0.3422,0.6014,0.764,0.5045,0.6186,0.799,0.2723,0.5258,0.649,0.5611,0.6137,0.529,0.3234,0.4943,0.270,0.5085,0.6356,0.681,0.3349,0.4795,0.592,0.4428,0.4757
1917,63.933,16,0.000,0.0000,1.0000,0.788,0.3423,0.6009,0.769,0.5035,0.6200,0.879,0.2788,0.5218,0.636,0.5617,0.6146,0.421,0.3221,0.4892,0.247,0.5089,0.6353,0.673,0.3354,0.4808,0.610,0.4443,0.4772
1918,63.967,16,0.000,0.0000,1.0000,0.786,0.3414,0.6005,0.763,0.5018,0.6210,0.817,0.2896,0.5211,0.639,0.5615,0.6155,0.345,0.3233,0.4922,0.237,0.5115,0.6342,0.668,0.3337,0.4832,0.622,0.4448,0.4786
1919,64.000,16,0.000,0.0000,1.0000,0.786,0.3433,0.6008,0.762,0.5024,0.6220,0.830,0.2973,0.5185,0.625,0.5607,0.6167,0.234,0.3193,0.4894,0.229,0.5115,0.6332,0.665,0.3325,0.4844,0.615,0.4439,0.4796
1920,64.033,16,0.000,0.0000,1.0000,0.783,0.3467,0.6015,0.762,0.5031,0.6229,0.663,0.3044,0.5207,0.604,0.5599,0.6173,0.157,0.3084,0.4874,0.208,0.5116,0.6323,0.667,0.3312,0.4839,0.610,0.4442,0.4798
1921,64.067,16,0.000,0.0000,1.0000,0.787,0.3507,0.6028,0.767,0.5032,0.6235,0.603,0.3098,0.5304,0.620,0.5592,0.6173,0.292,0.3073,0.4908,0.209,0.5059,0.6350,0.665,0.3323,0.4856,0.613,0.4456,0.4808
1922,64.100,16,0.000,0.0000,1.0000,0.784,0.3526,0.6037,0.765,0.5034,0.6239,0.646,0.3167,0.5389,0.640,0.5599,0.6167,0.454,0.3064,0.4973,0.220,0.4970,0.6362,0.662,0.3323,0.4878,0.607,0.4451,0.4824
1923,64.133,16,0.000,0.0000,1.0000,0.788,0.3534,0.6042,0.764,0.5034,0.6242,0.563,0.3212,0.5402,0.628,0.5597,0.6173,0.273,0.3093,0.4953,0.230,0.4976,0.6365,0.668,0.3300,0.4861,0.599,0.4426,0.4830
1924,64.167,16,0.000,0.0000,1.0000,0.793,0.3537,0.6044,0.763,0.5035,0.6242,0.502,0.3242,0.5418,0.623,0.5594,0.6179,0.134,0.3116,0.4915,0.225,0.4999,0.6357,0.669,0.3287,0.4860,0.592,0.4417,0.4833
1925,64.200,16,0.000,0.0000,1.0000,0.798,0.3540,0.6046,0.750,0.5037,0.6250,0.495,0.3258,0.5420,0.621,0.5594,0.6183,0.120,0.3123,0.4914,0.217,0.5088,0.6343,0.666,0.3280,0.4865,0.585,0.4418,0.4836
1926,64.233,15,0.000,0.0000,1.0000,0.801,0.3545,0.6048,0.746,0.5035,0.6251,0.465,0.3268,0.5424,0.614,0.5595,0.6184,0.000,0.0000,1.0000,0.218,0.5102,0.6342,0.663,0.3279,0.4878,0.578,0.4411,0.4834
1927,64.267,15,0.000,0.0000,1.0000,0.802,0.3546,0.6049,0.756,0.5035,0.6256,0.487,0.3262,0.5422,0.621,0.5598,0.6183,0.000,0.0000,1.0000,0.199,0.5116,0.6338,0.663,0.3274,0.4882,0.570,0.4403,0.4842
1928,64.300,15,0.000,0.0000,1.0000,0.800,0.3545,0.6051,0.745,0.5033,0.6251,0.487,0.3254,0.5432,0.624,0.5603,0.6179,0.000,0.0000,1.0000,0.212,0.5124,0.6331,0.666,0.3272,0.4891,0.573,0.4405,0.4849
1929,64.333,16,0.000,0.0000,1.0000,0.803,0.3547,0.6058,0.749,0.5034,0.6247,0.495,0.3231,0.5424,0.637,0.5607,0.6177,0.120,0.3137,0.4947,0.223,0.5122,0.6331,0.669,0.3271,0.4894,0.574,0.4414,0.4865
1930,64.367,16,0.000,0.0000,1.0000,0.802,0.3548,0.6061,0.753,0.5037,0.6245,0.526,0.3195,0.5402,0.628,0.5610,0.6174,0.224,0.3066,0.4965,0.232,0.5118,0.6337,0.674,0.3277,0.4904,0.575,0.4419,0.4868
1931,64.400,16,0.000,0.0000,1.0000,0.806,0.3553,0.6067,0.752,0.5041,0.6250,0.594,0.3156,0.5381,0.629,0.5610,0.6170,0.343,0.3029,0.4985,0.207,0.5109,0.6355,0.678,0.3279,0.4900,0.560,0.4412,0.4866
1932,64.433,16,0.000,0.0000,1.0000,0.793,0.3546,0.6070,0.750,0.5043,0.6250,0.592,0.3122,0.5388,0.615,0.5606,0.6169,0.391,0.3014,0.5000,0.198,0.5033,0.6379,0.675,0.3291,0.4900,0.558,0.4414,0.4849
1933,64.467,16,0.000,0.0000,1.0000,0.777,0.3537,0.6068,0.756,0.5042,0.6247,0.521,0.3067,0.5326,0.611,0.5603,0.6167,0.319,0.2997,0.4876,0.209,0.5023,0.6382,0.660,0.3279,0.4890,0.552,0.4402,0.4840
1934,64.500,16,0.000,0.0000,1.0000,0.771,0.3531,0.6067,0.750,0.5041,0.6244,0.532,0.3012,0.5295,0.591,0.5601,0.6168,0.315,0.3010,0.4855,0.216,0.5079,0.6364,0.659,0.3280,0.4894,0.551,0.4401,0.4835
1935,64.533,16,0.000,0.0000,1.0000,0.776,0.3516,0.6057,0.757,0.5048,0.6225,0.656,0.2933,0.5230,0.546,0.5592,0.6169,0.382,0.2972,0.4778,0.206,0.5019,0.6385,0.664,0.3304,0.4905,0.585,0.4440,0.4824
1936,64.567,16,0.000,0.0000,1.0000,0.784,0.3502,0.6053,0.749,0.5052,0.6223,0.692,0.2906,0.5217,0.536,0.5594,0.6165,0.341,0.3028,0.4794,0.224,0.5112,0.6354,0.665,0.3298,0.4905,0.584,0.4439,0.4822
1937,64.600,16,0.000,0.0000,1.0000,0.780,0.3507,0.6058,0.743,0.5061,0.6225,0.681,0.2911,0.5225,0.533,0.5594,0.6167,0.327,0.3040,0.4836,0.217,0.5129,0.6353,0.652,0.3307,0.4906,0.591,0.4447,0.4822
1938,64.633,16,0.000,0.0000,1.0000,0.777,0.3509,0.6063,0.743,0.5060,0.6227,0.634,0.2926,0.5244,0.536,0.5594,0.6167,0.351,0.3047,0.4854,0.209,0.5122,0.6349,0.648,0.3294,0.4901,0.580,0.4433,0.4823
1939,64.667,16,0.000,0.0000,1.0000,0.774,0.3506,0.6062,0.741,0.5064,0.6230,0.658,0.2930,0.5229,0.538,0.5593,0.6172,0.287,0.3074,0.4868,0.207,0.5119,0.6349,0.638,0.3295,0.4899,0.591,0.4452,0.4825
1940,64.700,16,0.000,0.0000,1.0000,0.780,0.3505,0.6066,0.740,0.5057,0.6228,0.667,0.2924,0.5230,0.526,0.5593,0.6176,0.274,0.3087,0.4872,0.198,0.5135,0.6342,0.645,0.3306,0.4912,0.596,0.4489,0.4830
1941,64.733,16,0.000,0.0000,1.0000,0.787,0.3502,0.6067,0.744,0.5069,0.6226,0.716,0.2889,0.5217,0.503,0.5589,0.6183,0.249,0.3072,0.4835,0.156,0.5053,0.6369,0.678,0.3308,0.4930,0.601,0.4511,0.4830
1942,64.767,16,0.000,0.0000,1.0000,0.789,0.3489,0.6066,0.759,0.5059,0.6228,0.718,0.2878,0.5228,0.510,0.5584,0.6195,0.416,0.2950,0.4806,0.173,0.5064,0.6364,0.687,0.3320,0.4938,0.599,0.4527,0.4827
1943,64.800,16,0.000,0.0000,1.0000,0.793,0.3480,0.6071,0.766,0.5056,0.6228,0.778,0.2844,0.5224,0.529,0.5587,0.6194,0.358,0.2969,0.4781,0.158,0.5157,0.6346,0.675,0.3325,0.4930,0.606,0.4544,0.4826
1944,64.833,16,0.000,0.0000,1.0000,0.791,0.3472,0.6070,0.763,0.5055,0.6229,0.823,0.2790,0.5202,0.532,0.5592,0.6188,0.371,0.2964,0.4762,0.163,0.5203,0.6331,0.657,0.3334,0.4927,0.598,0.4551,0.4829
1945,64.867,16,0.000,0.0000,1.0000,0.790,0.3487,0.6073,0.755,0.5057,0.6230,0.846,0.2764,0.5223,0.515,0.5583,0.6204,0.522,0.2945,0.4753,0.148,0.5234,0.6321,0.646,0.3343,0.4922,0.590,0.4567,0.4826
1946,64.900,16,0.000,0.0000,1.0000,0.784,0.3491,0.6081,0.751,0.5056,0.6221,0.804,0.2726,0.5239,0.508,0.5576,0.6212,0.540,0.2939,0.4754,0.141,0.5245,0.6318,0.629,0.3345,0.4918,0.585,0.4580,0.4819
1947,64.933,16,0.000,0.0000,1.0000,0.782,0.3511,0.6088,0.734,0.5059,0.6207,0.787,0.2722,0.5275,0.468,0.5548,0.6225,0.638,0.2891,0.4764,0.124,0.5096,0.6365,0.645,0.3356,0.4917,0.572,0.4590,0.4812
1948,64.967,16,0.000,0.0000,1.0000,0.797,0.3497,0.6088,0.724,0.5052,0.6194,0.785,0.2702,0.5281,0.455,0.5512,0.6239,0.686,0.2867,0.4746,0.113,0.5040,0.6384,0.658,0.3368,0.4913,0.571,0.4583,0.4814
1949,65.000,16,0.000,0.0000,1.0000,0.803,0.3495,0.6089,0.713,0.5075,0.6199,0.798,0.2711,0.5287,0.451,0.5489,0.6244,0.718,0.2826,0.4740,0.104,0.4854,0.6458,0.655,0.3374,0.4905,0.579,0.4583,0.4809
1950,65.033,15,0.000,0.0000,1.0000,0.812,0.3488,0.6091,0.710,0.5092,0.6205,0.812,0.2715,0.5280,0.410,0.5440,0.6244,0.751,0.2808,0.4725,0.000,0.0000,1.0000,0.645,0.3381,0.4890,0.566,0.4586,0.4809
1951,65.067,15,0.000,0.0000,1.0000,0.817,0.3485,0.6092,0.705,0.5112,0.6217,0.814,0.2716,0.5283,0.353,0.5426,0.6245,0.774,0.2791,0.4711,0.000,0.0000,1.0000,0.641,0.3386,0.4887,0.558,0.4587,0.4811
1952,65.100,15,0.000,0.0000,1.0000,0.818,0.3477,0.6088,0.697,0.5132,0.6251,0.805,0.2706,0.5276,0.320,0.5431,0.6248,0.793,0.2789,0.4716,0.000,0.0000,1.0000,0.641,0.3390,0.4889,0.545,0.4597,0.4810
1953,65.133,15,0.000,0.0000,1.0000,0.818,0.3454,0.6080,0.699,0.5127,0.6251,0.796,0.2692,0.5275,0.313,0.5411,0.6250,0.812,0.2781,0.4713,0.000,0.0000,1.0000,0.646,0.3399,0.4886,0.556,0.4607,0.4808
1954,65.167,15,0.000,0.0000,1.0000,0.815,0.3455,0.6075,0.699,0.5134,0.6255,0.815,0.2671,0.5290,0.324,0.5417,0.6252,0.791,0.2770,0.4736,0.000,0.0000,1.0000,0.651,0.3396,0.4890,0.572,0.4624,0.4805
1955,65.200,15,0.000,0.0000,1.0000,0.813,0.3466,0.6084,0.700,0.5142,0.6259,0.832,0.2654,0.5335,0.336,0.5436,0.6245,0.788,0.2757,0.4760,0.000,0.0000,1.0000,0.642,0.3388,0.4881,0.569,0.4623,0.4802
1956,65.233,15,0.000,0.0000,1.0000,0.810,0.3479,0.6089,0.688,0.5148,0.6255,0.877,0.2587,0.5352,0.335,0.5433,0.6246,0.805,0.2758,0.4763,0.000,0.0000,1.0000,0.646,0.3391,0.4884,0.568,0.4626,0.4802
1957,65.267,15,0.000,0.0000,1.0000,0.811,0.3479,0.6090,0.681,0.5159,0.6256,0.861,0.2561,0.5357,0.302,0.5378,0.6242,0.796,0.2753,0.4737,0.000,0.0000,1.0000,0.645,0.3404,0.4881,0.571,0.4627,0.4791
1958,65.300,15,0.000,0.0000,1.0000,0.813,0.3485,0.6093,0.678,0.5164,0.6257,0.851,0.2557,0.5365,0.273,0.5358,0.6240,0.773,0.2739,0.4759,0.000,0.0000,1.0000,0.647,0.3397,0.4876,0.568,0.4620,0.4785
1959,65.333,15,0.000,0.0000,1.0000,0.819,0.3487,0.6095,0.672,0.5161,0.6255,0.828,0.2550,0.5387,0.265,0.5346,0.6242,0.770,0.2714,0.4792,0.000,0.0000,1.0000,0.649,0.3381,0.4873,0.560,0.4609,0.4783
1960,65.367,15,0.000,0.0000,1.0000,0.810,0.3504,0.6103,0.688,0.5169,0.6261,0.845,0.2559,0.5410,0.261,0.5326,0.6252,0.750,0.2706,0.4798,0.000,0.0000,1.0000,0.650,0.3387,0.4852,0.562,0.4606,0.4786
1961,65.400,15,0.000,0.0000,1.0000,0.798,0.3514,0.6110,0.683,0.5182,0.6258,0.856,0.2577,0.5419,0.250,0.5287,0.6254,0.765,0.2713,0.4807,0.000,0.0000,1.0000,0.649,0.3405,0.4875,0.569,0.4614,0.4788
1962,65.433,15,0.000,0.0000,1.0000,0.804,0.3502,0.6107,0.703,0.5190,0.6265,0.799,0.2584,0.5378,0.242,0.5283,0.6253,0.802,0.2752,0.4812,0.000,0.0000,1.0000,0.653,0.3383,0.4877,0.564,0.4612,0.4792
1963,65.467,15,0.000,0.0000,1.0000,0.799,0.3511,0.6112,0.705,0.5197,0.6267,0.788,0.2637,0.5384,0.239,0.5282,0.6251,0.812,0.2780,0.4844,0.000,0.0000,1.0000,0.647,0.3365,0.4882,0.555,0.4596,0.4795
1964,65.500,15,0.000,0.0000,1.0000,0.796,0.3516,0.6112,0.670,0.5191,0.6248,0.773,0.2703,0.5395,0.233,0.5307,0.6258,0.717,0.2821,0.4860,0.000,0.0000,1.0000,0.646,0.3367,0.4899,0.561,0.4606,0.4799
1965,65.533,15,0.000,0.0000,1.0000,0.797,0.3514,0.6111,0.660,0.5190,0.6244,0.822,0.2739,0.5352,0.253,0.5353,0.6247,0.657,0.2898,0.4831,0.000,0.0000,1.0000,0.652,0.3383,0.4915,0.577,0.4617,0.4793
1966,65.567,15,0.000,0.0000,1.0000,0.799,0.3508,0.6108,0.653,0.5172,0.6226,0.823,0.2744,0.5309,0.274,0.5345,0.6245,0.600,0.3022,0.4858,0.000,0.0000,1.0000,0.651,0.3380,0.4912,0.574,0.4615,0.4794
1967,65.600,15,0.000,0.0000,1.0000,0.793,0.3511,0.6112,0.665,0.5171,0.6228,0.821,0.2759,0.5283,0.315,0.5382,0.6248,0.582,0.3050,0.4861,0.000,0.0000,1.0000,0.653,0.3378,0.4909,0.570,0.4606,0.4796
1968,65.633,15,0.000,0.0000,1.0000,0.793,0.3514,0.6112,0.647,0.5193,0.6229,0.826,0.2765,0.5271,0.292,0.5374,0.6243,0.545,0.3096,0.4853,0.000,0.0000,1.0000,0.651,0.3388,0.4914,0.569,0.4609,0.4801
1969,65.667,15,0.000,0.0000,1.0000,0.792,0.3518,0.6115,0.657,0.5208,0.6241,0.835,0.2782,0.5280,0.273,0.5365,0.6243,0.545,0.3121,0.4860,0.000,0.0000,1.0000,0.657,0.3385,0.4919,0.568,0.4604,0.4805
1970,65.700,15,0.000,0.0000,1.0000,0.787,0.3517,0.6115,0.664,0.5218,0.6244,0.843,0.2787,0.5292,0.278,0.5367,0.6244,0.543,0.3119,0.4863,0.000,0.0000,1.0000,0.663,0.3394,0.4918,0.570,0.4603,0.4809
1971,65.733,15,0.000,0.0000,1.0000,0.774,0.3528,0.6119,0.666,0.5216,0.6232,0.839,0.2795,0.5300,0.294,0.5374,0.6243,0.521,0.3105,0.4864,0.000,0.0000,1.0000,0.668,0.3381,0.4922,0.578,0.4589,0.4817
1972,65.767,15,0.000,0.0000,1.0000,0.732,0.3549,0.6127,0.662,0.5208,0.6227,0.835,0.2794,0.5309,0.289,0.5384,0.6245,0.568,0.3073,0.4852,0.000,0.0000,1.0000,0.665,0.3366,0.4924,0.577,0.4572,0.4826
1973,65.800,15,0.000,0.0000,1.0000,0.734,0.3549,0.6125,0.660,0.5203,0.6222,0.830,0.2792,0.5300,0.292,0.5383,0.6245,0.583,0.3032,0.4842,0.000,0.0000,1.0000,0.661,0.3362,0.4926,0.574,0.4573,0.4820
1974,65.833,15,0.000,0.0000,1.0000,0.736,0.3564,0.6125,0.660,0.5196,0.6219,0.801,0.2781,0.5291,0.274,0.5412,0.6239,0.538,0.2984,0.4832,0.000,0.0000,1.0000,0.658,0.3357,0.4931,0.568,0.4573,0.4821
1975,65.867,15,0.000,0.0000,1.0000,0.730,0.3561,0.6121,0.688,0.5150,0.6199,0.780,0.2772,0.5300,0.314,0.5446,0.6245,0.562,0.2961,0.4862,0.000,0.0000,1.0000,0.660,0.3351,0.4935,0.566,0.4583,0.4814
1976,65.900,15,0.000,0.0000,1.0000,0.733,0.3555,0.6122,0.699,0.5133,0.6196,0.789,0.2762,0.5311,0.334,0.5451,0.6244,0.571,0.2950,0.4879,0.000,0.0000,1.0000,0.667,0.3359,0.4944,0.567,0.4586,0.4819
1977,65.933,15,0.000,0.0000,1.0000,0.741,0.3555,0.6125,0.699,0.5126,0.6207,0.778,0.2754,0.5346,0.384,0.5512,0.6238,0.627,0.2876,0.4856,0.000,0.0000,1.0000,0.667,0.3358,0.4951,0.567,0.4585,0.4820
1978,65.967,15,0.000,0.0000,1.0000,0.736,0.3555,0.6124,0.693,0.5115,0.6213,0.749,0.2735,0.5366,0.422,0.5559,0.6226,0.640,0.2783,0.4869,0.000,0.0000,1.0000,0.654,0.3343,0.4940,0.565,0.4584,0.4821
1979,66.000,15,0.000,0.0000,1.0000,0.753,0.3529,0.6112,0.681,0.5094,0.6214,0.750,0.2704,0.5364,0.412,0.5569,0.6224,0.715,0.2792,0.4845,0.000,0.0000,1.0000,0.660,0.3339,0.4931,0.562,0.4574,0.4818
1980,66.033,15,0.000,0.0000,1.0000,0.768,0.3522,0.6109,0.682,0.5099,0.6228,0.795,0.2647,0.5376,0.448,0.5561,0.6223,0.760,0.2786,0.4838,0.000,0.0000,1.0000,0.644,0.3346,0.4916,0.569,0.4568,0.4812
1981,66.067,15,0.000,0.0000,1.0000,0.778,0.3521,0.6107,0.673,0.5109,0.6236,0.811,0.2587,0.5372,0.415,0.5531,0.6231,0.717,0.2789,0.4809,0.000,0.0000,1.0000,0.643,0.3337,0.4870,0.560,0.4575,0.4803
1982,66.100,15,0.000,0.0000,1.0000,0.789,0.3516,0.6105,0.673,0.5114,0.6240,0.852,0.2576,0.5421,0.412,0.5514,0.6242,0.748,0.2770,0.4811,0.000,0.0000,1.0000,0.638,0.3356,0.4851,0.562,0.4585,0.4791
1983,66.133,15,0.000,0.0000,1.0000,0.795,0.3505,0.6104,0.681,0.5105,0.6221,0.872,0.2560,0.5442,0.380,0.5452,0.6251,0.723,0.2780,0.4831,0.000,0.0000,1.0000,0.623,0.3383,0.4877,0.561,0.4593,0.4787
1984,66.167,15,0.000,0.0000,1.0000,0.792,0.3506,0.6111,0.674,0.5122,0.6223,0.874,0.2561,0.5445,0.339,0.5357,0.6265,0.712,0.2765,0.4825,0.000,0.0000,1.0000,0.633,0.3371,0.4883,0.555,0.4586,0.4788
1985,66.200,15,0.000,0.0000,1.0000,0.805,0.3487,0.6102,0.671,0.5112,0.6221,0.862,0.2561,0.5430,0.347,0.5378,0.6264,0.723,0.2755,0.4823,0.000,0.0000,1.0000,0.626,0.3392,0.4875,0.558,0.4599,0.4787
1986,66.233,15,0.000,0.0000,1.0000,0.814,0.3470,0.6092,0.680,0.5121,0.6224,0.825,0.2569,0.5390,0.378,0.5384,0.6267,0.764,0.2744,0.4810,0.000,0.0000,1.0000,0.644,0.3419,0.4872,0.569,0.4606,0.4782
1987,66.267,15,0.000,0.0000,1.0000,0.816,0.3466,0.6090,0.682,0.5119,0.6229,0.821,0.2571,0.5384,0.385,0.5389,0.6270,0.777,0.2720,0.4794,0.000,0.0000,1.0000,0.652,0.3438,0.4874,0.586,0.4624,0.4781
1988,66.300,15,0.000,0.0000,1.0000,0.818,0.3457,0.6084,0.677,0.5129,0.6239,0.824,0.2569,0.5380,0.375,0.5344,0.6278,0.745,0.2713,0.4770,0.000,0.0000,1.0000,0.663,0.3439,0.4851,0.584,0.4628,0.4775
1989,66.333,15,0.000,0.0000,1.0000,0.826,0.3441,0.6080,0.676,0.5134,0.6237,0.836,0.2565,0.5372,0.358,0.5321,0.6286,0.723,0.2717,0.4752,0.000,0.0000,1.0000,0.670,0.3460,0.4857,0.585,0.4638,0.4773
1990,66.367,15,0.000,0.0000,1.0000,0.833,0.3432,0.6080,0.679,0.5119,0.6243,0.859,0.2563,0.5360,0.369,0.5351,0.6275,0.779,0.2733,0.4711,0.000,0.0000,1.0000,0.670,0.3460,0.4858,0.584,0.4635,0.4775
1991,66.400,15,0.000,0.0000,1.0000,0.830,0.3423,0.6080,0.692,0.5106,0.6249,0.874,0.2568,0.5353,0.402,0.5469,0.6266,0.794,0.2744,0.4689,0.000,0.0000,1.0000,0.670,0.3461,0.4859,0.590,0.4643,0.4777
1992,66.433,16,0.000,0.0000,1.0000,0.826,0.3408,0.6079,0.696,0.5105,0.6248,0.867,0.2576,0.5345,0.416,0.5506,0.6253,0.822,0.2753,0.4682,0.106,0.4673,0.6503,0.664,0.3449,0.4861,0.593,0.4641,0.4780
1993,66.467,16,0.000,0.0000,1.0000,0.825,0.3410,0.6081,0.696,0.5098,0.6250,0.869,0.2616,0.5344,0.459,0.5536,0.6245,0.782,0.2752,0.4662,0.118,0.4737,0.6494,0.667,0.3447,0.4863,0.597,0.4637,0.4782
1994,66.500,16,0.000,0.0000,1.0000,0.823,0.3401,0.6079,0.703,0.5096,0.6240,0.818,0.2688,0.5333,0.458,0.5536,0.6240,0.761,0.2753,0.4663,0.119,0.4737,0.6489,0.667,0.3447,0.4877,0.600,0.4633,0.4783
1995,66.533,16,0.000,0.0000,1.0000,0.823,0.3401,0.6077,0.721,0.5085,0.6220,0.819,0.2681,0.5296,0.481,0.5542,0.6238,0.759,0.2752,0.4655,0.127,0.4740,0.6480,0.667,0.3452,0.4874,0.601,0.4631,0.4776
1996,66.567,16,0.000,0.0000,1.0000,0.831,0.3402,0.6068,0.736,0.5094,0.6210,0.814,0.2671,0.5274,0.490,0.5535,0.6238,0.760,0.2732,0.4668,0.138,0.4732,0.6496,0.672,0.3446,0.4872,0.601,0.4625,0.4777
1997,66.600,16,0.000,0.0000,1.0000,0.825,0.3396,0.6059,0.741,0.5089,0.6208,0.814,0.2668,0.5266,0.506,0.5542,0.6234,0.740,0.2725,0.4665,0.139,0.4823,0.6469,0.674,0.3434,0.4873,0.599,0.4617,0.4778
1998,66.633,16,0.000,0.0000,1.0000,0.824,0.3393,0.6056,0.746,0.5091,0.6208,0.811,0.2668,0.5261,0.517,0.5574,0.6225,0.727,0.2714,0.4663,0.140,0.4939,0.6431,0.671,0.3423,0.4873,0.597,0.4613,0.4778
1999,66.667,16,0.000,0.0000,1.0000,0.826,0.3399,0.6057,0.743,0.5090,0.6207,0.803,0.2682,0.5267,0.516,0.5575,0.6222,0.729,0.2703,0.4671,0.142,0.4960,0.6417,0.673,0.3406,0.4874,0.592,0.4605,0.4777
2000,66.700,16,0.000,0.0000,1.0000,0.816,0.3389,0.6052,0.735,0.5103,0.6209,0.814,0.2703,0.5278,0.533,0.5567,0.6217,0.732,0.2701,0.4687,0.139,0.4990,0.6391,0.665,0.3393,0.4872,0.582,0.4587,0.4771
2001,66.733,16,0.000,0.0000,1.0000,0.817,0.3391,0.6052,0.743,0.5114,0.6208,0.834,0.2713,0.5287,0.536,0.5584,0.6213,0.735,0.2708,0.4693,0.144,0.5007,0.6397,0.656,0.3374,0.4854,0.591,0.4570,0.4768
2002,66.767,16,0.000,0.0000,1.0000,0.800,0.3378,0.6047,0.748,0.5106,0.6201,0.823,0.2716,0.5274,0.520,0.5561,0.6213,0.731,0.2718,0.4685,0.161,0.4977,0.6418,0.645,0.3358,0.4857,0.607,0.4545,0.4772
2003,66.800,16,0.000,0.0000,1.0000,0.782,0.3361,0.6041,0.776,0.5083,0.6199,0.807,0.2719,0.5260,0.561,0.5549,0.6204,0.710,0.2715,0.4680,0.174,0.4986,0.6407,0.650,0.3346,0.4844,0.612,0.4523,0.4768
2004,66.833,16,0.000,0.0000,1.0000,0.773,0.3351,0.6034,0.787,0.5083,0.6202,0.806,0.2718,0.5259,0.566,0.5550,0.6203,0.709,0.2713,0.4679,0.205,0.4993,0.6415,0.662,0.3332,0.4836,0.611,0.4489,0.4768
2005,66.867,16,0.000,0.0000,1.0000,0.774,0.3351,0.6035,0.774,0.5092,0.6193,0.817,0.2717,0.5268,0.527,0.5535,0.6205,0.757,0.2733,0.4708,0.252,0.5006,0.6427,0.670,0.3327,0.4831,0.604,0.4459,0.4771
2006,66.900,16,0.000,0.0000,1.0000,0.768,0.3343,0.6031,0.767,0.5089,0.6182,0.797,0.2683,0.5260,0.579,0.5532,0.6200,0.780,0.2746,0.4685,0.312,0.5074,0.6422,0.668,0.3325,0.4823,0.601,0.4431,0.4771
2007,66.933,16,0.000,0.0000,1.0000,0.756,0.3323,0.6029,0.781,0.5081,0.6187,0.824,0.2643,0.5268,0.592,0.5546,0.6192,0.829,0.2758,0.4692,0.294,0.5028,0.6433,0.671,0.3320,0.4818,0.604,0.4428,0.4767
2008,66.967,16,0.000,0.0000,1.0000,0.777,0.3330,0.6041,0.786,0.5074,0.6187,0.876,0.2598,0.5328,0.627,0.5548,0.6177,0.826,0.2757,0.4725,0.314,0.5035,0.6435,0.677,0.3313,0.4820,0.604,0.4416,0.4767
2009,67.000,16,0.000,0.0000,1.0000,0.796,0.3340,0.6054,0.789,0.5058,0.6192,0.895,0.2573,0.5346,0.656,0.5614,0.6150,0.768,0.2742,0.4762,0.331,0.5137,0.6409,0.676,0.3307,0.4820,0.609,0.4422,0.4770
2010,67.033,16,0.000,0.0000,1.0000,0.807,0.3347,0.6062,0.774,0.5036,0.6172,0.848,0.2543,0.5364,0.634,0.5611,0.6160,0.818,0.2612,0.4801,0.322,0.5209,0.6398,0.688,0.3285,0.4817,0.606,0.4408,0.4771
2011,67.067,16,0.000,0.0000,1.0000,0.821,0.3365,0.6067,0.746,0.5022,0.6137,0.822,0.2509,0.5416,0.650,0.5646,0.6168,0.715,0.2653,0.4822,0.345,0.5258,0.6382,0.699,0.3277,0.4811,0.602,0.4401,0.4766
2012,67.100,16,0.000,0.0000,1.0000,0.834,0.3378,0.6070,0.766,0.5025,0.6128,0.863,0.2450,0.5456,0.689,0.5658,0.6146,0.816,0.2592,0.4918,0.414,0.5414,0.6354,0.692,0.3288,0.4806,0.599,0.4414,0.4751
2013,67.133,15,0.000,0.0000,1.0000,0.849,0.3382,0.6072,0.787,0.5027,0.6124,0.875,0.2402,0.5475,0.705,0.5665,0.6135,0.812,0.2571,0.5009,0.432,0.5442,0.6351,0.689,0.3306,0.4797,0.607,0.4422,0.4738
2014,67.167,15,0.000,0.0000,1.0000,0.855,0.3392,0.6071,0.812,0.5025,0.6117,0.853,0.2386,0.5481,0.758,0.5648,0.6121,0.789,0.2611,0.5092,0.558,0.5396,0.6349,0.681,0.3313,0.4783,0.623,0.4418,0.4727
2015,67.200,16,0.000,0.0000,1.0000,0.849,0.3383,0.6065,0.816,0.5031,0.6115,0.797,0.2347,0.5490,0.750,0.5647,0.6120,0.553,0.2647,0.5239,0.523,0.5404,0.6349,0.659,0.3328,0.4770,0.635,0.4428,0.4715
2016,67.233,16,0.000,0.0000,1.0000,0.852,0.3405,0.6071,0.824,0.5032,0.6108,0.822,0.2323,0.5568,0.766,0.5651,0.6114,0.417,0.2938,0.5511,0.564,0.5377,0.6348,0.663,0.3345,0.4770,0.653,0.4451,0.4706
2017,67.267,16,0.000,0.0000,1.0000,0.850,0.3414,0.6067,0.828,0.5022,0.6099,0.849,0.2230,0.5607,0.794,0.5658,0.6112,0.194,0.2984,0.5563,0.651,0.5350,0.6354,0.667,0.3356,0.4758,0.659,0.4458,0.4701
2018,67.300,16,0.000,0.0000,1.0000,0.844,0.3413,0.6067,0.825,0.5018,0.6096,0.816,0.2180,0.5636,0.828,0.5672,0.6099,0.117,0.2863,0.5716,0.711,0.5324,0.6356,0.661,0.3363,0.4750,0.663,0.4462,0.4700
2019,67.333,16,0.000,0.0000,1.0000,0.843,0.3434,0.6071,0.816,0.5013,0.6086,0.863,0.2181,0.5710,0.831,0.5666,0.6081,0.613,0.2456,0.5994,0.685,0.5341,0.6351,0.662,0.3359,0.4750,0.672,0.4466,0.4699
2020,67.367,16,0.000,0.0000,1.0000,0.832,0.3462,0.6070,0.812,0.5020,0.6057,0.829,0.2138,0.5775,0.834,0.5667,0.6069,0.713,0.2449,0.6122,0.675,0.5381,0.6341,0.666,0.3373,0.4747,0.680,0.4483,0.4694
2021,67.400,16,0.000,0.0000,1.0000,0.828,0.3461,0.6074,0.824,0.5028,0.6054,0.834,0.2129,0.5864,0.844,0.5666,0.6064,0.688,0.2452,0.6246,0.689,0.5388,0.6337,0.669,0.3366,0.4727,0.684,0.4488,0.4689
2022,67.433,16,0.000,0.0000,1.0000,0.833,0.3474,0.6080,0.812,0.5022,0.6041,0.868,0.2125,0.5968,0.844,0.5665,0.6062,0.739,0.2372,0.6354,0.708,0.5366,0.6336,0.680,0.3371,0.4714,0.691,0.4492,0.4684
2023,67.467,16,0.000,0.0000,1.0000,0.837,0.3442,0.6080,0.785,0.5011,0.6025,0.829,0.2124,0.6012,0.836,0.5656,0.6049,0.736,0.2438,0.6384,0.712,0.5356,0.6331,0.682,0.3362,0.4714,0.694,0.4494,0.4681
2024,67.500,16,0.000,0.0000,1.0000,0.845,0.3450,0.6091,0.774,0.5014,0.6014,0.876,0.2183,0.6101,0.827,0.5656,0.6042,0.813,0.2352,0.6456,0.720,0.5348,0.6333,0.681,0.3365,0.4716,0.696,0.4501,0.4683
2025,67.533,16,0.000,0.0000,1.0000,0.853,0.3435,0.6090,0.761,0.5014,0.6006,0.824,0.2219,0.6143,0.811,0.5646,0.6040,0.817,0.2416,0.6489,0.729,0.5329,0.6332,0.681,0.3362,0.4715,0.699,0.4501,0.4682
2026,67.567,16,0.000,0.0000,1.0000,0.861,0.3455,0.6090,0.756,0.5016,0.6000,0.859,0.2275,0.6203,0.806,0.5652,0.6036,0.844,0.2395,0.6545,0.735,0.5327,0.6337,0.683,0.3362,0.4711,0.702,0.4501,0.4681
2027,67.600,16,0.000,0.0000,1.0000,0.853,0.3471,0.6097,0.771,0.5013,0.5996,0.863,0.2361,0.6228,0.795,0.5649,0.6031,0.844,0.2381,0.6553,0.741,0.5312,0.6338,0.685,0.3358,0.4707,0.704,0.4495,0.4679
2028,67.633,16,0.000,0.0000,1.0000,0.845,0.3478,0.6098,0.774,0.5013,0.5993,0.813,0.2421,0.6254,0.782,0.5638,0.6024,0.822,0.2404,0.6559,0.773,0.5294,0.6340,0.689,0.3361,0.4702,0.707,0.4496,0.4677
2029,67.667,15,0.000,0.0000,1.0000,0.840,0.3490,0.6097,0.771,0.5010,0.5990,0.791,0.2485,0.6262,0.777,0.5630,0.6018,0.822,0.2422,0.6560,0.804,0.5267,0.6342,0.695,0.3356,0.4697,0.708,0.4487,0.4676
2030,67.700,16,0.000,0.0000,1.0000,0.838,0.3491,0.6099,0.769,0.5002,0.5990,0.770,0.2506,0.6260,0.778,0.5637,0.6013,0.785,0.2442,0.6542,0.812,0.5257,0.6342,0.690,0.3355,0.4696,0.706,0.4485,0.4674
2031,67.733,16,0.000,0.0000,1.0000,0.849,0.3488,0.6092,0.781,0.4991,0.5986,0.760,0.2491,0.6280,0.791,0.5645,0.6009,0.707,0.2512,0.6519,0.809,0.5251,0.6345,0.698,0.3352,0.4694,0.705,0.4479,0.4671
2032,67.767,16,0.000,0.0000,1.0000,0.853,0.3493,0.6090,0.796,0.4981,0.5982,0.762,0.2486,0.6284,0.804,0.5646,0.6003,0.704,0.2580,0.6518,0.811,0.5247,0.6346,0.695,0.3356,0.4688,0.708,0.4475,0.4664
2033,67.800,16,0.000,0.0000,1.0000,0.855,0.3501,0.6085,0.812,0.4974,0.5977,0.750,0.2520,0.6256,0.819,0.5644,0.5995,0.695,0.2526,0.6499,0.814,0.5242,0.6347,0.699,0.3361,0.4695,0.708,0.4470,0.4665
2034,67.833,16,0.000,0.0000,1.0000,0.859,0.3499,0.6078,0.825,0.4969,0.5973,0.753,0.2513,0.6251,0.826,0.5648,0.5991,0.705,0.2536,0.6490,0.815,0.5262,0.6338,0.704,0.3362,0.4686,0.710,0.4480,0.4663
2035,67.867,16,0.000,0.0000,1.0000,0.861,0.3474,0.6068,0.832,0.4959,0.5969,0.788,0.2486,0.6239,0.833,0.5647,0.5992,0.756,0.2581,0.6479,0.802,0.5265,0.6337,0.707,0.3368,0.4682,0.708,0.4487,0.4659
2036,67.900,16,0.000,0.0000,1.0000,0.844,0.3436,0.6052,0.840,0.4951,0.5968,0.842,0.2433,0.6226,0.839,0.5649,0.5991,0.799,0.2598,0.6470,0.805,0.5268,0.6335,0.702,0.3363,0.4674,0.704,0.4486,0.4656
2037,67.933,16,0.000,0.0000,1.0000,0.835,0.3426,0.6037,0.844,0.4941,0.5965,0.866,0.2406,0.6201,0.844,0.5657,0.5993,0.809,0.2593,0.6464,0.803,0.5277,0.6333,0.700,0.3365,0.4670,0.704,0.4485,0.4650
2038,67.967,16,0.000,0.0000,1.0000,0.837,0.3414,0.6035,0.846,0.4943,0.5963,0.859,0.2386,0.6179,0.845,0.5661,0.5992,0.800,0.2592,0.6456,0.802,0.5262,0.6334,0.700,0.3358,0.4669,0.704,0.4485,0.4646
2039,68.000,16,0.000,0.0000,1.0000,0.836,0.3413,0.6032,0.845,0.4943,0.5962,0.851,0.2381,0.6165,0.849,0.5668,0.5994,0.813,0.2588,0.6444,0.800,0.5259,0.6334,0.704,0.3358,0.4666,0.704,0.4484,0.4646
2040,68.033,16,0.000,0.0000,1.0000,0.827,0.3402,0.6025,0.847,0.4948,0.5962,0.836,0.2370,0.6166,0.852,0.5675,0.5994,0.756,0.2533,0.6421,0.818,0.5254,0.6337,0.703,0.3363,0.4665,0.704,0.4485,0.4644
2041,68.067,16,0.000,0.0000,1.0000,0.825,0.3396,0.6026,0.843,0.4953,0.5964,0.825,0.2360,0.6155,0.857,0.5685,0.5992,0.713,0.2509,0.6404,0.821,0.5284,0.6325,0.705,0.3362,0.4663,0.700,0.4486,0.4642
2042,68.100,16,0.000,0.0000,1.0000,0.816,0.3379,0.6025,0.843,0.4951,0.5958,0.812,0.2371,0.6152,0.853,0.5692,0.5998,0.717,0.2476,0.6402,0.817,0.5284,0.6326,0.703,0.3365,0.4662,0.697,0.4488,0.4642
2043,68.133,16,0.000,0.0000,1.0000,0.802,0.3375,0.6017,0.844,0.4950,0.5956,0.815,0.2369,0.6162,0.842,0.5693,0.6003,0.739,0.2568,0.6409,0.830,0.5293,0.6326,0.706,0.3371,0.4660,0.697,0.4490,0.4641
2044,68.167,16,0.000,0.0000,1.0000,0.801,0.3377,0.6017,0.844,0.4950,0.5952,0.823,0.2386,0.6168,0.835,0.5703,0.6007,0.742,0.2565,0.6403,0.834,0.5297,0.6328,0.707,0.3370,0.4657,0.693,0.4491,0.4637
2045,68.200,16,0.000,0.0000,1.0000,0.806,0.3387,0.6015,0.847,0.4934,0.5949,0.826,0.2383,0.6185,0.828,0.5708,0.6013,0.768,0.2586,0.6416,0.842,0.5301,0.6340,0.716,0.3376,0.4659,0.691,0.4488,0.4635
2046,68.233,16,0.000,0.0000,1.0000,0.812,0.3394,0.6015,0.842,0.4930,0.5949,0.834,0.2412,0.6188,0.835,0.5709,0.6018,0.735,0.2530,0.6430,0.827,0.5317,0.6333,0.716,0.3377,0.4659,0.684,0.4488,0.4632
2047,68.267,16,0.000,0.0000,1.0000,0.811,0.3404,0.6010,0.842,0.4931,0.5951,0.816,0.2424,0.6195,0.843,0.5712,0.6022,0.670,0.2500,0.6424,0.844,0.5309,0.6330,0.711,0.3379,0.4649,0.683,0.4490,0.4627
2048,68.300,16,0.000,0.0000,1.0000,0.813,0.3402,0.6011,0.840,0.4922,0.5955,0.776,0.2437,0.6213,0.840,0.5705,0.6025,0.656,0.2494,0.6425,0.842,0.5309,0.6329,0.709,0.3375,0.4648,0.676,0.4488,0.4625
2049,68.333,16,0.000,0.0000,1.0000,0.815,0.3407,0.6008,0.838,0.4915,0.5955,0.778,0.2451,0.6218,0.848,0.5702,0.6029,0.703,0.2462,0.6451,0.840,0.5309,0.6331,0.717,0.3379,0.4649,0.672,0.4485,0.4623
2050,68.367,16,0.000,0.0000,1.0000,0.815,0.3411,0.6008,0.840,0.4899,0.5954,0.771,0.2460,0.6218,0.853,0.5704,0.6034,0.696,0.2463,0.6451,0.841,0.5287,0.6338,0.709,0.3371,0.4645,0.669,0.4482,0.4620
2051,68.400,16,0.000,0.0000,1.0000,0.819,0.3406,0.6012,0.845,0.4890,0.5955,0.770,0.2467,0.6215,0.855,0.5706,0.6037,0.669,0.2487,0.6428,0.838,0.5291,0.6338,0.703,0.3365,0.4640,0.667,0.4477,0.4617
2052,68.433,16,0.000,0.0000,1.0000,0.824,0.3396,0.6017,0.842,0.4892,0.5955,0.780,0.2480,0.6197,0.856,0.5706,0.6039,0.702,0.2446,0.6429,0.838,0.5287,0.6338,0.704,0.3367,0.4641,0.668,0.4477,0.4607
2053,68.467,16,0.000,0.0000,1.0000,0.825,0.3396,0.6016,0.841,0.4894,0.5957,0.801,0.2460,0.6197,0.858,0.5705,0.6041,0.680,0.2494,0.6422,0.836,0.5289,0.6337,0.708,0.3374,0.4642,0.671,0.4486,0.4608
2054,68.500,16,0.000,0.0000,1.0000,0.818,0.3388,0.6017,0.838,0.4893,0.5958,0.804,0.2451,0.6187,0.857,0.5706,0.6042,0.696,0.2521,0.6416,0.838,0.5291,0.6334,0.706,0.3371,0.4643,0.670,0.4486,0.4608
2055,68.533,16,0.000,0.0000,1.0000,0.810,0.3388,0.6015,0.836,0.4893,0.5959,0.813,0.2444,0.6187,0.859,0.5707,0.6051,0.696,0.2522,0.6415,0.810,0.5267,0.6340,0.702,0.3368,0.4641,0.672,0.4487,0.4606
2056,68.567,16,0.000,0.0000,1.0000,0.812,0.3399,0.6013,0.835,0.4884,0.5962,0.816,0.2444,0.6181,0.857,0.5703,0.6053,0.714,0.2526,0.6416,0.793,0.5294,0.6336,0.700,0.3369,0.4641,0.674,0.4487,0.4605
2057,68.600,16,0.000,0.0000,1.0000,0.813,0.3401,0.6014,0.835,0.4882,0.5965,0.817,0.2442,0.6177,0.856,0.5698,0.6054,0.722,0.2520,0.6415,0.793,0.5284,0.6342,0.700,0.3366,0.4643,0.673,0.4487,0.4606
2058,68.633,16,0.000,0.0000,1.0000,0.802,0.3399,0.6008,0.840,0.4887,0.5957,0.822,0.2430,0.6176,0.856,0.5705,0.6055,0.750,0.2532,0.6415,0.811,0.5297,0.6340,0.702,0.3374,0.4643,0.672,0.4492,0.4606
2059,68.667,16,0.000,0.0000,1.0000,0.793,0.3400,0.6001,0.840,0.4885,0.5956,0.820,0.2410,0.6165,0.858,0.5709,0.6054,0.765,0.2545,0.6415,0.819,0.5306,0.6338,0.701,0.3372,0.4642,0.673,0.4488,0.4606
2060,68.700,16,0.000,0.0000,1.0000,0.804,0.3390,0.5998,0.844,0.4873,0.5958,0.808,0.2413,0.6154,0.856,0.5700,0.6053,0.765,0.2539,0.6416,0.807,0.5325,0.6342,0.707,0.3377,0.4643,0.675,0.4489,0.4606
2061,68.733,16,0.000,0.0000,1.0000,0.824,0.3383,0.5987,0.842,0.4875,0.5950,0.809,0.2382,0.6154,0.860,0.5698,0.6056,0.768,0.2550,0.6419,0.809,0.5307,0.6342,0.707,0.3379,0.4642,0.678,0.4490,0.4605
2062,68.767,16,0.000,0.0000,1.0000,0.842,0.3385,0.5974,0.838,0.4865,0.5944,0.805,0.2366,0.6146,0.856,0.5688,0.6055,0.781,0.2556,0.6415,0.826,0.5307,0.6340,0.695,0.3376,0.4637,0.679,0.4499,0.4602
2063,68.800,16,0.000,0.0000,1.0000,0.855,0.3372,0.5968,0.830,0.4855,0.5933,0.803,0.2349,0.6142,0.855,0.5681,0.6047,0.782,0.2550,0.6410,0.837,0.5274,0.6342,0.686,0.3372,0.4632,0.678,0.4497,0.4602
2064,68.833,16,0.000,0.0000,1.0000,0.856,0.3361,0.5963,0.824,0.4827,0.5929,0.794,0.2340,0.6138,0.845,0.5672,0.6036,0.783,0.2546,0.6407,0.838,0.5255,0.6344,0.682,0.3365,0.4625,0.680,0.4487,0.4599
2065,68.867,15,0.000,0.0000,1.0000,0.849,0.3345,0.5958,0.820,0.4820,0.5927,0.842,0.2331,0.6115,0.844,0.5671,0.6033,0.763,0.2508,0.6400,0.850,0.5253,0.6343,0.668,0.3363,0.4621,0.684,0.4492,0.4596
2066,68.900,16,0.000,0.0000,1.0000,0.850,0.3331,0.5956,0.810,0.4812,0.5930,0.871,0.2318,0.6099,0.840,0.5673,0.6030,0.747,0.2496,0.6395,0.860,0.5267,0.6336,0.681,0.3366,0.4623,0.684,0.4485,0.4597
2067,68.933,16,0.000,0.0000,1.0000,0.844,0.3336,0.5946,0.796,0.4800,0.5927,0.872,0.2312,0.6092,0.832,0.5674,0.6023,0.738,0.2469,0.6395,0.856,0.5257,0.6333,0.688,0.3368,0.4623,0.681,0.4475,0.4598
2068,68.967,16,0.000,0.0000,1.0000,0.850,0.3331,0.5945,0.801,0.4791,0.5931,0.868,0.2294,0.6085,0.819,0.5674,0.6013,0.758,0.2464,0.6396,0.839,0.5238,0.6336,0.688,0.3366,0.4623,0.681,0.4475,0.4601
2069,69.000,16,0.000,0.0000,1.0000,0.854,0.3326,0.5944,0.812,0.4775,0.5928,0.867,0.2281,0.6084,0.833,0.5676,0.6008,0.765,0.2463,0.6398,0.821,0.5233,0.6331,0.685,0.3361,0.4622,0.682,0.4472,0.4602
2070,69.033,16,0.000,0.0000,1.0000,0.855,0.3322,0.5944,0.833,0.4766,0.5931,0.870,0.2278,0.6084,0.849,0.5675,0.5998,0.756,0.2494,0.6396,0.827,0.5203,0.6327,0.680,0.3357,0.4619,0.680,0.4462,0.4601
2071,69.067,16,0.000,0.0000,1.0000,0.864,0.3311,0.5942,0.851,0.4740,0.5930,0.861,0.2273,0.6084,0.856,0.5664,0.5988,0.757,0.2506,0.6389,0.828,0.5185,0.6306,0.684,0.3354,0.4620,0.679,0.4453,0.4604
2072,69.100,16,0.000,0.0000,1.0000,0.867,0.3303,0.5935,0.846,0.4744,0.5931,0.849,0.2265,0.6085,0.855,0.5667,0.5986,0.740,0.2506,0.6381,0.833,0.5184,0.6307,0.681,0.3354,0.4619,0.679,0.4452,0.4604
2073,69.133,16,0.000,0.0000,1.0000,0.869,0.3284,0.5932,0.845,0.4728,0.5933,0.836,0.2262,0.6082,0.853,0.5675,0.5985,0.739,0.2503,0.6380,0.827,0.5213,0.6311,0.683,0.3354,0.4621,0.679,0.4453,0.4604
2074,69.167,16,0.000,0.0000,1.0000,0.873,0.3274,0.5929,0.848,0.4727,0.5927,0.840,0.2254,0.6078,0.856,0.5680,0.5996,0.731,0.2496,0.6380,0.822,0.5211,0.6320,0.680,0.3352,0.4621,0.679,0.4452,0.4615
2075,69.200,16,0.000,0.0000,1.0000,0.875,0.3255,0.5925,0.846,0.4734,0.5926,0.842,0.2245,0.6073,0.840,0.5698,0.6014,0.752,0.2501,0.6383,0.831,0.5260,0.6314,0.674,0.3349,0.4617,0.677,0.4449,0.4605
2076,69.233,16,0.000,0.0000,1.0000,0.870,0.3250,0.5920,0.855,0.4731,0.5924,0.850,0.2234,0.6074,0.867,0.5709,0.6048,0.739,0.2490,0.6384,0.841,0.5241,0.6341,0.672,0.3348,0.4617,0.678,0.4447,0.4602
2077,69.267,16,0.000,0.0000,1.0000,0.866,0.3249,0.5913,0.864,0.4725,0.5924,0.853,0.2228,0.6074,0.879,0.5721,0.6073,0.753,0.2475,0.6387,0.819,0.5253,0.6355,0.677,0.3348,0.4619,0.674,0.4440,0.4601
2078,69.300,16,0.000,0.0000,1.0000,0.857,0.3253,0.5910,0.867,0.4723,0.5929,0.856,0.2221,0.6075,0.888,0.5741,0.6080,0.771,0.2452,0.6392,0.833,0.5259,0.6371,0.676,0.3347,0.4620,0.672,0.4439,0.4600
2079,69.333,16,0.000,0.0000,1.0000,0.855,0.3265,0.5907,0.866,0.4718,0.5928,0.852,0.2227,0.6076,0.882,0.5744,0.6084,0.779,0.2434,0.6392,0.829,0.5282,0.6369,0.675,0.3346,0.4620,0.671,0.4438,0.4600
2080,69.367,16,0.000,0.0000,1.0000,0.854,0.3278,0.5905,0.870,0.4692,0.5932,0.847,0.2231,0.6086,0.882,0.5728,0.6091,0.774,0.2461,0.6394,0.834,0.5278,0.6358,0.674,0.3349,0.4619,0.672,0.4438,0.4600
2081,69.400,16,0.000,0.0000,1.0000,0.856,0.3266,0.5908,0.866,0.4696,0.5938,0.844,0.2230,0.6086,0.885,0.5711,0.6091,0.779,0.2448,0.6397,0.832,0.5272,0.6358,0.669,0.3347,0.4618,0.674,0.4440,0.4600
2082,69.433,16,0.000,0.0000,1.0000,0.855,0.3271,0.5912,0.862,0.4699,0.5946,0.843,0.2230,0.6084,0.882,0.5700,0.6087,0.786,0.2433,0.6399,0.845,0.5281,0.6349,0.668,0.3349,0.4618,0.676,0.4440,0.4600
2083,69.467,16,0.000,0.0000,1.0000,0.857,0.3261,0.5916,0.867,0.4695,0.5937,0.845,0.2231,0.6084,0.873,0.5673,0.6084,0.792,0.2435,0.6399,0.845,0.5247,0.6341,0.662,0.3343,0.4606,0.674,0.4439,0.4599
2084,69.500,16,0.000,0.0000,1.0000,0.858,0.3263,0.5920,0.870,0.4693,0.5936,0.845,0.2234,0.6082,0.872,0.5663,0.6083,0.791,0.2433,0.6396,0.851,0.5227,0.6337,0.664,0.3340,0.4607,0.674,0.4438,0.4600
2085,69.533,16,0.000,0.0000,1.0000,0.858,0.3252,0.5921,0.870,0.4694,0.5936,0.845,0.2235,0.6083,0.870,0.5658,0.6083,0.790,0.2431,0.6395,0.845,0.5226,0.6336,0.672,0.3334,0.4602,0.674,0.4434,0.4598
2086,69.567,16,0.000,0.0000,1.0000,0.860,0.3234,0.5926,0.872,0.4685,0.5939,0.846,0.2235,0.6083,0.872,0.5657,0.6085,0.789,0.2435,0.6398,0.836,0.5237,0.6340,0.671,0.3333,0.4601,0.673,0.4433,0.4599
2087,69.600,16,0.000,0.0000,1.0000,0.862,0.3233,0.5927,0.871,0.4692,0.5946,0.851,0.2227,0.6082,0.880,0.5665,0.6088,0.790,0.2441,0.6398,0.836,0.5240,0.6343,0.680,0.3328,0.4598,0.671,0.4428,0.4599
2088,69.633,16,0.000,0.0000,1.0000,0.860,0.3233,0.5928,0.870,0.4691,0.5949,0.854,0.2225,0.6076,0.877,0.5664,0.6087,0.790,0.2424,0.6394,0.822,0.5232,0.6347,0.686,0.3321,0.4597,0.667,0.4420,0.4612
2089,69.667,16,0.000,0.0000,1.0000,0.860,0.3231,0.5927,0.869,0.4684,0.5946,0.859,0.2214,0.6064,0.869,0.5661,0.6085,0.792,0.2409,0.6393,0.812,0.5231,0.6352,0.686,0.3319,0.4596,0.667,0.4416,0.4613
2090,69.700,16,0.000,0.0000,1.0000,0.862,0.3203,0.5924,0.860,0.4676,0.5948,0.842,0.2188,0.6043,0.849,0.5629,0.6078,0.791,0.2401,0.6390,0.820,0.5241,0.6352,0.694,0.3312,0.4591,0.667,0.4413,0.4612
2091,69.733,16,0.000,0.0000,1.0000,0.854,0.3184,0.5919,0.860,0.4673,0.5937,0.838,0.2189,0.6034,0.840,0.5624,0.6076,0.797,0.2401,0.6389,0.817,0.5232,0.6353,0.697,0.3313,0.4591,0.664,0.4411,0.4611
2092,69.767,16,0.000,0.0000,1.0000,0.852,0.3175,0.5920,0.862,0.4670,0.5934,0.839,0.2192,0.6036,0.826,0.5630,0.6056,0.789,0.2417,0.6383,0.846,0.5244,0.6338,0.708,0.3305,0.4589,0.661,0.4407,0.4596
2093,69.800,16,0.000,0.0000,1.0000,0.854,0.3166,0.5919,0.870,0.4652,0.5922,0.841,0.2199,0.6037,0.824,0.5623,0.6042,0.783,0.2424,0.6382,0.840,0.5223,0.6332,0.715,0.3291,0.4583,0.662,0.4398,0.4586
2094,69.833,16,0.000,0.0000,1.0000,0.852,0.3163,0.5915,0.870,0.4642,0.5920,0.838,0.2202,0.6040,0.831,0.5611,0.6044,0.762,0.2455,0.6377,0.839,0.5227,0.6332,0.711,0.3274,0.4571,0.667,0.4394,0.4576
2095,69.867,16,0.000,0.0000,1.0000,0.852,0.3163,0.5913,0.866,0.4641,0.5914,0.840,0.2204,0.6042,0.842,0.5601,0.6049,0.755,0.2458,0.6376,0.840,0.5228,0.6333,0.710,0.3268,0.4566,0.669,0.4392,0.4565
2096,69.900,16,0.000,0.0000,1.0000,0.847,0.3164,0.5907,0.856,0.4634,0.5905,0.840,0.2202,0.6037,0.839,0.5603,0.6051,0.771,0.2454,0.6377,0.834,0.5227,0.6331,0.711,0.3258,0.4553,0.669,0.4385,0.4554
2097,69.933,16,0.000,0.0000,1.0000,0.834,0.3172,0.5898,0.851,0.4627,0.5901,0.844,0.2194,0.6042,0.842,0.5600,0.6049,0.760,0.2463,0.6374,0.821,0.5216,0.6333,0.701,0.3256,0.4544,0.666,0.4385,0.4537
2098,69.967,16,0.000,0.0000,1.0000,0.823,0.3179,0.5886,0.837,0.4618,0.5893,0.846,0.2196,0.6044,0.849,0.5593,0.6049,0.760,0.2465,0.6373,0.807,0.5202,0.6335,0.698,0.3250,0.4539,0.661,0.4382,0.4535
2099,70.000,16,0.000,0.0000,1.0000,0.807,0.3183,0.5879,0.830,0.4627,0.5888,0.847,0.2194,0.6045,0.866,0.5578,0.6059,0.750,0.2471,0.6373,0.806,0.5215,0.6337,0.690,0.3244,0.4534,0.663,0.4380,0.4526
2100,70.033,16,0.000,0.0000,1.0000,0.802,0.3182,0.5876,0.805,0.4612,0.5879,0.843,0.2204,0.6046,0.866,0.5579,0.6060,0.749,0.2490,0.6372,0.806,0.5223,0.6334,0.683,0.3247,0.4522,0.657,0.4380,0.4522
2101,70.067,16,0.000,0.0000,1.0000,0.813,0.3187,0.5872,0.805,0.4615,0.5875,0.840,0.2212,0.6048,0.868,0.5578,0.6065,0.752,0.2493,0.6373,0.828,0.5236,0.6323,0.684,0.3249,0.4522,0.649,0.4376,0.4517
2102,70.100,16,0.000,0.0000,1.0000,0.817,0.3187,0.5870,0.821,0.4618,0.5864,0.840,0.2209,0.6042,0.873,0.5577,0.6060,0.759,0.2494,0.6374,0.843,0.5251,0.6320,0.676,0.3243,0.4512,0.644,0.4372,0.4508
2103,70.133,16,0.000,0.0000,1.0000,0.818,0.3181,0.5869,0.844,0.4627,0.5856,0.838,0.2208,0.6039,0.861,0.5576,0.6061,0.770,0.2493,0.6371,0.794,0.5326,0.6320,0.670,0.3244,0.4507,0.639,0.4369,0.4504
2104,70.167,16,0.000,0.0000,1.0000,0.821,0.3171,0.5861,0.855,0.4623,0.5843,0.844,0.2199,0.6040,0.866,0.5571,0.6063,0.766,0.2492,0.6371,0.774,0.5298,0.6339,0.667,0.3237,0.4493,0.636,0.4364,0.4500
2105,70.200,16,0.000,0.0000,1.0000,0.817,0.3164,0.5858,0.845,0.4615,0.5842,0.839,0.2194,0.6036,0.873,0.5565,0.6059,0.770,0.2451,0.6366,0.799,0.5301,0.6342,0.674,0.3236,0.4491,0.637,0.4360,0.4498
2106,70.233,16,0.000,0.0000,1.0000,0.827,0.3184,0.5852,0.851,0.4623,0.5839,0.842,0.2182,0.6037,0.875,0.5571,0.6053,0.775,0.2440,0.6366,0.830,0.5267,0.6349,0.673,0.3235,0.4493,0.642,0.4357,0.4500
2107,70.267,16,0.000,0.0000,1.0000,0.827,0.3175,0.5851,0.842,0.4615,0.5835,0.847,0.2178,0.6040,0.867,0.5581,0.6046,0.769,0.2444,0.6366,0.831,0.5322,0.6345,0.677,0.3225,0.4491,0.651,0.4345,0.4500
2108,70.300,16,0.000,0.0000,1.0000,0.832,0.3182,0.5848,0.851,0.4618,0.5825,0.848,0.2174,0.6046,0.865,0.5589,0.6045,0.766,0.2442,0.6367,0.805,0.5307,0.6365,0.677,0.3220,0.4492,0.654,0.4337,0.4503
2109,70.333,16,0.000,0.0000,1.0000,0.839,0.3191,0.5845,0.854,0.4627,0.5815,0.846,0.2173,0.6044,0.865,0.5591,0.6044,0.767,0.2441,0.6368,0.843,0.5289,0.6358,0.673,0.3213,0.4491,0.651,0.4333,0.4500
2110,70.367,16,0.000,0.0000,1.0000,0.839,0.3200,0.5849,0.858,0.4639,0.5814,0.843,0.2180,0.6046,0.861,0.5594,0.6043,0.763,0.2448,0.6369,0.838,0.5285,0.6337,0.670,0.3211,0.4492,0.648,0.4338,0.4498
2111,70.400,16,0.000,0.0000,1.0000,0.830,0.3203,0.5857,0.866,0.4653,0.5823,0.837,0.2203,0.6046,0.855,0.5599,0.6056,0.764,0.2454,0.6370,0.786,0.5269,0.6335,0.681,0.3217,0.4510,0.654,0.4340,0.4507
2112,70.433,16,0.000,0.0000,1.0000,0.821,0.3209,0.5864,0.866,0.4670,0.5832,0.844,0.2210,0.6056,0.853,0.5605,0.6065,0.759,0.2464,0.6369,0.780,0.5276,0.6351,0.686,0.3218,0.4518,0.651,0.4346,0.4511
2113,70.467,16,0.000,0.0000,1.0000,0.803,0.3217,0.5872,0.869,0.4693,0.5848,0.849,0.2208,0.6067,0.852,0.5628,0.6080,0.750,0.2473,0.6371,0.793,0.5253,0.6367,0.689,0.3222,0.4527,0.651,0.4354,0.4518
2114,70.500,16,0.000,0.0000,1.0000,0.802,0.3234,0.5882,0.854,0.4715,0.5869,0.841,0.2223,0.6069,0.860,0.5634,0.6089,0.755,0.2453,0.6367,0.792,0.5248,0.6372,0.699,0.3229,0.4536,0.646,0.4361,0.4522
2115,70.533,16,0.000,0.0000,1.0000,0.812,0.3259,0.5885,0.833,0.4735,0.5887,0.852,0.2226,0.6085,0.861,0.5640,0.6100,0.750,0.2447,0.6369,0.775,0.5222,0.6379,0.705,0.3265,0.4551,0.664,0.4386,0.4538
2116,70.567,16,0.000,0.0000,1.0000,0.812,0.3293,0.5887,0.846,0.4727,0.5898,0.850,0.2227,0.6095,0.884,0.5669,0.6102,0.718,0.2460,0.6378,0.769,0.5224,0.6373,0.698,0.3285,0.4569,0.674,0.4391,0.4552
2117,70.600,17,0.000,0.0000,1.0000,0.830,0.3298,0.5903,0.858,0.4720,0.5905,0.837,0.2254,0.6099,0.886,0.5688,0.6108,0.723,0.2464,0.6393,0.785,0.5232,0.6372,0.695,0.3303,0.4580,0.682,0.4399,0.4561
2118,70.633,16,0.000,0.0000,1.0000,0.846,0.3297,0.5922,0.861,0.4746,0.5917,0.863,0.2296,0.6108,0.875,0.5699,0.6115,0.719,0.2436,0.6422,0.775,0.5220,0.6376,0.692,0.3316,0.4591,0.682,0.4406,0.4569
2119,70.667,16,0.000,0.0000,1.0000,0.849,0.3308,0.5937,0.855,0.4769,0.5932,0.803,0.2318,0.6137,0.864,0.5705,0.6120,0.746,0.2457,0.6454,0.777,0.5208,0.6378,0.681,0.3327,0.4601,0.682,0.4422,0.4581
2120,70.700,16,0.000,0.0000,1.0000,0.830,0.3329,0.5955,0.840,0.4792,0.5947,0.853,0.2342,0.6166,0.843,0.5720,0.6128,0.746,0.2454,0.6476,0.794,0.5230,0.6376,0.665,0.3338,0.4608,0.690,0.4438,0.4586
2121,70.733,16,0.000,0.0000,1.0000,0.822,0.3342,0.5958,0.845,0.4809,0.5955,0.858,0.2358,0.6195,0.844,0.5738,0.6136,0.722,0.2502,0.6485,0.803,0.5220,0.6388,0.666,0.3347,0.4618,0.685,0.4446,0.4589
2122,70.767,16,0.000,0.0000,1.0000,0.825,0.3358,0.5966,0.847,0.4819,0.5959,0.842,0.2413,0.6186,0.847,0.5750,0.6142,0.755,0.2462,0.6484,0.811,0.5220,0.6398,0.678,0.3355,0.4622,0.683,0.4461,0.4599
2123,70.800,16,0.000,0.0000,1.0000,0.801,0.3349,0.5982,0.845,0.4839,0.5970,0.835,0.2438,0.6184,0.853,0.5759,0.6150,0.787,0.2431,0.6472,0.809,0.5235,0.6399,0.683,0.3360,0.4630,0.678,0.4477,0.4609
2124,70.833,16,0.000,0.0000,1.0000,0.803,0.3361,0.5991,0.849,0.4866,0.5977,0.832,0.2436,0.6185,0.852,0.5779,0.6157,0.768,0.2441,0.6470,0.782,0.5284,0.6383,0.693,0.3365,0.4636,0.683,0.4480,0.4622
2125,70.867,16,0.000,0.0000,1.0000,0.802,0.3364,0.5994,0.842,0.4890,0.5985,0.833,0.2425,0.6192,0.839,0.5800,0.6168,0.745,0.2497,0.6471,0.758,0.5294,0.6366,0.694,0.3366,0.4638,0.677,0.4481,0.4622
2126,70.900,16,0.000,0.0000,1.0000,0.792,0.3373,0.6002,0.826,0.4907,0.5993,0.822,0.2432,0.6196,0.843,0.5810,0.6172,0.732,0.2504,0.6474,0.779,0.5286,0.6359,0.701,0.3373,0.4649,0.690,0.4486,0.4634
2127,70.933,16,0.000,0.0000,1.0000,0.783,0.3373,0.6005,0.811,0.4913,0.5999,0.824,0.2439,0.6202,0.864,0.5830,0.6180,0.751,0.2451,0.6476,0.779,0.5333,0.6351,0.708,0.3378,0.4651,0.699,0.4489,0.4639
2128,70.967,16,0.000,0.0000,1.0000,0.792,0.3379,0.6009,0.809,0.4922,0.5999,0.815,0.2447,0.6214,0.875,0.5842,0.6182,0.745,0.2458,0.6478,0.770,0.5324,0.6352,0.717,0.3386,0.4654,0.702,0.4493,0.4641
2129,71.000,16,0.000,0.0000,1.0000,0.801,0.3386,0.6012,0.804,0.4929,0.6003,0.800,0.2448,0.6221,0.894,0.5872,0.6182,0.745,0.2440,0.6472,0.783,0.5366,0.6347,0.723,0.3390,0.4664,0.704,0.4495,0.4644
2130,71.033,16,0.000,0.0000,1.0000,0.804,0.3386,0.6015,0.812,0.4913,0.6003,0.804,0.2462,0.6218,0.888,0.5881,0.6174,0.769,0.2372,0.6467,0.762,0.5409,0.6352,0.725,0.3398,0.4669,0.704,0.4509,0.4646
2131,71.067,16,0.000,0.0000,1.0000,0.809,0.3383,0.6017,0.816,0.4916,0.6004,0.819,0.2447,0.6218,0.884,0.5876,0.6170,0.742,0.2425,0.6461,0.747,0.5416,0.6351,0.723,0.3400,0.4670,0.701,0.4514,0.4646
2132,71.100,16,0.000,0.0000,1.0000,0.823,0.3385,0.6020,0.824,0.4926,0.6014,0.823,0.2459,0.6210,0.881,0.5863,0.6165,0.756,0.2423,0.6464,0.766,0.5372,0.6349,0.726,0.3402,0.4674,0.697,0.4524,0.4651
2133,71.133,16,0.000,0.0000,1.0000,0.837,0.3389,0.6025,0.834,0.4933,0.6024,0.816,0.2464,0.6209,0.875,0.5860,0.6165,0.771,0.2409,0.6461,0.783,0.5362,0.6345,0.726,0.3406,0.4674,0.696,0.4533,0.4659
2134,71.167,16,0.000,0.0000,1.0000,0.844,0.3390,0.6028,0.832,0.4926,0.6019,0.823,0.2461,0.6207,0.881,0.5862,0.6165,0.796,0.2388,0.6462,0.795,0.5367,0.6344,0.728,0.3418,0.4676,0.692,0.4542,0.4661
2135,71.200,16,0.000,0.0000,1.0000,0.846,0.3404,0.6027,0.843,0.4928,0.6032,0.832,0.2462,0.6207,0.882,0.5869,0.6169,0.789,0.2387,0.6463,0.765,0.5344,0.6364,0.728,0.3421,0.4679,0.691,0.4542,0.4660
2136,71.233,16,0.000,0.0000,1.0000,0.852,0.3404,0.6032,0.846,0.4938,0.6040,0.836,0.2465,0.6202,0.884,0.5854,0.6181,0.791,0.2397,0.6461,0.721,0.5330,0.6374,0.729,0.3427,0.4684,0.684,0.4549,0.4663
2137,71.267,16,0.000,0.0000,1.0000,0.854,0.3406,0.6034,0.851,0.4934,0.6046,0.835,0.2467,0.6201,0.891,0.5861,0.6192,0.783,0.2402,0.6458,0.749,0.5312,0.6413,0.730,0.3425,0.4685,0.681,0.4554,0.4662
2138,71.300,16,0.000,0.0000,1.0000,0.857,0.3401,0.6035,0.859,0.4931,0.6043,0.838,0.2465,0.6202,0.892,0.5867,0.6201,0.786,0.2401,0.6460,0.731,0.5303,0.6423,0.730,0.3425,0.4687,0.679,0.4556,0.4663
2139,71.333,16,0.000,0.0000,1.0000,0.856,0.3410,0.6031,0.858,0.4926,0.6044,0.842,0.2463,0.6200,0.900,0.5872,0.6204,0.793,0.2393,0.6456,0.721,0.5345,0.6415,0.729,0.3423,0.4687,0.679,0.4553,0.4666
2140,71.367,16,0.000,0.0000,1.0000,0.855,0.3402,0.6032,0.861,0.4937,0.6044,0.840,0.2462,0.6195,0.900,0.5874,0.6207,0.804,0.2388,0.6459,0.738,0.5330,0.6392,0.732,0.3419,0.4686,0.681,0.4557,0.4663
2141,71.400,16,0.000,0.0000,1.0000,0.858,0.3401,0.6035,0.862,0.4934,0.6049,0.848,0.2455,0.6192,0.900,0.5871,0.6206,0.798,0.2398,0.6454,0.742,0.5360,0.6397,0.732,0.3424,0.4688,0.680,0.4558,0.4663
2142,71.433,16,0.000,0.0000,1.0000,0.856,0.3400,0.6034,0.864,0.4927,0.6050,0.854,0.2445,0.6190,0.900,0.5871,0.6205,0.793,0.2407,0.6455,0.759,0.5364,0.6392,0.734,0.3424,0.4688,0.676,0.4563,0.4660
2143,71.467,16,0.000,0.0000,1.0000,0.853,0.3412,0.6028,0.861,0.4923,0.6050,0.854,0.2441,0.6184,0.905,0.5874,0.6204,0.772,0.2446,0.6452,0.750,0.5355,0.6377,0.734,0.3421,0.4688,0.680,0.4557,0.4662
2144,71.500,16,0.000,0.0000,1.0000,0.846,0.3411,0.6025,0.864,0.4916,0.6049,0.854,0.2437,0.6184,0.909,0.5873,0.6205,0.768,0.2458,0.6454,0.753,0.5341,0.6367,0.733,0.3422,0.4688,0.685,0.4549,0.4664
2145,71.533,16,0.000,0.0000,1.0000,0.843,0.3417,0.6025,0.859,0.4910,0.6044,0.849,0.2434,0.6181,0.909,0.5867,0.6205,0.751,0.2513,0.6454,0.792,0.5316,0.6360,0.734,0.3427,0.4684,0.680,0.4549,0.4659
2146,71.567,16,0.000,0.0000,1.0000,0.841,0.3423,0.6023,0.858,0.4912,0.6043,0.845,0.2437,0.6178,0.905,0.5860,0.6201,0.750,0.2495,0.6452,0.808,0.5304,0.6358,0.734,0.3425,0.4685,0.687,0.4543,0.4659
2147,71.600,16,0.000,0.0000,1.0000,0.837,0.3408,0.6022,0.856,0.4903,0.6040,0.843,0.2438,0.6178,0.891,0.5837,0.6189,0.759,0.2464,0.6447,0.813,0.5309,0.6358,0.735,0.3422,0.4686,0.690,0.4536,0.4658
2148,71.633,16,0.000,0.0000,1.0000,0.837,0.3398,0.6024,0.854,0.4908,0.6041,0.838,0.2406,0.6170,0.870,0.5829,0.6174,0.756,0.2514,0.6447,0.829,0.5305,0.6356,0.733,0.3408,0.4683,0.693,0.4531,0.4657
2149,71.667,16,0.000,0.0000,1.0000,0.837,0.3388,0.6026,0.854,0.4911,0.6038,0.834,0.2384,0.6148,0.829,0.5839,0.6135,0.762,0.2496,0.6449,0.802,0.5349,0.6352,0.735,0.3406,0.4683,0.695,0.4525,0.4656
2150,71.700,16,0.000,0.0000,1.0000,0.829,0.3374,0.6028,0.842,0.4904,0.6028,0.826,0.2384,0.6137,0.858,0.5848,0.6114,0.788,0.2501,0.6451,0.837,0.5330,0.6349,0.731,0.3399,0.4682,0.698,0.4521,0.4656
2151,71.733,16,0.000,0.0000,1.0000,0.820,0.3371,0.6023,0.823,0.4881,0.6025,0.823,0.2378,0.6135,0.869,0.5832,0.6095,0.799,0.2512,0.6454,0.830,0.5364,0.6340,0.732,0.3397,0.4681,0.698,0.4510,0.4648
2152,71.767,16,0.000,0.0000,1.0000,0.806,0.3366,0.6017,0.815,0.4899,0.6016,0.837,0.2381,0.6128,0.854,0.5798,0.6078,0.760,0.2452,0.6439,0.828,0.5353,0.6339,0.733,0.3399,0.4677,0.701,0.4509,0.4647
2153,71.800,16,0.000,0.0000,1.0000,0.796,0.3363,0.6012,0.810,0.4891,0.6011,0.852,0.2382,0.6124,0.849,0.5791,0.6056,0.752,0.2448,0.6433,0.835,0.5338,0.6334,0.732,0.3395,0.4675,0.703,0.4506,0.4643
2154,71.833,16,0.000,0.0000,1.0000,0.784,0.3364,0.6005,0.795,0.4859,0.6007,0.852,0.2373,0.6123,0.841,0.5776,0.6032,0.748,0.2467,0.6434,0.839,0.5339,0.6332,0.725,0.3389,0.4670,0.702,0.4491,0.4641
2155,71.867,16,0.000,0.0000,1.0000,0.774,0.3348,0.5999,0.802,0.4843,0.6011,0.862,0.2344,0.6112,0.834,0.5756,0.6016,0.747,0.2461,0.6430,0.833,0.5353,0.6326,0.715,0.3383,0.4663,0.699,0.4490,0.4641
2156,71.900,16,0.000,0.0000,1.0000,0.801,0.3321,0.5984,0.792,0.4830,0.5999,0.863,0.2318,0.6107,0.849,0.5778,0.5985,0.747,0.2476,0.6428,0.829,0.5359,0.6318,0.703,0.3371,0.4646,0.688,0.4486,0.4628
2157,71.933,16,0.000,0.0000,1.0000,0.819,0.3324,0.5977,0.823,0.4836,0.5985,0.875,0.2317,0.6100,0.875,0.5739,0.5970,0.750,0.2477,0.6429,0.811,0.5373,0.6306,0.701,0.3371,0.4640,0.686,0.4484,0.4624
2158,71.967,16,0.000,0.0000,1.0000,0.817,0.3334,0.5970,0.842,0.4837,0.5974,0.879,0.2315,0.6096,0.881,0.5722,0.5953,0.754,0.2472,0.6424,0.825,0.5348,0.6299,0.690,0.3371,0.4632,0.682,0.4478,0.4618
2159,72.000,16,0.000,0.0000,1.0000,0.827,0.3334,0.5966,0.846,0.4822,0.5960,0.878,0.2305,0.6090,0.878,0.5710,0.5941,0.762,0.2471,0.6422,0.848,0.5322,0.6305,0.678,0.3363,0.4623,0.693,0.4462,0.4598
2160,72.033,16,0.000,0.0000,1.0000,0.847,0.3326,0.5957,0.856,0.4815,0.5932,0.868,0.2292,0.6082,0.868,0.5692,0.5923,0.800,0.2500,0.6429,0.854,0.5315,0.6309,0.673,0.3340,0.4606,0.700,0.4445,0.4584
2161,72.067,16,0.000,0.0000,1.0000,0.842,0.3332,0.5939,0.839,0.4799,0.5909,0.854,0.2285,0.6077,0.855,0.5692,0.5911,0.804,0.2497,0.6425,0.848,0.5306,0.6308,0.692,0.3319,0.4588,0.699,0.4425,0.4560
2162,72.100,16,0.000,0.0000,1.0000,0.856,0.3305,0.5922,0.827,0.4787,0.5906,0.830,0.2275,0.6065,0.837,0.5680,0.5907,0.799,0.2499,0.6417,0.844,0.5296,0.6307,0.702,0.3278,0.4561,0.684,0.4406,0.4539
2163,72.133,16,0.000,0.0000,1.0000,0.857,0.3281,0.5909,0.817,0.4739,0.5897,0.804,0.2258,0.6035,0.823,0.5659,0.5904,0.781,0.2483,0.6409,0.836,0.5282,0.6313,0.687,0.3267,0.4538,0.666,0.4399,0.4515
2164,72.167,16,0.000,0.0000,1.0000,0.832,0.3272,0.5880,0.798,0.4727,0.5883,0.792,0.2260,0.6009,0.798,0.5644,0.5891,0.772,0.2475,0.6391,0.851,0.5290,0.6310,0.676,0.3235,0.4513,0.626,0.4368,0.4486
2165,72.200,16,0.000,0.0000,1.0000,0.850,0.3256,0.5853,0.852,0.4733,0.5847,0.795,0.2266,0.5993,0.783,0.5620,0.5888,0.784,0.2461,0.6393,0.860,0.5288,0.6306,0.674,0.3223,0.4470,0.645,0.4355,0.4455
2166,72.233,16,0.000,0.0000,1.0000,0.865,0.3239,0.5838,0.858,0.4721,0.5822,0.812,0.2263,0.5977,0.796,0.5601,0.5877,0.780,0.2465,0.6385,0.862,0.5296,0.6302,0.687,0.3180,0.4435,0.663,0.4324,0.4417
2167,72.267,16,0.000,0.0000,1.0000,0.867,0.3228,0.5800,0.820,0.4670,0.5787,0.822,0.2260,0.5971,0.836,0.5587,0.5867,0.765,0.2491,0.6380,0.872,0.5288,0.6314,0.681,0.3169,0.4405,0.653,0.4305,0.4381
2168,72.300,16,0.000,0.0000,1.0000,0.839,0.3213,0.5771,0.772,0.4617,0.5759,0.830,0.2259,0.5959,0.862,0.5553,0.5860,0.796,0.2504,0.6374,0.863,0.5262,0.6325,0.646,0.3146,0.4360,0.668,0.4251,0.4336
2169,72.333,16,0.000,0.0000,1.0000,0.833,0.3240,0.5736,0.781,0.4627,0.5730,0.828,0.2280,0.5947,0.873,0.5526,0.5846,0.819,0.2510,0.6371,0.854,0.5259,0.6333,0.678,0.3161,0.4315,0.665,0.4256,0.4287
2170,72.367,16,0.000,0.0000,1.0000,0.854,0.3194,0.5710,0.811,0.4611,0.5684,0.817,0.2272,0.5943,0.874,0.5483,0.5840,0.834,0.2513,0.6365,0.853,0.5250,0.6322,0.672,0.3138,0.4285,0.646,0.4232,0.4260
2171,72.400,16,0.000,0.0000,1.0000,0.875,0.3198,0.5677,0.801,0.4582,0.5658,0.816,0.2277,0.5946,0.860,0.5450,0.5824,0.844,0.2513,0.6362,0.849,0.5232,0.6301,0.645,0.3128,0.4227,0.663,0.4235,0.4209
2172,72.433,16,0.000,0.0000,1.0000,0.847,0.3205,0.5655,0.770,0.4574,0.5628,0.817,0.2312,0.5918,0.827,0.5422,0.5811,0.866,0.2519,0.6355,0.851,0.5235,0.6292,0.668,0.3138,0.4203,0.677,0.4245,0.4182
2173,72.467,16,0.000,0.0000,1.0000,0.821,0.3215,0.5633,0.801,0.4586,0.5595,0.825,0.2338,0.5901,0.837,0.5392,0.5792,0.880,0.2530,0.6354,0.853,0.5233,0.6291,0.655,0.3130,0.4182,0.658,0.4225,0.4161
2174,72.500,16,0.000,0.0000,1.0000,0.821,0.3210,0.5606,0.791,0.4570,0.5543,0.816,0.2346,0.5889,0.839,0.5385,0.5788,0.880,0.2530,0.6355,0.833,0.5229,0.6278,0.631,0.3127,0.4148,0.642,0.4215,0.4122
2175,72.533,16,0.000,0.0000,1.0000,0.833,0.3228,0.5579,0.771,0.4575,0.5521,0.827,0.2380,0.5870,0.831,0.5369,0.5775,0.885,0.2536,0.6355,0.842,0.5230,0.6275,0.632,0.3112,0.4137,0.625,0.4200,0.4105
2176,72.567,16,0.000,0.0000,1.0000,0.847,0.3228,0.5566,0.757,0.4564,0.5493,0.823,0.2406,0.5866,0.848,0.5357,0.5776,0.889,0.2538,0.6353,0.844,0.5238,0.6272,0.653,0.3098,0.4097,0.646,0.4200,0.4065
2177,72.600,16,0.000,0.0000,1.0000,0.830,0.3252,0.5530,0.780,0.4566,0.5478,0.819,0.2438,0.5857,0.862,0.5343,0.5784,0.886,0.2541,0.6353,0.842,0.5235,0.6276,0.653,0.3103,0.4082,0.643,0.4203,0.4041
2178,72.633,16,0.000,0.0000,1.0000,0.779,0.3263,0.5494,0.771,0.4588,0.5467,0.801,0.2480,0.5842,0.875,0.5335,0.5794,0.881,0.2538,0.6352,0.825,0.5236,0.6270,0.662,0.3099,0.4052,0.641,0.4212,0.4010
2179,72.667,16,0.000,0.0000,1.0000,0.794,0.3271,0.5475,0.790,0.4602,0.5458,0.809,0.2493,0.5837,0.884,0.5321,0.5800,0.878,0.2532,0.6348,0.828,0.5234,0.6272,0.644,0.3111,0.4043,0.654,0.4211,0.4003
2180,72.700,16,0.000,0.0000,1.0000,0.811,0.3279,0.5445,0.794,0.4603,0.5446,0.829,0.2510,0.5824,0.895,0.5306,0.5806,0.879,0.2537,0.6349,0.833,0.5234,0.6280,0.646,0.3090,0.4015,0.657,0.4209,0.3969
2181,72.733,16,0.000,0.0000,1.0000,0.811,0.3259,0.5423,0.775,0.4582,0.5420,0.826,0.2525,0.5818,0.903,0.5282,0.5816,0.878,0.2539,0.6347,0.837,0.5240,0.6284,0.646,0.3089,0.3978,0.661,0.4198,0.3957
2182,72.767,16,0.000,0.0000,1.0000,0.805,0.3210,0.5403,0.779,0.4564,0.5412,0.853,0.2536,0.5837,0.884,0.5264,0.5822,0.879,0.2556,0.6345,0.836,0.5236,0.6292,0.663,0.3087,0.3943,0.662,0.4188,0.3929
2183,72.800,16,0.000,0.0000,1.0000,0.793,0.3188,0.5394,0.775,0.4579,0.5406,0.867,0.2546,0.5834,0.874,0.5251,0.5834,0.882,0.2558,0.6343,0.832,0.5239,0.6301,0.668,0.3067,0.3918,0.649,0.4174,0.3912
2184,72.833,16,0.000,0.0000,1.0000,0.778,0.3158,0.5388,0.765,0.4564,0.5390,0.863,0.2557,0.5825,0.857,0.5236,0.5835,0.881,0.2554,0.6342,0.828,0.5239,0.6300,0.663,0.3052,0.3900,0.648,0.4158,0.3909
2185,72.867,16,0.000,0.0000,1.0000,0.764,0.3157,0.5381,0.758,0.4567,0.5376,0.861,0.2567,0.5821,0.842,0.5224,0.5842,0.884,0.2555,0.6342,0.827,0.5239,0.6303,0.654,0.3055,0.3898,0.650,0.4159,0.3901
2186,72.900,16,0.000,0.0000,1.0000,0.788,0.3165,0.5364,0.779,0.4561,0.5359,0.861,0.2578,0.5816,0.839,0.5203,0.5850,0.883,0.2553,0.6342,0.828,0.5236,0.6305,0.644,0.3051,0.3883,0.643,0.4155,0.3888
2187,72.933,16,0.000,0.0000,1.0000,0.789,0.3153,0.5355,0.782,0.4555,0.5367,0.859,0.2593,0.5810,0.860,0.5173,0.5848,0.884,0.2549,0.6344,0.836,0.5240,0.6301,0.650,0.3043,0.3852,0.635,0.4144,0.3875
2188,72.967,16,0.000,0.0000,1.0000,0.783,0.3130,0.5347,0.787,0.4543,0.5355,0.854,0.2600,0.5814,0.885,0.5140,0.5843,0.886,0.2552,0.6341,0.843,0.5244,0.6292,0.655,0.3055,0.3839,0.631,0.4158,0.3856
2189,73.000,16,0.000,0.0000,1.0000,0.787,0.3121,0.5341,0.788,0.4538,0.5346,0.850,0.2604,0.5810,0.888,0.5131,0.5842,0.886,0.2551,0.6340,0.841,0.5248,0.6282,0.656,0.3069,0.3837,0.638,0.4164,0.3850
2190,73.033,16,0.000,0.0000,1.0000,0.793,0.3108,0.5332,0.793,0.4536,0.5342,0.852,0.2604,0.5824,0.886,0.5123,0.5838,0.886,0.2551,0.6340,0.836,0.5251,0.6274,0.658,0.3059,0.3840,0.644,0.4158,0.3849
2191,73.067,16,0.000,0.0000,1.0000,0.797,0.3090,0.5333,0.791,0.4536,0.5336,0.849,0.2603,0.5824,0.885,0.5119,0.5833,0.886,0.2549,0.6334,0.836,0.5253,0.6272,0.660,0.3064,0.3830,0.643,0.4161,0.3843
2192,73.100,16,0.000,0.0000,1.0000,0.798,0.3094,0.5326,0.793,0.4533,0.5333,0.850,0.2601,0.5816,0.883,0.5118,0.5829,0.883,0.2546,0.6332,0.836,0.5253,0.6271,0.661,0.3068,0.3830,0.642,0.4166,0.3839
2193,73.133,16,0.000,0.0000,1.0000,0.793,0.3098,0.5325,0.793,0.4535,0.5336,0.819,0.2587,0.5784,0.884,0.5127,0.5828,0.882,0.2539,0.6326,0.838,0.5252,0.6273,0.658,0.3067,0.3841,0.641,0.4165,0.3846
2194,73.167,16,0.000,0.0000,1.0000,0.787,0.3110,0.5317,0.792,0.4534,0.5336,0.819,0.2572,0.5783,0.874,0.5156,0.5833,0.870,0.2519,0.6335,0.824,0.5250,0.6273,0.651,0.3060,0.3851,0.647,0.4157,0.3848
2195,73.200,16,0.000,0.0000,1.0000,0.787,0.3114,0.5314,0.794,0.4536,0.5343,0.844,0.2558,0.5810,0.838,0.5201,0.5832,0.860,0.2512,0.6338,0.813,0.5246,0.6281,0.641,0.3074,0.3860,0.642,0.4166,0.3851
2196,73.233,16,0.000,0.0000,1.0000,0.778,0.3124,0.5312,0.792,0.4542,0.5347,0.829,0.2559,0.5804,0.859,0.5229,0.5832,0.853,0.2506,0.6340,0.815,0.5248,0.6286,0.642,0.3081,0.3859,0.635,0.4172,0.3850
2197,73.267,16,0.000,0.0000,1.0000,0.777,0.3125,0.5313,0.781,0.4545,0.5347,0.841,0.2562,0.5812,0.872,0.5237,0.5826,0.853,0.2502,0.6339,0.824,0.5254,0.6286,0.645,0.3089,0.3859,0.628,0.4177,0.3858
2198,73.300,16,0.000,0.0000,1.0000,0.783,0.3139,0.5311,0.774,0.4552,0.5353,0.831,0.2570,0.5796,0.891,0.5251,0.5825,0.853,0.2500,0.6338,0.806,0.5252,0.6280,0.645,0.3093,0.3879,0.634,0.4181,0.3860
2199,73.333,16,0.000,0.0000,1.0000,0.800,0.3160,0.5307,0.776,0.4568,0.5353,0.846,0.2559,0.5816,0.897,0.5264,0.5816,0.843,0.2494,0.6339,0.806,0.5251,0.6276,0.648,0.3101,0.3883,0.634,0.4183,0.3865
2200,73.367,16,0.000,0.0000,1.0000,0.810,0.3168,0.5306,0.776,0.4584,0.5352,0.857,0.2552,0.5832,0.900,0.5274,0.5805,0.852,0.2502,0.6338,0.805,0.5251,0.6269,0.652,0.3105,0.3887,0.649,0.4197,0.3873
2201,73.400,16,0.000,0.0000,1.0000,0.818,0.3178,0.5307,0.774,0.4593,0.5354,0.843,0.2556,0.5821,0.900,0.5281,0.5801,0.852,0.2501,0.6330,0.804,0.5253,0.6267,0.654,0.3112,0.3891,0.661,0.4206,0.3882
2202,73.433,16,0.000,0.0000,1.0000,0.824,0.3184,0.5312,0.773,0.4601,0.5357,0.847,0.2565,0.5828,0.904,0.5291,0.5793,0.850,0.2500,0.6327,0.804,0.5252,0.6266,0.648,0.3115,0.3893,0.671,0.4211,0.3885
2203,73.467,16,0.000,0.0000,1.0000,0.833,0.3202,0.5320,0.779,0.4602,0.5354,0.856,0.2569,0.5841,0.890,0.5297,0.5778,0.847,0.2497,0.6333,0.814,0.5250,0.6265,0.657,0.3129,0.3898,0.674,0.4225,0.3883
2204,73.500,16,0.000,0.0000,1.0000,0.839,0.3215,0.5318,0.784,0.4606,0.5350,0.856,0.2569,0.5840,0.892,0.5311,0.5783,0.846,0.2497,0.6332,0.827,0.5254,0.6274,0.658,0.3135,0.3895,0.676,0.4229,0.3885
2205,73.533,16,0.000,0.0000,1.0000,0.841,0.3216,0.5316,0.777,0.4607,0.5352,0.863,0.2566,0.5837,0.900,0.5314,0.5801,0.855,0.2504,0.6332,0.822,0.5251,0.6290,0.666,0.3142,0.3900,0.677,0.4236,0.3886
2206,73.567,16,0.000,0.0000,1.0000,0.844,0.3230,0.5309,0.779,0.4610,0.5351,0.865,0.2577,0.5830,0.908,0.5314,0.5808,0.861,0.2510,0.6336,0.841,0.5261,0.6289,0.662,0.3154,0.3894,0.672,0.4245,0.3878
2207,73.600,16,0.000,0.0000,1.0000,0.846,0.3232,0.5309,0.780,0.4612,0.5353,0.865,0.2591,0.5828,0.912,0.5313,0.5819,0.863,0.2515,0.6338,0.851,0.5264,0.6292,0.666,0.3166,0.3895,0.679,0.4263,0.3878
2208,73.633,16,0.000,0.0000,1.0000,0.840,0.3220,0.5306,0.777,0.4611,0.5351,0.840,0.2599,0.5842,0.913,0.5309,0.5832,0.867,0.2517,0.6335,0.829,0.5252,0.6305,0.656,0.3167,0.3884,0.674,0.4271,0.3872
2209,73.667,16,0.000,0.0000,1.0000,0.835,0.3199,0.5308,0.778,0.4616,0.5352,0.826,0.2605,0.5842,0.917,0.5297,0.5840,0.870,0.2521,0.6332,0.817,0.5248,0.6316,0.653,0.3169,0.3880,0.680,0.4279,0.3856
2210,73.700,16,0.000,0.0000,1.0000,0.833,0.3195,0.5303,0.774,0.4612,0.5353,0.824,0.2620,0.5832,0.915,0.5290,0.5840,0.868,0.2524,0.6330,0.821,0.5254,0.6308,0.657,0.3167,0.3881,0.681,0.4274,0.3854
2211,73.733,16,0.000,0.0000,1.0000,0.826,0.3191,0.5300,0.778,0.4610,0.5346,0.821,0.2630,0.5822,0.915,0.5286,0.5843,0.867,0.2526,0.6331,0.822,0.5255,0.6307,0.658,0.3172,0.3881,0.689,0.4284,0.3846
2212,73.767,16,0.000,0.0000,1.0000,0.815,0.3193,0.5296,0.789,0.4613,0.5335,0.792,0.2656,0.5799,0.903,0.5275,0.5846,0.871,0.2532,0.6326,0.826,0.5258,0.6288,0.651,0.3165,0.3875,0.691,0.4281,0.3841
2213,73.800,16,0.000,0.0000,1.0000,0.807,0.3189,0.5290,0.790,0.4617,0.5338,0.758,0.2675,0.5776,0.878,0.5251,0.5830,0.877,0.2537,0.6317,0.831,0.5259,0.6278,0.661,0.3156,0.3847,0.695,0.4274,0.3831
2214,73.833,16,0.000,0.0000,1.0000,0.787,0.3195,0.5279,0.793,0.4615,0.5328,0.766,0.2679,0.5783,0.865,0.5240,0.5833,0.878,0.2537,0.6318,0.825,0.5258,0.6281,0.660,0.3142,0.3834,0.696,0.4259,0.3831
2215,73.867,16,0.000,0.0000,1.0000,0.767,0.3192,0.5268,0.798,0.4610,0.5319,0.776,0.2686,0.5785,0.839,0.5217,0.5833,0.879,0.2540,0.6327,0.825,0.5252,0.6282,0.660,0.3134,0.3823,0.691,0.4250,0.3819
2216,73.900,16,0.000,0.0000,1.0000,0.742,0.3203,0.5253,0.801,0.4618,0.5304,0.796,0.2688,0.5793,0.854,0.5192,0.5831,0.880,0.2538,0.6323,0.828,0.5244,0.6273,0.654,0.3131,0.3820,0.692,0.4235,0.3805
2217,73.933,16,0.000,0.0000,1.0000,0.738,0.3194,0.5254,0.796,0.4634,0.5301,0.795,0.2694,0.5800,0.876,0.5166,0.5825,0.881,0.2538,0.6324,0.825,0.5242,0.6270,0.656,0.3137,0.3798,0.692,0.4242,0.3787
2218,73.967,16,0.000,0.0000,1.0000,0.732,0.3179,0.5243,0.788,0.4633,0.5290,0.773,0.2715,0.5792,0.885,0.5128,0.5818,0.878,0.2539,0.6318,0.822,0.5242,0.6265,0.642,0.3123,0.3775,0.677,0.4223,0.3768
2219,74.000,16,0.000,0.0000,1.0000,0.730,0.3172,0.5240,0.771,0.4624,0.5278,0.780,0.2717,0.5803,0.895,0.5112,0.5825,0.880,0.2541,0.6326,0.821,0.5246,0.6263,0.649,0.3106,0.3765,0.658,0.4202,0.3761
2220,74.033,16,0.000,0.0000,1.0000,0.729,0.3129,0.5239,0.738,0.4596,0.5257,0.795,0.2709,0.5826,0.899,0.5101,0.5829,0.882,0.2543,0.6328,0.817,0.5246,0.6264,0.641,0.3103,0.3738,0.654,0.4199,0.3744
2221,74.067,16,0.000,0.0000,1.0000,0.727,0.3124,0.5233,0.737,0.4600,0.5252,0.801,0.2709,0.5829,0.901,0.5090,0.5835,0.881,0.2544,0.6327,0.812,0.5251,0.6266,0.653,0.3104,0.3714,0.669,0.4205,0.3734
2222,74.100,16,0.000,0.0000,1.0000,0.743,0.3127,0.5226,0.731,0.4588,0.5243,0.805,0.2711,0.5826,0.901,0.5086,0.5837,0.880,0.2546,0.6325,0.808,0.5259,0.6265,0.662,0.3102,0.3706,0.674,0.4206,0.3722
2223,74.133,16,0.000,0.0000,1.0000,0.734,0.3115,0.5230,0.734,0.4579,0.5243,0.825,0.2719,0.5832,0.901,0.5082,0.5837,0.880,0.2547,0.6325,0.809,0.5262,0.6267,0.659,0.3107,0.3712,0.679,0.4205,0.3720
2224,74.167,16,0.000,0.0000,1.0000,0.733,0.3108,0.5237,0.754,0.4560,0.5236,0.838,0.2723,0.5833,0.896,0.5077,0.5837,0.880,0.2549,0.6325,0.812,0.5260,0.6272,0.665,0.3099,0.3709,0.678,0.4195,0.3714
2225,74.200,16,0.000,0.0000,1.0000,0.737,0.3101,0.5240,0.767,0.4550,0.5229,0.849,0.2727,0.5835,0.895,0.5071,0.5836,0.880,0.2549,0.6327,0.810,0.5258,0.6273,0.670,0.3083,0.3702,0.662,0.4181,0.3692
2226,74.233,16,0.000,0.0000,1.0000,0.741,0.3097,0.5242,0.768,0.4545,0.5228,0.853,0.2727,0.5837,0.895,0.5071,0.5836,0.882,0.2549,0.6326,0.808,0.5260,0.6272,0.679,0.3052,0.3702,0.653,0.4175,0.3676
2227,74.267,16,0.000,0.0000,1.0000,0.736,0.3098,0.5240,0.763,0.4545,0.5229,0.855,0.2727,0.5837,0.894,0.5070,0.5837,0.882,0.2548,0.6327,0.812,0.5260,0.6271,0.687,0.3060,0.3695,0.651,0.4167,0.3664
2228,74.300,16,0.000,0.0000,1.0000,0.723,0.3108,0.5237,0.756,0.4544,0.5230,0.848,0.2726,0.5836,0.890,0.5069,0.5836,0.881,0.2548,0.6325,0.810,0.5262,0.6274,0.679,0.3067,0.3695,0.643,0.4166,0.3659
2229,74.333,16,0.000,0.0000,1.0000,0.732,0.3104,0.5241,0.755,0.4541,0.5228,0.847,0.2721,0.5838,0.889,0.5067,0.5836,0.881,0.2547,0.6327,0.806,0.5262,0.6273,0.679,0.3066,0.3690,0.634,0.4160,0.3653
2230,74.367,16,0.000,0.0000,1.0000,0.725,0.3112,0.5238,0.754,0.4544,0.5228,0.848,0.2724,0.5836,0.886,0.5066,0.5835,0.880,0.2546,0.6325,0.804,0.5266,0.6273,0.683,0.3066,0.3703,0.646,0.4159,0.3658
2231,74.400,16,0.000,0.0000,1.0000,0.733,0.3107,0.5243,0.760,0.4543,0.5227,0.845,0.2718,0.5838,0.883,0.5065,0.5837,0.880,0.2547,0.6325,0.802,0.5268,0.6274,0.683,0.3052,0.3688,0.639,0.4152,0.3642
2232,74.433,16,0.000,0.0000,1.0000,0.727,0.3124,0.5233,0.755,0.4537,0.5231,0.845,0.2723,0.5829,0.876,0.5061,0.5837,0.878,0.2546,0.6325,0.799,0.5261,0.6274,0.680,0.3044,0.3692,0.643,0.4144,0.3645
2233,74.467,16,0.000,0.0000,1.0000,0.736,0.3128,0.5227,0.758,0.4541,0.5224,0.845,0.2725,0.5826,0.870,0.5058,0.5834,0.878,0.2547,0.6324,0.792,0.5255,0.6271,0.677,0.3040,0.3690,0.628,0.4151,0.3631
2234,74.500,16,0.000,0.0000,1.0000,0.740,0.3120,0.5223,0.761,0.4527,0.5218,0.843,0.2730,0.5819,0.857,0.5052,0.5828,0.878,0.2549,0.6323,0.779,0.5255,0.6268,0.680,0.3028,0.3688,0.643,0.4134,0.3638
2235,74.533,16,0.000,0.0000,1.0000,0.745,0.3115,0.5222,0.755,0.4526,0.5222,0.843,0.2726,0.5823,0.857,0.5044,0.5827,0.878,0.2549,0.6322,0.777,0.5261,0.6269,0.676,0.3028,0.3683,0.645,0.4127,0.3636
2236,74.567,16,0.000,0.0000,1.0000,0.752,0.3110,0.5216,0.756,0.4520,0.5215,0.844,0.2730,0.5818,0.853,0.5038,0.5827,0.878,0.2551,0.6323,0.771,0.5261,0.6268,0.676,0.3018,0.3673,0.646,0.4121,0.3612
2237,74.600,16,0.000,0.0000,1.0000,0.753,0.3106,0.5222,0.763,0.4508,0.5207,0.849,0.2730,0.5818,0.850,0.5032,0.5827,0.878,0.2552,0.6321,0.767,0.5262,0.6266,0.679,0.3008,0.3678,0.656,0.4103,0.3608
2238,74.633,16,0.000,0.0000,1.0000,0.752,0.3115,0.5222,0.764,0.4510,0.5206,0.854,0.2734,0.5811,0.846,0.5028,0.5826,0.877,0.2552,0.6322,0.765,0.5260,0.6267,0.682,0.3014,0.3682,0.654,0.4098,0.3606
2239,74.667,16,0.000,0.0000,1.0000,0.761,0.3108,0.5215,0.774,0.4490,0.5194,0.855,0.2732,0.5810,0.843,0.5026,0.5825,0.876,0.2552,0.6323,0.764,0.5261,0.6266,0.686,0.3001,0.3683,0.655,0.4079,0.3610
2240,74.700,16,0.000,0.0000,1.0000,0.771,0.3094,0.5217,0.780,0.4476,0.5189,0.860,0.2730,0.5813,0.845,0.5022,0.5824,0.875,0.2552,0.6319,0.759,0.5260,0.6265,0.686,0.2999,0.3682,0.659,0.4081,0.3609
2241,74.733,16,0.000,0.0000,1.0000,0.775,0.3089,0.5208,0.779,0.4476,0.5193,0.843,0.2723,0.5806,0.852,0.5027,0.5820,0.873,0.2553,0.6320,0.765,0.5262,0.6266,0.681,0.2995,0.3676,0.660,0.4080,0.3608
2242,74.767,16,0.000,0.0000,1.0000,0.767,0.3106,0.5200,0.771,0.4486,0.5204,0.813,0.2710,0.5787,0.855,0.5033,0.5814,0.872,0.2550,0.6318,0.760,0.5256,0.6262,0.681,0.2997,0.3677,0.657,0.4079,0.3609
2243,74.800,16,0.000,0.0000,1.0000,0.769,0.3114,0.5200,0.771,0.4489,0.5216,0.832,0.2680,0.5774,0.864,0.5050,0.5795,0.868,0.2549,0.6323,0.777,0.5265,0.6261,0.683,0.3000,0.3680,0.653,0.4086,0.3606
2244,74.833,16,0.000,0.0000,1.0000,0.769,0.3122,0.5201,0.757,0.4479,0.5222,0.852,0.2642,0.5768,0.862,0.5080,0.5767,0.867,0.2550,0.6325,0.790,0.5248,0.6258,0.680,0.3007,0.3686,0.662,0.4075,0.3637
2245,74.867,16,0.000,0.0000,1.0000,0.753,0.3114,0.5228,0.782,0.4486,0.5208,0.857,0.2590,0.5772,0.888,0.5103,0.5742,0.870,0.2549,0.6322,0.803,0.5237,0.6250,0.682,0.3007,0.3702,0.667,0.4091,0.3646
2246,74.900,16,0.000,0.0000,1.0000,0.773,0.3141,0.5234,0.779,0.4505,0.5225,0.845,0.2556,0.5754,0.871,0.5169,0.5735,0.867,0.2547,0.6311,0.778,0.5229,0.6253,0.674,0.3016,0.3715,0.682,0.4094,0.3661
2247,74.933,16,0.000,0.0000,1.0000,0.774,0.3146,0.5238,0.766,0.4519,0.5239,0.843,0.2536,0.5749,0.859,0.5209,0.5722,0.867,0.2550,0.6309,0.787,0.5225,0.6248,0.659,0.3023,0.3727,0.680,0.4096,0.3665
2248,74.967,16,0.000,0.0000,1.0000,0.760,0.3165,0.5272,0.765,0.4530,0.5266,0.835,0.2530,0.5746,0.883,0.5238,0.5728,0.864,0.2545,0.6301,0.763,0.5223,0.6253,0.667,0.3006,0.3773,0.688,0.4098,0.3709
2249,75.000,16,0.000,0.0000,1.0000,0.793,0.3210,0.5280,0.790,0.4573,0.5307,0.804,0.2522,0.5757,0.896,0.5257,0.5731,0.868,0.2543,0.6310,0.776,0.5225,0.6255,0.664,0.3036,0.3787,0.681,0.4115,0.3723
2250,75.033,16,0.000,0.0000,1.0000,0.800,0.3194,0.5320,0.826,0.4534,0.5323,0.770,0.2502,0.5751,0.909,0.5287,0.5723,0.872,0.2544,0.6311,0.792,0.5224,0.6247,0.659,0.3048,0.3836,0.669,0.4121,0.3769
2251,75.067,16,0.000,0.0000,1.0000,0.803,0.3200,0.5340,0.805,0.4555,0.5348,0.761,0.2483,0.5745,0.909,0.5294,0.5720,0.874,0.2544,0.6312,0.798,0.5226,0.6245,0.646,0.3049,0.3885,0.680,0.4119,0.3795
2252,75.100,16,0.000,0.0000,1.0000,0.777,0.3221,0.5366,0.762,0.4560,0.5375,0.761,0.2471,0.5741,0.907,0.5310,0.5712,0.875,0.2546,0.6313,0.822,0.5232,0.6240,0.678,0.3052,0.3917,0.674,0.4116,0.3829
2253,75.133,16,0.000,0.0000,1.0000,0.772,0.3249,0.5387,0.788,0.4558,0.5402,0.778,0.2455,0.5739,0.894,0.5349,0.5713,0.877,0.2548,0.6313,0.819,0.5232,0.6238,0.663,0.3089,0.3950,0.646,0.4135,0.3859
2254,75.167,16,0.000,0.0000,1.0000,0.772,0.3251,0.5398,0.804,0.4556,0.5420,0.790,0.2428,0.5754,0.894,0.5359,0.5714,0.880,0.2555,0.6322,0.838,0.5237,0.6230,0.651,0.3086,0.3983,0.657,0.4148,0.3906
2255,75.200,16,0.000,0.0000,1.0000,0.775,0.3221,0.5433,0.813,0.4534,0.5455,0.802,0.2401,0.5754,0.870,0.5375,0.5714,0.883,0.2556,0.6321,0.841,0.5238,0.6226,0.662,0.3075,0.4040,0.659,0.4150,0.3943
2256,75.233,16,0.000,0.0000,1.0000,0.790,0.3257,0.5469,0.776,0.4560,0.5491,0.812,0.2388,0.5755,0.859,0.5380,0.5716,0.882,0.2558,0.6319,0.854,0.5240,0.6222,0.679,0.3095,0.4075,0.642,0.4168,0.3983
2257,75.267,16,0.000,0.0000,1.0000,0.767,0.3270,0.5509,0.823,0.4541,0.5541,0.825,0.2388,0.5762,0.853,0.5390,0.5711,0.884,0.2559,0.6317,0.869,0.5247,0.6214,0.648,0.3114,0.4108,0.640,0.4169,0.4030
2258,75.300,16,0.000,0.0000,1.0000,0.813,0.3261,0.5546,0.828,0.4562,0.5570,0.832,0.2368,0.5771,0.844,0.5393,0.5708,0.882,0.2553,0.6312,0.868,0.5245,0.6214,0.672,0.3111,0.4160,0.639,0.4174,0.4060
2259,75.333,16,0.000,0.0000,1.0000,0.834,0.3270,0.5590,0.802,0.4565,0.5617,0.834,0.2355,0.5780,0.838,0.5423,0.5708,0.881,0.2550,0.6306,0.868,0.5239,0.6218,0.675,0.3134,0.4188,0.644,0.4194,0.4093
2260,75.367,16,0.000,0.0000,1.0000,0.784,0.3252,0.5624,0.811,0.4554,0.5646,0.838,0.2343,0.5799,0.859,0.5436,0.5714,0.881,0.2546,0.6305,0.883,0.5246,0.6212,0.665,0.3174,0.4226,0.674,0.4218,0.4144
2261,75.400,16,0.000,0.0000,1.0000,0.832,0.3212,0.5657,0.822,0.4567,0.5673,0.839,0.2327,0.5809,0.857,0.5439,0.5725,0.885,0.2545,0.6316,0.876,0.5244,0.6219,0.666,0.3160,0.4265,0.683,0.4217,0.4182
2262,75.433,16,0.000,0.0000,1.0000,0.824,0.3180,0.5708,0.813,0.4556,0.5732,0.834,0.2314,0.5826,0.873,0.5454,0.5722,0.884,0.2541,0.6319,0.886,0.5247,0.6217,0.681,0.3154,0.4320,0.653,0.4201,0.4251
2263,75.467,16,0.000,0.0000,1.0000,0.813,0.3182,0.5770,0.835,0.4550,0.5774,0.855,0.2313,0.5832,0.864,0.5453,0.5725,0.889,0.2536,0.6326,0.889,0.5250,0.6217,0.660,0.3164,0.4362,0.665,0.4196,0.4289
2264,75.500,16,0.000,0.0000,1.0000,0.838,0.3195,0.5798,0.859,0.4589,0.5806,0.840,0.2304,0.5826,0.859,0.5460,0.5736,0.886,0.2534,0.6326,0.890,0.5251,0.6216,0.692,0.3169,0.4415,0.636,0.4182,0.4337
2265,75.533,16,0.000,0.0000,1.0000,0.801,0.3162,0.5863,0.852,0.4570,0.5846,0.860,0.2313,0.5826,0.854,0.5465,0.5741,0.885,0.2535,0.6324,0.900,0.5253,0.6210,0.706,0.3215,0.4462,0.664,0.4217,0.4397
2266,75.567,16,0.000,0.0000,1.0000,0.811,0.3137,0.5906,0.839,0.4577,0.5887,0.836,0.2289,0.5835,0.857,0.5469,0.5742,0.873,0.2523,0.6314,0.894,0.5254,0.6209,0.681,0.3202,0.4520,0.683,0.4218,0.4444
2267,75.600,16,0.000,0.0000,1.0000,0.866,0.3170,0.5949,0.884,0.4622,0.5907,0.840,0.2286,0.5832,0.851,0.5477,0.5746,0.867,0.2521,0.6309,0.882,0.5246,0.6216,0.717,0.3204,0.4567,0.678,0.4219,0.4507
2268,75.633,16,0.000,0.0000,1.0000,0.788,0.3133,0.5988,0.864,0.4603,0.5955,0.821,0.2282,0.5831,0.858,0.5473,0.5745,0.864,0.2526,0.6311,0.886,0.5252,0.6209,0.685,0.3204,0.4606,0.687,0.4216,0.4544
2269,75.667,16,0.000,0.0000,1.0000,0.798,0.3125,0.6021,0.841,0.4607,0.6003,0.817,0.2284,0.5835,0.842,0.5465,0.5749,0.850,0.2526,0.6295,0.874,0.5256,0.6211,0.725,0.3202,0.4664,0.677,0.4229,0.4589
2270,75.700,16,0.000,0.0000,1.0000,0.824,0.3134,0.6067,0.883,0.4643,0.6030,0.809,0.2289,0.5840,0.852,0.5467,0.5748,0.839,0.2523,0.6287,0.855,0.5248,0.6212,0.713,0.3229,0.4696,0.695,0.4235,0.4642
2271,75.733,16,0.000,0.0000,1.0000,0.790,0.3137,0.6102,0.892,0.4646,0.6050,0.817,0.2303,0.5848,0.850,0.5461,0.5745,0.839,0.2525,0.6293,0.846,0.5237,0.6209,0.691,0.3233,0.4719,0.708,0.4244,0.4673
2272,75.767,16,0.000,0.0000,1.0000,0.785,0.3171,0.6142,0.895,0.4657,0.6084,0.815,0.2301,0.5850,0.856,0.5463,0.5746,0.844,0.2518,0.6308,0.851,0.5241,0.6211,0.677,0.3202,0.4763,0.693,0.4237,0.4705
2273,75.800,16,0.000,0.0000,1.0000,0.798,0.3143,0.6160,0.868,0.4656,0.6107,0.807,0.2285,0.5855,0.865,0.5459,0.5740,0.841,0.2522,0.6315,0.860,0.5243,0.6205,0.697,0.3196,0.4784,0.684,0.4222,0.4733
2274,75.833,16,0.000,0.0000,1.0000,0.816,0.3147,0.6189,0.861,0.4657,0.6135,0.811,0.2280,0.5858,0.857,0.5462,0.5747,0.831,0.2512,0.6310,0.868,0.5259,0.6208,0.685,0.3200,0.4822,0.696,0.4224,0.4777
2275,75.867,16,0.000,0.0000,1.0000,0.798,0.3169,0.6224,0.885,0.4654,0.6158,0.825,0.2276,0.5854,0.858,0.5454,0.5749,0.811,0.2501,0.6307,0.868,0.5259,0.6210,0.663,0.3229,0.4874,0.692,0.4221,0.4810
2276,75.900,16,0.000,0.0000,1.0000,0.759,0.3162,0.6247,0.890,0.4659,0.6178,0.824,0.2277,0.5858,0.842,0.5451,0.5753,0.781,0.2492,0.6311,0.867,0.5248,0.6212,0.677,0.3233,0.4898,0.690,0.4232,0.4825
2277,75.933,16,0.000,0.0000,1.0000,0.769,0.3138,0.6273,0.883,0.4645,0.6201,0.834,0.2258,0.5858,0.828,0.5453,0.5758,0.770,0.2487,0.6312,0.862,0.5254,0.6217,0.687,0.3220,0.4911,0.674,0.4227,0.4846
2278,75.967,16,0.000,0.0000,1.0000,0.790,0.3132,0.6282,0.867,0.4631,0.6214,0.824,0.2263,0.5860,0.831,0.5451,0.5768,0.772,0.2498,0.6314,0.858,0.5253,0.6222,0.690,0.3225,0.4931,0.678,0.4228,0.4877
2279,76.000,16,0.000,0.0000,1.0000,0.797,0.3126,0.6282,0.862,0.4629,0.6223,0.824,0.2264,0.5861,0.841,0.5452,0.5775,0.773,0.2499,0.6314,0.861,0.5254,0.6227,0.688,0.3243,0.4937,0.690,0.4240,0.4889
2280,76.033,16,0.000,0.0000,1.0000,0.806,0.3121,0.6282,0.857,0.4627,0.6226,0.829,0.2257,0.5861,0.839,0.5451,0.5775,0.773,0.2497,0.6315,0.863,0.5252,0.6227,0.688,0.3247,0.4938,0.689,0.4248,0.4890
2281,76.067,16,0.000,0.0000,1.0000,0.804,0.3119,0.6280,0.857,0.4620,0.6224,0.831,0.2251,0.5861,0.843,0.5454,0.5773,0.782,0.2500,0.6316,0.864,0.5245,0.6222,0.686,0.3247,0.4933,0.688,0.4248,0.4884
2282,76.100,16,0.000,0.0000,1.0000,0.789,0.3116,0.6270,0.865,0.4615,0.6209,0.832,0.2248,0.5860,0.836,0.5453,0.5767,0.786,0.2498,0.6319,0.868,0.5252,0.6216,0.688,0.3227,0.4918,0.673,0.4239,0.4850
2283,76.133,16,0.000,0.0000,1.0000,0.744,0.3129,0.6252,0.880,0.4629,0.6183,0.837,0.2244,0.5861,0.839,0.5469,0.5762,0.773,0.2485,0.6321,0.867,0.5267,0.6218,0.674,0.3226,0.4893,0.684,0.4232,0.4826
2284,76.167,16,0.000,0.0000,1.0000,0.793,0.3126,0.6214,0.875,0.4627,0.6156,0.850,0.2231,0.5860,0.839,0.5478,0.5757,0.762,0.2467,0.6317,0.879,0.5271,0.6217,0.677,0.3230,0.4828,0.699,0.4240,0.4786
2285,76.200,16,0.000,0.0000,1.0000,0.800,0.3120,0.6168,0.828,0.4598,0.6123,0.846,0.2236,0.5855,0.836,0.5497,0.5763,0.791,0.2483,0.6325,0.880,0.5264,0.6218,0.689,0.3237,0.4782,0.675,0.4265,0.4733
2286,76.233,16,0.000,0.0000,1.0000,0.782,0.3112,0.6139,0.870,0.4597,0.6094,0.837,0.2230,0.5853,0.853,0.5514,0.5773,0.774,0.2475,0.6326,0.869,0.5274,0.6216,0.670,0.3232,0.4733,0.696,0.4258,0.4695
2287,76.267,16,0.000,0.0000,1.0000,0.832,0.3106,0.6084,0.883,0.4607,0.6057,0.850,0.2218,0.5851,0.836,0.5551,0.5768,0.794,0.2489,0.6315,0.862,0.5281,0.6218,0.704,0.3251,0.4698,0.696,0.4271,0.4651
2288,76.300,16,0.000,0.0000,1.0000,0.831,0.3075,0.6040,0.813,0.4580,0.6003,0.858,0.2219,0.5848,0.845,0.5549,0.5768,0.750,0.2462,0.6293,0.874,0.5282,0.6218,0.710,0.3216,0.4656,0.672,0.4248,0.4599
2289,76.333,16,0.000,0.0000,1.0000,0.788,0.3090,0.5996,0.844,0.4576,0.5961,0.839,0.2243,0.5841,0.826,0.5552,0.5756,0.795,0.2500,0.6302,0.880,0.5277,0.6217,0.693,0.3226,0.4590,0.684,0.4251,0.4536
2290,76.367,16,0.000,0.0000,1.0000,0.841,0.3098,0.5941,0.863,0.4584,0.5911,0.832,0.2225,0.5829,0.832,0.5547,0.5752,0.835,0.2502,0.6300,0.875,0.5272,0.6219,0.699,0.3229,0.4538,0.683,0.4263,0.4468
2291,76.400,16,0.000,0.0000,1.0000,0.833,0.3088,0.5899,0.832,0.4531,0.5866,0.833,0.2247,0.5830,0.839,0.5516,0.5753,0.861,0.2519,0.6304,0.892,0.5265,0.6216,0.691,0.3234,0.4461,0.672,0.4246,0.4402
2292,76.433,16,0.000,0.0000,1.0000,0.806,0.3128,0.5830,0.867,0.4548,0.5819,0.817,0.2264,0.5831,0.847,0.5500,0.5751,0.878,0.2527,0.6317,0.886,0.5264,0.6219,0.694,0.3198,0.4414,0.660,0.4236,0.4346
2293,76.467,16,0.000,0.0000,1.0000,0.773,0.3113,0.5764,0.840,0.4534,0.5776,0.828,0.2249,0.5840,0.869,0.5485,0.5739,0.879,0.2522,0.6326,0.878,0.5252,0.6218,0.683,0.3187,0.4339,0.679,0.4255,0.4277
2294,76.500,16,0.000,0.0000,1.0000,0.814,0.3099,0.5711,0.833,0.4514,0.5732,0.815,0.2278,0.5829,0.875,0.5476,0.5731,0.888,0.2531,0.6313,0.881,0.5253,0.6216,0.680,0.3182,0.4289,0.669,0.4266,0.4221
2295,76.533,16,0.000,0.0000,1.0000,0.829,0.3085,0.5654,0.847,0.4532,0.5673,0.819,0.2268,0.5822,0.870,0.5455,0.5727,0.879,0.2530,0.6305,0.886,0.5254,0.6216,0.682,0.3180,0.4220,0.679,0.4273,0.4153
2296,76.567,16,0.000,0.0000,1.0000,0.789,0.3148,0.5605,0.850,0.4489,0.5652,0.779,0.2280,0.5794,0.858,0.5437,0.5721,0.877,0.2531,0.6306,0.881,0.5253,0.6220,0.705,0.3192,0.4175,0.650,0.4280,0.4105
2297,76.600,16,0.000,0.0000,1.0000,0.802,0.3129,0.5554,0.826,0.4488,0.5617,0.782,0.2280,0.5793,0.846,0.5428,0.5720,0.873,0.2533,0.6310,0.868,0.5252,0.6229,0.696,0.3173,0.4146,0.662,0.4252,0.4085
2298,76.633,16,0.000,0.0000,1.0000,0.778,0.3122,0.5517,0.856,0.4447,0.5574,0.794,0.2302,0.5782,0.832,0.5407,0.5720,0.875,0.2542,0.6312,0.855,0.5249,0.6230,0.672,0.3148,0.4084,0.669,0.4257,0.4029
2299,76.667,16,0.000,0.0000,1.0000,0.754,0.3134,0.5484,0.833,0.4429,0.5540,0.795,0.2321,0.5780,0.833,0.5402,0.5722,0.881,0.2547,0.6320,0.852,0.5250,0.6233,0.670,0.3144,0.4046,0.665,0.4244,0.3978
2300,76.700,16,0.000,0.0000,1.0000,0.823,0.3170,0.5429,0.783,0.4438,0.5490,0.785,0.2339,0.5760,0.840,0.5403,0.5726,0.881,0.2547,0.6321,0.841,0.5247,0.6240,0.648,0.3166,0.4005,0.680,0.4240,0.3934
2301,76.733,16,0.000,0.0000,1.0000,0.801,0.3181,0.5408,0.818,0.4433,0.5467,0.808,0.2359,0.5767,0.872,0.5360,0.5727,0.883,0.2549,0.6321,0.830,0.5245,0.6247,0.681,0.3170,0.3955,0.680,0.4235,0.3899
2302,76.767,16,0.000,0.0000,1.0000,0.762,0.3174,0.5387,0.831,0.4447,0.5450,0.799,0.2404,0.5766,0.876,0.5345,0.5732,0.884,0.2550,0.6328,0.830,0.5244,0.6245,0.677,0.3177,0.3926,0.670,0.4259,0.3853
2303,76.800,16,0.000,0.0000,1.0000,0.805,0.3189,0.5357,0.812,0.4462,0.5411,0.788,0.2471,0.5774,0.869,0.5337,0.5741,0.882,0.2544,0.6327,0.817,0.5240,0.6249,0.669,0.3161,0.3911,0.675,0.4229,0.3841
2304,76.833,16,0.000,0.0000,1.0000,0.811,0.3181,0.5329,0.776,0.4503,0.5392,0.748,0.2496,0.5760,0.876,0.5320,0.5743,0.877,0.2542,0.6320,0.819,0.5237,0.6248,0.644,0.3143,0.3883,0.687,0.4230,0.3814
2305,76.867,16,0.000,0.0000,1.0000,0.794,0.3154,0.5313,0.786,0.4503,0.5375,0.777,0.2504,0.5783,0.882,0.5300,0.5746,0.878,0.2544,0.6319,0.817,0.5238,0.6249,0.628,0.3138,0.3858,0.693,0.4221,0.3801
2306,76.900,16,0.000,0.0000,1.0000,0.785,0.3156,0.5306,0.805,0.4475,0.5365,0.806,0.2517,0.5789,0.867,0.5286,0.5753,0.874,0.2542,0.6309,0.814,0.5242,0.6251,0.643,0.3133,0.3840,0.684,0.4206,0.3786
2307,76.933,16,0.000,0.0000,1.0000,0.773,0.3156,0.5294,0.828,0.4489,0.5344,0.800,0.2527,0.5770,0.852,0.5268,0.5757,0.872,0.2546,0.6300,0.813,0.5243,0.6252,0.645,0.3129,0.3815,0.678,0.4215,0.3762
2308,76.967,16,0.000,0.0000,1.0000,0.763,0.3132,0.5287,0.836,0.4501,0.5328,0.810,0.2535,0.5766,0.845,0.5260,0.5757,0.870,0.2549,0.6299,0.813,0.5244,0.6251,0.641,0.3122,0.3805,0.667,0.4203,0.3757
2309,77.000,16,0.000,0.0000,1.0000,0.763,0.3139,0.5278,0.821,0.4507,0.5306,0.827,0.2540,0.5766,0.853,0.5256,0.5765,0.868,0.2550,0.6298,0.802,0.5241,0.6253,0.644,0.3117,0.3793,0.664,0.4202,0.3738
2310,77.033,16,0.000,0.0000,1.0000,0.750,0.3141,0.5268,0.806,0.4497,0.5285,0.827,0.2548,0.5759,0.841,0.5246,0.5766,0.868,0.2554,0.6296,0.803,0.5244,0.6254,0.642,0.3109,0.3765,0.675,0.4202,0.3713
2311,77.067,16,0.000,0.0000,1.0000,0.760,0.3136,0.5249,0.795,0.4495,0.5275,0.827,0.2560,0.5754,0.833,0.5234,0.5770,0.868,0.2551,0.6296,0.801,0.5244,0.6253,0.630,0.3120,0.3738,0.689,0.4210,0.3697
2312,77.100,16,0.000,0.0000,1.0000,0.768,0.3116,0.5238,0.772,0.4481,0.5258,0.847,0.2571,0.5765,0.818,0.5204,0.5780,0.868,0.2552,0.6295,0.792,0.5247,0.6252,0.641,0.3110,0.3726,0.688,0.4211,0.3682
2313,77.133,16,0.000,0.0000,1.0000,0.762,0.3109,0.5236,0.763,0.4470,0.5252,0.842,0.2579,0.5761,0.849,0.5182,0.5781,0.870,0.2551,0.6291,0.802,0.5244,0.6248,0.644,0.3108,0.3724,0.684,0.4203,0.3679
2314,77.167,16,0.000,0.0000,1.0000,0.775,0.3100,0.5227,0.774,0.4474,0.5245,0.852,0.2588,0.5770,0.877,0.5138,0.5781,0.870,0.2550,0.6295,0.806,0.5242,0.6248,0.653,0.3093,0.3718,0.671,0.4192,0.3667
2315,77.200,16,0.000,0.0000,1.0000,0.771,0.3092,0.5229,0.770,0.4470,0.5242,0.847,0.2608,0.5770,0.873,0.5113,0.5771,0.872,0.2549,0.6299,0.812,0.5244,0.6247,0.660,0.3090,0.3708,0.658,0.4184,0.3661
2316,77.233,16,0.000,0.0000,1.0000,0.777,0.3092,0.5223,0.773,0.4460,0.5234,0.855,0.2618,0.5779,0.879,0.5100,0.5776,0.871,0.2548,0.6301,0.821,0.5247,0.6247,0.660,0.3083,0.3705,0.650,0.4178,0.3659
2317,77.267,16,0.000,0.0000,1.0000,0.781,0.3094,0.5220,0.769,0.4434,0.5220,0.851,0.2637,0.5775,0.879,0.5097,0.5778,0.871,0.2546,0.6307,0.829,0.5248,0.6244,0.665,0.3084,0.3707,0.644,0.4175,0.3649
2318,77.300,16,0.000,0.0000,1.0000,0.783,0.3091,0.5221,0.770,0.4425,0.5213,0.855,0.2643,0.5779,0.886,0.5093,0.5785,0.872,0.2545,0.6309,0.830,0.5251,0.6246,0.670,0.3077,0.3697,0.641,0.4176,0.3642
2319,77.333,16,0.000,0.0000,1.0000,0.790,0.3094,0.5215,0.762,0.4450,0.5211,0.849,0.2652,0.5778,0.899,0.5089,0.5802,0.870,0.2544,0.6308,0.810,0.5256,0.6253,0.673,0.3073,0.3686,0.635,0.4174,0.3639
2320,77.367,16,0.000,0.0000,1.0000,0.784,0.3084,0.5224,0.761,0.4451,0.5204,0.844,0.2683,0.5786,0.892,0.5083,0.5811,0.872,0.2545,0.6312,0.809,0.5256,0.6251,0.681,0.3049,0.3674,0.639,0.4155,0.3634
2321,77.400,16,0.000,0.0000,1.0000,0.791,0.3086,0.5221,0.763,0.4453,0.5190,0.833,0.2701,0.5789,0.890,0.5076,0.5815,0.872,0.2544,0.6310,0.797,0.5270,0.6255,0.687,0.3028,0.3673,0.647,0.4132,0.3629
2322,77.433,16,0.000,0.0000,1.0000,0.785,0.3095,0.5219,0.763,0.4449,0.5184,0.830,0.2711,0.5792,0.872,0.5053,0.5812,0.874,0.2547,0.6308,0.791,0.5268,0.6256,0.687,0.3023,0.3674,0.652,0.4124,0.3628
2323,77.467,16,0.000,0.0000,1.0000,0.789,0.3103,0.5209,0.765,0.4448,0.5177,0.833,0.2714,0.5801,0.859,0.5042,0.5808,0.876,0.2549,0.6314,0.785,0.5265,0.6257,0.684,0.3025,0.3670,0.651,0.4125,0.3606
2324,77.500,16,0.000,0.0000,1.0000,0.783,0.3106,0.5212,0.763,0.4451,0.5178,0.849,0.2722,0.5811,0.846,0.5028,0.5811,0.875,0.2549,0.6314,0.779,0.5264,0.6257,0.682,0.3023,0.3673,0.654,0.4123,0.3608
2325,77.533,16,0.000,0.0000,1.0000,0.771,0.3109,0.5214,0.761,0.4448,0.5165,0.852,0.2726,0.5812,0.825,0.5015,0.5804,0.875,0.2548,0.6314,0.773,0.5264,0.6256,0.681,0.3018,0.3675,0.657,0.4116,0.3606
2326,77.567,16,0.000,0.0000,1.0000,0.762,0.3111,0.5216,0.755,0.4442,0.5162,0.863,0.2729,0.5818,0.807,0.5001,0.5804,0.876,0.2549,0.6314,0.763,0.5272,0.6257,0.683,0.3015,0.3677,0.658,0.4109,0.3608
2327,77.600,16,0.000,0.0000,1.0000,0.757,0.3119,0.5212,0.755,0.4437,0.5166,0.870,0.2733,0.5819,0.808,0.4991,0.5809,0.878,0.2550,0.6319,0.752,0.5271,0.6259,0.680,0.3010,0.3679,0.661,0.4103,0.3609
2328,77.633,16,0.000,0.0000,1.0000,0.750,0.3119,0.5212,0.756,0.4435,0.5169,0.877,0.2744,0.5824,0.803,0.4988,0.5809,0.875,0.2547,0.6310,0.748,0.5266,0.6257,0.682,0.3009,0.3680,0.668,0.4097,0.3625
2329,77.667,16,0.000,0.0000,1.0000,0.744,0.3134,0.5214,0.754,0.4431,0.5161,0.870,0.2758,0.5830,0.798,0.4983,0.5808,0.873,0.2547,0.6308,0.734,0.5263,0.6257,0.680,0.2990,0.3679,0.670,0.4080,0.3626
2330,77.700,16,0.000,0.0000,1.0000,0.743,0.3117,0.5218,0.758,0.4446,0.5167,0.873,0.2758,0.5833,0.793,0.4988,0.5812,0.874,0.2549,0.6308,0.740,0.5264,0.6256,0.679,0.2984,0.3676,0.673,0.4072,0.3627
2331,77.733,16,0.000,0.0000,1.0000,0.743,0.3107,0.5226,0.769,0.4454,0.5179,0.871,0.2738,0.5834,0.819,0.5004,0.5818,0.880,0.2550,0.6320,0.752,0.5257,0.6258,0.678,0.2980,0.3673,0.674,0.4075,0.3626
2332,77.767,16,0.000,0.0000,1.0000,0.749,0.3106,0.5224,0.773,0.4470,0.5183,0.855,0.2725,0.5827,0.836,0.5031,0.5824,0.876,0.2551,0.6318,0.753,0.5250,0.6259,0.680,0.2975,0.3684,0.678,0.4073,0.3632
2333,77.800,16,0.000,0.0000,1.0000,0.742,0.3112,0.5228,0.763,0.4492,0.5215,0.834,0.2699,0.5820,0.876,0.5064,0.5826,0.878,0.2550,0.6321,0.783,0.5248,0.6263,0.682,0.2969,0.3685,0.678,0.4060,0.3637
2334,77.833,16,0.000,0.0000,1.0000,0.737,0.3097,0.5241,0.752,0.4498,0.5229,0.843,0.2682,0.5804,0.889,0.5080,0.5821,0.875,0.2545,0.6315,0.789,0.5250,0.6265,0.672,0.2973,0.3694,0.678,0.4068,0.3643
2335,77.867,16,0.000,0.0000,1.0000,0.753,0.3094,0.5257,0.750,0.4515,0.5245,0.853,0.2638,0.5794,0.891,0.5099,0.5804,0.878,0.2548,0.6321,0.796,0.5238,0.6258,0.664,0.2961,0.3705,0.683,0.4068,0.3651
2336,77.900,16,0.000,0.0000,1.0000,0.742,0.3119,0.5260,0.730,0.4520,0.5261,0.845,0.2619,0.5790,0.879,0.5119,0.5787,0.877,0.2546,0.6311,0.799,0.5237,0.6264,0.662,0.2971,0.3712,0.686,0.4074,0.3662
2337,77.933,16,0.000,0.0000,1.0000,0.747,0.3154,0.5275,0.765,0.4528,0.5283,0.830,0.2582,0.5769,0.833,0.5175,0.5779,0.875,0.2548,0.6303,0.797,0.5234,0.6264,0.667,0.2971,0.3726,0.693,0.4055,0.3681
2338,77.967,16,0.000,0.0000,1.0000,0.795,0.3183,0.5289,0.808,0.4517,0.5319,0.852,0.2545,0.5794,0.821,0.5231,0.5764,0.871,0.2546,0.6305,0.800,0.5235,0.6262,0.656,0.2961,0.3765,0.688,0.4034,0.3704
2339,78.000,16,0.000,0.0000,1.0000,0.802,0.3148,0.5324,0.816,0.4503,0.5318,0.847,0.2526,0.5822,0.868,0.5257,0.5778,0.868,0.2544,0.6304,0.797,0.5237,0.6267,0.663,0.2966,0.3778,0.687,0.4036,0.3716
2340,78.033,16,0.000,0.0000,1.0000,0.801,0.3161,0.5348,0.805,0.4523,0.5354,0.832,0.2514,0.5813,0.863,0.5271,0.5763,0.870,0.2545,0.6311,0.805,0.5237,0.6257,0.666,0.2969,0.3802,0.673,0.4032,0.3746
2341,78.067,16,0.000,0.0000,1.0000,0.778,0.3192,0.5367,0.752,0.4550,0.5382,0.797,0.2502,0.5798,0.882,0.5292,0.5747,0.874,0.2544,0.6324,0.812,0.5238,0.6255,0.648,0.2987,0.3828,0.681,0.4068,0.3777
2342,78.100,16,0.000,0.0000,1.0000,0.762,0.3201,0.5385,0.766,0.4547,0.5392,0.787,0.2482,0.5790,0.880,0.5304,0.5743,0.874,0.2544,0.6329,0.806,0.5237,0.6256,0.648,0.2981,0.3855,0.687,0.4064,0.3813
2343,78.133,16,0.000,0.0000,1.0000,0.766,0.3217,0.5396,0.807,0.4546,0.5418,0.783,0.2469,0.5774,0.872,0.5332,0.5741,0.878,0.2543,0.6329,0.806,0.5238,0.6255,0.668,0.2989,0.3902,0.673,0.4061,0.3844
2344,78.167,16,0.000,0.0000,1.0000,0.784,0.3217,0.5417,0.823,0.4537,0.5431,0.816,0.2432,0.5780,0.874,0.5348,0.5733,0.882,0.2546,0.6333,0.816,0.5238,0.6250,0.680,0.2994,0.3930,0.669,0.4068,0.3895
2345,78.200,16,0.000,0.0000,1.0000,0.761,0.3191,0.5436,0.800,0.4544,0.5461,0.821,0.2407,0.5779,0.866,0.5363,0.5729,0.882,0.2560,0.6336,0.812,0.5239,0.6250,0.671,0.3019,0.3963,0.669,0.4100,0.3917
2346,78.233,16,0.000,0.0000,1.0000,0.774,0.3193,0.5451,0.806,0.4526,0.5472,0.850,0.2358,0.5788,0.861,0.5369,0.5728,0.881,0.2556,0.6333,0.812,0.5238,0.6249,0.661,0.3025,0.3983,0.674,0.4126,0.3945
2347,78.267,16,0.000,0.0000,1.0000,0.738,0.3163,0.5485,0.783,0.4521,0.5494,0.856,0.2342,0.5802,0.849,0.5393,0.5725,0.880,0.2559,0.6331,0.817,0.5237,0.6246,0.656,0.3040,0.4030,0.647,0.4136,0.3972
2348,78.300,15,0.000,0.0000,1.0000,0.728,0.3166,0.5508,0.820,0.4529,0.5537,0.845,0.2319,0.5807,0.829,0.5412,0.5724,0.874,0.2557,0.6330,0.833,0.5241,0.6241,0.675,0.3050,0.4070,0.649,0.4139,0.4027
2349,78.333,16,0.000,0.0000,1.0000,0.760,0.3185,0.5527,0.833,0.4537,0.5561,0.833,0.2298,0.5811,0.828,0.5412,0.5722,0.880,0.2559,0.6331,0.845,0.5241,0.6236,0.664,0.3055,0.4097,0.658,0.4137,0.4048
2350,78.367,16,0.000,0.0000,1.0000,0.793,0.3187,0.5549,0.832,0.4558,0.5584,0.829,0.2294,0.5814,0.837,0.5421,0.5719,0.876,0.2551,0.6325,0.850,0.5240,0.6233,0.674,0.3066,0.4137,0.656,0.4151,0.4069
2351,78.400,16,0.000,0.0000,1.0000,0.825,0.3242,0.5572,0.792,0.4576,0.5621,0.820,0.2305,0.5803,0.859,0.5436,0.5717,0.878,0.2548,0.6323,0.862,0.5239,0.6231,0.670,0.3094,0.4161,0.642,0.4166,0.4085
2352,78.433,16,0.000,0.0000,1.0000,0.799,0.3257,0.5604,0.801,0.4562,0.5639,0.820,0.2310,0.5808,0.864,0.5440,0.5714,0.880,0.2547,0.6322,0.868,0.5246,0.6224,0.676,0.3113,0.4183,0.621,0.4185,0.4108
2353,78.467,16,0.000,0.0000,1.0000,0.808,0.3230,0.5638,0.821,0.4573,0.5664,0.823,0.2306,0.5813,0.865,0.5442,0.5717,0.880,0.2544,0.6316,0.880,0.5246,0.6216,0.661,0.3123,0.4207,0.649,0.4192,0.4142
2354,78.500,16,0.000,0.0000,1.0000,0.832,0.3218,0.5661,0.835,0.4588,0.5678,0.831,0.2310,0.5814,0.870,0.5448,0.5721,0.876,0.2540,0.6312,0.881,0.5243,0.6212,0.667,0.3103,0.4223,0.663,0.4190,0.4182
2355,78.533,16,0.000,0.0000,1.0000,0.811,0.3221,0.5722,0.822,0.4596,0.5729,0.828,0.2307,0.5821,0.873,0.5458,0.5724,0.876,0.2537,0.6325,0.887,0.5246,0.6207,0.656,0.3113,0.4291,0.638,0.4192,0.4232
2356,78.567,16,0.000,0.0000,1.0000,0.809,0.3199,0.5768,0.785,0.4574,0.5751,0.822,0.2285,0.5836,0.873,0.5464,0.5725,0.881,0.2537,0.6327,0.892,0.5247,0.6207,0.651,0.3115,0.4327,0.649,0.4189,0.4278
2357,78.600,16,0.000,0.0000,1.0000,0.855,0.3231,0.5796,0.845,0.4591,0.5786,0.819,0.2273,0.5835,0.874,0.5470,0.5731,0.882,0.2533,0.6327,0.889,0.5247,0.6211,0.639,0.3123,0.4378,0.644,0.4185,0.4314
2358,78.633,16,0.000,0.0000,1.0000,0.843,0.3229,0.5842,0.868,0.4605,0.5820,0.826,0.2277,0.5840,0.859,0.5488,0.5743,0.880,0.2531,0.6326,0.893,0.5252,0.6215,0.669,0.3126,0.4412,0.623,0.4177,0.4347
2359,78.667,16,0.000,0.0000,1.0000,0.830,0.3199,0.5889,0.873,0.4605,0.5853,0.826,0.2264,0.5842,0.855,0.5512,0.5747,0.867,0.2528,0.6314,0.890,0.5255,0.6216,0.692,0.3168,0.4449,0.656,0.4207,0.4396
2360,78.700,16,0.000,0.0000,1.0000,0.847,0.3173,0.5912,0.857,0.4607,0.5884,0.814,0.2263,0.5842,0.847,0.5531,0.5751,0.861,0.2531,0.6299,0.881,0.5260,0.6225,0.668,0.3169,0.4489,0.655,0.4199,0.4429
2361,78.733,16,0.000,0.0000,1.0000,0.879,0.3206,0.5948,0.891,0.4637,0.5909,0.815,0.2272,0.5832,0.854,0.5545,0.5746,0.856,0.2520,0.6298,0.874,0.5269,0.6223,0.691,0.3186,0.4541,0.664,0.4216,0.4470
2362,78.767,16,0.000,0.0000,1.0000,0.856,0.3198,0.5971,0.893,0.4645,0.5922,0.829,0.2258,0.5832,0.849,0.5542,0.5750,0.848,0.2518,0.6295,0.877,0.5267,0.6221,0.692,0.3189,0.4569,0.672,0.4210,0.4514
2363,78.800,16,0.000,0.0000,1.0000,0.796,0.3179,0.6000,0.884,0.4635,0.5953,0.840,0.2246,0.5836,0.861,0.5534,0.5746,0.854,0.2522,0.6295,0.876,0.5254,0.6216,0.691,0.3197,0.4600,0.676,0.4209,0.4541
2364,78.833,15,0.000,0.0000,1.0000,0.802,0.3170,0.6008,0.868,0.4626,0.5979,0.833,0.2256,0.5832,0.867,0.5521,0.5744,0.841,0.2515,0.6297,0.879,0.5255,0.6199,0.685,0.3199,0.4631,0.666,0.4203,0.4569
2365,78.867,15,0.000,0.0000,1.0000,0.841,0.3167,0.6036,0.843,0.4618,0.6000,0.827,0.2264,0.5836,0.870,0.5492,0.5741,0.819,0.2507,0.6291,0.880,0.5258,0.6184,0.706,0.3195,0.4658,0.652,0.4206,0.4607
2366,78.900,16,0.000,0.0000,1.0000,0.854,0.3162,0.6059,0.855,0.4612,0.6011,0.820,0.2275,0.5833,0.866,0.5456,0.5735,0.808,0.2509,0.6275,0.867,0.5248,0.6166,0.706,0.3189,0.4669,0.674,0.4213,0.4640
2367,78.933,16,0.000,0.0000,1.0000,0.849,0.3164,0.6071,0.864,0.4615,0.6022,0.802,0.2292,0.5831,0.872,0.5442,0.5725,0.759,0.2505,0.6262,0.862,0.5234,0.6168,0.711,0.3212,0.4684,0.696,0.4224,0.4651
2368,78.967,16,0.000,0.0000,1.0000,0.836,0.3159,0.6086,0.881,0.4627,0.6034,0.802,0.2290,0.5827,0.851,0.5427,0.5726,0.731,0.2497,0.6259,0.854,0.5230,0.6171,0.709,0.3217,0.4694,0.699,0.4233,0.4663
2369,79.000,16,0.000,0.0000,1.0000,0.824,0.3174,0.6095,0.891,0.4641,0.6041,0.804,0.2295,0.5831,0.859,0.5430,0.5721,0.770,0.2504,0.6267,0.849,0.5229,0.6166,0.706,0.3233,0.4703,0.703,0.4251,0.4666
2370,79.033,16,0.000,0.0000,1.0000,0.822,0.3189,0.6098,0.896,0.4636,0.6053,0.803,0.2292,0.5832,0.865,0.5445,0.5729,0.788,0.2507,0.6270,0.840,0.5231,0.6164,0.698,0.3243,0.4706,0.708,0.4258,0.4680
2371,79.067,16,0.000,0.0000,1.0000,0.820,0.3194,0.6100,0.896,0.4646,0.6055,0.806,0.2290,0.5831,0.856,0.5447,0.5734,0.795,0.2509,0.6272,0.833,0.5236,0.6159,0.689,0.3258,0.4715,0.709,0.4268,0.4686
2372,79.100,16,0.000,0.0000,1.0000,0.825,0.3203,0.6098,0.898,0.4650,0.6059,0.808,0.2293,0.5834,0.866,0.5476,0.5740,0.801,0.2508,0.6274,0.841,0.5241,0.6161,0.688,0.3281,0.4714,0.708,0.4294,0.4681
2373,79.133,16,0.000,0.0000,1.0000,0.837,0.3194,0.6090,0.903,0.4653,0.6058,0.820,0.2281,0.5833,0.863,0.5487,0.5745,0.801,0.2505,0.6276,0.834,0.5246,0.6165,0.691,0.3294,0.4713,0.708,0.4298,0.4674
2374,79.167,16,0.000,0.0000,1.0000,0.853,0.3200,0.6074,0.889,0.4659,0.6043,0.824,0.2284,0.5833,0.856,0.5498,0.5749,0.779,0.2499,0.6268,0.835,0.5264,0.6174,0.692,0.3306,0.4701,0.707,0.4313,0.4667
2375,79.200,16,0.000,0.0000,1.0000,0.858,0.3229,0.6061,0.879,0.4660,0.6031,0.830,0.2276,0.5831,0.854,0.5527,0.5749,0.784,0.2503,0.6269,0.841,0.5276,0.6177,0.692,0.3306,0.4690,0.700,0.4300,0.4657
2376,79.233,16,0.000,0.0000,1.0000,0.856,0.3220,0.6045,0.856,0.4653,0.6013,0.834,0.2263,0.5832,0.845,0.5553,0.5747,0.805,0.2504,0.6278,0.842,0.5276,0.6185,0.674,0.3311,0.4657,0.676,0.4314,0.4627
2377,79.267,16,0.000,0.0000,1.0000,0.820,0.3206,0.6012,0.865,0.4659,0.5974,0.833,0.2258,0.5828,0.846,0.5568,0.5742,0.840,0.2517,0.6289,0.849,0.5284,0.6187,0.658,0.3319,0.4614,0.666,0.4319,0.4589
2378,79.300,16,0.000,0.0000,1.0000,0.832,0.3221,0.5982,0.891,0.4648,0.5942,0.822,0.2274,0.5831,0.859,0.5556,0.5740,0.862,0.2522,0.6303,0.854,0.5287,0.6184,0.670,0.3315,0.4583,0.679,0.4323,0.4556
2379,79.333,16,0.000,0.0000,1.0000,0.874,0.3236,0.5954,0.896,0.4654,0.5911,0.818,0.2278,0.5828,0.869,0.5549,0.5736,0.867,0.2524,0.6308,0.854,0.5296,0.6157,0.675,0.3313,0.4553,0.672,0.4344,0.4529
2380,79.367,16,0.000,0.0000,1.0000,0.853,0.3211,0.5913,0.863,0.4623,0.5885,0.821,0.2268,0.5826,0.871,0.5536,0.5735,0.875,0.2533,0.6303,0.885,0.5272,0.6183,0.656,0.3317,0.4486,0.658,0.4348,0.4465
2381,79.400,16,0.000,0.0000,1.0000,0.831,0.3247,0.5882,0.875,0.4621,0.5847,0.819,0.2279,0.5820,0.875,0.5524,0.5726,0.879,0.2541,0.6302,0.890,0.5257,0.6190,0.672,0.3314,0.4446,0.664,0.4348,0.4411
2382,79.433,16,0.000,0.0000,1.0000,0.859,0.3246,0.5816,0.880,0.4622,0.5809,0.816,0.2284,0.5813,0.884,0.5513,0.5725,0.875,0.2540,0.6297,0.893,0.5253,0.6200,0.667,0.3299,0.4398,0.659,0.4331,0.4379
2383,79.467,16,0.000,0.0000,1.0000,0.843,0.3210,0.5778,0.827,0.4572,0.5783,0.827,0.2295,0.5812,0.885,0.5500,0.5719,0.876,0.2541,0.6299,0.898,0.5252,0.6205,0.664,0.3311,0.4344,0.658,0.4334,0.4326
2384,79.500,16,0.000,0.0000,1.0000,0.809,0.3237,0.5739,0.793,0.4591,0.5746,0.838,0.2304,0.5808,0.888,0.5501,0.5717,0.873,0.2541,0.6295,0.898,0.5252,0.6204,0.673,0.3310,0.4301,0.646,0.4357,0.4280
2385,79.533,16,0.000,0.0000,1.0000,0.870,0.3226,0.5692,0.819,0.4586,0.5692,0.835,0.2312,0.5806,0.891,0.5493,0.5718,0.870,0.2544,0.6293,0.898,0.5255,0.6206,0.667,0.3311,0.4239,0.636,0.4370,0.4227
2386,79.567,16,0.000,0.0000,1.0000,0.855,0.3227,0.5658,0.821,0.4557,0.5662,0.833,0.2319,0.5793,0.889,0.5482,0.5717,0.874,0.2547,0.6296,0.891,0.5251,0.6204,0.678,0.3319,0.4206,0.644,0.4367,0.4179
2387,79.600,15,0.000,0.0000,1.0000,0.794,0.3238,0.5621,0.792,0.4557,0.5636,0.826,0.2334,0.5782,0.886,0.5470,0.5710,0.877,0.2551,0.6301,0.884,0.5246,0.6202,0.684,0.3307,0.4177,0.648,0.4356,0.4155
2388,79.633,16,0.000,0.0000,1.0000,0.854,0.3254,0.5565,0.815,0.4581,0.5589,0.833,0.2336,0.5779,0.863,0.5449,0.5703,0.877,0.2555,0.6303,0.880,0.5245,0.6202,0.655,0.3319,0.4140,0.627,0.4368,0.4122
2389,79.667,16,0.000,0.0000,1.0000,0.831,0.3268,0.5534,0.828,0.4552,0.5563,0.831,0.2362,0.5763,0.854,0.5442,0.5703,0.882,0.2555,0.6310,0.880,0.5251,0.6211,0.681,0.3306,0.4080,0.633,0.4363,0.4071
2390,79.700,16,0.000,0.0000,1.0000,0.787,0.3247,0.5500,0.793,0.4529,0.5515,0.813,0.2420,0.5747,0.842,0.5433,0.5710,0.885,0.2553,0.6312,0.865,0.5246,0.6219,0.673,0.3294,0.4031,0.635,0.4365,0.4034
2391,79.733,16,0.000,0.0000,1.0000,0.813,0.3252,0.5463,0.795,0.4544,0.5479,0.796,0.2443,0.5741,0.829,0.5423,0.5714,0.883,0.2548,0.6307,0.862,0.5243,0.6226,0.665,0.3296,0.3982,0.644,0.4384,0.3985
2392,79.767,16,0.000,0.0000,1.0000,0.818,0.3241,0.5428,0.807,0.4538,0.5442,0.768,0.2460,0.5745,0.838,0.5407,0.5718,0.884,0.2548,0.6309,0.844,0.5240,0.6236,0.676,0.3290,0.3956,0.661,0.4384,0.3949
2393,79.800,16,0.000,0.0000,1.0000,0.799,0.3240,0.5400,0.813,0.4550,0.5424,0.763,0.2472,0.5759,0.851,0.5397,0.5725,0.884,0.2549,0.6322,0.826,0.5238,0.6243,0.679,0.3288,0.3940,0.661,0.4379,0.3916
2394,79.833,16,0.000,0.0000,1.0000,0.779,0.3243,0.5381,0.806,0.4543,0.5418,0.757,0.2492,0.5766,0.866,0.5363,0.5733,0.884,0.2548,0.6319,0.819,0.5241,0.6246,0.670,0.3273,0.3910,0.638,0.4373,0.3893
2395,79.867,16,0.000,0.0000,1.0000,0.804,0.3236,0.5362,0.792,0.4550,0.5401,0.787,0.2513,0.5767,0.864,0.5344,0.5743,0.882,0.2553,0.6316,0.801,0.5238,0.6252,0.653,0.3290,0.3884,0.631,0.4380,0.3862
2396,79.900,16,0.000,0.0000,1.0000,0.829,0.3258,0.5325,0.771,0.4565,0.5374,0.828,0.2532,0.5743,0.853,0.5327,0.5753,0.880,0.2553,0.6316,0.796,0.5234,0.6252,0.670,0.3273,0.3835,0.646,0.4389,0.3827
2397,79.933,16,0.000,0.0000,1.0000,0.827,0.3247,0.5310,0.769,0.4572,0.5370,0.822,0.2537,0.5745,0.863,0.5302,0.5760,0.878,0.2555,0.6322,0.790,0.5238,0.6259,0.663,0.3233,0.3823,0.639,0.4364,0.3812
2398,79.967,16,0.000,0.0000,1.0000,0.813,0.3238,0.5283,0.799,0.4572,0.5351,0.813,0.2549,0.5752,0.868,0.5295,0.5760,0.879,0.2554,0.6322,0.802,0.5244,0.6258,0.661,0.3219,0.3804,0.650,0.4352,0.3798
2399,80.000,16,0.000,0.0000,1.0000,0.805,0.3235,0.5270,0.807,0.4557,0.5319,0.832,0.2564,0.5759,0.859,0.5267,0.5771,0.879,0.2552,0.6322,0.803,0.5244,0.6257,0.657,0.3202,0.3780,0.657,0.4330,0.3784
2400,80.033,16,0.000,0.0000,1.0000,0.803,0.3214,0.5266,0.809,0.4550,0.5304,0.849,0.2578,0.5766,0.860,0.5248,0.5783,0.878,0.2552,0.6321,0.801,0.5243,0.6257,0.654,0.3197,0.3771,0.670,0.4316,0.3772
2401,80.067,16,0.000,0.0000,1.0000,0.786,0.3212,0.5254,0.776,0.4559,0.5286,0.831,0.2611,0.5756,0.829,0.5228,0.5784,0.881,0.2549,0.6312,0.803,0.5244,0.6258,0.654,0.3185,0.3739,0.657,0.4309,0.3754
2402,80.100,16,0.000,0.0000,1.0000,0.781,0.3201,0.5250,0.749,0.4557,0.5270,0.823,0.2640,0.5757,0.823,0.5204,0.5794,0.881,0.2551,0.6318,0.790,0.5241,0.6259,0.667,0.3173,0.3728,0.666,0.4284,0.3725
2403,80.133,16,0.000,0.0000,1.0000,0.771,0.3169,0.5253,0.746,0.4534,0.5241,0.838,0.2641,0.5771,0.871,0.5159,0.5802,0.879,0.2548,0.6312,0.796,0.5246,0.6256,0.668,0.3158,0.3719,0.675,0.4275,0.3714
2404,80.167,16,0.000,0.0000,1.0000,0.780,0.3153,0.5242,0.744,0.4534,0.5231,0.840,0.2645,0.5779,0.891,0.5121,0.5805,0.876,0.2548,0.6311,0.818,0.5245,0.6251,0.663,0.3133,0.3711,0.676,0.4258,0.3708
2405,80.200,16,0.000,0.0000,1.0000,0.775,0.3142,0.5237,0.743,0.4520,0.5234,0.844,0.2653,0.5788,0.892,0.5101,0.5807,0.876,0.2550,0.6310,0.830,0.5245,0.6245,0.654,0.3109,0.3708,0.672,0.4220,0.3705
2406,80.233,16,0.000,0.0000,1.0000,0.779,0.3136,0.5235,0.750,0.4515,0.5216,0.850,0.2662,0.5802,0.899,0.5089,0.5809,0.874,0.2551,0.6309,0.826,0.5249,0.6248,0.666,0.3097,0.3702,0.665,0.4208,0.3686
2407,80.267,16,0.000,0.0000,1.0000,0.793,0.3144,0.5232,0.750,0.4531,0.5223,0.847,0.2672,0.5803,0.903,0.5082,0.5816,0.875,0.2551,0.6310,0.820,0.5252,0.6249,0.675,0.3092,0.3704,0.663,0.4201,0.3678
2408,80.300,16,0.000,0.0000,1.0000,0.787,0.3146,0.5234,0.747,0.4527,0.5221,0.837,0.2682,0.5802,0.900,0.5072,0.5826,0.876,0.2550,0.6309,0.811,0.5258,0.6255,0.688,0.3074,0.3698,0.650,0.4176,0.3683
2409,80.333,16,0.000,0.0000,1.0000,0.778,0.3158,0.5237,0.751,0.4524,0.5216,0.829,0.2691,0.5796,0.895,0.5070,0.5829,0.876,0.2550,0.6309,0.801,0.5266,0.6259,0.688,0.3052,0.3696,0.666,0.4156,0.3678
2410,80.367,16,0.000,0.0000,1.0000,0.778,0.3173,0.5237,0.751,0.4523,0.5211,0.818,0.2700,0.5792,0.893,0.5069,0.5831,0.875,0.2550,0.6309,0.793,0.5266,0.6262,0.683,0.3025,0.3705,0.688,0.4125,0.3686
2411,80.400,16,0.000,0.0000,1.0000,0.768,0.3177,0.5241,0.742,0.4515,0.5222,0.810,0.2704,0.5785,0.898,0.5070,0.5834,0.876,0.2548,0.6308,0.798,0.5266,0.6265,0.672,0.2999,0.3713,0.698,0.4092,0.3689
2412,80.433,16,0.000,0.0000,1.0000,0.761,0.3202,0.5240,0.730,0.4538,0.5240,0.781,0.2713,0.5768,0.900,0.5075,0.5842,0.874,0.2547,0.6307,0.804,0.5264,0.6271,0.656,0.2983,0.3728,0.688,0.4057,0.3700
2413,80.467,16,0.000,0.0000,1.0000,0.763,0.3224,0.5242,0.745,0.4528,0.5229,0.762,0.2718,0.5758,0.895,0.5073,0.5841,0.875,0.2547,0.6307,0.806,0.5266,0.6270,0.648,0.2969,0.3762,0.680,0.4029,0.3718
2414,80.500,16,0.000,0.0000,1.0000,0.762,0.3229,0.5252,0.751,0.4533,0.5231,0.771,0.2713,0.5764,0.892,0.5075,0.5841,0.875,0.2546,0.6310,0.802,0.5267,0.6270,0.649,0.2963,0.3770,0.666,0.4017,0.3718
2415,80.533,16,0.000,0.0000,1.0000,0.768,0.3223,0.5257,0.751,0.4537,0.5232,0.776,0.2710,0.5767,0.884,0.5073,0.5841,0.873,0.2543,0.6313,0.803,0.5267,0.6271,0.655,0.2944,0.3786,0.644,0.3995,0.3738
2416,80.567,16,0.000,0.0000,1.0000,0.774,0.3215,0.5265,0.735,0.4541,0.5233,0.792,0.2702,0.5780,0.876,0.5072,0.5843,0.873,0.2545,0.6317,0.800,0.5267,0.6274,0.647,0.2919,0.3787,0.632,0.3973,0.3753
2417,80.600,16,0.000,0.0000,1.0000,0.774,0.3226,0.5271,0.719,0.4542,0.5245,0.777,0.2706,0.5775,0.875,0.5072,0.5846,0.872,0.2545,0.6315,0.796,0.5264,0.6274,0.642,0.2909,0.3800,0.621,0.3952,0.3761
2418,80.633,16,0.000,0.0000,1.0000,0.773,0.3232,0.5277,0.706,0.4564,0.5252,0.783,0.2702,0.5777,0.878,0.5072,0.5847,0.874,0.2545,0.6316,0.802,0.5268,0.6279,0.634,0.2905,0.3806,0.625,0.3946,0.3766
2419,80.667,16,0.000,0.0000,1.0000,0.780,0.3231,0.5277,0.704,0.4566,0.5253,0.790,0.2701,0.5783,0.878,0.5072,0.5847,0.875,0.2544,0.6313,0.799,0.5265,0.6275,0.642,0.2897,0.3802,0.615,0.3937,0.3753
2420,80.700,16,0.000,0.0000,1.0000,0.783,0.3228,0.5271,0.722,0.4545,0.5242,0.794,0.2698,0.5785,0.876,0.5067,0.5847,0.874,0.2544,0.6311,0.798,0.5264,0.6276,0.646,0.2892,0.3797,0.619,0.3937,0.3734
2421,80.733,16,0.000,0.0000,1.0000,0.781,0.3220,0.5262,0.748,0.4522,0.5235,0.805,0.2696,0.5786,0.882,0.5065,0.5846,0.875,0.2544,0.6310,0.803,0.5264,0.6275,0.643,0.2891,0.3788,0.625,0.3939,0.3727
2422,80.767,16,0.000,0.0000,1.0000,0.767,0.3217,0.5255,0.756,0.4517,0.5233,0.798,0.2697,0.5777,0.884,0.5064,0.5844,0.875,0.2545,0.6309,0.799,0.5262,0.6272,0.638,0.2892,0.3783,0.632,0.3938,0.3717
2423,80.800,16,0.000,0.0000,1.0000,0.757,0.3222,0.5248,0.751,0.4519,0.5230,0.804,0.2701,0.5780,0.881,0.5062,0.5846,0.874,0.2544,0.6309,0.788,0.5257,0.6273,0.637,0.2908,0.3768,0.630,0.3942,0.3699
2424,80.833,16,0.000,0.0000,1.0000,0.762,0.3229,0.5236,0.744,0.4533,0.5228,0.786,0.2704,0.5769,0.880,0.5057,0.5845,0.872,0.2545,0.6308,0.783,0.5256,0.6271,0.635,0.2901,0.3764,0.642,0.3933,0.3698
2425,80.867,16,0.000,0.0000,1.0000,0.768,0.3228,0.5231,0.736,0.4543,0.5234,0.793,0.2699,0.5766,0.874,0.5055,0.5846,0.870,0.2545,0.6307,0.781,0.5255,0.6272,0.635,0.2908,0.3761,0.642,0.3931,0.3698
2426,80.900,16,0.000,0.0000,1.0000,0.774,0.3226,0.5221,0.729,0.4561,0.5231,0.802,0.2695,0.5767,0.878,0.5054,0.5844,0.870,0.2546,0.6307,0.779,0.5256,0.6271,0.634,0.2913,0.3764,0.632,0.3944,0.3706
2427,80.933,16,0.000,0.0000,1.0000,0.782,0.3220,0.5216,0.738,0.4557,0.5228,0.818,0.2688,0.5771,0.876,0.5050,0.5843,0.871,0.2546,0.6309,0.772,0.5254,0.6271,0.641,0.2922,0.3762,0.626,0.3949,0.3713
2428,80.967,16,0.000,0.0000,1.0000,0.793,0.3209,0.5209,0.746,0.4539,0.5224,0.828,0.2679,0.5775,0.866,0.5044,0.5842,0.872,0.2545,0.6311,0.761,0.5244,0.6267,0.636,0.2927,0.3738,0.621,0.3956,0.3711
2429,81.000,16,0.000,0.0000,1.0000,0.788,0.3201,0.5208,0.758,0.4527,0.5216,0.831,0.2679,0.5774,0.868,0.5042,0.5842,0.872,0.2545,0.6312,0.762,0.5242,0.6267,0.639,0.2930,0.3756,0.642,0.3980,0.3713
2430,81.033,16,0.000,0.0000,1.0000,0.790,0.3196,0.5204,0.756,0.4522,0.5218,0.837,0.2680,0.5778,0.872,0.5039,0.5840,0.873,0.2547,0.6316,0.764,0.5246,0.6266,0.643,0.2936,0.3762,0.626,0.3971,0.3706
2431,81.067,16,0.000,0.0000,1.0000,0.799,0.3190,0.5201,0.753,0.4529,0.5222,0.842,0.2682,0.5783,0.875,0.5040,0.5841,0.870,0.2547,0.6317,0.766,0.5251,0.6267,0.647,0.2937,0.3737,0.637,0.3983,0.3713
2432,81.100,16,0.000,0.0000,1.0000,0.798,0.3185,0.5198,0.747,0.4530,0.5225,0.837,0.2685,0.5779,0.875,0.5042,0.5843,0.869,0.2547,0.6317,0.768,0.5255,0.6269,0.655,0.2946,0.3722,0.654,0.4010,0.3702
2433,81.133,16,0.000,0.0000,1.0000,0.801,0.3194,0.5194,0.746,0.4534,0.5225,0.835,0.2689,0.5777,0.875,0.5042,0.5842,0.869,0.2547,0.6318,0.774,0.5256,0.6270,0.666,0.2973,0.3717,0.669,0.4055,0.3693
2434,81.167,16,0.000,0.0000,1.0000,0.799,0.3199,0.5193,0.743,0.4549,0.5230,0.826,0.2698,0.5776,0.883,0.5051,0.5843,0.867,0.2547,0.6318,0.776,0.5257,0.6269,0.670,0.2973,0.3720,0.685,0.4070,0.3696
2435,81.200,16,0.000,0.0000,1.0000,0.794,0.3212,0.5193,0.720,0.4566,0.5234,0.814,0.2707,0.5774,0.887,0.5054,0.5845,0.865,0.2548,0.6308,0.773,0.5258,0.6272,0.673,0.2985,0.3722,0.677,0.4079,0.3697
2436,81.233,16,0.000,0.0000,1.0000,0.800,0.3219,0.5194,0.709,0.4573,0.5233,0.812,0.2710,0.5778,0.891,0.5058,0.5844,0.867,0.2549,0.6307,0.783,0.5260,0.6271,0.676,0.3015,0.3721,0.676,0.4097,0.3700
2437,81.267,16,0.000,0.0000,1.0000,0.803,0.3220,0.5201,0.710,0.4582,0.5233,0.812,0.2714,0.5783,0.892,0.5060,0.5839,0.867,0.2549,0.6307,0.791,0.5261,0.6269,0.670,0.3036,0.3722,0.672,0.4120,0.3699
2438,81.300,16,0.000,0.0000,1.0000,0.803,0.3218,0.5200,0.716,0.4564,0.5221,0.814,0.2716,0.5788,0.890,0.5062,0.5837,0.868,0.2551,0.6306,0.790,0.5260,0.6268,0.667,0.3053,0.3709,0.665,0.4133,0.3689
2439,81.333,16,0.000,0.0000,1.0000,0.796,0.3223,0.5205,0.713,0.4592,0.5217,0.819,0.2721,0.5792,0.889,0.5069,0.5837,0.866,0.2556,0.6300,0.793,0.5264,0.6268,0.668,0.3077,0.3696,0.652,0.4155,0.3686
2440,81.367,16,0.000,0.0000,1.0000,0.801,0.3243,0.5206,0.717,0.4604,0.5215,0.825,0.2725,0.5795,0.889,0.5070,0.5833,0.866,0.2558,0.6299,0.799,0.5264,0.6265,0.658,0.3107,0.3695,0.643,0.4173,0.3678
2441,81.400,16,0.000,0.0000,1.0000,0.800,0.3264,0.5199,0.725,0.4612,0.5216,0.828,0.2732,0.5794,0.892,0.5072,0.5830,0.862,0.2561,0.6298,0.804,0.5265,0.6262,0.649,0.3118,0.3685,0.650,0.4200,0.3658
2442,81.433,16,0.000,0.0000,1.0000,0.802,0.3272,0.5193,0.741,0.4617,0.5223,0.836,0.2739,0.5790,0.894,0.5074,0.5830,0.860,0.2562,0.6293,0.808,0.5260,0.6261,0.655,0.3132,0.3686,0.657,0.4207,0.3656
2443,81.467,16,0.000,0.0000,1.0000,0.793,0.3272,0.5192,0.740,0.4635,0.5232,0.830,0.2751,0.5785,0.896,0.5076,0.5827,0.857,0.2562,0.6291,0.806,0.5260,0.6262,0.656,0.3142,0.3685,0.661,0.4225,0.3657
2444,81.500,16,0.000,0.0000,1.0000,0.802,0.3272,0.5187,0.750,0.4635,0.5229,0.838,0.2755,0.5787,0.896,0.5079,0.5827,0.858,0.2561,0.6291,0.807,0.5261,0.6263,0.662,0.3149,0.3690,0.663,0.4238,0.3650
2445,81.533,16,0.000,0.0000,1.0000,0.802,0.3273,0.5178,0.750,0.4622,0.5219,0.843,0.2759,0.5788,0.898,0.5087,0.5822,0.859,0.2567,0.6292,0.809,0.5260,0.6262,0.668,0.3167,0.3684,0.661,0.4264,0.3638
2446,81.567,16,0.000,0.0000,1.0000,0.808,0.3277,0.5172,0.753,0.4615,0.5210,0.871,0.2759,0.5798,0.899,0.5088,0.5821,0.860,0.2569,0.6295,0.806,0.5261,0.6260,0.672,0.3169,0.3680,0.662,0.4262,0.3638
2447,81.600,16,0.000,0.0000,1.0000,0.815,0.3278,0.5172,0.750,0.4610,0.5198,0.882,0.2759,0.5806,0.901,0.5087,0.5819,0.859,0.2571,0.6296,0.801,0.5262,0.6262,0.675,0.3163,0.3678,0.656,0.4257,0.3639
2448,81.633,16,0.000,0.0000,1.0000,0.820,0.3269,0.5170,0.754,0.4606,0.5194,0.885,0.2758,0.5806,0.902,0.5087,0.5818,0.862,0.2572,0.6297,0.796,0.5260,0.6261,0.672,0.3161,0.3678,0.658,0.4255,0.3638
2449,81.667,16,0.000,0.0000,1.0000,0.824,0.3261,0.5172,0.753,0.4592,0.5179,0.891,0.2763,0.5808,0.903,0.5082,0.5816,0.866,0.2570,0.6303,0.800,0.5260,0.6261,0.670,0.3167,0.3674,0.657,0.4244,0.3635
2450,81.700,16,0.000,0.0000,1.0000,0.828,0.3254,0.5176,0.753,0.4588,0.5178,0.895,0.2758,0.5807,0.902,0.5081,0.5814,0.865,0.2572,0.6301,0.800,0.5262,0.6261,0.674,0.3162,0.3679,0.658,0.4228,0.3639
2451,81.733,16,0.000,0.0000,1.0000,0.824,0.3251,0.5167,0.752,0.4591,0.5183,0.889,0.2764,0.5804,0.897,0.5079,0.5811,0.863,0.2574,0.6298,0.795,0.5266,0.6262,0.666,0.3164,0.3677,0.644,0.4226,0.3633
2452,81.767,16,0.000,0.0000,1.0000,0.831,0.3248,0.5172,0.757,0.4589,0.5184,0.890,0.2761,0.5802,0.895,0.5076,0.5807,0.865,0.2575,0.6298,0.788,0.5265,0.6260,0.668,0.3151,0.3684,0.635,0.4208,0.3637
2453,81.800,16,0.000,0.0000,1.0000,0.834,0.3243,0.5170,0.758,0.4586,0.5186,0.889,0.2759,0.5803,0.886,0.5072,0.5794,0.868,0.2576,0.6299,0.784,0.5264,0.6261,0.662,0.3145,0.3688,0.638,0.4196,0.3646
2454,81.833,16,0.000,0.0000,1.0000,0.840,0.3230,0.5174,0.765,0.4585,0.5191,0.889,0.2755,0.5804,0.879,0.5070,0.5789,0.869,0.2574,0.6299,0.784,0.5263,0.6260,0.657,0.3132,0.3690,0.639,0.4189,0.3648
2455,81.867,16,0.000,0.0000,1.0000,0.836,0.3226,0.5179,0.766,0.4582,0.5196,0.885,0.2754,0.5803,0.875,0.5067,0.5787,0.870,0.2571,0.6298,0.780,0.5258,0.6259,0.654,0.3125,0.3693,0.638,0.4177,0.3651
2456,81.900,16,0.000,0.0000,1.0000,0.843,0.3214,0.5184,0.766,0.4550,0.5181,0.877,0.2749,0.5799,0.862,0.5058,0.5774,0.864,0.2572,0.6294,0.783,0.5254,0.6257,0.650,0.3121,0.3686,0.627,0.4176,0.3644
2457,81.933,16,0.000,0.0000,1.0000,0.839,0.3218,0.5175,0.770,0.4544,0.5180,0.874,0.2753,0.5796,0.851,0.5052,0.5773,0.864,0.2571,0.6295,0.780,0.5258,0.6257,0.655,0.3118,0.3680,0.624,0.4180,0.3635
2458,81.967,16,0.000,0.0000,1.0000,0.829,0.3180,0.5177,0.771,0.4536,0.5184,0.869,0.2748,0.5797,0.856,0.5057,0.5781,0.863,0.2571,0.6295,0.775,0.5259,0.6257,0.660,0.3110,0.3691,0.620,0.4176,0.3636
2459,82.000,16,0.000,0.0000,1.0000,0.805,0.3153,0.5193,0.775,0.4526,0.5187,0.869,0.2747,0.5798,0.865,0.5060,0.5784,0.871,0.2567,0.6305,0.781,0.5259,0.6255,0.668,0.3095,0.3681,0.618,0.4166,0.3629
2460,82.033,16,0.000,0.0000,1.0000,0.776,0.3115,0.5209,0.776,0.4507,0.5186,0.870,0.2735,0.5808,0.881,0.5066,0.5793,0.871,0.2566,0.6301,0.773,0.5253,0.6257,0.677,0.3080,0.3683,0.632,0.4154,0.3633
2461,82.067,16,0.000,0.0000,1.0000,0.763,0.3115,0.5211,0.774,0.4501,0.5185,0.863,0.2740,0.5803,0.879,0.5065,0.5799,0.871,0.2564,0.6301,0.773,0.5259,0.6258,0.676,0.3078,0.3684,0.634,0.4149,0.3632
2462,82.100,16,0.000,0.0000,1.0000,0.767,0.3111,0.5212,0.774,0.4508,0.5183,0.856,0.2738,0.5803,0.876,0.5055,0.5800,0.872,0.2560,0.6305,0.771,0.5253,0.6259,0.677,0.3073,0.3682,0.641,0.4155,0.3636
2463,82.133,16,0.000,0.0000,1.0000,0.761,0.3108,0.5213,0.784,0.4509,0.5185,0.856,0.2731,0.5807,0.883,0.5056,0.5811,0.873,0.2554,0.6308,0.758,0.5252,0.6263,0.680,0.3059,0.3685,0.656,0.4142,0.3646
2464,82.167,16,0.000,0.0000,1.0000,0.747,0.3118,0.5222,0.782,0.4521,0.5187,0.849,0.2728,0.5810,0.881,0.5049,0.5816,0.873,0.2552,0.6306,0.762,0.5251,0.6267,0.680,0.3060,0.3683,0.664,0.4140,0.3652
2465,82.200,16,0.000,0.0000,1.0000,0.743,0.3112,0.5221,0.782,0.4521,0.5189,0.845,0.2726,0.5815,0.880,0.5048,0.5819,0.875,0.2552,0.6315,0.767,0.5247,0.6259,0.678,0.3036,0.3681,0.669,0.4135,0.3651
2466,82.233,16,0.000,0.0000,1.0000,0.750,0.3103,0.5225,0.782,0.4523,0.5194,0.850,0.2725,0.5823,0.877,0.5041,0.5824,0.878,0.2552,0.6317,0.768,0.5249,0.6260,0.677,0.3023,0.3689,0.681,0.4125,0.3659
2467,82.267,16,0.000,0.0000,1.0000,0.763,0.3083,0.5229,0.781,0.4500,0.5198,0.840,0.2717,0.5828,0.874,0.5038,0.5825,0.877,0.2551,0.6318,0.765,0.5249,0.6263,0.685,0.3013,0.3694,0.685,0.4109,0.3663
2468,82.300,16,0.000,0.0000,1.0000,0.769,0.3056,0.5237,0.777,0.4483,0.5193,0.834,0.2706,0.5832,0.871,0.5037,0.5827,0.879,0.2552,0.6321,0.771,0.5247,0.6263,0.686,0.3005,0.3692,0.681,0.4109,0.3662
2469,82.333,16,0.000,0.0000,1.0000,0.772,0.3051,0.5237,0.780,0.4480,0.5187,0.834,0.2700,0.5833,0.869,0.5035,0.5827,0.876,0.2551,0.6320,0.775,0.5248,0.6260,0.682,0.3002,0.3690,0.669,0.4109,0.3649
2470,82.367,16,0.000,0.0000,1.0000,0.759,0.3041,0.5244,0.782,0.4479,0.5191,0.833,0.2697,0.5834,0.864,0.5036,0.5829,0.878,0.2550,0.6318,0.772,0.5247,0.6260,0.683,0.3004,0.3686,0.677,0.4105,0.3657
2471,82.400,16,0.000,0.0000,1.0000,0.760,0.3043,0.5245,0.780,0.4469,0.5186,0.836,0.2697,0.5834,0.859,0.5038,0.5828,0.877,0.2548,0.6318,0.769,0.5247,0.6260,0.679,0.3005,0.3689,0.674,0.4100,0.3653
2472,82.433,16,0.000,0.0000,1.0000,0.757,0.3042,0.5246,0.773,0.4466,0.5185,0.839,0.2697,0.5835,0.855,0.5039,0.5828,0.878,0.2548,0.6319,0.773,0.5246,0.6258,0.675,0.3004,0.3682,0.663,0.4116,0.3642
2473,82.467,16,0.000,0.0000,1.0000,0.760,0.3048,0.5251,0.771,0.4459,0.5182,0.834,0.2701,0.5837,0.854,0.5036,0.5828,0.879,0.2550,0.6321,0.763,0.5251,0.6261,0.678,0.3008,0.3686,0.657,0.4125,0.3638
2474,82.500,16,0.000,0.0000,1.0000,0.767,0.3051,0.5253,0.770,0.4462,0.5185,0.835,0.2705,0.5838,0.855,0.5034,0.5829,0.878,0.2551,0.6320,0.763,0.5253,0.6265,0.675,0.3005,0.3684,0.646,0.4129,0.3627
2475,82.533,16,0.000,0.0000,1.0000,0.777,0.3045,0.5257,0.770,0.4455,0.5178,0.838,0.2706,0.5839,0.847,0.5025,0.5828,0.876,0.2552,0.6320,0.749,0.5250,0.6267,0.672,0.3006,0.3671,0.646,0.4130,0.3626
2476,82.567,16,0.000,0.0000,1.0000,0.769,0.3036,0.5256,0.767,0.4446,0.5170,0.840,0.2707,0.5843,0.840,0.5025,0.5827,0.873,0.2555,0.6321,0.750,0.5251,0.6268,0.670,0.3008,0.3673,0.643,0.4131,0.3625
2477,82.600,16,0.000,0.0000,1.0000,0.761,0.3037,0.5253,0.760,0.4422,0.5160,0.843,0.2707,0.5843,0.842,0.5026,0.5826,0.871,0.2552,0.6313,0.758,0.5255,0.6266,0.675,0.3007,0.3671,0.644,0.4122,0.3607
2478,82.633,16,0.000,0.0000,1.0000,0.763,0.3042,0.5254,0.762,0.4435,0.5167,0.850,0.2712,0.5841,0.848,0.5028,0.5827,0.870,0.2552,0.6308,0.754,0.5253,0.6265,0.671,0.3023,0.3665,0.641,0.4138,0.3593
2479,82.667,16,0.000,0.0000,1.0000,0.768,0.3038,0.5259,0.767,0.4439,0.5175,0.866,0.2721,0.5838,0.851,0.5028,0.5827,0.872,0.2553,0.6307,0.763,0.5255,0.6265,0.671,0.3022,0.3660,0.641,0.4134,0.3591
2480,82.700,16,0.000,0.0000,1.0000,0.775,0.3041,0.5262,0.768,0.4444,0.5168,0.868,0.2721,0.5836,0.854,0.5028,0.5827,0.873,0.2554,0.6307,0.766,0.5256,0.6264,0.673,0.3028,0.3663,0.640,0.4135,0.3596
2481,82.733,16,0.000,0.0000,1.0000,0.770,0.3046,0.5257,0.773,0.4449,0.5178,0.865,0.2718,0.5836,0.861,0.5033,0.5829,0.874,0.2552,0.6307,0.768,0.5257,0.6264,0.676,0.3028,0.3665,0.643,0.4126,0.3599
2482,82.767,16,0.000,0.0000,1.0000,0.762,0.3055,0.5254,0.776,0.4457,0.5193,0.852,0.2707,0.5834,0.876,0.5044,0.5830,0.871,0.2552,0.6311,0.758,0.5250,0.6267,0.672,0.3028,0.3655,0.629,0.4115,0.3598
2483,82.800,16,0.000,0.0000,1.0000,0.745,0.3070,0.5245,0.785,0.4480,0.5204,0.863,0.2680,0.5830,0.896,0.5067,0.5830,0.872,0.2554,0.6319,0.778,0.5257,0.6266,0.670,0.3037,0.3658,0.644,0.4136,0.3599
2484,82.833,16,0.000,0.0000,1.0000,0.743,0.3089,0.5247,0.780,0.4457,0.5220,0.876,0.2625,0.5795,0.901,0.5084,0.5817,0.876,0.2554,0.6324,0.793,0.5250,0.6261,0.674,0.3034,0.3670,0.638,0.4138,0.3606
2485,82.867,16,0.000,0.0000,1.0000,0.721,0.3111,0.5233,0.769,0.4457,0.5222,0.875,0.2586,0.5782,0.879,0.5097,0.5776,0.875,0.2556,0.6333,0.796,0.5245,0.6259,0.667,0.3040,0.3694,0.631,0.4144,0.3633
2486,82.900,16,0.000,0.0000,1.0000,0.732,0.3124,0.5226,0.752,0.4484,0.5243,0.858,0.2553,0.5752,0.842,0.5151,0.5769,0.875,0.2556,0.6333,0.792,0.5238,0.6261,0.663,0.3043,0.3704,0.628,0.4160,0.3637
2487,82.933,16,0.000,0.0000,1.0000,0.726,0.3107,0.5247,0.771,0.4494,0.5270,0.829,0.2529,0.5768,0.799,0.5215,0.5757,0.871,0.2565,0.6331,0.793,0.5230,0.6265,0.660,0.3027,0.3718,0.655,0.4151,0.3670
2488,82.967,16,0.000,0.0000,1.0000,0.737,0.3118,0.5270,0.818,0.4501,0.5295,0.801,0.2508,0.5783,0.844,0.5247,0.5756,0.874,0.2555,0.6332,0.800,0.5232,0.6262,0.646,0.3030,0.3734,0.652,0.4163,0.3693
2489,83.000,16,0.000,0.0000,1.0000,0.758,0.3127,0.5302,0.828,0.4479,0.5319,0.771,0.2475,0.5773,0.875,0.5273,0.5748,0.875,0.2552,0.6339,0.792,0.5229,0.6262,0.636,0.3048,0.3768,0.655,0.4164,0.3712
2490,83.033,16,0.000,0.0000,1.0000,0.783,0.3092,0.5337,0.834,0.4478,0.5335,0.822,0.2407,0.5775,0.903,0.5285,0.5731,0.876,0.2554,0.6335,0.783,0.5228,0.6256,0.644,0.3064,0.3809,0.634,0.4176,0.3769
2491,83.067,16,0.000,0.0000,1.0000,0.747,0.3105,0.5352,0.812,0.4507,0.5353,0.835,0.2354,0.5784,0.903,0.5297,0.5725,0.875,0.2559,0.6335,0.790,0.5223,0.6249,0.632,0.3060,0.3850,0.640,0.4169,0.3794
2492,83.100,15,0.000,0.0000,1.0000,0.736,0.3129,0.5368,0.773,0.4497,0.5375,0.842,0.2337,0.5789,0.902,0.5313,0.5718,0.877,0.2564,0.6336,0.793,0.5221,0.6247,0.615,0.3076,0.3878,0.650,0.4183,0.3807
2493,83.133,16,0.000,0.0000,1.0000,0.750,0.3168,0.5392,0.788,0.4513,0.5399,0.822,0.2330,0.5777,0.891,0.5329,0.5712,0.876,0.2569,0.6333,0.789,0.5223,0.6248,0.638,0.3088,0.3914,0.624,0.4170,0.3832
2494,83.167,16,0.000,0.0000,1.0000,0.803,0.3223,0.5393,0.812,0.4508,0.5430,0.794,0.2319,0.5760,0.893,0.5330,0.5710,0.875,0.2558,0.6321,0.815,0.5225,0.6240,0.630,0.3116,0.3947,0.627,0.4190,0.3863
2495,83.200,16,0.000,0.0000,1.0000,0.792,0.3181,0.5420,0.804,0.4512,0.5463,0.784,0.2312,0.5769,0.879,0.5341,0.5715,0.873,0.2562,0.6322,0.820,0.5228,0.6239,0.625,0.3103,0.3978,0.643,0.4192,0.3900
2496,83.233,16,0.000,0.0000,1.0000,0.778,0.3169,0.5461,0.797,0.4502,0.5481,0.770,0.2290,0.5773,0.862,0.5386,0.5713,0.875,0.2560,0.6322,0.822,0.5234,0.6238,0.636,0.3101,0.4022,0.661,0.4210,0.3924
2497,83.267,16,0.000,0.0000,1.0000,0.720,0.3161,0.5496,0.795,0.4515,0.5517,0.784,0.2281,0.5787,0.847,0.5398,0.5706,0.874,0.2564,0.6321,0.840,0.5237,0.6233,0.648,0.3105,0.4038,0.660,0.4205,0.3950
2498,83.300,16,0.000,0.0000,1.0000,0.770,0.3221,0.5514,0.832,0.4537,0.5551,0.778,0.2272,0.5785,0.833,0.5404,0.5709,0.879,0.2565,0.6323,0.848,0.5236,0.6233,0.643,0.3133,0.4075,0.641,0.4209,0.3988
2499,83.333,16,0.000,0.0000,1.0000,0.809,0.3230,0.5547,0.822,0.4567,0.5597,0.794,0.2270,0.5794,0.836,0.5421,0.5713,0.877,0.2565,0.6318,0.846,0.5236,0.6233,0.644,0.3141,0.4127,0.646,0.4218,0.4030
2500,83.367,16,0.000,0.0000,1.0000,0.828,0.3272,0.5587,0.809,0.4553,0.5635,0.807,0.2292,0.5795,0.850,0.5430,0.5722,0.882,0.2561,0.6325,0.863,0.5236,0.6230,0.687,0.3148,0.4161,0.644,0.4205,0.4076
2501,83.400,16,0.000,0.0000,1.0000,0.792,0.3242,0.5619,0.824,0.4567,0.5671,0.826,0.2312,0.5801,0.857,0.5433,0.5724,0.883,0.2554,0.6319,0.882,0.5244,0.6217,0.689,0.3182,0.4193,0.642,0.4228,0.4126
2502,83.433,16,0.000,0.0000,1.0000,0.799,0.3219,0.5644,0.829,0.4581,0.5700,0.817,0.2306,0.5808,0.863,0.5448,0.5726,0.880,0.2552,0.6316,0.881,0.5243,0.6216,0.660,0.3189,0.4237,0.677,0.4256,0.4160
2503,83.467,16,0.000,0.0000,1.0000,0.824,0.3239,0.5702,0.793,0.4565,0.5748,0.836,0.2312,0.5809,0.863,0.5451,0.5728,0.883,0.2546,0.6314,0.884,0.5241,0.6214,0.681,0.3185,0.4291,0.665,0.4231,0.4217
2504,83.500,16,0.000,0.0000,1.0000,0.810,0.3223,0.5760,0.842,0.4551,0.5780,0.839,0.2304,0.5816,0.860,0.5448,0.5729,0.883,0.2544,0.6317,0.893,0.5244,0.6206,0.686,0.3209,0.4344,0.658,0.4219,0.4279
2505,83.533,16,0.000,0.0000,1.0000,0.853,0.3241,0.5792,0.871,0.4600,0.5806,0.836,0.2298,0.5817,0.850,0.5449,0.5739,0.884,0.2540,0.6323,0.890,0.5242,0.6207,0.682,0.3219,0.4401,0.648,0.4208,0.4333
2506,83.567,16,0.000,0.0000,1.0000,0.839,0.3213,0.5845,0.861,0.4578,0.5852,0.832,0.2295,0.5815,0.851,0.5448,0.5738,0.875,0.2536,0.6319,0.893,0.5238,0.6197,0.692,0.3230,0.4444,0.648,0.4210,0.4391
2507,83.600,16,0.000,0.0000,1.0000,0.821,0.3182,0.5895,0.840,0.4578,0.5888,0.832,0.2297,0.5816,0.864,0.5463,0.5737,0.873,0.2538,0.6309,0.892,0.5249,0.6187,0.666,0.3259,0.4485,0.674,0.4236,0.4439
2508,83.633,16,0.000,0.0000,1.0000,0.861,0.3198,0.5934,0.884,0.4613,0.5914,0.834,0.2296,0.5821,0.865,0.5462,0.5738,0.876,0.2540,0.6308,0.883,0.5245,0.6184,0.679,0.3260,0.4531,0.660,0.4249,0.4478
2509,83.667,16,0.000,0.0000,1.0000,0.842,0.3173,0.5967,0.871,0.4612,0.5952,0.805,0.2283,0.5817,0.868,0.5469,0.5739,0.867,0.2543,0.6302,0.881,0.5246,0.6177,0.694,0.3251,0.4563,0.677,0.4246,0.4530
2510,83.700,16,0.000,0.0000,1.0000,0.806,0.3180,0.5995,0.824,0.4602,0.5995,0.813,0.2280,0.5823,0.864,0.5468,0.5742,0.864,0.2537,0.6308,0.883,0.5242,0.6179,0.683,0.3274,0.4593,0.688,0.4271,0.4549
2511,83.733,16,0.000,0.0000,1.0000,0.810,0.3180,0.6015,0.854,0.4622,0.6013,0.823,0.2270,0.5825,0.858,0.5472,0.5745,0.866,0.2538,0.6295,0.870,0.5242,0.6186,0.671,0.3301,0.4634,0.676,0.4290,0.4588
2512,83.767,16,0.000,0.0000,1.0000,0.841,0.3173,0.6044,0.875,0.4628,0.6037,0.820,0.2272,0.5831,0.859,0.5463,0.5746,0.864,0.2533,0.6292,0.865,0.5236,0.6178,0.693,0.3284,0.4663,0.675,0.4272,0.4629
2513,83.800,16,0.000,0.0000,1.0000,0.847,0.3175,0.6059,0.893,0.4636,0.6059,0.826,0.2266,0.5832,0.860,0.5462,0.5744,0.848,0.2528,0.6287,0.862,0.5227,0.6181,0.695,0.3283,0.4676,0.691,0.4282,0.4655
2514,83.833,16,0.000,0.0000,1.0000,0.839,0.3180,0.6082,0.902,0.4644,0.6070,0.821,0.2269,0.5833,0.859,0.5457,0.5743,0.835,0.2526,0.6285,0.858,0.5230,0.6178,0.690,0.3301,0.4696,0.695,0.4315,0.4663
2515,83.867,16,0.000,0.0000,1.0000,0.827,0.3180,0.6093,0.902,0.4647,0.6080,0.817,0.2271,0.5831,0.854,0.5452,0.5745,0.806,0.2518,0.6277,0.858,0.5225,0.6180,0.686,0.3307,0.4695,0.694,0.4328,0.4668
2516,83.900,16,0.000,0.0000,1.0000,0.817,0.3179,0.6100,0.896,0.4642,0.6088,0.810,0.2302,0.5826,0.854,0.5449,0.5743,0.806,0.2523,0.6272,0.857,0.5223,0.6181,0.685,0.3307,0.4702,0.688,0.4328,0.4673
2517,83.933,16,0.000,0.0000,1.0000,0.800,0.3183,0.6108,0.893,0.4640,0.6091,0.829,0.2314,0.5818,0.854,0.5437,0.5735,0.769,0.2521,0.6253,0.856,0.5222,0.6186,0.678,0.3309,0.4706,0.689,0.4325,0.4682
2518,83.967,16,0.000,0.0000,1.0000,0.798,0.3187,0.6108,0.891,0.4637,0.6091,0.829,0.2317,0.5817,0.847,0.5433,0.5737,0.775,0.2522,0.6248,0.854,0.5218,0.6188,0.680,0.3306,0.4708,0.693,0.4318,0.4686
2519,84.000,16,0.000,0.0000,1.0000,0.801,0.3187,0.6106,0.892,0.4635,0.6085,0.811,0.2305,0.5818,0.851,0.5440,0.5736,0.770,0.2520,0.6255,0.838,0.5226,0.6173,0.681,0.3305,0.4701,0.695,0.4315,0.4685
2520,84.033,16,0.000,0.0000,1.0000,0.816,0.3177,0.6096,0.898,0.4639,0.6078,0.793,0.2279,0.5813,0.852,0.5441,0.5734,0.769,0.2519,0.6257,0.835,0.5219,0.6172,0.681,0.3313,0.4698,0.690,0.4335,0.4672
2521,84.067,16,0.000,0.0000,1.0000,0.828,0.3173,0.6090,0.894,0.4637,0.6063,0.793,0.2277,0.5814,0.844,0.5441,0.5738,0.781,0.2521,0.6258,0.840,0.5220,0.6175,0.681,0.3310,0.4689,0.688,0.4345,0.4664
2522,84.100,16,0.000,0.0000,1.0000,0.827,0.3143,0.6070,0.888,0.4624,0.6047,0.799,0.2277,0.5814,0.862,0.5458,0.5739,0.759,0.2515,0.6247,0.851,0.5237,0.6171,0.683,0.3300,0.4675,0.692,0.4329,0.4651
2523,84.133,16,0.000,0.0000,1.0000,0.837,0.3161,0.6053,0.866,0.4609,0.6027,0.803,0.2278,0.5813,0.868,0.5476,0.5740,0.786,0.2524,0.6248,0.858,0.5252,0.6170,0.673,0.3307,0.4655,0.676,0.4320,0.4625
2524,84.167,16,0.000,0.0000,1.0000,0.802,0.3163,0.6021,0.829,0.4595,0.6002,0.799,0.2263,0.5800,0.871,0.5484,0.5740,0.802,0.2529,0.6255,0.879,0.5257,0.6173,0.647,0.3318,0.4634,0.677,0.4318,0.4591
2525,84.200,16,0.000,0.0000,1.0000,0.760,0.3144,0.6003,0.858,0.4593,0.5976,0.795,0.2261,0.5798,0.873,0.5491,0.5741,0.798,0.2531,0.6251,0.885,0.5259,0.6183,0.668,0.3310,0.4589,0.683,0.4315,0.4556
2526,84.233,16,0.000,0.0000,1.0000,0.808,0.3129,0.5965,0.851,0.4570,0.5948,0.792,0.2269,0.5805,0.874,0.5486,0.5741,0.812,0.2535,0.6257,0.890,0.5259,0.6184,0.682,0.3297,0.4554,0.670,0.4322,0.4520
2527,84.267,16,0.000,0.0000,1.0000,0.828,0.3145,0.5920,0.856,0.4542,0.5910,0.798,0.2268,0.5806,0.869,0.5482,0.5742,0.824,0.2531,0.6265,0.888,0.5249,0.6190,0.652,0.3299,0.4510,0.665,0.4322,0.4461
2528,84.300,16,0.000,0.0000,1.0000,0.805,0.3112,0.5898,0.838,0.4525,0.5885,0.806,0.2263,0.5807,0.867,0.5467,0.5737,0.830,0.2529,0.6274,0.889,0.5249,0.6186,0.689,0.3288,0.4456,0.673,0.4305,0.4424
2529,84.333,16,0.000,0.0000,1.0000,0.781,0.3118,0.5848,0.869,0.4526,0.5848,0.808,0.2263,0.5817,0.865,0.5458,0.5733,0.869,0.2536,0.6297,0.888,0.5244,0.6198,0.674,0.3282,0.4411,0.659,0.4292,0.4381
2530,84.367,16,0.000,0.0000,1.0000,0.789,0.3121,0.5784,0.880,0.4512,0.5815,0.815,0.2262,0.5822,0.865,0.5448,0.5730,0.884,0.2534,0.6299,0.887,0.5237,0.6204,0.673,0.3250,0.4358,0.660,0.4295,0.4328
2531,84.400,16,0.000,0.0000,1.0000,0.771,0.3083,0.5746,0.868,0.4457,0.5777,0.806,0.2273,0.5811,0.867,0.5444,0.5726,0.884,0.2532,0.6301,0.881,0.5240,0.6208,0.688,0.3235,0.4304,0.671,0.4295,0.4279
2532,84.433,16,0.000,0.0000,1.0000,0.846,0.3061,0.5687,0.830,0.4458,0.5745,0.806,0.2280,0.5814,0.858,0.5439,0.5730,0.886,0.2540,0.6299,0.878,0.5237,0.6220,0.674,0.3211,0.4236,0.670,0.4298,0.4210
2533,84.467,16,0.000,0.0000,1.0000,0.816,0.3082,0.5649,0.865,0.4442,0.5675,0.795,0.2291,0.5799,0.833,0.5425,0.5737,0.888,0.2535,0.6308,0.870,0.5241,0.6229,0.693,0.3203,0.4185,0.683,0.4287,0.4160
2534,84.500,16,0.000,0.0000,1.0000,0.783,0.3070,0.5610,0.818,0.4383,0.5643,0.784,0.2287,0.5794,0.823,0.5404,0.5739,0.883,0.2544,0.6313,0.863,0.5246,0.6236,0.680,0.3179,0.4147,0.643,0.4288,0.4106
2535,84.533,15,0.000,0.0000,1.0000,0.828,0.3057,0.5555,0.818,0.4394,0.5605,0.791,0.2292,0.5793,0.832,0.5388,0.5738,0.882,0.2547,0.6320,0.845,0.5243,0.6243,0.654,0.3149,0.4079,0.655,0.4284,0.4057
2536,84.567,15,0.000,0.0000,1.0000,0.807,0.3077,0.5527,0.848,0.4396,0.5572,0.776,0.2289,0.5782,0.846,0.5350,0.5744,0.878,0.2548,0.6316,0.821,0.5236,0.6249,0.654,0.3169,0.4038,0.649,0.4297,0.4008
2537,84.600,16,0.000,0.0000,1.0000,0.754,0.3036,0.5489,0.817,0.4384,0.5530,0.795,0.2309,0.5787,0.857,0.5339,0.5743,0.883,0.2547,0.6326,0.818,0.5235,0.6246,0.631,0.3148,0.4008,0.661,0.4253,0.3955
2538,84.633,15,0.000,0.0000,1.0000,0.769,0.3083,0.5426,0.787,0.4396,0.5497,0.788,0.2336,0.5767,0.866,0.5304,0.5743,0.884,0.2551,0.6327,0.809,0.5230,0.6248,0.646,0.3141,0.3958,0.659,0.4238,0.3912
2539,84.667,16,0.000,0.0000,1.0000,0.754,0.3073,0.5419,0.780,0.4396,0.5474,0.810,0.2357,0.5775,0.858,0.5297,0.5748,0.887,0.2559,0.6331,0.812,0.5233,0.6248,0.641,0.3134,0.3929,0.642,0.4241,0.3876
2540,84.700,16,0.000,0.0000,1.0000,0.764,0.3055,0.5406,0.811,0.4416,0.5446,0.802,0.2414,0.5773,0.862,0.5291,0.5762,0.885,0.2551,0.6325,0.803,0.5236,0.6252,0.622,0.3102,0.3887,0.655,0.4221,0.3828
2541,84.733,16,0.000,0.0000,1.0000,0.729,0.3104,0.5383,0.804,0.4466,0.5410,0.761,0.2480,0.5769,0.865,0.5271,0.5772,0.884,0.2551,0.6329,0.797,0.5234,0.6255,0.621,0.3099,0.3846,0.663,0.4221,0.3807
2542,84.767,16,0.000,0.0000,1.0000,0.765,0.3168,0.5346,0.769,0.4484,0.5376,0.776,0.2496,0.5785,0.879,0.5263,0.5786,0.881,0.2552,0.6330,0.785,0.5232,0.6260,0.634,0.3083,0.3815,0.651,0.4202,0.3776
2543,84.800,15,0.000,0.0000,1.0000,0.786,0.3215,0.5322,0.791,0.4501,0.5364,0.800,0.2507,0.5791,0.840,0.5233,0.5778,0.882,0.2559,0.6329,0.791,0.5232,0.6260,0.630,0.3096,0.3792,0.652,0.4206,0.3728
2544,84.833,16,0.000,0.0000,1.0000,0.774,0.3193,0.5314,0.807,0.4494,0.5344,0.795,0.2524,0.5770,0.835,0.5223,0.5786,0.884,0.2558,0.6325,0.796,0.5236,0.6262,0.630,0.3058,0.3744,0.653,0.4178,0.3704
2545,84.867,16,0.000,0.0000,1.0000,0.771,0.3168,0.5295,0.811,0.4479,0.5318,0.835,0.2530,0.5788,0.847,0.5189,0.5803,0.883,0.2559,0.6330,0.793,0.5236,0.6262,0.653,0.3047,0.3721,0.645,0.4170,0.3687
2546,84.900,16,0.000,0.0000,1.0000,0.757,0.3170,0.5287,0.806,0.4492,0.5313,0.831,0.2537,0.5781,0.885,0.5147,0.5809,0.880,0.2557,0.6332,0.800,0.5237,0.6255,0.658,0.3035,0.3722,0.646,0.4157,0.3679
2547,84.933,16,0.000,0.0000,1.0000,0.738,0.3159,0.5283,0.787,0.4513,0.5301,0.833,0.2549,0.5773,0.887,0.5115,0.5793,0.881,0.2554,0.6330,0.823,0.5238,0.6248,0.652,0.3022,0.3715,0.653,0.4143,0.3665
2548,84.967,16,0.000,0.0000,1.0000,0.731,0.3148,0.5276,0.771,0.4525,0.5284,0.827,0.2569,0.5762,0.891,0.5108,0.5799,0.879,0.2551,0.6322,0.829,0.5240,0.6246,0.655,0.3028,0.3714,0.662,0.4140,0.3663
2549,85.000,16,0.000,0.0000,1.0000,0.747,0.3127,0.5265,0.749,0.4515,0.5265,0.833,0.2585,0.5771,0.896,0.5101,0.5810,0.881,0.2548,0.6318,0.818,0.5237,0.6248,0.663,0.3023,0.3711,0.661,0.4135,0.3660
2550,85.033,16,0.000,0.0000,1.0000,0.750,0.3119,0.5259,0.738,0.4517,0.5255,0.840,0.2596,0.5781,0.902,0.5099,0.5811,0.883,0.2548,0.6316,0.813,0.5238,0.6250,0.671,0.3016,0.3706,0.668,0.4124,0.3655
2551,85.067,16,0.000,0.0000,1.0000,0.747,0.3109,0.5255,0.734,0.4500,0.5251,0.839,0.2621,0.5785,0.898,0.5096,0.5808,0.882,0.2548,0.6316,0.807,0.5245,0.6256,0.664,0.2994,0.3701,0.667,0.4117,0.3652
2552,85.100,16,0.000,0.0000,1.0000,0.742,0.3108,0.5254,0.725,0.4494,0.5250,0.834,0.2637,0.5777,0.900,0.5090,0.5821,0.881,0.2548,0.6315,0.792,0.5251,0.6263,0.668,0.2984,0.3699,0.666,0.4085,0.3649
2553,85.133,16,0.000,0.0000,1.0000,0.746,0.3099,0.5255,0.730,0.4485,0.5241,0.825,0.2650,0.5774,0.885,0.5088,0.5829,0.880,0.2548,0.6312,0.792,0.5253,0.6264,0.684,0.2978,0.3695,0.667,0.4064,0.3649
2554,85.167,16,0.000,0.0000,1.0000,0.742,0.3093,0.5252,0.744,0.4468,0.5225,0.831,0.2667,0.5780,0.876,0.5081,0.5829,0.879,0.2547,0.6314,0.782,0.5253,0.6263,0.686,0.2977,0.3699,0.667,0.4054,0.3648
2555,85.200,16,0.000,0.0000,1.0000,0.735,0.3101,0.5248,0.752,0.4466,0.5216,0.816,0.2692,0.5781,0.873,0.5078,0.5829,0.877,0.2547,0.6311,0.779,0.5253,0.6262,0.679,0.2971,0.3695,0.662,0.4052,0.3643
2556,85.233,16,0.000,0.0000,1.0000,0.731,0.3107,0.5248,0.757,0.4471,0.5212,0.821,0.2697,0.5796,0.873,0.5073,0.5828,0.877,0.2547,0.6313,0.776,0.5251,0.6264,0.678,0.2978,0.3696,0.666,0.4052,0.3643
2557,85.267,16,0.000,0.0000,1.0000,0.725,0.3112,0.5240,0.763,0.4470,0.5197,0.831,0.2695,0.5808,0.871,0.5063,0.5827,0.876,0.2546,0.6316,0.774,0.5249,0.6267,0.673,0.2965,0.3681,0.664,0.4046,0.3637
2558,85.300,16,0.000,0.0000,1.0000,0.736,0.3115,0.5232,0.762,0.4461,0.5189,0.843,0.2689,0.5816,0.863,0.5056,0.5823,0.876,0.2548,0.6315,0.762,0.5242,0.6265,0.667,0.2958,0.3669,0.658,0.4031,0.3631
2559,85.333,16,0.000,0.0000,1.0000,0.738,0.3118,0.5228,0.764,0.4464,0.5181,0.838,0.2699,0.5821,0.852,0.5046,0.5823,0.876,0.2549,0.6314,0.757,0.5243,0.6264,0.667,0.2964,0.3660,0.661,0.4046,0.3607
2560,85.367,16,0.000,0.0000,1.0000,0.744,0.3120,0.5228,0.760,0.4450,0.5180,0.835,0.2708,0.5827,0.844,0.5038,0.5819,0.876,0.2549,0.6314,0.760,0.5245,0.6263,0.667,0.2966,0.3656,0.666,0.4051,0.3602
2561,85.400,16,0.000,0.0000,1.0000,0.740,0.3117,0.5230,0.755,0.4440,0.5175,0.845,0.2715,0.5829,0.848,0.5032,0.5819,0.874,0.2549,0.6312,0.763,0.5245,0.6262,0.667,0.2966,0.3656,0.664,0.4050,0.3603
2562,85.433,16,0.000,0.0000,1.0000,0.735,0.3112,0.5231,0.752,0.4434,0.5170,0.855,0.2717,0.5830,0.848,0.5031,0.5820,0.875,0.2549,0.6312,0.760,0.5245,0.6262,0.665,0.2968,0.3656,0.665,0.4052,0.3604
2563,85.467,16,0.000,0.0000,1.0000,0.739,0.3104,0.5231,0.750,0.4428,0.5168,0.858,0.2719,0.5832,0.847,0.5027,0.5818,0.874,0.2549,0.6311,0.766,0.5246,0.6260,0.663,0.2972,0.3653,0.669,0.4065,0.3601
2564,85.500,16,0.000,0.0000,1.0000,0.733,0.3109,0.5230,0.749,0.4430,0.5166,0.864,0.2723,0.5831,0.836,0.5023,0.5814,0.873,0.2550,0.6311,0.769,0.5247,0.6259,0.665,0.2979,0.3652,0.668,0.4068,0.3599
2565,85.533,16,0.000,0.0000,1.0000,0.726,0.3112,0.5229,0.750,0.4434,0.5162,0.865,0.2729,0.5832,0.831,0.5019,0.5813,0.874,0.2549,0.6312,0.770,0.5248,0.6259,0.672,0.2978,0.3657,0.666,0.4073,0.3600
2566,85.567,16,0.000,0.0000,1.0000,0.728,0.3111,0.5229,0.749,0.4431,0.5163,0.868,0.2733,0.5832,0.831,0.5020,0.5814,0.875,0.2549,0.6308,0.771,0.5249,0.6260,0.670,0.2979,0.3658,0.663,0.4079,0.3603
2567,85.600,16,0.000,0.0000,1.0000,0.730,0.3113,0.5224,0.746,0.4428,0.5157,0.870,0.2742,0.5833,0.836,0.5021,0.5819,0.874,0.2550,0.6308,0.762,0.5246,0.6261,0.670,0.2979,0.3650,0.662,0.4075,0.3598
2568,85.633,16,0.000,0.0000,1.0000,0.721,0.3113,0.5228,0.745,0.4428,0.5154,0.866,0.2750,0.5835,0.832,0.5019,0.5819,0.874,0.2552,0.6306,0.755,0.5247,0.6264,0.668,0.2981,0.3647,0.663,0.4074,0.3596
2569,85.667,16,0.000,0.0000,1.0000,0.720,0.3124,0.5226,0.748,0.4437,0.5160,0.873,0.2761,0.5837,0.835,0.5021,0.5818,0.874,0.2553,0.6308,0.758,0.5248,0.6263,0.668,0.2985,0.3646,0.665,0.4075,0.3595
2570,85.700,16,0.000,0.0000,1.0000,0.730,0.3140,0.5220,0.747,0.4441,0.5160,0.870,0.2766,0.5837,0.828,0.5013,0.5818,0.873,0.2556,0.6311,0.748,0.5249,0.6262,0.676,0.2985,0.3649,0.664,0.4074,0.3598
2571,85.733,16,0.000,0.0000,1.0000,0.747,0.3147,0.5217,0.740,0.4437,0.5155,0.864,0.2772,0.5836,0.820,0.5000,0.5815,0.871,0.2560,0.6314,0.753,0.5251,0.6261,0.674,0.2985,0.3647,0.666,0.4081,0.3594
2572,85.767,16,0.000,0.0000,1.0000,0.753,0.3152,0.5218,0.734,0.4450,0.5139,0.867,0.2775,0.5832,0.811,0.4993,0.5810,0.871,0.2566,0.6317,0.736,0.5252,0.6261,0.673,0.2995,0.3646,0.667,0.4096,0.3591
2573,85.800,16,0.000,0.0000,1.0000,0.765,0.3163,0.5217,0.741,0.4467,0.5137,0.868,0.2777,0.5831,0.802,0.4989,0.5808,0.871,0.2567,0.6318,0.729,0.5258,0.6260,0.674,0.3007,0.3644,0.669,0.4109,0.3588
2574,85.833,16,0.000,0.0000,1.0000,0.770,0.3168,0.5210,0.750,0.4464,0.5134,0.869,0.2777,0.5825,0.809,0.4987,0.5807,0.870,0.2567,0.6317,0.722,0.5258,0.6263,0.668,0.2997,0.3640,0.666,0.4110,0.3586
2575,85.867,16,0.000,0.0000,1.0000,0.766,0.3161,0.5205,0.757,0.4464,0.5132,0.870,0.2777,0.5825,0.814,0.4985,0.5807,0.868,0.2566,0.6316,0.718,0.5259,0.6263,0.662,0.2995,0.3634,0.669,0.4111,0.3581
2576,85.900,16,0.000,0.0000,1.0000,0.782,0.3170,0.5202,0.761,0.4474,0.5133,0.867,0.2777,0.5818,0.821,0.4986,0.5809,0.868,0.2568,0.6316,0.714,0.5260,0.6264,0.662,0.2993,0.3636,0.670,0.4109,0.3583
2577,85.933,16,0.000,0.0000,1.0000,0.792,0.3176,0.5195,0.763,0.4477,0.5133,0.869,0.2774,0.5818,0.830,0.5003,0.5814,0.867,0.2567,0.6317,0.734,0.5257,0.6262,0.658,0.2996,0.3635,0.668,0.4120,0.3580
2578,85.967,16,0.000,0.0000,1.0000,0.785,0.3167,0.5198,0.758,0.4468,0.5140,0.877,0.2764,0.5827,0.869,0.5033,0.5817,0.867,0.2558,0.6313,0.760,0.5252,0.6258,0.665,0.2996,0.3640,0.669,0.4115,0.3587
2579,86.000,16,0.000,0.0000,1.0000,0.769,0.3136,0.5204,0.771,0.4470,0.5156,0.880,0.2753,0.5833,0.882,0.5058,0.5811,0.873,0.2559,0.6317,0.771,0.5251,0.6262,0.667,0.3010,0.3645,0.669,0.4119,0.3588
2580,86.033,16,0.000,0.0000,1.0000,0.755,0.3122,0.5221,0.763,0.4475,0.5170,0.844,0.2721,0.5810,0.889,0.5072,0.5816,0.874,0.2558,0.6314,0.782,0.5250,0.6261,0.667,0.3040,0.3650,0.660,0.4139,0.3595
2581,86.067,16,0.000,0.0000,1.0000,0.731,0.3111,0.5226,0.752,0.4472,0.5191,0.827,0.2694,0.5797,0.875,0.5088,0.5783,0.878,0.2555,0.6318,0.803,0.5240,0.6252,0.668,0.3044,0.3648,0.657,0.4139,0.3593
2582,86.100,16,0.000,0.0000,1.0000,0.744,0.3112,0.5221,0.753,0.4485,0.5227,0.837,0.2645,0.5771,0.854,0.5109,0.5761,0.874,0.2552,0.6322,0.797,0.5231,0.6251,0.682,0.3043,0.3668,0.655,0.4129,0.3606
2583,86.133,16,0.000,0.0000,1.0000,0.761,0.3127,0.5226,0.747,0.4509,0.5240,0.861,0.2570,0.5773,0.840,0.5150,0.5753,0.875,0.2550,0.6329,0.777,0.5222,0.6253,0.676,0.3058,0.3684,0.662,0.4133,0.3641
2584,86.167,16,0.000,0.0000,1.0000,0.769,0.3153,0.5234,0.733,0.4523,0.5253,0.832,0.2533,0.5763,0.808,0.5207,0.5747,0.873,0.2556,0.6331,0.757,0.5219,0.6256,0.679,0.3065,0.3703,0.667,0.4139,0.3649
2585,86.200,16,0.000,0.0000,1.0000,0.748,0.3188,0.5254,0.764,0.4527,0.5284,0.820,0.2522,0.5774,0.853,0.5229,0.5739,0.874,0.2555,0.6326,0.762,0.5222,0.6257,0.666,0.3059,0.3729,0.672,0.4145,0.3665
2586,86.233,16,0.000,0.0000,1.0000,0.771,0.3212,0.5260,0.806,0.4520,0.5322,0.757,0.2494,0.5763,0.885,0.5250,0.5736,0.875,0.2550,0.6323,0.779,0.5223,0.6252,0.665,0.3039,0.3757,0.684,0.4137,0.3690
2587,86.267,16,0.000,0.0000,1.0000,0.800,0.3180,0.5292,0.827,0.4494,0.5333,0.767,0.2468,0.5759,0.896,0.5284,0.5735,0.875,0.2550,0.6330,0.770,0.5223,0.6253,0.667,0.3045,0.3775,0.693,0.4133,0.3712
2588,86.300,16,0.000,0.0000,1.0000,0.808,0.3177,0.5324,0.828,0.4504,0.5345,0.819,0.2402,0.5770,0.906,0.5286,0.5726,0.875,0.2549,0.6322,0.778,0.5218,0.6249,0.671,0.3062,0.3800,0.667,0.4131,0.3747
2589,86.333,16,0.000,0.0000,1.0000,0.815,0.3189,0.5344,0.813,0.4497,0.5358,0.829,0.2366,0.5765,0.908,0.5281,0.5719,0.874,0.2556,0.6322,0.797,0.5210,0.6238,0.652,0.3057,0.3851,0.681,0.4113,0.3793
2590,86.367,16,0.000,0.0000,1.0000,0.770,0.3214,0.5370,0.791,0.4507,0.5373,0.825,0.2351,0.5754,0.917,0.5284,0.5705,0.870,0.2560,0.6313,0.820,0.5209,0.6226,0.656,0.3074,0.3898,0.676,0.4133,0.3821
2591,86.400,16,0.000,0.0000,1.0000,0.777,0.3264,0.5380,0.798,0.4544,0.5407,0.810,0.2325,0.5751,0.910,0.5292,0.5689,0.864,0.2559,0.6303,0.832,0.5208,0.6212,0.669,0.3086,0.3933,0.667,0.4120,0.3850
2592,86.433,16,0.000,0.0000,1.0000,0.795,0.3291,0.5393,0.817,0.4549,0.5426,0.819,0.2315,0.5740,0.900,0.5293,0.5682,0.864,0.2560,0.6292,0.834,0.5213,0.6215,0.664,0.3102,0.3957,0.655,0.4140,0.3896
2593,86.467,16,0.000,0.0000,1.0000,0.795,0.3244,0.5425,0.801,0.4531,0.5470,0.795,0.2315,0.5752,0.891,0.5327,0.5694,0.861,0.2555,0.6291,0.836,0.5218,0.6217,0.657,0.3093,0.4023,0.660,0.4156,0.3939
2594,86.500,16,0.000,0.0000,1.0000,0.805,0.3268,0.5467,0.810,0.4542,0.5520,0.812,0.2323,0.5746,0.878,0.5352,0.5700,0.861,0.2561,0.6286,0.854,0.5237,0.6208,0.668,0.3101,0.4061,0.651,0.4155,0.3980
2595,86.533,16,0.000,0.0000,1.0000,0.778,0.3300,0.5509,0.836,0.4554,0.5558,0.805,0.2309,0.5744,0.849,0.5400,0.5694,0.859,0.2559,0.6281,0.873,0.5243,0.6202,0.656,0.3129,0.4133,0.656,0.4157,0.4044
2596,86.567,16,0.000,0.0000,1.0000,0.812,0.3328,0.5555,0.784,0.4582,0.5619,0.803,0.2313,0.5769,0.829,0.5413,0.5695,0.864,0.2566,0.6288,0.877,0.5242,0.6201,0.689,0.3144,0.4166,0.642,0.4171,0.4084
2597,86.600,16,0.000,0.0000,1.0000,0.776,0.3309,0.5618,0.834,0.4584,0.5665,0.802,0.2308,0.5778,0.842,0.5427,0.5697,0.868,0.2552,0.6294,0.884,0.5238,0.6200,0.698,0.3163,0.4204,0.638,0.4193,0.4126
2598,86.633,16,0.000,0.0000,1.0000,0.834,0.3305,0.5670,0.838,0.4587,0.5703,0.823,0.2316,0.5785,0.856,0.5433,0.5716,0.869,0.2550,0.6295,0.877,0.5236,0.6204,0.680,0.3172,0.4271,0.669,0.4206,0.4183
2599,86.667,16,0.000,0.0000,1.0000,0.796,0.3259,0.5738,0.812,0.4582,0.5761,0.825,0.2304,0.5800,0.859,0.5438,0.5717,0.872,0.2545,0.6297,0.880,0.5234,0.6205,0.706,0.3189,0.4330,0.631,0.4199,0.4240
2600,86.700,16,0.000,0.0000,1.0000,0.853,0.3264,0.5795,0.861,0.4579,0.5807,0.827,0.2305,0.5807,0.831,0.5414,0.5723,0.873,0.2542,0.6299,0.878,0.5231,0.6207,0.706,0.3188,0.4410,0.630,0.4178,0.4324
2601,86.733,16,0.000,0.0000,1.0000,0.836,0.3274,0.5851,0.837,0.4585,0.5865,0.846,0.2318,0.5807,0.842,0.5428,0.5733,0.873,0.2540,0.6303,0.895,0.5232,0.6205,0.715,0.3201,0.4454,0.623,0.4183,0.4394
2602,86.767,16,0.000,0.0000,1.0000,0.842,0.3206,0.5909,0.882,0.4608,0.5909,0.855,0.2322,0.5812,0.834,0.5430,0.5738,0.853,0.2539,0.6297,0.892,0.5238,0.6199,0.697,0.3212,0.4516,0.634,0.4179,0.4458
2603,86.800,16,0.000,0.0000,1.0000,0.852,0.3197,0.5964,0.880,0.4622,0.5950,0.850,0.2316,0.5820,0.861,0.5446,0.5734,0.841,0.2541,0.6296,0.876,0.5244,0.6181,0.714,0.3216,0.4571,0.654,0.4205,0.4523
2604,86.833,16,0.000,0.0000,1.0000,0.812,0.3186,0.6013,0.832,0.4643,0.6001,0.857,0.2317,0.5828,0.860,0.5440,0.5732,0.827,0.2539,0.6285,0.871,0.5237,0.6186,0.700,0.3231,0.4636,0.655,0.4217,0.4575
2605,86.867,16,0.000,0.0000,1.0000,0.856,0.3199,0.6062,0.864,0.4645,0.6041,0.844,0.2315,0.5832,0.852,0.5433,0.5741,0.803,0.2522,0.6273,0.850,0.5219,0.6192,0.711,0.3251,0.4668,0.663,0.4243,0.4622
2606,86.900,16,0.000,0.0000,1.0000,0.809,0.3222,0.6108,0.866,0.4663,0.6095,0.838,0.2316,0.5843,0.830,0.5421,0.5745,0.824,0.2523,0.6293,0.855,0.5212,0.6206,0.697,0.3270,0.4720,0.696,0.4254,0.4677
2607,86.933,16,0.000,0.0000,1.0000,0.821,0.3229,0.6146,0.821,0.4682,0.6128,0.827,0.2309,0.5852,0.867,0.5442,0.5742,0.837,0.2522,0.6310,0.861,0.5226,0.6206,0.679,0.3278,0.4768,0.684,0.4255,0.4708
2608,86.967,16,0.000,0.0000,1.0000,0.835,0.3229,0.6177,0.849,0.4675,0.6153,0.828,0.2322,0.5856,0.882,0.5451,0.5742,0.834,0.2528,0.6309,0.869,0.5237,0.6212,0.690,0.3265,0.4801,0.672,0.4260,0.4753
2609,87.000,16,0.000,0.0000,1.0000,0.829,0.3212,0.6197,0.862,0.4664,0.6181,0.823,0.2314,0.5856,0.821,0.5436,0.5758,0.842,0.2536,0.6308,0.856,0.5222,0.6222,0.690,0.3266,0.4825,0.678,0.4244,0.4782
2610,87.033,16,0.000,0.0000,1.0000,0.823,0.3197,0.6217,0.857,0.4668,0.6203,0.806,0.2299,0.5856,0.822,0.5428,0.5754,0.819,0.2526,0.6294,0.848,0.5224,0.6222,0.674,0.3282,0.4842,0.682,0.4250,0.4802
2611,87.067,16,0.000,0.0000,1.0000,0.794,0.3196,0.6235,0.858,0.4676,0.6212,0.825,0.2276,0.5853,0.829,0.5420,0.5747,0.829,0.2527,0.6292,0.843,0.5219,0.6222,0.667,0.3284,0.4881,0.669,0.4246,0.4830
2612,87.100,16,0.000,0.0000,1.0000,0.784,0.3179,0.6259,0.849,0.4686,0.6225,0.833,0.2267,0.5853,0.823,0.5419,0.5749,0.815,0.2519,0.6294,0.844,0.5221,0.6223,0.682,0.3286,0.4893,0.658,0.4242,0.4842
2613,87.133,16,0.000,0.0000,1.0000,0.779,0.3167,0.6266,0.843,0.4680,0.6230,0.840,0.2263,0.5855,0.811,0.5421,0.5753,0.822,0.2515,0.6302,0.847,0.5222,0.6224,0.681,0.3281,0.4899,0.648,0.4249,0.4851
2614,87.167,16,0.000,0.0000,1.0000,0.774,0.3165,0.6261,0.852,0.4670,0.6224,0.846,0.2254,0.5855,0.805,0.5424,0.5755,0.813,0.2510,0.6298,0.845,0.5223,0.6224,0.680,0.3281,0.4896,0.649,0.4249,0.4848
2615,87.200,16,0.000,0.0000,1.0000,0.769,0.3166,0.6239,0.863,0.4661,0.6212,0.845,0.2254,0.5855,0.812,0.5426,0.5756,0.820,0.2512,0.6299,0.846,0.5226,0.6221,0.673,0.3287,0.4888,0.655,0.4256,0.4839
2616,87.233,16,0.000,0.0000,1.0000,0.798,0.3165,0.6222,0.865,0.4661,0.6197,0.850,0.2247,0.5852,0.819,0.5429,0.5755,0.816,0.2509,0.6301,0.854,0.5225,0.6216,0.656,0.3300,0.4853,0.675,0.4296,0.4814
2617,87.267,16,0.000,0.0000,1.0000,0.813,0.3167,0.6208,0.876,0.4657,0.6175,0.842,0.2255,0.5846,0.841,0.5434,0.5751,0.812,0.2509,0.6302,0.857,0.5218,0.6211,0.673,0.3304,0.4820,0.683,0.4311,0.4783
2618,87.300,16,0.000,0.0000,1.0000,0.808,0.3173,0.6167,0.865,0.4645,0.6148,0.843,0.2244,0.5842,0.876,0.5452,0.5739,0.817,0.2515,0.6290,0.868,0.5229,0.6208,0.678,0.3286,0.4791,0.665,0.4312,0.4757
2619,87.333,15,0.000,0.0000,1.0000,0.784,0.3206,0.6131,0.859,0.4638,0.6114,0.821,0.2273,0.5834,0.871,0.5465,0.5745,0.788,0.2511,0.6274,0.865,0.5231,0.6200,0.672,0.3296,0.4730,0.672,0.4316,0.4700
2620,87.367,16,0.000,0.0000,1.0000,0.835,0.3197,0.6094,0.897,0.4649,0.6071,0.821,0.2274,0.5826,0.860,0.5460,0.5745,0.728,0.2494,0.6252,0.862,0.5231,0.6188,0.688,0.3302,0.4700,0.690,0.4305,0.4672
2621,87.400,16,0.000,0.0000,1.0000,0.845,0.3187,0.6044,0.863,0.4615,0.6025,0.815,0.2280,0.5824,0.854,0.5459,0.5746,0.763,0.2508,0.6246,0.869,0.5245,0.6180,0.680,0.3288,0.4658,0.655,0.4300,0.4619
2622,87.433,16,0.000,0.0000,1.0000,0.812,0.3171,0.5988,0.845,0.4585,0.5978,0.813,0.2262,0.5815,0.867,0.5452,0.5734,0.793,0.2523,0.6257,0.875,0.5249,0.6169,0.677,0.3283,0.4598,0.666,0.4286,0.4561
2623,87.467,16,0.000,0.0000,1.0000,0.857,0.3193,0.5951,0.883,0.4612,0.5926,0.819,0.2268,0.5815,0.877,0.5472,0.5730,0.834,0.2533,0.6272,0.881,0.5257,0.6161,0.688,0.3273,0.4554,0.662,0.4286,0.4520
2624,87.500,16,0.000,0.0000,1.0000,0.821,0.3163,0.5901,0.838,0.4572,0.5888,0.818,0.2262,0.5819,0.878,0.5469,0.5728,0.849,0.2543,0.6281,0.882,0.5251,0.6172,0.678,0.3292,0.4480,0.664,0.4302,0.4440
2625,87.533,16,0.000,0.0000,1.0000,0.836,0.3193,0.5844,0.867,0.4576,0.5838,0.817,0.2274,0.5822,0.885,0.5472,0.5725,0.865,0.2542,0.6292,0.894,0.5250,0.6178,0.695,0.3260,0.4426,0.661,0.4257,0.4403
2626,87.567,16,0.000,0.0000,1.0000,0.836,0.3184,0.5785,0.851,0.4583,0.5785,0.812,0.2273,0.5820,0.886,0.5471,0.5718,0.872,0.2542,0.6290,0.892,0.5251,0.6182,0.669,0.3245,0.4364,0.652,0.4279,0.4333
2627,87.600,16,0.000,0.0000,1.0000,0.798,0.3188,0.5742,0.794,0.4553,0.5739,0.819,0.2299,0.5809,0.888,0.5465,0.5712,0.876,0.2546,0.6293,0.889,0.5254,0.6186,0.683,0.3226,0.4311,0.657,0.4289,0.4271
2628,87.633,16,0.000,0.0000,1.0000,0.831,0.3180,0.5676,0.823,0.4558,0.5689,0.807,0.2296,0.5802,0.879,0.5454,0.5720,0.871,0.2549,0.6287,0.885,0.5249,0.6192,0.674,0.3214,0.4240,0.676,0.4309,0.4191
2629,87.667,16,0.000,0.0000,1.0000,0.791,0.3192,0.5629,0.834,0.4538,0.5654,0.788,0.2295,0.5788,0.872,0.5446,0.5710,0.864,0.2553,0.6282,0.887,0.5245,0.6193,0.701,0.3192,0.4200,0.676,0.4265,0.4154
2630,87.700,16,0.000,0.0000,1.0000,0.827,0.3215,0.5595,0.805,0.4536,0.5630,0.761,0.2285,0.5769,0.865,0.5442,0.5702,0.859,0.2553,0.6286,0.879,0.5242,0.6199,0.710,0.3185,0.4171,0.641,0.4257,0.4123
2631,87.733,16,0.000,0.0000,1.0000,0.834,0.3219,0.5550,0.850,0.4540,0.5586,0.771,0.2282,0.5772,0.842,0.5422,0.5696,0.862,0.2555,0.6291,0.877,0.5244,0.6198,0.673,0.3156,0.4127,0.657,0.4250,0.4072
2632,87.767,16,0.000,0.0000,1.0000,0.770,0.3178,0.5527,0.841,0.4531,0.5555,0.775,0.2286,0.5764,0.847,0.5417,0.5703,0.867,0.2554,0.6294,0.871,0.5246,0.6201,0.653,0.3122,0.4074,0.649,0.4237,0.4031
2633,87.800,16,0.000,0.0000,1.0000,0.743,0.3186,0.5493,0.799,0.4514,0.5515,0.771,0.2295,0.5761,0.851,0.5398,0.5709,0.869,0.2555,0.6299,0.865,0.5243,0.6201,0.658,0.3134,0.4045,0.643,0.4225,0.3982
2634,87.833,16,0.000,0.0000,1.0000,0.802,0.3238,0.5439,0.794,0.4522,0.5480,0.777,0.2310,0.5750,0.864,0.5380,0.5717,0.869,0.2553,0.6307,0.854,0.5237,0.6221,0.638,0.3125,0.4010,0.659,0.4214,0.3958
2635,87.867,16,0.000,0.0000,1.0000,0.797,0.3196,0.5420,0.812,0.4506,0.5453,0.776,0.2318,0.5757,0.877,0.5358,0.5721,0.874,0.2552,0.6310,0.846,0.5234,0.6228,0.638,0.3116,0.3967,0.646,0.4216,0.3910
2636,87.900,16,0.000,0.0000,1.0000,0.782,0.3244,0.5390,0.818,0.4520,0.5425,0.799,0.2344,0.5747,0.882,0.5353,0.5724,0.877,0.2555,0.6318,0.830,0.5231,0.6237,0.645,0.3129,0.3938,0.639,0.4208,0.3880
2637,87.933,15,0.000,0.0000,1.0000,0.775,0.3239,0.5381,0.778,0.4538,0.5402,0.811,0.2365,0.5750,0.886,0.5343,0.5730,0.882,0.2557,0.6324,0.826,0.5231,0.6241,0.638,0.3125,0.3913,0.651,0.4209,0.3831
2638,87.967,16,0.000,0.0000,1.0000,0.785,0.3227,0.5354,0.764,0.4537,0.5395,0.782,0.2416,0.5748,0.892,0.5337,0.5732,0.875,0.2555,0.6321,0.797,0.5225,0.6247,0.629,0.3097,0.3863,0.655,0.4204,0.3801
2639,88.000,16,0.000,0.0000,1.0000,0.799,0.3208,0.5339,0.759,0.4546,0.5376,0.757,0.2460,0.5743,0.895,0.5318,0.5736,0.878,0.2549,0.6315,0.791,0.5224,0.6249,0.640,0.3096,0.3837,0.647,0.4203,0.3778
2640,88.033,16,0.000,0.0000,1.0000,0.802,0.3190,0.5327,0.806,0.4525,0.5354,0.744,0.2482,0.5754,0.890,0.5298,0.5743,0.881,0.2550,0.6321,0.793,0.5227,0.6249,0.652,0.3075,0.3817,0.632,0.4182,0.3763
2641,88.067,15,0.000,0.0000,1.0000,0.790,0.3187,0.5297,0.819,0.4534,0.5344,0.752,0.2496,0.5769,0.861,0.5294,0.5755,0.875,0.2559,0.6316,0.794,0.5229,0.6250,0.647,0.3060,0.3793,0.629,0.4174,0.3734
2642,88.100,16,0.000,0.0000,1.0000,0.787,0.3187,0.5287,0.823,0.4534,0.5330,0.785,0.2513,0.5775,0.862,0.5272,0.5753,0.873,0.2563,0.6314,0.806,0.5230,0.6246,0.648,0.3061,0.3784,0.635,0.4174,0.3726
2643,88.133,16,0.000,0.0000,1.0000,0.771,0.3203,0.5272,0.792,0.4560,0.5305,0.789,0.2519,0.5763,0.855,0.5258,0.5764,0.876,0.2558,0.6320,0.789,0.5225,0.6250,0.644,0.3053,0.3763,0.643,0.4165,0.3696
2644,88.167,16,0.000,0.0000,1.0000,0.743,0.3205,0.5254,0.766,0.4567,0.5285,0.811,0.2525,0.5764,0.840,0.5242,0.5763,0.879,0.2565,0.6324,0.784,0.5229,0.6253,0.654,0.3049,0.3726,0.643,0.4165,0.3679
2645,88.200,16,0.000,0.0000,1.0000,0.760,0.3171,0.5245,0.730,0.4547,0.5260,0.830,0.2540,0.5760,0.826,0.5227,0.5769,0.880,0.2555,0.6316,0.775,0.5226,0.6258,0.667,0.3033,0.3715,0.647,0.4158,0.3664
2646,88.233,16,0.000,0.0000,1.0000,0.771,0.3150,0.5240,0.747,0.4533,0.5244,0.839,0.2557,0.5763,0.819,0.5212,0.5777,0.882,0.2553,0.6317,0.771,0.5226,0.6260,0.668,0.3034,0.3713,0.656,0.4145,0.3660
2647,88.267,16,0.000,0.0000,1.0000,0.771,0.3143,0.5235,0.751,0.4519,0.5241,0.848,0.2576,0.5770,0.839,0.5158,0.5769,0.881,0.2554,0.6319,0.772,0.5229,0.6257,0.674,0.3030,0.3715,0.664,0.4133,0.3657
2648,88.300,16,0.000,0.0000,1.0000,0.774,0.3142,0.5229,0.759,0.4515,0.5232,0.859,0.2597,0.5782,0.852,0.5136,0.5772,0.879,0.2555,0.6320,0.786,0.5234,0.6259,0.684,0.3018,0.3712,0.666,0.4106,0.3653
2649,88.333,16,0.000,0.0000,1.0000,0.772,0.3141,0.5223,0.757,0.4516,0.5231,0.854,0.2621,0.5780,0.870,0.5113,0.5775,0.878,0.2555,0.6320,0.782,0.5234,0.6254,0.694,0.3006,0.3705,0.670,0.4097,0.3659
2650,88.367,16,0.000,0.0000,1.0000,0.771,0.3142,0.5223,0.765,0.4494,0.5219,0.843,0.2634,0.5776,0.871,0.5100,0.5776,0.876,0.2554,0.6319,0.785,0.5234,0.6252,0.690,0.2998,0.3700,0.672,0.4079,0.3656
2651,88.400,16,0.000,0.0000,1.0000,0.751,0.3123,0.5221,0.765,0.4480,0.5214,0.842,0.2635,0.5775,0.875,0.5095,0.5785,0.875,0.2551,0.6312,0.775,0.5235,0.6253,0.691,0.2995,0.3695,0.671,0.4077,0.3655
2652,88.433,16,0.000,0.0000,1.0000,0.742,0.3109,0.5219,0.765,0.4478,0.5211,0.835,0.2647,0.5771,0.879,0.5088,0.5787,0.875,0.2550,0.6311,0.771,0.5242,0.6261,0.690,0.2991,0.3688,0.661,0.4078,0.3646
2653,88.467,16,0.000,0.0000,1.0000,0.745,0.3107,0.5214,0.765,0.4477,0.5206,0.834,0.2669,0.5777,0.884,0.5084,0.5800,0.876,0.2550,0.6311,0.777,0.5247,0.6264,0.689,0.2989,0.3687,0.651,0.4076,0.3641
2654,88.500,16,0.000,0.0000,1.0000,0.749,0.3104,0.5214,0.768,0.4469,0.5199,0.823,0.2685,0.5781,0.882,0.5079,0.5809,0.878,0.2553,0.6317,0.772,0.5248,0.6262,0.689,0.2982,0.3682,0.648,0.4069,0.3635
2655,88.533,16,0.000,0.0000,1.0000,0.738,0.3111,0.5219,0.771,0.4472,0.5192,0.816,0.2693,0.5782,0.881,0.5076,0.5813,0.878,0.2553,0.6317,0.776,0.5250,0.6261,0.687,0.2980,0.3678,0.651,0.4069,0.3629
2656,88.567,16,0.000,0.0000,1.0000,0.740,0.3107,0.5221,0.774,0.4465,0.5181,0.829,0.2696,0.5797,0.881,0.5068,0.5818,0.878,0.2553,0.6318,0.778,0.5250,0.6262,0.685,0.2970,0.3678,0.651,0.4061,0.3626
2657,88.600,16,0.000,0.0000,1.0000,0.738,0.3113,0.5220,0.773,0.4460,0.5174,0.827,0.2701,0.5797,0.876,0.5063,0.5817,0.878,0.2554,0.6316,0.774,0.5251,0.6258,0.688,0.2968,0.3678,0.654,0.4042,0.3629
2658,88.633,16,0.000,0.0000,1.0000,0.733,0.3111,0.5224,0.775,0.4463,0.5170,0.827,0.2711,0.5805,0.876,0.5062,0.5816,0.878,0.2554,0.6315,0.774,0.5252,0.6258,0.689,0.2964,0.3681,0.656,0.4025,0.3632
2659,88.667,16,0.000,0.0000,1.0000,0.727,0.3113,0.5227,0.773,0.4462,0.5166,0.834,0.2718,0.5806,0.866,0.5053,0.5814,0.877,0.2552,0.6307,0.771,0.5249,0.6260,0.687,0.2964,0.3685,0.654,0.4023,0.3632
2660,88.700,16,0.000,0.0000,1.0000,0.731,0.3114,0.5226,0.772,0.4462,0.5161,0.851,0.2720,0.5813,0.859,0.5044,0.5813,0.878,0.2553,0.6308,0.758,0.5246,0.6262,0.686,0.2963,0.3681,0.651,0.4024,0.3627
2661,88.733,16,0.000,0.0000,1.0000,0.741,0.3126,0.5219,0.774,0.4465,0.5162,0.856,0.2726,0.5811,0.858,0.5042,0.5815,0.878,0.2553,0.6308,0.758,0.5245,0.6261,0.681,0.2959,0.3678,0.646,0.4018,0.3627
2662,88.767,16,0.000,0.0000,1.0000,0.747,0.3130,0.5216,0.773,0.4464,0.5162,0.869,0.2735,0.5816,0.857,0.5034,0.5818,0.879,0.2553,0.6308,0.757,0.5244,0.6264,0.682,0.2962,0.3671,0.646,0.4019,0.3610
2663,88.800,16,0.000,0.0000,1.0000,0.743,0.3131,0.5217,0.774,0.4467,0.5161,0.866,0.2737,0.5817,0.849,0.5031,0.5818,0.879,0.2553,0.6308,0.745,0.5243,0.6265,0.679,0.2963,0.3669,0.645,0.4021,0.3609
2664,88.833,16,0.000,0.0000,1.0000,0.735,0.3128,0.5219,0.775,0.4466,0.5160,0.861,0.2738,0.5815,0.848,0.5027,0.5819,0.879,0.2555,0.6311,0.740,0.5242,0.6265,0.677,0.2962,0.3668,0.646,0.4022,0.3609
2665,88.867,16,0.000,0.0000,1.0000,0.740,0.3136,0.5216,0.772,0.4467,0.5161,0.861,0.2740,0.5813,0.839,0.5023,0.5817,0.880,0.2554,0.6307,0.732,0.5240,0.6263,0.677,0.2961,0.3666,0.645,0.4020,0.3609
2666,88.900,16,0.000,0.0000,1.0000,0.723,0.3119,0.5224,0.770,0.4458,0.5159,0.862,0.2742,0.5813,0.835,0.5021,0.5812,0.878,0.2554,0.6306,0.731,0.5240,0.6261,0.677,0.2958,0.3666,0.644,0.4017,0.3608
2667,88.933,16,0.000,0.0000,1.0000,0.753,0.3138,0.5203,0.774,0.4467,0.5158,0.865,0.2746,0.5814,0.841,0.5023,0.5814,0.876,0.2555,0.6310,0.740,0.5239,0.6261,0.681,0.2961,0.3665,0.644,0.4025,0.3609
2668,88.967,16,0.000,0.0000,1.0000,0.754,0.3137,0.5202,0.775,0.4468,0.5159,0.864,0.2749,0.5812,0.847,0.5029,0.5817,0.876,0.2556,0.6310,0.741,0.5239,0.6261,0.684,0.2968,0.3664,0.646,0.4033,0.3607
2669,89.000,16,0.000,0.0000,1.0000,0.749,0.3132,0.5206,0.774,0.4466,0.5159,0.868,0.2748,0.5818,0.854,0.5031,0.5817,0.877,0.2557,0.6311,0.750,0.5241,0.6262,0.684,0.2970,0.3664,0.645,0.4031,0.3609
2670,89.033,16,0.000,0.0000,1.0000,0.747,0.3131,0.5206,0.774,0.4466,0.5155,0.868,0.2754,0.5816,0.851,0.5029,0.5817,0.878,0.2556,0.6311,0.749,0.5241,0.6262,0.686,0.2975,0.3664,0.646,0.4046,0.3609
2671,89.067,16,0.000,0.0000,1.0000,0.746,0.3130,0.5209,0.773,0.4462,0.5152,0.869,0.2750,0.5821,0.845,0.5024,0.5816,0.877,0.2557,0.6310,0.749,0.5244,0.6262,0.692,0.2986,0.3666,0.647,0.4054,0.3609
2672,89.100,16,0.000,0.0000,1.0000,0.747,0.3130,0.5207,0.771,0.4462,0.5150,0.870,0.2754,0.5826,0.843,0.5022,0.5814,0.877,0.2557,0.6310,0.749,0.5245,0.6261,0.692,0.2989,0.3662,0.652,0.4057,0.3607
2673,89.133,16,0.000,0.0000,1.0000,0.749,0.3132,0.5206,0.772,0.4464,0.5151,0.869,0.2755,0.5826,0.844,0.5024,0.5817,0.876,0.2556,0.6310,0.750,0.5245,0.6262,0.688,0.2992,0.3658,0.655,0.4066,0.3604
2674,89.167,16,0.000,0.0000,1.0000,0.744,0.3119,0.5209,0.770,0.4460,0.5150,0.870,0.2755,0.5826,0.840,0.5022,0.5813,0.877,0.2557,0.6310,0.747,0.5244,0.6261,0.690,0.2991,0.3658,0.657,0.4061,0.3603
2675,89.200,16,0.000,0.0000,1.0000,0.748,0.3109,0.5215,0.771,0.4455,0.5154,0.870,0.2755,0.5827,0.843,0.5024,0.5818,0.877,0.2559,0.6311,0.744,0.5245,0.6263,0.688,0.2991,0.3652,0.659,0.4061,0.3601
2676,89.233,16,0.000,0.0000,1.0000,0.754,0.3108,0.5213,0.770,0.4453,0.5160,0.873,0.2756,0.5827,0.838,0.5019,0.5817,0.876,0.2559,0.6311,0.745,0.5243,0.6263,0.688,0.2996,0.3653,0.662,0.4069,0.3599
2677,89.267,16,0.000,0.0000,1.0000,0.761,0.3101,0.5215,0.764,0.4453,0.5158,0.875,0.2755,0.5827,0.834,0.5014,0.5818,0.876,0.2558,0.6310,0.746,0.5245,0.6264,0.687,0.2996,0.3653,0.666,0.4074,0.3598
2678,89.300,16,0.000,0.0000,1.0000,0.766,0.3100,0.5212,0.761,0.4448,0.5160,0.877,0.2757,0.5828,0.830,0.5010,0.5818,0.876,0.2557,0.6311,0.737,0.5243,0.6263,0.687,0.3004,0.3654,0.665,0.4084,0.3599
2679,89.333,16,0.000,0.0000,1.0000,0.770,0.3094,0.5213,0.757,0.4452,0.5157,0.877,0.2761,0.5834,0.824,0.5009,0.5818,0.875,0.2557,0.6312,0.736,0.5245,0.6263,0.687,0.3004,0.3653,0.665,0.4085,0.3600
2680,89.367,16,0.000,0.0000,1.0000,0.774,0.3106,0.5206,0.757,0.4443,0.5152,0.880,0.2762,0.5833,0.819,0.4997,0.5816,0.875,0.2557,0.6314,0.732,0.5247,0.6264,0.684,0.3009,0.3654,0.667,0.4088,0.3601
2681,89.400,16,0.000,0.0000,1.0000,0.771,0.3107,0.5206,0.756,0.4448,0.5144,0.879,0.2762,0.5832,0.814,0.4993,0.5816,0.874,0.2559,0.6318,0.725,0.5249,0.6265,0.684,0.3010,0.3650,0.667,0.4089,0.3600
2682,89.433,16,0.000,0.0000,1.0000,0.772,0.3110,0.5207,0.760,0.4435,0.5144,0.887,0.2764,0.5832,0.815,0.4989,0.5816,0.873,0.2557,0.6314,0.722,0.5253,0.6265,0.690,0.3010,0.3654,0.668,0.4087,0.3601
2683,89.467,16,0.000,0.0000,1.0000,0.770,0.3106,0.5209,0.755,0.4431,0.5137,0.888,0.2763,0.5834,0.819,0.4986,0.5812,0.871,0.2557,0.6315,0.718,0.5252,0.6262,0.695,0.3011,0.3657,0.665,0.4079,0.3602
2684,89.500,16,0.000,0.0000,1.0000,0.761,0.3115,0.5210,0.758,0.4450,0.5140,0.892,0.2763,0.5833,0.822,0.4987,0.5816,0.871,0.2557,0.6314,0.723,0.5251,0.6263,0.693,0.3016,0.3656,0.667,0.4087,0.3601
2685,89.533,16,0.000,0.0000,1.0000,0.763,0.3113,0.5209,0.755,0.4440,0.5131,0.892,0.2763,0.5832,0.823,0.4985,0.5815,0.872,0.2558,0.6317,0.728,0.5251,0.6262,0.692,0.3018,0.3656,0.667,0.4091,0.3600
2686,89.567,16,0.000,0.0000,1.0000,0.761,0.3113,0.5210,0.755,0.4444,0.5134,0.892,0.2762,0.5833,0.828,0.4985,0.5816,0.871,0.2557,0.6314,0.727,0.5250,0.6262,0.695,0.3017,0.3656,0.668,0.4093,0.3600
2687,89.600,16,0.000,0.0000,1.0000,0.754,0.3113,0.5211,0.761,0.4449,0.5132,0.890,0.2762,0.5833,0.834,0.4986,0.5816,0.871,0.2557,0.6316,0.727,0.5250,0.6261,0.692,0.3017,0.3655,0.671,0.4095,0.3598
2688,89.633,16,0.000,0.0000,1.0000,0.758,0.3119,0.5210,0.760,0.4460,0.5139,0.884,0.2751,0.5823,0.837,0.5000,0.5815,0.872,0.2554,0.6312,0.744,0.5243,0.6258,0.689,0.3026,0.3651,0.674,0.4103,0.3593
2689,89.667,16,0.000,0.0000,1.0000,0.761,0.3117,0.5216,0.765,0.4463,0.5149,0.882,0.2748,0.5823,0.868,0.5034,0.5820,0.872,0.2554,0.6309,0.748,0.5236,0.6259,0.687,0.3028,0.3650,0.672,0.4107,0.3597
2690,89.700,16,0.000,0.0000,1.0000,0.759,0.3115,0.5219,0.771,0.4467,0.5161,0.870,0.2738,0.5817,0.877,0.5052,0.5819,0.873,0.2554,0.6309,0.750,0.5241,0.6263,0.686,0.3027,0.3651,0.672,0.4110,0.3599
2691,89.733,16,0.000,0.0000,1.0000,0.753,0.3109,0.5224,0.775,0.4462,0.5171,0.839,0.2726,0.5806,0.883,0.5065,0.5816,0.873,0.2556,0.6312,0.767,0.5248,0.6267,0.692,0.3016,0.3656,0.668,0.4107,0.3603
2692,89.767,16,0.000,0.0000,1.0000,0.763,0.3114,0.5220,0.774,0.4475,0.5192,0.832,0.2703,0.5804,0.890,0.5072,0.5803,0.877,0.2555,0.6319,0.770,0.5245,0.6268,0.694,0.3037,0.3666,0.661,0.4115,0.3606
2693,89.800,16,0.000,0.0000,1.0000,0.739,0.3105,0.5232,0.768,0.4482,0.5206,0.831,0.2686,0.5790,0.877,0.5085,0.5777,0.877,0.2552,0.6319,0.772,0.5232,0.6259,0.691,0.3054,0.3673,0.652,0.4122,0.3606
2694,89.833,16,0.000,0.0000,1.0000,0.737,0.3109,0.5230,0.768,0.4480,0.5217,0.843,0.2642,0.5776,0.856,0.5097,0.5752,0.876,0.2554,0.6324,0.771,0.5227,0.6255,0.692,0.3047,0.3681,0.652,0.4110,0.3625
2695,89.867,16,0.000,0.0000,1.0000,0.756,0.3112,0.5227,0.762,0.4485,0.5223,0.859,0.2610,0.5779,0.874,0.5139,0.5741,0.877,0.2554,0.6324,0.766,0.5224,0.6254,0.694,0.3042,0.3692,0.651,0.4123,0.3637
2696,89.900,16,0.000,0.0000,1.0000,0.785,0.3142,0.5226,0.755,0.4511,0.5238,0.853,0.2563,0.5761,0.811,0.5199,0.5748,0.880,0.2553,0.6323,0.758,0.5219,0.6266,0.689,0.3028,0.3709,0.675,0.4099,0.3655
2697,89.933,16,0.000,0.0000,1.0000,0.792,0.3167,0.5226,0.736,0.4521,0.5256,0.838,0.2537,0.5759,0.848,0.5223,0.5734,0.876,0.2557,0.6324,0.760,0.5220,0.6260,0.686,0.3035,0.3724,0.676,0.4116,0.3665
2698,89.967,16,0.000,0.0000,1.0000,0.768,0.3187,0.5247,0.756,0.4537,0.5271,0.812,0.2522,0.5764,0.870,0.5245,0.5740,0.873,0.2562,0.6325,0.760,0.5220,0.6258,0.678,0.3031,0.3731,0.682,0.4121,0.3678
2699,90.000,16,0.000,0.0000,1.0000,0.758,0.3215,0.5255,0.782,0.4548,0.5288,0.791,0.2513,0.5759,0.894,0.5268,0.5738,0.874,0.2557,0.6313,0.785,0.5222,0.6251,0.670,0.3040,0.3761,0.681,0.4132,0.3688
2700,90.033,16,0.000,0.0000,1.0000,0.770,0.3229,0.5261,0.818,0.4547,0.5311,0.779,0.2502,0.5751,0.901,0.5287,0.5734,0.868,0.2557,0.6303,0.787,0.5218,0.6248,0.664,0.3032,0.3772,0.682,0.4103,0.3703
2701,90.067,16,0.000,0.0000,1.0000,0.805,0.3221,0.5287,0.823,0.4528,0.5324,0.766,0.2488,0.5742,0.909,0.5285,0.5724,0.865,0.2561,0.6292,0.770,0.5209,0.6246,0.675,0.3020,0.3802,0.663,0.4094,0.3740
2702,90.100,16,0.000,0.0000,1.0000,0.809,0.3234,0.5316,0.821,0.4552,0.5350,0.782,0.2494,0.5723,0.914,0.5288,0.5721,0.862,0.2555,0.6283,0.793,0.5206,0.6239,0.665,0.3028,0.3840,0.680,0.4101,0.3787
2703,90.133,16,0.000,0.0000,1.0000,0.808,0.3225,0.5341,0.798,0.4524,0.5360,0.778,0.2474,0.5718,0.914,0.5292,0.5716,0.863,0.2551,0.6286,0.801,0.5206,0.6236,0.649,0.3032,0.3857,0.680,0.4100,0.3800
2704,90.167,16,0.000,0.0000,1.0000,0.767,0.3246,0.5363,0.769,0.4555,0.5385,0.815,0.2432,0.5727,0.910,0.5313,0.5711,0.862,0.2558,0.6293,0.805,0.5202,0.6237,0.659,0.3040,0.3895,0.676,0.4107,0.3822
2705,90.200,16,0.000,0.0000,1.0000,0.782,0.3272,0.5383,0.790,0.4557,0.5414,0.833,0.2377,0.5730,0.903,0.5333,0.5705,0.865,0.2559,0.6297,0.810,0.5210,0.6229,0.670,0.3060,0.3924,0.660,0.4103,0.3850
2706,90.233,16,0.000,0.0000,1.0000,0.784,0.3299,0.5395,0.812,0.4559,0.5434,0.834,0.2358,0.5730,0.900,0.5343,0.5706,0.866,0.2559,0.6296,0.829,0.5216,0.6225,0.668,0.3074,0.3967,0.665,0.4113,0.3908
2707,90.267,16,0.000,0.0000,1.0000,0.786,0.3235,0.5425,0.797,0.4553,0.5464,0.802,0.2331,0.5755,0.885,0.5356,0.5706,0.865,0.2560,0.6298,0.832,0.5220,0.6221,0.664,0.3057,0.4020,0.651,0.4148,0.3934
2708,90.300,16,0.000,0.0000,1.0000,0.786,0.3275,0.5459,0.764,0.4562,0.5497,0.784,0.2305,0.5748,0.867,0.5378,0.5709,0.867,0.2563,0.6298,0.840,0.5225,0.6218,0.660,0.3105,0.4054,0.632,0.4170,0.3962
2709,90.333,16,0.000,0.0000,1.0000,0.743,0.3245,0.5494,0.817,0.4545,0.5536,0.770,0.2300,0.5757,0.854,0.5399,0.5700,0.869,0.2562,0.6299,0.846,0.5230,0.6213,0.663,0.3102,0.4082,0.638,0.4156,0.4022
2710,90.367,16,0.000,0.0000,1.0000,0.811,0.3270,0.5539,0.819,0.4574,0.5578,0.774,0.2288,0.5772,0.836,0.5409,0.5697,0.869,0.2554,0.6296,0.846,0.5224,0.6211,0.651,0.3109,0.4142,0.634,0.4172,0.4057
2711,90.400,16,0.000,0.0000,1.0000,0.831,0.3274,0.5575,0.790,0.4583,0.5620,0.773,0.2280,0.5779,0.832,0.5419,0.5694,0.877,0.2554,0.6307,0.851,0.5218,0.6222,0.667,0.3119,0.4171,0.635,0.4176,0.4082
2712,90.433,16,0.000,0.0000,1.0000,0.776,0.3255,0.5623,0.831,0.4585,0.5656,0.799,0.2304,0.5785,0.859,0.5441,0.5704,0.878,0.2553,0.6308,0.863,0.5225,0.6224,0.686,0.3161,0.4202,0.663,0.4214,0.4131
2713,90.467,16,0.000,0.0000,1.0000,0.833,0.3210,0.5659,0.851,0.4590,0.5678,0.803,0.2281,0.5813,0.870,0.5450,0.5717,0.881,0.2549,0.6305,0.872,0.5232,0.6216,0.652,0.3137,0.4255,0.673,0.4216,0.4170
2714,90.500,16,0.000,0.0000,1.0000,0.820,0.3195,0.5715,0.814,0.4585,0.5734,0.811,0.2272,0.5823,0.876,0.5461,0.5714,0.878,0.2540,0.6312,0.881,0.5238,0.6211,0.669,0.3123,0.4299,0.646,0.4204,0.4222
2715,90.533,16,0.000,0.0000,1.0000,0.817,0.3203,0.5773,0.828,0.4577,0.5769,0.819,0.2262,0.5830,0.878,0.5472,0.5722,0.885,0.2541,0.6323,0.889,0.5243,0.6205,0.661,0.3139,0.4345,0.649,0.4198,0.4296
2716,90.567,16,0.000,0.0000,1.0000,0.857,0.3233,0.5807,0.887,0.4605,0.5815,0.830,0.2247,0.5829,0.874,0.5471,0.5732,0.879,0.2538,0.6320,0.893,0.5244,0.6198,0.693,0.3164,0.4401,0.641,0.4203,0.4331
2717,90.600,16,0.000,0.0000,1.0000,0.830,0.3206,0.5862,0.870,0.4584,0.5845,0.816,0.2255,0.5824,0.871,0.5477,0.5738,0.871,0.2533,0.6315,0.898,0.5247,0.6201,0.710,0.3170,0.4440,0.627,0.4190,0.4386
2718,90.633,16,0.000,0.0000,1.0000,0.849,0.3177,0.5904,0.851,0.4587,0.5881,0.817,0.2241,0.5824,0.868,0.5500,0.5738,0.854,0.2528,0.6303,0.897,0.5245,0.6197,0.690,0.3167,0.4481,0.640,0.4188,0.4438
2719,90.667,16,0.000,0.0000,1.0000,0.874,0.3187,0.5940,0.884,0.4603,0.5904,0.831,0.2231,0.5828,0.866,0.5498,0.5739,0.854,0.2525,0.6304,0.893,0.5244,0.6197,0.709,0.3172,0.4531,0.638,0.4194,0.4473
2720,90.700,16,0.000,0.0000,1.0000,0.860,0.3185,0.5958,0.894,0.4621,0.5926,0.831,0.2232,0.5823,0.866,0.5486,0.5741,0.848,0.2522,0.6296,0.893,0.5248,0.6191,0.709,0.3179,0.4555,0.655,0.4206,0.4525
2721,90.733,16,0.000,0.0000,1.0000,0.800,0.3178,0.5999,0.886,0.4631,0.5961,0.834,0.2243,0.5821,0.873,0.5469,0.5732,0.845,0.2524,0.6295,0.888,0.5240,0.6182,0.690,0.3185,0.4596,0.643,0.4187,0.4565
2722,90.767,16,0.000,0.0000,1.0000,0.820,0.3168,0.6016,0.846,0.4614,0.5992,0.835,0.2250,0.5821,0.872,0.5447,0.5727,0.829,0.2521,0.6284,0.883,0.5241,0.6188,0.691,0.3193,0.4635,0.648,0.4208,0.4590
2723,90.800,16,0.000,0.0000,1.0000,0.846,0.3173,0.6037,0.857,0.4612,0.6011,0.833,0.2259,0.5825,0.852,0.5427,0.5724,0.829,0.2522,0.6284,0.876,0.5231,0.6193,0.723,0.3199,0.4656,0.658,0.4208,0.4622
2724,90.833,16,0.000,0.0000,1.0000,0.862,0.3192,0.6057,0.875,0.4615,0.6034,0.831,0.2261,0.5822,0.838,0.5410,0.5728,0.796,0.2511,0.6272,0.874,0.5236,0.6190,0.729,0.3233,0.4677,0.686,0.4228,0.4646
2725,90.867,16,0.000,0.0000,1.0000,0.859,0.3182,0.6068,0.888,0.4630,0.6047,0.819,0.2270,0.5820,0.829,0.5402,0.5727,0.754,0.2502,0.6257,0.866,0.5231,0.6194,0.726,0.3253,0.4696,0.695,0.4240,0.4668
2726,90.900,16,0.000,0.0000,1.0000,0.854,0.3186,0.6083,0.896,0.4637,0.6060,0.817,0.2277,0.5825,0.830,0.5402,0.5727,0.755,0.2502,0.6261,0.862,0.5234,0.6197,0.728,0.3264,0.4699,0.696,0.4249,0.4679
2727,90.933,16,0.000,0.0000,1.0000,0.843,0.3202,0.6094,0.899,0.4637,0.6071,0.805,0.2286,0.5826,0.828,0.5404,0.5731,0.751,0.2502,0.6260,0.855,0.5226,0.6204,0.701,0.3274,0.4718,0.687,0.4252,0.4702
2728,90.967,16,0.000,0.0000,1.0000,0.830,0.3204,0.6099,0.896,0.4636,0.6082,0.803,0.2285,0.5825,0.821,0.5405,0.5736,0.740,0.2498,0.6253,0.852,0.5223,0.6205,0.692,0.3278,0.4727,0.688,0.4279,0.4710
2729,91.000,16,0.000,0.0000,1.0000,0.824,0.3206,0.6103,0.894,0.4636,0.6088,0.816,0.2280,0.5832,0.821,0.5409,0.5737,0.775,0.2505,0.6271,0.853,0.5223,0.6208,0.687,0.3285,0.4732,0.683,0.4294,0.4715
2730,91.033,16,0.000,0.0000,1.0000,0.818,0.3204,0.6106,0.893,0.4637,0.6089,0.812,0.2280,0.5832,0.824,0.5411,0.5737,0.785,0.2508,0.6270,0.854,0.5219,0.6209,0.684,0.3289,0.4735,0.679,0.4303,0.4717
2731,91.067,16,0.000,0.0000,1.0000,0.820,0.3208,0.6105,0.895,0.4643,0.6086,0.815,0.2282,0.5833,0.822,0.5413,0.5739,0.774,0.2504,0.6269,0.854,0.5221,0.6209,0.689,0.3294,0.4729,0.679,0.4315,0.4710
2732,91.100,16,0.000,0.0000,1.0000,0.826,0.3203,0.6099,0.900,0.4645,0.6082,0.825,0.2274,0.5833,0.826,0.5417,0.5739,0.772,0.2504,0.6270,0.858,0.5221,0.6203,0.687,0.3298,0.4726,0.683,0.4314,0.4704
2733,91.133,16,0.000,0.0000,1.0000,0.845,0.3227,0.6093,0.903,0.4648,0.6072,0.824,0.2278,0.5838,0.857,0.5432,0.5739,0.770,0.2509,0.6273,0.864,0.5226,0.6193,0.685,0.3306,0.4718,0.683,0.4318,0.4697
2734,91.167,16,0.000,0.0000,1.0000,0.859,0.3208,0.6071,0.897,0.4647,0.6057,0.835,0.2265,0.5834,0.860,0.5452,0.5745,0.756,0.2503,0.6266,0.872,0.5239,0.6191,0.698,0.3303,0.4692,0.687,0.4317,0.4675
2735,91.200,16,0.000,0.0000,1.0000,0.856,0.3241,0.6056,0.881,0.4636,0.6037,0.837,0.2269,0.5835,0.846,0.5454,0.5749,0.778,0.2506,0.6267,0.875,0.5246,0.6190,0.689,0.3303,0.4678,0.677,0.4325,0.4658
2736,91.233,16,0.000,0.0000,1.0000,0.839,0.3211,0.6030,0.853,0.4626,0.6015,0.838,0.2258,0.5829,0.855,0.5471,0.5748,0.821,0.2521,0.6277,0.881,0.5248,0.6185,0.668,0.3310,0.4646,0.655,0.4334,0.4630
2737,91.267,16,0.000,0.0000,1.0000,0.804,0.3203,0.6003,0.868,0.4636,0.5980,0.849,0.2243,0.5827,0.869,0.5494,0.5742,0.848,0.2529,0.6287,0.886,0.5253,0.6184,0.653,0.3324,0.4609,0.634,0.4363,0.4587
2738,91.300,16,0.000,0.0000,1.0000,0.855,0.3214,0.5969,0.891,0.4634,0.5939,0.824,0.2255,0.5819,0.871,0.5493,0.5739,0.846,0.2524,0.6280,0.890,0.5254,0.6184,0.676,0.3312,0.4571,0.664,0.4343,0.4549
2739,91.333,16,0.000,0.0000,1.0000,0.877,0.3210,0.5943,0.885,0.4613,0.5903,0.826,0.2247,0.5824,0.874,0.5499,0.5736,0.862,0.2536,0.6293,0.888,0.5250,0.6189,0.664,0.3299,0.4512,0.645,0.4339,0.4494
2740,91.367,16,0.000,0.0000,1.0000,0.843,0.3188,0.5901,0.831,0.4590,0.5868,0.811,0.2267,0.5821,0.867,0.5489,0.5737,0.862,0.2535,0.6302,0.893,0.5250,0.6191,0.680,0.3296,0.4462,0.666,0.4320,0.4433
2741,91.400,16,0.000,0.0000,1.0000,0.848,0.3233,0.5845,0.875,0.4602,0.5825,0.811,0.2282,0.5826,0.872,0.5469,0.5730,0.884,0.2544,0.6321,0.891,0.5252,0.6184,0.688,0.3285,0.4423,0.652,0.4292,0.4396
2742,91.433,16,0.000,0.0000,1.0000,0.850,0.3219,0.5787,0.847,0.4580,0.5792,0.815,0.2273,0.5828,0.878,0.5471,0.5716,0.882,0.2541,0.6318,0.891,0.5250,0.6184,0.670,0.3278,0.4356,0.657,0.4304,0.4328
2743,91.467,16,0.000,0.0000,1.0000,0.800,0.3216,0.5749,0.793,0.4577,0.5737,0.828,0.2291,0.5821,0.874,0.5455,0.5714,0.884,0.2541,0.6315,0.892,0.5252,0.6182,0.678,0.3276,0.4304,0.673,0.4288,0.4279
2744,91.500,16,0.000,0.0000,1.0000,0.862,0.3229,0.5680,0.830,0.4582,0.5675,0.835,0.2306,0.5809,0.865,0.5448,0.5720,0.882,0.2547,0.6305,0.887,0.5244,0.6196,0.685,0.3259,0.4230,0.668,0.4294,0.4214
2745,91.533,16,0.000,0.0000,1.0000,0.831,0.3256,0.5638,0.804,0.4557,0.5642,0.831,0.2320,0.5793,0.855,0.5435,0.5710,0.877,0.2552,0.6300,0.882,0.5245,0.6199,0.701,0.3256,0.4179,0.666,0.4278,0.4162
2746,91.567,16,0.000,0.0000,1.0000,0.857,0.3266,0.5573,0.803,0.4559,0.5609,0.818,0.2320,0.5778,0.834,0.5412,0.5704,0.876,0.2551,0.6299,0.870,0.5236,0.6209,0.688,0.3225,0.4138,0.629,0.4265,0.4117
2747,91.600,16,0.000,0.0000,1.0000,0.804,0.3263,0.5513,0.830,0.4538,0.5569,0.809,0.2329,0.5765,0.857,0.5387,0.5705,0.874,0.2551,0.6298,0.870,0.5241,0.6210,0.678,0.3208,0.4077,0.656,0.4278,0.4065
2748,91.633,16,0.000,0.0000,1.0000,0.818,0.3244,0.5471,0.809,0.4494,0.5523,0.784,0.2331,0.5754,0.869,0.5366,0.5709,0.874,0.2552,0.6301,0.852,0.5237,0.6218,0.683,0.3221,0.4036,0.665,0.4288,0.4020
2749,91.667,16,0.000,0.0000,1.0000,0.827,0.3267,0.5423,0.788,0.4507,0.5482,0.806,0.2333,0.5746,0.871,0.5359,0.5719,0.877,0.2554,0.6311,0.837,0.5232,0.6232,0.669,0.3203,0.3984,0.654,0.4301,0.3969
2750,91.700,16,0.000,0.0000,1.0000,0.806,0.3271,0.5405,0.798,0.4536,0.5453,0.819,0.2362,0.5748,0.875,0.5350,0.5728,0.882,0.2556,0.6315,0.830,0.5232,0.6237,0.676,0.3198,0.3958,0.670,0.4286,0.3922
2751,91.733,16,0.000,0.0000,1.0000,0.766,0.3302,0.5372,0.816,0.4536,0.5428,0.800,0.2443,0.5722,0.878,0.5332,0.5731,0.878,0.2549,0.6308,0.825,0.5231,0.6239,0.686,0.3183,0.3927,0.649,0.4256,0.3881
2752,91.767,16,0.000,0.0000,1.0000,0.781,0.3288,0.5360,0.790,0.4551,0.5407,0.781,0.2470,0.5729,0.883,0.5310,0.5736,0.872,0.2552,0.6303,0.809,0.5227,0.6242,0.670,0.3171,0.3892,0.667,0.4233,0.3842
2753,91.800,16,0.000,0.0000,1.0000,0.816,0.3308,0.5320,0.753,0.4570,0.5380,0.780,0.2482,0.5733,0.885,0.5293,0.5741,0.871,0.2562,0.6304,0.824,0.5232,0.6239,0.654,0.3166,0.3852,0.687,0.4240,0.3816
2754,91.833,16,0.000,0.0000,1.0000,0.820,0.3265,0.5306,0.809,0.4544,0.5344,0.788,0.2506,0.5747,0.866,0.5269,0.5749,0.872,0.2565,0.6299,0.807,0.5232,0.6246,0.663,0.3139,0.3834,0.674,0.4208,0.3800
2755,91.867,16,0.000,0.0000,1.0000,0.801,0.3304,0.5278,0.814,0.4559,0.5327,0.812,0.2520,0.5745,0.840,0.5258,0.5757,0.876,0.2563,0.6308,0.806,0.5230,0.6242,0.651,0.3125,0.3819,0.660,0.4197,0.3784
2756,91.900,16,0.000,0.0000,1.0000,0.786,0.3279,0.5256,0.792,0.4571,0.5301,0.800,0.2523,0.5754,0.841,0.5249,0.5770,0.878,0.2568,0.6316,0.795,0.5232,0.6247,0.653,0.3113,0.3800,0.634,0.4186,0.3741
2757,91.933,16,0.000,0.0000,1.0000,0.771,0.3266,0.5241,0.785,0.4581,0.5285,0.829,0.2534,0.5763,0.820,0.5220,0.5776,0.882,0.2564,0.6321,0.786,0.5231,0.6250,0.644,0.3109,0.3769,0.656,0.4197,0.3712
2758,91.967,16,0.000,0.0000,1.0000,0.799,0.3261,0.5220,0.748,0.4581,0.5259,0.837,0.2550,0.5757,0.833,0.5178,0.5778,0.881,0.2552,0.6313,0.789,0.5229,0.6252,0.639,0.3105,0.3754,0.655,0.4181,0.3693
2759,92.000,16,0.000,0.0000,1.0000,0.810,0.3222,0.5223,0.754,0.4548,0.5232,0.841,0.2571,0.5757,0.851,0.5137,0.5771,0.877,0.2553,0.6304,0.793,0.5231,0.6248,0.655,0.3091,0.3730,0.653,0.4166,0.3680
2760,92.033,16,0.000,0.0000,1.0000,0.791,0.3190,0.5228,0.768,0.4523,0.5215,0.846,0.2599,0.5761,0.857,0.5118,0.5769,0.871,0.2554,0.6301,0.802,0.5233,0.6243,0.665,0.3055,0.3730,0.679,0.4127,0.3676
2761,92.067,16,0.000,0.0000,1.0000,0.784,0.3172,0.5225,0.771,0.4502,0.5208,0.838,0.2613,0.5759,0.861,0.5101,0.5769,0.868,0.2554,0.6298,0.790,0.5232,0.6244,0.671,0.3034,0.3723,0.681,0.4108,0.3671
2762,92.100,16,0.000,0.0000,1.0000,0.775,0.3151,0.5225,0.770,0.4493,0.5196,0.832,0.2630,0.5761,0.871,0.5097,0.5774,0.866,0.2556,0.6294,0.791,0.5235,0.6244,0.681,0.3020,0.3722,0.690,0.4080,0.3676
2763,92.133,16,0.000,0.0000,1.0000,0.775,0.3156,0.5219,0.773,0.4500,0.5187,0.818,0.2644,0.5753,0.870,0.5093,0.5775,0.867,0.2556,0.6294,0.786,0.5234,0.6245,0.681,0.3013,0.3717,0.691,0.4068,0.3677
2764,92.167,16,0.000,0.0000,1.0000,0.765,0.3138,0.5223,0.773,0.4497,0.5185,0.825,0.2647,0.5762,0.855,0.5083,0.5767,0.868,0.2553,0.6299,0.776,0.5231,0.6247,0.687,0.2997,0.3703,0.682,0.4048,0.3670
2765,92.200,16,0.000,0.0000,1.0000,0.753,0.3127,0.5225,0.776,0.4484,0.5182,0.826,0.2653,0.5764,0.862,0.5080,0.5776,0.868,0.2554,0.6295,0.774,0.5235,0.6248,0.681,0.2982,0.3701,0.670,0.4034,0.3668
2766,92.233,16,0.000,0.0000,1.0000,0.742,0.3117,0.5228,0.779,0.4490,0.5187,0.824,0.2663,0.5766,0.861,0.5075,0.5779,0.869,0.2555,0.6295,0.771,0.5239,0.6248,0.680,0.2972,0.3699,0.667,0.4036,0.3662
2767,92.267,16,0.000,0.0000,1.0000,0.738,0.3116,0.5234,0.781,0.4497,0.5193,0.831,0.2665,0.5771,0.870,0.5074,0.5788,0.872,0.2551,0.6301,0.769,0.5236,0.6248,0.680,0.2959,0.3696,0.675,0.4021,0.3668
2768,92.300,16,0.000,0.0000,1.0000,0.742,0.3124,0.5229,0.780,0.4503,0.5193,0.836,0.2673,0.5776,0.869,0.5071,0.5795,0.874,0.2548,0.6309,0.768,0.5236,0.6250,0.674,0.2957,0.3702,0.678,0.4026,0.3672
2769,92.333,16,0.000,0.0000,1.0000,0.747,0.3134,0.5230,0.781,0.4499,0.5187,0.833,0.2675,0.5778,0.865,0.5070,0.5795,0.875,0.2548,0.6310,0.768,0.5239,0.6250,0.667,0.2955,0.3709,0.677,0.4019,0.3674
2770,92.367,16,0.000,0.0000,1.0000,0.718,0.3110,0.5241,0.784,0.4489,0.5183,0.839,0.2667,0.5787,0.868,0.5064,0.5795,0.875,0.2548,0.6309,0.769,0.5239,0.6250,0.651,0.2949,0.3718,0.678,0.4014,0.3678
2771,92.400,16,0.000,0.0000,1.0000,0.720,0.3115,0.5242,0.786,0.4507,0.5189,0.832,0.2666,0.5787,0.862,0.5061,0.5794,0.876,0.2548,0.6311,0.775,0.5230,0.6248,0.649,0.2949,0.3759,0.682,0.4017,0.3691
2772,92.433,16,0.000,0.0000,1.0000,0.723,0.3111,0.5243,0.782,0.4529,0.5203,0.823,0.2656,0.5778,0.859,0.5055,0.5789,0.875,0.2546,0.6309,0.763,0.5228,0.6252,0.657,0.2945,0.3760,0.684,0.4020,0.3690
2773,92.467,16,0.000,0.0000,1.0000,0.747,0.3102,0.5261,0.783,0.4533,0.5210,0.822,0.2653,0.5781,0.865,0.5061,0.5793,0.878,0.2548,0.6308,0.760,0.5226,0.6252,0.654,0.2948,0.3761,0.682,0.4017,0.3687
2774,92.500,16,0.000,0.0000,1.0000,0.746,0.3113,0.5269,0.787,0.4517,0.5211,0.784,0.2671,0.5760,0.875,0.5065,0.5807,0.877,0.2547,0.6311,0.755,0.5229,0.6253,0.652,0.2937,0.3771,0.675,0.4010,0.3702
2775,92.533,16,0.000,0.0000,1.0000,0.768,0.3107,0.5277,0.785,0.4528,0.5221,0.793,0.2664,0.5765,0.865,0.5068,0.5814,0.878,0.2549,0.6318,0.756,0.5236,0.6256,0.669,0.2935,0.3793,0.667,0.4008,0.3716
2776,92.567,16,0.000,0.0000,1.0000,0.766,0.3116,0.5290,0.789,0.4533,0.5230,0.798,0.2656,0.5759,0.871,0.5069,0.5817,0.881,0.2551,0.6321,0.774,0.5238,0.6256,0.661,0.2922,0.3807,0.653,0.3988,0.3754
2777,92.600,16,0.000,0.0000,1.0000,0.771,0.3107,0.5301,0.790,0.4534,0.5240,0.814,0.2640,0.5764,0.869,0.5064,0.5820,0.882,0.2551,0.6323,0.767,0.5233,0.6258,0.655,0.2916,0.3819,0.647,0.3979,0.3761
2778,92.633,16,0.000,0.0000,1.0000,0.760,0.3112,0.5316,0.774,0.4534,0.5259,0.798,0.2636,0.5753,0.860,0.5066,0.5822,0.883,0.2552,0.6325,0.766,0.5232,0.6260,0.643,0.2913,0.3832,0.642,0.3963,0.3775
2779,92.667,16,0.000,0.0000,1.0000,0.774,0.3128,0.5355,0.786,0.4543,0.5274,0.800,0.2604,0.5769,0.842,0.5065,0.5817,0.888,0.2553,0.6322,0.776,0.5230,0.6255,0.652,0.2924,0.3856,0.626,0.3955,0.3805
2780,92.700,16,0.000,0.0000,1.0000,0.758,0.3124,0.5378,0.792,0.4533,0.5284,0.803,0.2578,0.5775,0.827,0.5070,0.5819,0.889,0.2554,0.6322,0.770,0.5226,0.6257,0.656,0.2931,0.3892,0.618,0.3951,0.3825
2781,92.733,16,0.000,0.0000,1.0000,0.761,0.3122,0.5393,0.799,0.4525,0.5292,0.795,0.2558,0.5779,0.833,0.5081,0.5821,0.888,0.2553,0.6328,0.771,0.5227,0.6256,0.668,0.2942,0.3905,0.629,0.3970,0.3845
2782,92.767,16,0.000,0.0000,1.0000,0.750,0.3113,0.5398,0.793,0.4521,0.5300,0.784,0.2544,0.5781,0.793,0.5084,0.5796,0.894,0.2553,0.6318,0.794,0.5230,0.6254,0.666,0.2949,0.3906,0.649,0.3997,0.3851
2783,92.800,16,0.000,0.0000,1.0000,0.760,0.3104,0.5426,0.800,0.4517,0.5312,0.786,0.2537,0.5781,0.718,0.5072,0.5758,0.892,0.2544,0.6316,0.814,0.5234,0.6249,0.679,0.2936,0.3947,0.630,0.3973,0.3888
2784,92.833,16,0.000,0.0000,1.0000,0.716,0.3105,0.5437,0.793,0.4543,0.5331,0.775,0.2538,0.5776,0.697,0.5064,0.5749,0.890,0.2540,0.6326,0.812,0.5230,0.6244,0.680,0.2947,0.3962,0.645,0.3981,0.3907
2785,92.867,16,0.000,0.0000,1.0000,0.745,0.3113,0.5472,0.758,0.4532,0.5385,0.788,0.2530,0.5784,0.729,0.5119,0.5766,0.893,0.2541,0.6331,0.799,0.5217,0.6244,0.678,0.2972,0.3986,0.645,0.3995,0.3949
2786,92.900,16,0.000,0.0000,1.0000,0.734,0.3132,0.5505,0.762,0.4539,0.5408,0.793,0.2519,0.5790,0.776,0.5193,0.5803,0.888,0.2542,0.6315,0.787,0.5207,0.6246,0.675,0.2986,0.4022,0.639,0.3996,0.3977
2787,92.933,16,0.000,0.0000,1.0000,0.808,0.3191,0.5530,0.763,0.4563,0.5443,0.800,0.2524,0.5778,0.839,0.5235,0.5804,0.883,0.2544,0.6304,0.762,0.5182,0.6250,0.684,0.3007,0.4049,0.644,0.4021,0.4011
2788,92.967,16,0.000,0.0000,1.0000,0.842,0.3238,0.5561,0.760,0.4583,0.5478,0.817,0.2508,0.5798,0.864,0.5247,0.5809,0.888,0.2548,0.6306,0.775,0.5183,0.6242,0.688,0.3020,0.4095,0.663,0.4052,0.4061
2789,93.000,16,0.000,0.0000,1.0000,0.846,0.3252,0.5591,0.732,0.4546,0.5501,0.817,0.2477,0.5820,0.854,0.5261,0.5793,0.891,0.2548,0.6309,0.794,0.5156,0.6243,0.697,0.3043,0.4145,0.649,0.4062,0.4098
2790,93.033,16,0.000,0.0000,1.0000,0.816,0.3223,0.5627,0.773,0.4534,0.5524,0.819,0.2453,0.5847,0.876,0.5283,0.5804,0.887,0.2548,0.6307,0.815,0.5100,0.6242,0.692,0.3074,0.4154,0.651,0.4091,0.4125
2791,93.067,16,0.000,0.0000,1.0000,0.857,0.3261,0.5669,0.792,0.4529,0.5563,0.838,0.2414,0.5852,0.842,0.5300,0.5786,0.886,0.2553,0.6303,0.830,0.5115,0.6241,0.704,0.3086,0.4187,0.663,0.4124,0.4154
2792,93.100,17,0.000,0.0000,1.0000,0.838,0.3267,0.5729,0.783,0.4532,0.5610,0.837,0.2406,0.5866,0.845,0.5311,0.5787,0.884,0.2554,0.6307,0.834,0.5111,0.6241,0.709,0.3076,0.4209,0.676,0.4107,0.4192
2793,93.133,17,0.000,0.0000,1.0000,0.848,0.3286,0.5768,0.750,0.4575,0.5662,0.821,0.2397,0.5877,0.828,0.5338,0.5793,0.875,0.2551,0.6306,0.829,0.5113,0.6233,0.685,0.3090,0.4290,0.655,0.4074,0.4272
2794,93.167,16,0.000,0.0000,1.0000,0.851,0.3319,0.5806,0.744,0.4582,0.5702,0.823,0.2423,0.5878,0.822,0.5340,0.5782,0.879,0.2549,0.6308,0.821,0.5168,0.6219,0.679,0.3126,0.4322,0.664,0.4074,0.4323
2795,93.200,17,0.000,0.0000,1.0000,0.853,0.3363,0.5844,0.709,0.4646,0.5747,0.818,0.2435,0.5888,0.810,0.5373,0.5807,0.868,0.2549,0.6309,0.771,0.5197,0.6227,0.669,0.3132,0.4359,0.649,0.4066,0.4351
2796,93.233,18,0.124,0.4891,0.6103,0.825,0.3389,0.5876,0.733,0.4697,0.5781,0.820,0.2463,0.5901,0.806,0.5398,0.5835,0.872,0.2547,0.6313,0.786,0.5190,0.6228,0.688,0.3148,0.4399,0.651,0.4095,0.4389
2797,93.267,17,0.000,0.0000,1.0000,0.871,0.3446,0.5909,0.701,0.4773,0.5799,0.818,0.2479,0.5922,0.817,0.5443,0.5840,0.870,0.2550,0.6318,0.779,0.5200,0.6229,0.695,0.3157,0.4423,0.663,0.4105,0.4406
2798,93.300,16,0.000,0.0000,1.0000,0.869,0.3490,0.5927,0.719,0.4795,0.5817,0.816,0.2485,0.5946,0.824,0.5459,0.5856,0.868,0.2553,0.6329,0.763,0.5213,0.6231,0.700,0.3161,0.4444,0.670,0.4128,0.4431
2799,93.333,16,0.000,0.0000,1.0000,0.871,0.3505,0.5948,0.742,0.4878,0.5842,0.812,0.2483,0.5966,0.807,0.5479,0.5871,0.867,0.2555,0.6332,0.750,0.5219,0.6235,0.700,0.3170,0.4451,0.672,0.4135,0.4439
2800,93.367,16,0.000,0.0000,1.0000,0.856,0.3525,0.5950,0.737,0.4903,0.5840,0.803,0.2490,0.5979,0.792,0.5488,0.5881,0.856,0.2552,0.6328,0.735,0.5251,0.6243,0.695,0.3181,0.4474,0.656,0.4155,0.4455
2801,93.400,16,0.000,0.0000,1.0000,0.871,0.3554,0.5959,0.741,0.4926,0.5823,0.828,0.2513,0.5980,0.783,0.5502,0.5888,0.854,0.2555,0.6331,0.727,0.5270,0.6247,0.687,0.3187,0.4489,0.639,0.4174,0.4467
2802,93.433,16,0.000,0.0000,1.0000,0.879,0.3602,0.5966,0.731,0.4956,0.5836,0.854,0.2551,0.5986,0.784,0.5542,0.5876,0.850,0.2558,0.6332,0.653,0.5340,0.6257,0.674,0.3203,0.4518,0.622,0.4185,0.4483
2803,93.467,16,0.000,0.0000,1.0000,0.867,0.3645,0.5971,0.759,0.5022,0.5839,0.862,0.2582,0.5992,0.744,0.5574,0.5872,0.832,0.2567,0.6345,0.598,0.5399,0.6247,0.685,0.3225,0.4534,0.621,0.4194,0.4503
2804,93.500,16,0.000,0.0000,1.0000,0.832,0.3671,0.5982,0.753,0.5054,0.5854,0.834,0.2586,0.6001,0.718,0.5592,0.5870,0.828,0.2568,0.6347,0.569,0.5460,0.6247,0.697,0.3236,0.4547,0.625,0.4207,0.4515
2805,93.533,16,0.000,0.0000,1.0000,0.798,0.3686,0.5990,0.708,0.5108,0.5879,0.841,0.2590,0.6012,0.712,0.5620,0.5867,0.822,0.2581,0.6357,0.604,0.5535,0.6243,0.694,0.3252,0.4571,0.643,0.4263,0.4538
2806,93.567,16,0.000,0.0000,1.0000,0.803,0.3721,0.6023,0.708,0.5140,0.5884,0.845,0.2616,0.6019,0.738,0.5648,0.5865,0.782,0.2580,0.6376,0.647,0.5561,0.6233,0.684,0.3262,0.4598,0.651,0.4290,0.4554
2807,93.600,16,0.000,0.0000,1.0000,0.800,0.3742,0.6041,0.671,0.5190,0.5900,0.847,0.2627,0.6031,0.734,0.5668,0.5878,0.812,0.2603,0.6361,0.629,0.5610,0.6235,0.663,0.3278,0.4630,0.641,0.4333,0.4574
2808,93.633,16,0.000,0.0000,1.0000,0.833,0.3787,0.6061,0.668,0.5237,0.5919,0.836,0.2647,0.6034,0.672,0.5678,0.5891,0.810,0.2621,0.6362,0.594,0.5589,0.6238,0.669,0.3292,0.4662,0.626,0.4342,0.4582
2809,93.667,16,0.000,0.0000,1.0000,0.833,0.3801,0.6077,0.677,0.5285,0.5927,0.844,0.2652,0.6046,0.593,0.5662,0.5905,0.798,0.2615,0.6368,0.568,0.5575,0.6236,0.673,0.3305,0.4678,0.611,0.4360,0.4596
2810,93.700,16,0.000,0.0000,1.0000,0.808,0.3802,0.6092,0.684,0.5310,0.5930,0.832,0.2668,0.6050,0.576,0.5644,0.5923,0.791,0.2613,0.6375,0.525,0.5580,0.6237,0.675,0.3304,0.4700,0.601,0.4367,0.4612
2811,93.733,16,0.000,0.0000,1.0000,0.782,0.3792,0.6105,0.682,0.5352,0.5940,0.837,0.2684,0.6067,0.559,0.5659,0.5909,0.788,0.2612,0.6376,0.515,0.5592,0.6235,0.670,0.3312,0.4722,0.604,0.4376,0.4627
2812,93.767,16,0.000,0.0000,1.0000,0.758,0.3797,0.6114,0.694,0.5348,0.5945,0.863,0.2706,0.6076,0.576,0.5669,0.5905,0.805,0.2612,0.6371,0.525,0.5622,0.6231,0.662,0.3317,0.4744,0.639,0.4401,0.4645
2813,93.800,16,0.000,0.0000,1.0000,0.740,0.3785,0.6121,0.683,0.5332,0.5940,0.886,0.2720,0.6080,0.557,0.5679,0.5890,0.790,0.2614,0.6377,0.505,0.5671,0.6223,0.658,0.3321,0.4770,0.642,0.4410,0.4655
2814,93.833,16,0.000,0.0000,1.0000,0.746,0.3788,0.6137,0.668,0.5363,0.5965,0.896,0.2722,0.6084,0.543,0.5694,0.5884,0.795,0.2605,0.6376,0.497,0.5676,0.6224,0.677,0.3304,0.4785,0.642,0.4417,0.4668
2815,93.867,16,0.000,0.0000,1.0000,0.774,0.3778,0.6156,0.657,0.5359,0.5974,0.893,0.2722,0.6087,0.504,0.5675,0.5889,0.802,0.2608,0.6375,0.479,0.5616,0.6225,0.679,0.3293,0.4806,0.622,0.4406,0.4678
2816,93.900,16,0.000,0.0000,1.0000,0.786,0.3767,0.6170,0.677,0.5323,0.5962,0.888,0.2719,0.6092,0.489,0.5657,0.5913,0.807,0.2604,0.6379,0.425,0.5651,0.6230,0.686,0.3278,0.4824,0.612,0.4393,0.4695
2817,93.933,16,0.000,0.0000,1.0000,0.782,0.3749,0.6177,0.690,0.5285,0.5958,0.870,0.2705,0.6097,0.573,0.5674,0.5923,0.800,0.2607,0.6386,0.444,0.5598,0.6250,0.685,0.3266,0.4843,0.605,0.4376,0.4707
2818,93.967,16,0.000,0.0000,1.0000,0.786,0.3751,0.6185,0.718,0.5279,0.5958,0.861,0.2701,0.6099,0.646,0.5693,0.5920,0.780,0.2635,0.6395,0.527,0.5591,0.6260,0.680,0.3254,0.4847,0.604,0.4375,0.4702
2819,94.000,16,0.000,0.0000,1.0000,0.790,0.3741,0.6191,0.736,0.5284,0.5983,0.851,0.2696,0.6101,0.670,0.5721,0.5922,0.788,0.2634,0.6396,0.510,0.5675,0.6268,0.675,0.3245,0.4849,0.607,0.4368,0.4703
2820,94.033,16,0.000,0.0000,1.0000,0.790,0.3744,0.6198,0.733,0.5271,0.5987,0.832,0.2686,0.6103,0.701,0.5714,0.5921,0.792,0.2635,0.6398,0.514,0.5576,0.6285,0.657,0.3238,0.4865,0.605,0.4354,0.4719
2821,94.067,16,0.000,0.0000,1.0000,0.806,0.3722,0.6200,0.725,0.5249,0.6006,0.848,0.2647,0.6113,0.736,0.5706,0.5922,0.809,0.2629,0.6413,0.535,0.5589,0.6283,0.657,0.3207,0.4858,0.607,0.4319,0.4723
2822,94.100,16,0.000,0.0000,1.0000,0.819,0.3699,0.6203,0.711,0.5220,0.6010,0.838,0.2625,0.6119,0.777,0.5705,0.5918,0.814,0.2629,0.6418,0.547,0.5586,0.6283,0.648,0.3164,0.4850,0.611,0.4290,0.4723
2823,94.133,16,0.000,0.0000,1.0000,0.830,0.3664,0.6207,0.718,0.5207,0.6017,0.829,0.2617,0.6120,0.783,0.5693,0.5930,0.801,0.2625,0.6419,0.574,0.5569,0.6293,0.641,0.3139,0.4842,0.611,0.4257,0.4726
2824,94.167,16,0.000,0.0000,1.0000,0.835,0.3596,0.6206,0.712,0.5166,0.6031,0.818,0.2605,0.6123,0.785,0.5675,0.5937,0.779,0.2592,0.6410,0.531,0.5609,0.6292,0.657,0.3119,0.4832,0.613,0.4249,0.4731
2825,94.200,16,0.000,0.0000,1.0000,0.835,0.3580,0.6207,0.734,0.5129,0.6041,0.822,0.2594,0.6122,0.770,0.5655,0.5949,0.749,0.2561,0.6404,0.513,0.5591,0.6295,0.658,0.3121,0.4835,0.618,0.4271,0.4731
2826,94.233,16,0.000,0.0000,1.0000,0.831,0.3567,0.6212,0.763,0.5118,0.6061,0.840,0.2581,0.6114,0.773,0.5650,0.5947,0.761,0.2568,0.6405,0.578,0.5456,0.6307,0.667,0.3104,0.4837,0.622,0.4260,0.4732
2827,94.267,16,0.000,0.0000,1.0000,0.827,0.3566,0.6215,0.793,0.5072,0.6060,0.837,0.2565,0.6116,0.770,0.5646,0.5956,0.761,0.2560,0.6412,0.595,0.5440,0.6313,0.679,0.3071,0.4822,0.623,0.4247,0.4731
2828,94.300,16,0.000,0.0000,1.0000,0.795,0.3537,0.6224,0.822,0.5059,0.6083,0.828,0.2535,0.6118,0.766,0.5634,0.5963,0.756,0.2588,0.6420,0.634,0.5363,0.6315,0.673,0.3072,0.4827,0.617,0.4256,0.4732
2829,94.333,16,0.000,0.0000,1.0000,0.810,0.3496,0.6231,0.797,0.5041,0.6102,0.784,0.2500,0.6125,0.762,0.5634,0.5978,0.750,0.2578,0.6419,0.657,0.5335,0.6313,0.679,0.3039,0.4819,0.611,0.4211,0.4731
2830,94.367,16,0.000,0.0000,1.0000,0.805,0.3453,0.6236,0.762,0.4996,0.6118,0.795,0.2469,0.6136,0.756,0.5630,0.5985,0.733,0.2584,0.6418,0.633,0.5332,0.6310,0.662,0.3001,0.4830,0.602,0.4184,0.4747
2831,94.400,16,0.000,0.0000,1.0000,0.791,0.3424,0.6251,0.750,0.4947,0.6130,0.812,0.2446,0.6145,0.735,0.5626,0.6008,0.674,0.2576,0.6418,0.599,0.5317,0.6314,0.645,0.2966,0.4840,0.604,0.4158,0.4747
2832,94.433,16,0.000,0.0000,1.0000,0.782,0.3353,0.6276,0.792,0.4898,0.6149,0.840,0.2444,0.6180,0.765,0.5616,0.6023,0.661,0.2584,0.6449,0.655,0.5319,0.6312,0.657,0.2925,0.4848,0.604,0.4151,0.4754
2833,94.467,16,0.000,0.0000,1.0000,0.774,0.3343,0.6280,0.839,0.4869,0.6163,0.877,0.2404,0.6212,0.821,0.5584,0.6052,0.660,0.2564,0.6466,0.631,0.5321,0.6324,0.639,0.2920,0.4863,0.618,0.4138,0.4768
2834,94.500,16,0.000,0.0000,1.0000,0.826,0.3263,0.6292,0.855,0.4833,0.6190,0.872,0.2362,0.6235,0.856,0.5566,0.6074,0.606,0.2497,0.6476,0.677,0.5313,0.6334,0.630,0.2897,0.4874,0.637,0.4104,0.4787
2835,94.533,16,0.000,0.0000,1.0000,0.814,0.3192,0.6314,0.847,0.4802,0.6211,0.792,0.2327,0.6273,0.836,0.5548,0.6097,0.516,0.2479,0.6494,0.611,0.5382,0.6336,0.652,0.2848,0.4908,0.647,0.4053,0.4804
2836,94.567,16,0.000,0.0000,1.0000,0.814,0.3180,0.6329,0.831,0.4781,0.6214,0.814,0.2297,0.6336,0.801,0.5558,0.6121,0.473,0.2601,0.6523,0.562,0.5415,0.6342,0.659,0.2810,0.4925,0.635,0.4019,0.4809
2837,94.600,16,0.000,0.0000,1.0000,0.778,0.3127,0.6348,0.849,0.4741,0.6229,0.814,0.2278,0.6350,0.797,0.5510,0.6133,0.621,0.2485,0.6562,0.568,0.5426,0.6349,0.647,0.2789,0.4932,0.632,0.4011,0.4820
2838,94.633,16,0.000,0.0000,1.0000,0.765,0.3080,0.6368,0.833,0.4715,0.6253,0.827,0.2192,0.6363,0.783,0.5457,0.6139,0.365,0.2774,0.6510,0.632,0.5620,0.6330,0.616,0.2748,0.4955,0.604,0.3973,0.4830
2839,94.667,16,0.000,0.0000,1.0000,0.763,0.2995,0.6383,0.844,0.4654,0.6267,0.812,0.2134,0.6378,0.800,0.5466,0.6139,0.408,0.2655,0.6546,0.668,0.5589,0.6334,0.599,0.2716,0.4971,0.590,0.3954,0.4845
2840,94.700,16,0.000,0.0000,1.0000,0.791,0.2977,0.6420,0.861,0.4637,0.6281,0.827,0.1992,0.6390,0.833,0.5502,0.6120,0.415,0.2555,0.6561,0.734,0.5663,0.6326,0.583,0.2686,0.5011,0.592,0.3941,0.4877
2841,94.733,16,0.000,0.0000,1.0000,0.806,0.2907,0.6439,0.868,0.4633,0.6288,0.803,0.1849,0.6377,0.905,0.5524,0.6087,0.364,0.2557,0.6546,0.698,0.5619,0.6300,0.613,0.2643,0.5032,0.601,0.3918,0.4901
2842,94.767,16,0.000,0.0000,1.0000,0.835,0.2811,0.6458,0.826,0.4586,0.6283,0.896,0.1720,0.6353,0.850,0.5535,0.6038,0.185,0.2543,0.6529,0.664,0.5639,0.6248,0.613,0.2604,0.5027,0.621,0.3875,0.4903
2843,94.800,15,0.000,0.0000,1.0000,0.801,0.2754,0.6471,0.821,0.4541,0.6287,0.874,0.1540,0.6326,0.835,0.5640,0.5971,0.000,0.0000,1.0000,0.611,0.5758,0.6213,0.592,0.2586,0.5024,0.623,0.3842,0.4908
2844,94.833,16,0.000,0.0000,1.0000,0.773,0.2705,0.6471,0.824,0.4496,0.6289,0.821,0.1388,0.6266,0.771,0.5637,0.5878,0.126,0.1707,0.6403,0.505,0.5774,0.6151,0.580,0.2542,0.5025,0.603,0.3812,0.4913
2845,94.867,16,0.000,0.0000,1.0000,0.798,0.2625,0.6479,0.817,0.4437,0.6297,0.830,0.1259,0.6221,0.824,0.5595,0.5826,0.147,0.1664,0.6407,0.504,0.5827,0.6180,0.577,0.2507,0.5031,0.587,0.3784,0.4925
2846,94.900,16,0.000,0.0000,1.0000,0.745,0.2573,0.6491,0.814,0.4433,0.6293,0.829,0.1186,0.6123,0.866,0.5544,0.5719,0.260,0.1816,0.6144,0.188,0.5835,0.6153,0.593,0.2507,0.5060,0.580,0.3789,0.4955
2847,94.933,16,0.000,0.0000,1.0000,0.704,0.2527,0.6509,0.809,0.4383,0.6317,0.785,0.1082,0.6084,0.821,0.5462,0.5638,0.736,0.1606,0.5864,0.157,0.5366,0.5649,0.587,0.2507,0.5090,0.580,0.3783,0.5000
2848,94.967,16,0.000,0.0000,1.0000,0.730,0.2466,0.6507,0.785,0.4332,0.6339,0.814,0.1102,0.6016,0.794,0.5377,0.5648,0.738,0.1453,0.5643,0.767,0.5465,0.5318,0.605,0.2449,0.5097,0.566,0.3754,0.5018
2849,95.000,16,0.000,0.0000,1.0000,0.735,0.2429,0.6506,0.787,0.4292,0.6359,0.833,0.1103,0.5985,0.847,0.5257,0.5644,0.862,0.1156,0.5457,0.807,0.5428,0.5184,0.578,0.2430,0.5116,0.561,0.3755,0.5039
2850,95.033,16,0.000,0.0000,1.0000,0.728,0.2420,0.6502,0.779,0.4276,0.6371,0.839,0.1167,0.5933,0.801,0.5171,0.5621,0.750,0.1028,0.5240,0.860,0.5310,0.5048,0.589,0.2413,0.5153,0.556,0.3750,0.5056
2851,95.067,16,0.000,0.0000,1.0000,0.724,0.2369,0.6502,0.761,0.4238,0.6383,0.844,0.1195,0.5867,0.850,0.5047,0.5624,0.838,0.0962,0.5150,0.829,0.5251,0.4990,0.603,0.2375,0.5166,0.562,0.3731,0.5077
2852,95.100,16,0.000,0.0000,1.0000,0.720,0.2344,0.6507,0.762,0.4218,0.6387,0.827,0.1251,0.5841,0.775,0.4966,0.5624,0.837,0.0926,0.5081,0.850,0.5119,0.4984,0.604,0.2337,0.5175,0.567,0.3708,0.5091
2853,95.133,16,0.000,0.0000,1.0000,0.744,0.2353,0.6522,0.780,0.4222,0.6399,0.895,0.1356,0.5850,0.871,0.4838,0.5680,0.785,0.0963,0.5115,0.884,0.5078,0.4949,0.612,0.2357,0.5177,0.563,0.3710,0.5089
2854,95.167,16,0.000,0.0000,1.0000,0.740,0.2344,0.6525,0.801,0.4219,0.6417,0.862,0.1490,0.5861,0.833,0.4790,0.5718,0.804,0.1073,0.5158,0.846,0.5044,0.4965,0.607,0.2375,0.5180,0.538,0.3718,0.5097
2855,95.200,16,0.000,0.0000,1.0000,0.726,0.2329,0.6530,0.819,0.4203,0.6445,0.828,0.1566,0.5879,0.778,0.4761,0.5744,0.825,0.1121,0.5150,0.766,0.4995,0.5006,0.612,0.2361,0.5179,0.518,0.3740,0.5086
2856,95.233,16,0.000,0.0000,1.0000,0.715,0.2323,0.6530,0.816,0.4211,0.6458,0.817,0.1665,0.5938,0.855,0.4720,0.5814,0.784,0.1203,0.5171,0.813,0.4979,0.5051,0.603,0.2365,0.5190,0.508,0.3740,0.5100
2857,95.267,16,0.000,0.0000,1.0000,0.708,0.2367,0.6529,0.812,0.4241,0.6469,0.854,0.1710,0.5970,0.845,0.4735,0.5843,0.765,0.1246,0.5200,0.826,0.5016,0.5074,0.597,0.2395,0.5187,0.510,0.3749,0.5090
2858,95.300,16,0.000,0.0000,1.0000,0.710,0.2385,0.6531,0.800,0.4276,0.6470,0.832,0.1719,0.5981,0.818,0.4772,0.5844,0.811,0.1290,0.5210,0.848,0.5038,0.5083,0.597,0.2421,0.5191,0.510,0.3761,0.5089
2859,95.333,16,0.000,0.0000,1.0000,0.729,0.2384,0.6537,0.790,0.4313,0.6469,0.824,0.1713,0.5976,0.842,0.4800,0.5842,0.793,0.1302,0.5165,0.858,0.5057,0.5072,0.596,0.2433,0.5188,0.538,0.3792,0.5072
2860,95.367,16,0.000,0.0000,1.0000,0.753,0.2414,0.6547,0.798,0.4356,0.6458,0.828,0.1705,0.5960,0.872,0.4874,0.5817,0.757,0.1324,0.5133,0.879,0.5107,0.5070,0.573,0.2456,0.5197,0.569,0.3820,0.5089
2861,95.400,16,0.000,0.0000,1.0000,0.758,0.2470,0.6549,0.812,0.4405,0.6449,0.841,0.1707,0.5949,0.783,0.4968,0.5758,0.788,0.1341,0.5137,0.806,0.5193,0.5031,0.570,0.2497,0.5200,0.567,0.3869,0.5137
2862,95.433,16,0.000,0.0000,1.0000,0.747,0.2508,0.6553,0.805,0.4460,0.6441,0.811,0.1706,0.5918,0.841,0.5021,0.5705,0.683,0.1355,0.5136,0.779,0.5234,0.5000,0.583,0.2510,0.5188,0.541,0.3874,0.5150
2863,95.467,16,0.000,0.0000,1.0000,0.763,0.2551,0.6538,0.792,0.4523,0.6439,0.834,0.1732,0.5861,0.859,0.5046,0.5681,0.744,0.1435,0.5151,0.875,0.5256,0.4949,0.565,0.2523,0.5203,0.541,0.3923,0.5153
2864,95.500,16,0.000,0.0000,1.0000,0.818,0.2630,0.6548,0.781,0.4571,0.6441,0.884,0.1764,0.5842,0.829,0.5064,0.5647,0.807,0.1491,0.5061,0.872,0.5260,0.4916,0.542,0.2608,0.5231,0.579,0.3995,0.5161
2865,95.533,16,0.000,0.0000,1.0000,0.773,0.2698,0.6540,0.818,0.4635,0.6445,0.812,0.1837,0.5793,0.839,0.5110,0.5611,0.846,0.1515,0.5039,0.844,0.5261,0.4891,0.546,0.2705,0.5229,0.576,0.4085,0.5144
2866,95.567,16,0.000,0.0000,1.0000,0.768,0.2765,0.6542,0.810,0.4707,0.6450,0.768,0.1885,0.5754,0.821,0.5197,0.5590,0.804,0.1579,0.4988,0.829,0.5263,0.4886,0.583,0.2763,0.5228,0.545,0.4135,0.5134
2867,95.600,16,0.000,0.0000,1.0000,0.782,0.2801,0.6541,0.789,0.4776,0.6438,0.842,0.1926,0.5731,0.855,0.5226,0.5585,0.805,0.1689,0.4995,0.819,0.5239,0.4890,0.580,0.2799,0.5205,0.554,0.4194,0.5088
2868,95.633,16,0.000,0.0000,1.0000,0.774,0.2882,0.6541,0.811,0.4820,0.6441,0.833,0.1999,0.5722,0.867,0.5254,0.5552,0.778,0.1875,0.5028,0.771,0.5140,0.4870,0.583,0.2872,0.5218,0.582,0.4272,0.5086
2869,95.667,16,0.000,0.0000,1.0000,0.774,0.2970,0.6556,0.807,0.4907,0.6429,0.854,0.2116,0.5722,0.833,0.5284,0.5525,0.812,0.1911,0.4990,0.793,0.5069,0.4886,0.571,0.2969,0.5261,0.543,0.4351,0.5140
2870,95.700,16,0.000,0.0000,1.0000,0.801,0.3022,0.6556,0.791,0.4961,0.6425,0.839,0.2159,0.5688,0.815,0.5338,0.5495,0.727,0.2046,0.4983,0.778,0.5011,0.4876,0.604,0.3019,0.5280,0.532,0.4370,0.5153
2871,95.733,16,0.000,0.0000,1.0000,0.794,0.3090,0.6567,0.801,0.5019,0.6419,0.826,0.2238,0.5707,0.830,0.5334,0.5483,0.773,0.2151,0.5069,0.699,0.4970,0.4863,0.594,0.3054,0.5295,0.533,0.4390,0.5175
2872,95.767,16,0.000,0.0000,1.0000,0.774,0.3170,0.6579,0.830,0.5073,0.6418,0.838,0.2346,0.5708,0.831,0.5346,0.5471,0.735,0.2327,0.5106,0.724,0.4926,0.4870,0.586,0.3105,0.5303,0.534,0.4417,0.5196
2873,95.800,16,0.000,0.0000,1.0000,0.796,0.3190,0.6572,0.815,0.5101,0.6410,0.799,0.2445,0.5672,0.821,0.5374,0.5462,0.493,0.2452,0.5057,0.688,0.4876,0.4869,0.577,0.3141,0.5311,0.553,0.4450,0.5206
2874,95.833,16,0.000,0.0000,1.0000,0.805,0.3215,0.6563,0.793,0.5128,0.6392,0.803,0.2511,0.5702,0.808,0.5366,0.5430,0.482,0.2593,0.5044,0.691,0.4882,0.4870,0.578,0.3166,0.5318,0.545,0.4480,0.5221
2875,95.867,16,0.000,0.0000,1.0000,0.798,0.3230,0.6547,0.772,0.5142,0.6379,0.840,0.2545,0.5707,0.773,0.5362,0.5381,0.509,0.2732,0.5064,0.665,0.4851,0.4806,0.579,0.3172,0.5312,0.542,0.4492,0.5218
2876,95.900,16,0.000,0.0000,1.0000,0.789,0.3263,0.6537,0.782,0.5169,0.6355,0.837,0.2550,0.5681,0.829,0.5353,0.5365,0.513,0.2791,0.5080,0.657,0.4912,0.4775,0.596,0.3189,0.5311,0.534,0.4497,0.5224
2877,95.933,16,0.000,0.0000,1.0000,0.773,0.3287,0.6523,0.780,0.5175,0.6339,0.832,0.2570,0.5675,0.826,0.5369,0.5355,0.478,0.2823,0.5093,0.604,0.4961,0.4752,0.595,0.3212,0.5308,0.525,0.4529,0.5227
2878,95.967,16,0.000,0.0000,1.0000,0.749,0.3273,0.6503,0.779,0.5174,0.6309,0.832,0.2586,0.5672,0.840,0.5366,0.5342,0.466,0.2801,0.5074,0.603,0.4984,0.4730,0.596,0.3230,0.5325,0.518,0.4544,0.5259
2879,96.000,16,0.000,0.0000,1.0000,0.785,0.3284,0.6489,0.775,0.5171,0.6275,0.837,0.2587,0.5669,0.839,0.5359,0.5323,0.482,0.2784,0.5039,0.621,0.5003,0.4714,0.595,0.3246,0.5337,0.507,0.4560,0.5256
2880,96.033,16,0.000,0.0000,1.0000,0.816,0.3269,0.6473,0.755,0.5173,0.6245,0.848,0.2592,0.5677,0.821,0.5337,0.5282,0.431,0.2732,0.4997,0.719,0.5056,0.4713,0.586,0.3236,0.5342,0.491,0.4572,0.5232
2881,96.067,16,0.000,0.0000,1.0000,0.832,0.3248,0.6453,0.786,0.5144,0.6228,0.858,0.2586,0.5682,0.826,0.5335,0.5281,0.440,0.2635,0.4941,0.739,0.5089,0.4673,0.570,0.3212,0.5339,0.492,0.4571,0.5225
2882,96.100,16,0.000,0.0000,1.0000,0.824,0.3224,0.6435,0.805,0.5103,0.6207,0.833,0.2574,0.5656,0.750,0.5337,0.5261,0.294,0.2564,0.4860,0.701,0.5103,0.4644,0.558,0.3190,0.5349,0.482,0.4560,0.5227
2883,96.133,16,0.000,0.0000,1.0000,0.806,0.3244,0.6408,0.798,0.5074,0.6182,0.787,0.2561,0.5621,0.760,0.5330,0.5285,0.274,0.2141,0.4717,0.713,0.5151,0.4630,0.541,0.3143,0.5394,0.496,0.4529,0.5291
2884,96.167,16,0.000,0.0000,1.0000,0.757,0.3126,0.6363,0.748,0.5010,0.6139,0.819,0.2547,0.5601,0.835,0.5306,0.5306,0.349,0.2143,0.4760,0.723,0.5194,0.4620,0.548,0.3143,0.5388,0.507,0.4503,0.5277
2885,96.200,16,0.000,0.0000,1.0000,0.753,0.3122,0.6303,0.770,0.4995,0.6069,0.786,0.2515,0.5566,0.841,0.5292,0.5307,0.362,0.2358,0.4771,0.784,0.5220,0.4607,0.556,0.3101,0.5421,0.509,0.4469,0.5304
2886,96.233,16,0.000,0.0000,1.0000,0.750,0.3044,0.6262,0.748,0.4926,0.6049,0.823,0.2467,0.5565,0.830,0.5283,0.5313,0.599,0.2067,0.4791,0.812,0.5230,0.4573,0.542,0.3092,0.5352,0.504,0.4472,0.5280
2887,96.267,16,0.000,0.0000,1.0000,0.762,0.2979,0.6190,0.717,0.4897,0.6007,0.803,0.2343,0.5519,0.832,0.5283,0.5298,0.708,0.2004,0.4798,0.804,0.5225,0.4531,0.565,0.3070,0.5395,0.508,0.4434,0.5306
2888,96.300,16,0.000,0.0000,1.0000,0.725,0.2915,0.6139,0.732,0.4841,0.5969,0.807,0.2271,0.5481,0.757,0.5261,0.5270,0.766,0.1949,0.4743,0.766,0.5201,0.4468,0.518,0.3040,0.5412,0.501,0.4437,0.5318
2889,96.333,15,0.000,0.0000,1.0000,0.733,0.2930,0.6093,0.708,0.4816,0.5917,0.828,0.2133,0.5447,0.796,0.5243,0.5202,0.699,0.1903,0.4677,0.763,0.5179,0.4383,0.473,0.2970,0.5424,0.467,0.4418,0.5315
2890,96.367,15,0.000,0.0000,1.0000,0.717,0.2874,0.6033,0.635,0.4756,0.5877,0.714,0.2075,0.5365,0.671,0.5210,0.5120,0.687,0.1906,0.4564,0.798,0.5108,0.4309,0.448,0.2913,0.5424,0.435,0.4442,0.5300
2891,96.400,16,0.000,0.0000,1.0000,0.657,0.2755,0.5965,0.635,0.4651,0.5882,0.740,0.1989,0.5279,0.752,0.5164,0.5055,0.617,0.1908,0.4467,0.772,0.5059,0.4214,0.442,0.2909,0.5431,0.417,0.4428,0.5308
2892,96.433,14,0.000,0.0000,1.0000,0.567,0.2813,0.5934,0.540,0.4644,0.5820,0.405,0.1959,0.5191,0.667,0.5030,0.4914,0.000,0.0000,1.0000,0.633,0.4989,0.4096,0.364,0.2976,0.5498,0.353,0.4458,0.5406
2893,96.467,15,0.000,0.0000,1.0000,0.543,0.2674,0.5887,0.457,0.4520,0.5826,0.542,0.1890,0.5129,0.597,0.4967,0.4792,0.215,0.1818,0.4179,0.562,0.4925,0.3963,0.399,0.2896,0.5450,0.409,0.4387,0.5420
2894,96.500,15,0.000,0.0000,1.0000,0.400,0.2937,0.5878,0.421,0.4459,0.5783,0.581,0.1814,0.5068,0.611,0.4915,0.4726,0.426,0.1804,0.4150,0.435,0.4912,0.3907,0.366,0.2804,0.5461,0.399,0.4356,0.5421
2895,96.533,15,0.000,0.0000,1.0000,0.405,0.2810,0.5822,0.453,0.4439,0.5775,0.558,0.1780,0.4947,0.614,0.4874,0.4689,0.462,0.1756,0.4117,0.444,0.4878,0.3844,0.372,0.2832,0.5450,0.395,0.4322,0.5398
2896,96.567,15,0.000,0.0000,1.0000,0.285,0.2970,0.5824,0.339,0.4367,0.5769,0.115,0.1840,0.4796,0.345,0.4848,0.4674,0.109,0.1675,0.4119,0.330,0.4802,0.3744,0.404,0.2810,0.5448,0.408,0.4285,0.5407
2897,96.600,15,0.000,0.0000,1.0000,0.277,0.2754,0.5710,0.321,0.4305,0.5736,0.388,0.1743,0.4598,0.330,0.4752,0.4644,0.483,0.1670,0.3921,0.356,0.4778,0.3607,0.436,0.2825,0.5420,0.411,0.4285,0.5360
2898,96.633,14,0.000,0.0000,1.0000,0.238,0.2765,0.5720,0.246,0.4278,0.5687,0.436,0.1702,0.4469,0.180,0.4666,0.4533,0.468,0.1644,0.3783,0.382,0.4786,0.3527,0.418,0.2714,0.5416,0.397,0.4215,0.5400
2899,96.667,13,0.000,0.0000,1.0000,0.217,0.2806,0.5725,0.154,0.4267,0.5654,0.333,0.1711,0.4384,0.115,0.4751,0.4670,0.381,0.1619,0.3668,0.000,0.0000,1.0000,0.401,0.2709,0.5439,0.385,0.4215,0.5399
2900,96.700,11,0.000,0.0000,1.0000,0.153,0.2721,0.5689,0.166,0.4382,0.5560,0.000,0.0000,1.0000,0.000,0.0000,1.0000,0.136,0.1551,0.3513,0.000,0.0000,1.0000,0.355,0.2781,0.5438,0.356,0.4258,0.5332
2901,96.733,13,0.000,0.0000,1.0000,0.144,0.2584,0.5620,0.158,0.4397,0.5434,0.101,0.1686,0.4239,0.119,0.4219,0.3485,0.173,0.1484,0.3369,0.000,0.0000,1.0000,0.349,0.2678,0.5405,0.363,0.4207,0.5302
2902,96.767,12,0.000,0.0000,1.0000,0.107,0.2504,0.5573,0.145,0.4374,0.5466,0.163,0.1637,0.4111,0.000,0.0000,1.0000,0.288,0.1434,0.3264,0.000,0.0000,1.0000,0.377,0.2628,0.5347,0.403,0.4180,0.5310
2903,96.800,11,0.000,0.0000,1.0000,0.000,0.0000,1.0000,0.156,0.4384,0.5398,0.000,0.0000,1.0000,0.107,0.4237,0.3522,0.000,0.0000,1.0000,0.114,0.4761,0.3063,0.387,0.2636,0.5379,0.379,0.4169,0.5287
2904,96.833,11,0.000,0.0000,1.0000,0.000,0.0000,1.0000,0.188,0.4404,0.5368,0.000,0.0000,1.0000,0.219,0.4343,0.3648,0.000,0.0000,1.0000,0.351,0.4826,0.2992,0.404,0.2627,0.5370,0.397,0.4161,0.5233
2905,96.867,12,0.000,0.0000,1.0000,0.125,0.2652,0.5562,0.146,0.4418,0.5181,0.000,0.0000,1.0000,0.305,0.4523,0.3763,0.000,0.0000,1.0000,0.401,0.4866,0.2914,0.407,0.2498,0.5306,0.372,0.4155,0.5191
2906,96.900,12,0.000,0.0000,1.0000,0.172,0.2746,0.5561,0.156,0.4422,0.5172,0.000,0.0000,1.0000,0.291,0.4382,0.3583,0.000,0.0000,1.0000,0.396,0.4865,0.2779,0.403,0.2471,0.5288,0.354,0.4154,0.5122
2907,96.933,10,0.000,0.0000,1.0000,0.164,0.2811,0.5581,0.155,0.4422,0.5168,0.000,0.0000,1.0000,0.000,0.0000,1.0000,0.000,0.0000,1.0000,0.000,0.0000,1.0000,0.394,0.2426,0.5238,0.312,0.4128,0.5125
2908,96.967,9,0.000,0.0000,1.0000,0.000,0.0000,1.0000,0.150,0.4428,0.5145,0.000,0.0000,1.0000,0.000,0.0000,1.0000,0.000,0.0000,1.0000,0.000,0.0000,1.0000,0.432,0.2428,0.5223,0.347,0.4048,0.5104
2909,97.000,9,0.000,0.0000,1.0000,0.000,0.0000,1.0000,0.139,0.4394,0.5088,0.000,0.0000,1.0000,0.000,0.0000,1.0000,0.000,0.0000,1.0000,0.000,0.0000,1.0000,0.432,0.2393,0.5198,0.305,0.4000,0.5095
2910,97.033,9,0.000,0.0000,1.0000,0.000,0.0000,1.0000,0.182,0.4388,0.5026,0.000,0.0000,1.0000,0.000,0.0000,1.0000,0.000,0.0000,1.0000,0.000,0.0000,1.0000,0.422,0.2385,0.5176,0.281,0.3978,0.5065
2911,97.067,9,0.000,0.0000,1.0000,0.000,0.0000,1.0000,0.173,0.4379,0.5031,0.000,0.0000,1.0000,0.000,0.0000,1.0000,0.000,0.0000,1.0000,0.000,0.0000,1.0000,0.423,0.2298,0.5110,0.273,0.3942,0.5063
2912,97.100,11,0.000,0.0000,1.0000,0.000,0.0000,1.0000,0.162,0.4373,0.4988,0.000,0.0000,1.0000,0.111,0.4448,0.3407,0.000,0.0000,1.0000,0.105,0.3501,0.4026,0.436,0.2390,0.5155,0.288,0.3961,0.5040
2913,97.133,10,0.000,0.0000,1.0000,0.000,0.0000,1.0000,0.178,0.4368,0.5009,0.000,0.0000,1.0000,0.132,0.4496,0.3423,0.000,0.0000,1.0000,0.000,0.0000,1.0000,0.433,0.2391,0.5143,0.290,0.3969,0.5032
2914,97.167,10,0.000,0.0000,1.0000,0.000,0.0000,1.0000,0.176,0.4359,0.4985,0.000,0.0000,1.0000,0.129,0.4489,0.3423,0.000,0.0000,1.0000,0.000,0.0000,1.0000,0.427,0.2375,0.5100,0.300,0.3971,0.5033
2915,97.200,10,0.000,0.0000,1.0000,0.000,0.0000,1.0000,0.169,0.4370,0.4955,0.000,0.0000,1.0000,0.166,0.4427,0.3406,0.000,0.0000,1.0000,0.000,0.0000,1.0000,0.428,0.2400,0.5105,0.308,0.3984,0.5028
2916,97.233,9,0.000,0.0000,1.0000,0.000,0.0000,1.0000,0.177,0.4391,0.4880,0.000,0.0000,1.0000,0.000,0.0000,1.0000,0.000,0.0000,1.0000,0.000,0.0000,1.0000,0.415,0.2408,0.5098,0.288,0.3966,0.5010
2917,97.267,9,0.000,0.0000,1.0000,0.000,0.0000,1.0000,0.191,0.4395,0.4883,0.000,0.0000,1.0000,0.000,0.0000,1.0000,0.000,0.0000,1.0000,0.000,0.0000,1.0000,0.391,0.2426,0.5091,0.289,0.3981,0.4999
2918,97.300,9,0.000,0.0000,1.0000,0.000,0.0000,1.0000,0.174,0.4413,0.4906,0.000,0.0000,1.0000,0.000,0.0000,1.0000,0.000,0.0000,1.0000,0.000,0.0000,1.0000,0.400,0.2443,0.5080,0.315,0.4016,0.4962
2919,97.333,11,0.000,0.0000,1.0000,0.000,0.0000,1.0000,0.173,0.4428,0.4849,0.000,0.0000,1.0000,0.000,0.0000,1.0000,0.158,0.1532,0.2766,0.109,0.4032,0.2117,0.396,0.2467,0.5087,0.310,0.4029,0.4965
2920,97.367,10,0.000,0.0000,1.0000,0.000,0.0000,1.0000,0.183,0.4419,0.4899,0.000,0.0000,1.0000,0.000,0.0000,1.0000,0.165,0.1524,0.2789,0.000,0.0000,1.0000,0.389,0.2477,0.5083,0.309,0.4022,0.4974
2921,97.400,9,0.000,0.0000,1.0000,0.000,0.0000,1.0000,0.142,0.4405,0.4920,0.000,0.0000,1.0000,0.000,0.0000,1.0000,0.000,0.0000,1.0000,0.000,0.0000,1.0000,0.393,0.2571,0.5089,0.322,0.4047,0.4973
2922,97.433,9,0.000,0.0000,1.0000,0.000,0.0000,1.0000,0.138,0.4423,0.4964,0.000,0.0000,1.0000,0.000,0.0000,1.0000,0.000,0.0000,1.0000,0.000,0.0000,1.0000,0.428,0.2598,0.5084,0.329,0.4061,0.4962
2923,97.467,9,0.000,0.0000,1.0000,0.000,0.0000,1.0000,0.134,0.4439,0.4967,0.000,0.0000,1.0000,0.000,0.0000,1.0000,0.000,0.0000,1.0000,0.000,0.0000,1.0000,0.420,0.2594,0.5086,0.336,0.4136,0.4951
2924,97.500,11,0.000,0.0000,1.0000,0.000,0.0000,1.0000,0.140,0.4412,0.4926,0.339,0.1604,0.3750,0.000,0.0000,1.0000,0.116,0.1407,0.2931,0.000,0.0000,1.0000,0.420,0.2589,0.5082,0.333,0.4080,0.4969
2925,97.533,9,0.000,0.0000,1.0000,0.000,0.0000,1.0000,0.132,0.4398,0.4954,0.000,0.0000,1.0000,0.000,0.0000,1.0000,0.000,0.0000,1.0000,0.000,0.0000,1.0000,0.433,0.2614,0.5079,0.327,0.4126,0.4964
2926,97.567,10,0.000,0.0000,1.0000,0.000,0.0000,1.0000,0.133,0.4442,0.4916,0.155,0.1604,0.3790,0.000,0.0000,1.0000,0.000,0.0000,1.0000,0.000,0.0000,1.0000,0.453,0.2626,0.5079,0.337,0.4146,0.4950
2927,97.600,10,0.000,0.0000,1.0000,0.000,0.0000,1.0000,0.113,0.4424,0.4880,0.214,0.1588,0.3818,0.000,0.0000,1.0000,0.000,0.0000,1.0000,0.000,0.0000,1.0000,0.460,0.2653,0.5081,0.339,0.4150,0.4949
2928,97.633,8,0.000,0.0000,1.0000,0.000,0.0000,1.0000,0.000,0.0000,1.0000,0.310,0.1591,0.3846,0.000,0.0000,1.0000,0.000,0.0000,1.0000,0.000,0.0000,1.0000,0.465,0.2685,0.5087,0.356,0.4187,0.4931
2929,97.667,11,0.000,0.0000,1.0000,0.000,0.0000,1.0000,0.125,0.4447,0.4757,0.336,0.1578,0.3868,0.000,0.0000,1.0000,0.445,0.1292,0.3122,0.000,0.0000,1.0000,0.470,0.2673,0.5083,0.335,0.4169,0.4931
2930,97.700,11,0.000,0.0000,1.0000,0.000,0.0000,1.0000,0.118,0.4488,0.4775,0.284,0.1593,0.3864,0.000,0.0000,1.0000,0.274,0.1266,0.3110,0.000,0.0000,1.0000,0.458,0.2686,0.5088,0.358,0.4193,0.4935
2931,97.733,8,0.000,0.0000,1.0000,0.000,0.0000,1.0000,0.000,0.0000,1.0000,0.214,0.1591,0.3842,0.000,0.0000,1.0000,0.000,0.0000,1.0000,0.000,0.0000,1.0000,0.457,0.2702,0.5084,0.375,0.4204,0.4933
2932,97.767,8,0.000,0.0000,1.0000,0.000,0.0000,1.0000,0.000,0.0000,1.0000,0.201,0.1615,0.3831,0.000,0.0000,1.0000,0.000,0.0000,1.0000,0.000,0.0000,1.0000,0.460,0.2703,0.5082,0.371,0.4205,0.4933
2933,97.800,7,0.000,0.0000,1.0000,0.000,0.0000,1.0000,0.000,0.0000,1.0000,0.000,0.0000,1.0000,0.000,0.0000,1.0000,0.000,0.0000,1.0000,0.000,0.0000,1.0000,0.438,0.2723,0.5086,0.376,0.4232,0.4922
2934,97.833,16,0.000,0.0000,1.0000,0.537,0.1189,0.2752,0.453,0.1454,0.2723,0.549,0.1018,0.2588,0.163,0.1299,0.2504,0.413,0.1097,0.2419,0.116,0.1239,0.2395,0.516,0.1265,0.2363,0.516,0.1356,0.2338
2935,97.867,16,0.000,0.0000,1.0000,0.689,0.1239,0.2727,0.633,0.1487,0.2696,0.606,0.1060,0.2525,0.276,0.1453,0.2451,0.487,0.1134,0.2379,0.188,0.1324,0.2353,0.672,0.1297,0.2328,0.604,0.1405,0.2298
2936,97.900,16,0.000,0.0000,1.0000,0.569,0.1309,0.2680,0.468,0.1580,0.2650,0.531,0.1173,0.2474,0.206,0.1564,0.2416,0.458,0.1224,0.2289,0.122,0.1344,0.2287,0.562,0.1389,0.2301,0.457,0.1466,0.2264
2937,97.933,15,0.000,0.0000,1.0000,0.485,0.1367,0.2645,0.400,0.1614,0.2611,0.445,0.1223,0.2435,0.195,0.1572,0.2339,0.306,0.1284,0.2293,0.000,0.0000,1.0000,0.438,0.1399,0.2271,0.352,0.1481,0.2203
2938,97.967,7,0.000,0.0000,1.0000,0.000,0.0000,1.0000,0.000,0.0000,1.0000,0.000,0.0000,1.0000,0.000,0.0000,1.0000,0.000,0.0000,1.0000,0.000,0.0000,1.0000,0.419,0.2733,0.5087,0.319,0.4172,0.4929
2939,98.000,7,0.000,0.0000,1.0000,0.000,0.0000,1.0000,0.000,0.0000,1.0000,0.000,0.0000,1.0000,0.000,0.0000,1.0000,0.000,0.0000,1.0000,0.000,0.0000,1.0000,0.445,0.2704,0.5086,0.319,0.4167,0.4934
2940,98.033,7,0.000,0.0000,1.0000,0.000,0.0000,1.0000,0.000,0.0000,1.0000,0.000,0.0000,1.0000,0.000,0.0000,1.0000,0.000,0.0000,1.0000,0.000,0.0000,1.0000,0.450,0.2671,0.5088,0.287,0.4131,0.4952
2941,98.067,9,0.000,0.0000,1.0000,0.000,0.0000,1.0000,0.104,0.4501,0.4879,0.000,0.0000,1.0000,0.000,0.0000,1.0000,0.000,0.0000,1.0000,0.000,0.0000,1.0000,0.454,0.2663,0.5088,0.304,0.4131,0.4955
2942,98.100,9,0.000,0.0000,1.0000,0.000,0.0000,1.0000,0.101,0.4527,0.4911,0.000,0.0000,1.0000,0.000,0.0000,1.0000,0.000,0.0000,1.0000,0.000,0.0000,1.0000,0.451,0.2657,0.5083,0.320,0.4154,0.4953
2943,98.133,9,0.000,0.0000,1.0000,0.000,0.0000,1.0000,0.108,0.4514,0.4886,0.000,0.0000,1.0000,0.000,0.0000,1.0000,0.000,0.0000,1.0000,0.000,0.0000,1.0000,0.455,0.2640,0.5080,0.323,0.4155,0.4953
2944,98.167,9,0.000,0.0000,1.0000,0.000,0.0000,1.0000,0.105,0.4516,0.4886,0.000,0.0000,1.0000,0.000,0.0000,1.0000,0.000,0.0000,1.0000,0.000,0.0000,1.0000,0.458,0.2650,0.5086,0.330,0.4179,0.4945
2945,98.200,9,0.000,0.0000,1.0000,0.000,0.0000,1.0000,0.103,0.4519,0.4892,0.000,0.0000,1.0000,0.000,0.0000,1.0000,0.000,0.0000,1.0000,0.000,0.0000,1.0000,0.449,0.2662,0.5085,0.334,0.4187,0.4942
2946,98.233,9,0.000,0.0000,1.0000,0.000,0.0000,1.0000,0.101,0.4504,0.4944,0.000,0.0000,1.0000,0.000,0.0000,1.0000,0.000,0.0000,1.0000,0.000,0.0000,1.0000,0.444,0.2666,0.5086,0.337,0.4194,0.4947
2947,98.267,7,0.000,0.0000,1.0000,0.000,0.0000,1.0000,0.000,0.0000,1.0000,0.000,0.0000,1.0000,0.000,0.0000,1.0000,0.000,0.0000,1.0000,0.000,0.0000,1.0000,0.439,0.2677,0.5087,0.341,0.4194,0.4940
2948,98.300,7,0.000,0.0000,1.0000,0.000,0.0000,1.0000,0.000,0.0000,1.0000,0.000,0.0000,1.0000,0.000,0.0000,1.0000,0.000,0.0000,1.0000,0.000,0.0000,1.0000,0.424,0.2693,0.5082,0.359,0.4217,0.4929
2949,98.333,7,0.000,0.0000,1.0000,0.000,0.0000,1.0000,0.000,0.0000,1.0000,0.000,0.0000,1.0000,0.000,0.0000,1.0000,0.000,0.0000,1.0000,0.000,0.0000,1.0000,0.422,0.2691,0.5078,0.341,0.4199,0.4930
2950,98.367,7,0.000,0.0000,1.0000,0.000,0.0000,1.0000,0.000,0.0000,1.0000,0.000,0.0000,1.0000,0.000,0.0000,1.0000,0.000,0.0000,1.0000,0.000,0.0000,1.0000,0.422,0.2692,0.5072,0.348,0.4207,0.4928
2951,98.400,7,0.000,0.0000,1.0000,0.000,0.0000,1.0000,0.000,0.0000,1.0000,0.000,0.0000,1.0000,0.000,0.0000,1.0000,0.000,0.0000,1.0000,0.000,0.0000,1.0000,0.419,0.2682,0.5065,0.327,0.4177,0.4924
2952,98.433,7,0.000,0.0000,1.0000,0.000,0.0000,1.0000,0.000,0.0000,1.0000,0.000,0.0000,1.0000,0.000,0.0000,1.0000,0.000,0.0000,1.0000,0.000,0.0000,1.0000,0.418,0.2662,0.5059,0.301,0.4150,0.4928
2953,98.467,7,0.000,0.0000,1.0000,0.000,0.0000,1.0000,0.000,0.0000,1.0000,0.000,0.0000,1.0000,0.000,0.0000,1.0000,0.000,0.0000,1.0000,0.000,0.0000,1.0000,0.415,0.2654,0.5052,0.320,0.4150,0.4919
2954,98.500,8,0.000,0.0000,1.0000,0.000,0.0000,1.0000,0.000,0.0000,1.0000,0.000,0.0000,1.0000,0.100,0.4731,0.3411,0.000,0.0000,1.0000,0.000,0.0000,1.0000,0.413,0.2650,0.5049,0.368,0.4154,0.4923
2955,98.533,8,0.000,0.0000,1.0000,0.000,0.0000,1.0000,0.000,0.0000,1.0000,0.000,0.0000,1.0000,0.104,0.4735,0.3410,0.000,0.0000,1.0000,0.000,0.0000,1.0000,0.419,0.2626,0.5059,0.354,0.4134,0.4935
2956,98.567,9,0.000,0.0000,1.0000,0.000,0.0000,1.0000,0.000,0.0000,1.0000,0.000,0.0000,1.0000,0.104,0.4742,0.3428,0.000,0.0000,1.0000,0.135,0.4825,0.2504,0.373,0.2608,0.5043,0.336,0.4043,0.4915
2957,98.600,10,0.000,0.0000,1.0000,0.000,0.0000,1.0000,0.104,0.4233,0.5183,0.000,0.0000,1.0000,0.105,0.4778,0.3427,0.000,0.0000,1.0000,0.000,0.0000,1.0000,0.322,0.2617,0.5013,0.253,0.4070,0.4875
2958,98.633,9,0.000,0.0000,1.0000,0.000,0.0000,1.0000,0.000,0.0000,1.0000,0.000,0.0000,1.0000,0.256,0.4721,0.3416,0.000,0.0000,1.0000,0.175,0.4841,0.2499,0.336,0.2518,0.4977,0.286,0.4040,0.4824
2959,98.667,11,0.000,0.0000,1.0000,0.000,0.0000,1.0000,0.132,0.4218,0.5085,0.000,0.0000,1.0000,0.337,0.4679,0.3408,0.000,0.0000,1.0000,0.331,0.4854,0.2512,0.365,0.2436,0.4981,0.307,0.3968,0.4841
2960,98.700,11,0.000,0.0000,1.0000,0.000,0.0000,1.0000,0.127,0.4199,0.5019,0.000,0.0000,1.0000,0.402,0.4670,0.3406,0.000,0.0000,1.0000,0.364,0.4864,0.2517,0.392,0.2400,0.4985,0.348,0.3881,0.4898
2961,98.733,12,0.000,0.0000,1.0000,0.114,0.2279,0.5231,0.162,0.4121,0.5126,0.000,0.0000,1.0000,0.481,0.4689,0.3415,0.000,0.0000,1.0000,0.427,0.4860,0.2523,0.389,0.2333,0.4962,0.336,0.3830,0.4878
2962,98.767,11,0.000,0.0000,1.0000,0.000,0.0000,1.0000,0.119,0.4081,0.5146,0.000,0.0000,1.0000,0.427,0.4683,0.3422,0.000,0.0000,1.0000,0.207,0.4916,0.2548,0.371,0.2376,0.4953,0.256,0.3830,0.4904
2963,98.800,11,0.000,0.0000,1.0000,0.128,0.2295,0.5193,0.115,0.4053,0.5150,0.000,0.0000,1.0000,0.499,0.4653,0.3436,0.000,0.0000,1.0000,0.000,0.0000,1.0000,0.363,0.2372,0.4959,0.254,0.3840,0.4898
2964,98.833,12,0.000,0.0000,1.0000,0.153,0.2207,0.5228,0.202,0.4451,0.4547,0.000,0.0000,1.0000,0.718,0.4656,0.3436,0.000,0.0000,1.0000,0.602,0.4870,0.2552,0.419,0.2284,0.4959,0.336,0.3795,0.4918
2965,98.867,12,0.000,0.0000,1.0000,0.176,0.2157,0.5199,0.266,0.4455,0.4513,0.000,0.0000,1.0000,0.711,0.4617,0.3477,0.000,0.0000,1.0000,0.779,0.4883,0.2556,0.454,0.2238,0.4954,0.379,0.3766,0.4924
2966,98.900,12,0.000,0.0000,1.0000,0.214,0.2131,0.5225,0.235,0.4462,0.4485,0.000,0.0000,1.0000,0.700,0.4615,0.3482,0.000,0.0000,1.0000,0.743,0.4894,0.2553,0.450,0.2251,0.4954,0.380,0.3721,0.4928
2967,98.933,12,0.000,0.0000,1.0000,0.210,0.2119,0.5226,0.132,0.4112,0.4844,0.000,0.0000,1.0000,0.678,0.4632,0.3473,0.000,0.0000,1.0000,0.727,0.4876,0.2572,0.433,0.2241,0.4962,0.402,0.3676,0.4942
2968,98.967,12,0.000,0.0000,1.0000,0.281,0.2053,0.5243,0.137,0.4076,0.4863,0.000,0.0000,1.0000,0.649,0.4582,0.3473,0.000,0.0000,1.0000,0.735,0.4897,0.2562,0.426,0.2255,0.4934,0.423,0.3683,0.4938
2969,99.000,12,0.000,0.0000,1.0000,0.252,0.2129,0.5237,0.195,0.4033,0.4906,0.000,0.0000,1.0000,0.559,0.4573,0.3455,0.000,0.0000,1.0000,0.674,0.4918,0.2547,0.434,0.2247,0.4932,0.408,0.3647,0.4933
2970,99.033,12,0.000,0.0000,1.0000,0.221,0.2149,0.5241,0.224,0.4026,0.4920,0.000,0.0000,1.0000,0.564,0.4570,0.3483,0.000,0.0000,1.0000,0.673,0.4892,0.2565,0.461,0.2214,0.4930,0.401,0.3571,0.4933
2971,99.067,12,0.000,0.0000,1.0000,0.218,0.2112,0.5236,0.169,0.4008,0.4985,0.000,0.0000,1.0000,0.619,0.4552,0.3476,0.000,0.0000,1.0000,0.729,0.4904,0.2580,0.482,0.2243,0.4929,0.439,0.3638,0.4957
2972,99.100,12,0.000,0.0000,1.0000,0.219,0.2031,0.5257,0.182,0.4003,0.4974,0.000,0.0000,1.0000,0.605,0.4565,0.3466,0.000,0.0000,1.0000,0.732,0.4902,0.2578,0.480,0.2228,0.4947,0.435,0.3613,0.4955
2973,99.133,13,0.000,0.0000,1.0000,0.184,0.2059,0.5272,0.162,0.3957,0.4907,0.000,0.0000,1.0000,0.554,0.4560,0.3465,0.145,0.1388,0.2449,0.704,0.4902,0.2575,0.474,0.2229,0.4959,0.473,0.3589,0.4985
2974,99.167,13,0.000,0.0000,1.0000,0.206,0.2064,0.5282,0.168,0.3951,0.4925,0.000,0.0000,1.0000,0.594,0.4596,0.3453,0.110,0.1414,0.2470,0.805,0.4907,0.2577,0.493,0.2202,0.4957,0.444,0.3596,0.4973
2975,99.200,12,0.000,0.0000,1.0000,0.195,0.2087,0.5247,0.113,0.3950,0.4825,0.000,0.0000,1.0000,0.633,0.4582,0.3469,0.000,0.0000,1.0000,0.793,0.4903,0.2588,0.476,0.2227,0.4936,0.468,0.3644,0.4943
2976,99.233,12,0.000,0.0000,1.0000,0.183,0.2195,0.5225,0.284,0.4279,0.4334,0.000,0.0000,1.0000,0.752,0.4615,0.3455,0.000,0.0000,1.0000,0.863,0.4900,0.2578,0.484,0.2247,0.4930,0.438,0.3682,0.4919
2977,99.267,12,0.000,0.0000,1.0000,0.143,0.2109,0.5225,0.344,0.4322,0.4309,0.000,0.0000,1.0000,0.768,0.4623,0.3457,0.000,0.0000,1.0000,0.856,0.4903,0.2589,0.478,0.2212,0.4909,0.418,0.3651,0.4912
2978,99.300,12,0.000,0.0000,1.0000,0.108,0.2056,0.5271,0.331,0.4304,0.4305,0.000,0.0000,1.0000,0.739,0.4621,0.3461,0.000,0.0000,1.0000,0.842,0.4904,0.2592,0.457,0.2170,0.4924,0.413,0.3601,0.4927
2979,99.333,12,0.000,0.0000,1.0000,0.102,0.4229,0.4217,0.330,0.4321,0.4294,0.000,0.0000,1.0000,0.703,0.4618,0.3456,0.000,0.0000,1.0000,0.834,0.4909,0.2591,0.460,0.2162,0.4916,0.378,0.3587,0.4930
2980,99.367,13,0.000,0.0000,1.0000,0.106,0.4189,0.4209,0.372,0.4346,0.4289,0.105,0.3383,0.3725,0.689,0.4609,0.3453,0.000,0.0000,1.0000,0.833,0.4911,0.2591,0.452,0.2131,0.4934,0.345,0.3570,0.4943
2981,99.400,11,0.000,0.0000,1.0000,0.000,0.0000,1.0000,0.319,0.4324,0.4291,0.000,0.0000,1.0000,0.712,0.4608,0.3458,0.000,0.0000,1.0000,0.830,0.4912,0.2580,0.451,0.2120,0.4938,0.342,0.3540,0.4956
2982,99.433,12,0.000,0.0000,1.0000,0.100,0.1964,0.5241,0.260,0.4284,0.4279,0.000,0.0000,1.0000,0.610,0.4594,0.3445,0.000,0.0000,1.0000,0.770,0.4908,0.2576,0.429,0.2128,0.4941,0.332,0.3580,0.4943
2983,99.467,13,0.000,0.0000,1.0000,0.122,0.1873,0.5159,0.217,0.4233,0.4264,0.171,0.4568,0.3476,0.470,0.4588,0.3446,0.000,0.0000,1.0000,0.488,0.4893,0.2565,0.409,0.2147,0.4942,0.314,0.3622,0.4951
2984,99.500,12,0.000,0.0000,1.0000,0.147,0.1902,0.5129,0.265,0.4299,0.4292,0.000,0.0000,1.0000,0.653,0.4596,0.3458,0.000,0.0000,1.0000,0.724,0.4914,0.2563,0.412,0.2167,0.4945,0.366,0.3729,0.4975
2985,99.533,13,0.000,0.0000,1.0000,0.154,0.1892,0.5240,0.261,0.4340,0.4233,0.134,0.4594,0.3490,0.638,0.4606,0.3460,0.000,0.0000,1.0000,0.758,0.4922,0.2568,0.428,0.2188,0.4970,0.353,0.3727,0.4991
2986,99.567,13,0.000,0.0000,1.0000,0.125,0.2025,0.5251,0.303,0.4367,0.4287,0.000,0.0000,1.0000,0.742,0.4614,0.3469,0.117,0.2058,0.2200,0.833,0.4915,0.2568,0.452,0.2177,0.4976,0.382,0.3676,0.5013
2987,99.600,13,0.000,0.0000,1.0000,0.125,0.2059,0.5287,0.283,0.4367,0.4316,0.000,0.0000,1.0000,0.742,0.4612,0.3465,0.132,0.1936,0.2271,0.829,0.4914,0.2568,0.443,0.2188,0.4983,0.374,0.3654,0.5035
2988,99.633,13,0.000,0.0000,1.0000,0.106,0.2048,0.5248,0.251,0.4356,0.4305,0.000,0.0000,1.0000,0.723,0.4610,0.3451,0.201,0.1994,0.2237,0.802,0.4917,0.2567,0.419,0.2240,0.4983,0.370,0.3764,0.5032
2989,99.667,13,0.000,0.0000,1.0000,0.137,0.2011,0.5295,0.221,0.4353,0.4339,0.000,0.0000,1.0000,0.717,0.4615,0.3454,0.196,0.1934,0.2271,0.792,0.4911,0.2564,0.406,0.2270,0.4994,0.371,0.3792,0.5023
2990,99.700,12,0.000,0.0000,1.0000,0.152,0.1988,0.5323,0.212,0.4383,0.4320,0.000,0.0000,1.0000,0.686,0.4618,0.3453,0.000,0.0000,1.0000,0.718,0.4904,0.2561,0.410,0.2261,0.4982,0.349,0.3799,0.5018
2991,99.733,13,0.000,0.0000,1.0000,0.207,0.1905,0.5323,0.236,0.4402,0.4314,0.000,0.0000,1.0000,0.720,0.4633,0.3433,0.158,0.1996,0.2353,0.764,0.4907,0.2552,0.393,0.2299,0.4970,0.338,0.3889,0.4993
2992,99.767,13,0.000,0.0000,1.0000,0.220,0.1921,0.5260,0.267,0.4430,0.4317,0.000,0.0000,1.0000,0.718,0.4632,0.3432,0.156,0.2005,0.2447,0.829,0.4900,0.2558,0.385,0.2364,0.4945,0.340,0.3957,0.4949
2993,99.800,12,0.000,0.0000,1.0000,0.180,0.2009,0.5269,0.265,0.4443,0.4326,0.000,0.0000,1.0000,0.750,0.4637,0.3427,0.000,0.0000,1.0000,0.835,0.4897,0.2559,0.384,0.2387,0.4945,0.326,0.3945,0.4956
2994,99.833,13,0.000,0.0000,1.0000,0.139,0.2068,0.5259,0.190,0.4359,0.4335,0.118,0.4593,0.3437,0.720,0.4651,0.3415,0.000,0.0000,1.0000,0.709,0.4904,0.2543,0.302,0.2460,0.4959,0.243,0.3864,0.4971
2995,99.867,0,0.000,-1,-1,0.000,-1,-1,0.000,-1,-1,0.000,-1,-1,0.000,-1,-1,0.000,-1,-1,0.000,-1,-1,0.000,-1,-1,0.000,-1,-1
2996,99.900,0,0.000,-1,-1,0.000,-1,-1,0.000,-1,-1,0.000,-1,-1,0.000,-1,-1,0.000,-1,-1,0.000,-1,-1,0.000,-1,-1,0.000,-1,-1
2997,99.933,0,0.000,-1,-1,0.000,-1,-1,0.000,-1,-1,0.000,-1,-1,0.000,-1,-1,0.000,-1,-1,0.000,-1,-1,0.000,-1,-1,0.000,-1,-1
2998,99.967,0,0.000,-1,-1,0.000,-1,-1,0.000,-1,-1,0.000,-1,-1,0.000,-1,-1,0.000,-1,-1,0.000,-1,-1,0.000,-1,-1,0.000,-1,-1
2999,100.000,0,0.000,-1,-1,0.000,-1,-1,0.000,-1,-1,0.000,-1,-1,0.000,-1,-1,0.000,-1,-1,0.000,-1,-1,0.000,-1,-1,0.000,-1,-1
3000,100.033,0,0.000,-1,-1,0.000,-1,-1,0.000,-1,-1,0.000,-1,-1,0.000,-1,-1,0.000,-1,-1,0.000,-1,-1,0.000,-1,-1,0.000,-1,-1
3001,100.067,0,0.000,-1,-1,0.000,-1,-1,0.000,-1,-1,0.000,-1,-1,0.000,-1,-1,0.000,-1,-1,0.000,-1,-1,0.000,-1,-1,0.000,-1,-1
3002,100.100,14,0.000,0.0000,1.0000,0.121,0.3735,0.4016,0.266,0.4425,0.4361,0.242,0.4540,0.3443,0.604,0.4689,0.3419,0.181,0.4825,0.2572,0.691,0.4906,0.2558,0.253,0.3640,0.4810,0.199,0.2907,0.4853
3003,100.133,13,0.000,0.0000,1.0000,0.108,0.3782,0.4135,0.341,0.4466,0.4332,0.251,0.3596,0.3541,0.692,0.4698,0.3418,0.000,0.0000,1.0000,0.827,0.4884,0.2567,0.281,0.2678,0.4896,0.218,0.2847,0.4841
3004,100.167,13,0.000,0.0000,1.0000,0.121,0.3783,0.4096,0.306,0.4430,0.4316,0.215,0.3630,0.3564,0.680,0.4687,0.3410,0.000,0.0000,1.0000,0.823,0.4885,0.2571,0.243,0.2724,0.4926,0.204,0.2878,0.4872
3005,100.200,12,0.000,0.0000,1.0000,0.141,0.2559,0.4956,0.299,0.4438,0.4295,0.000,0.0000,1.0000,0.721,0.4681,0.3411,0.000,0.0000,1.0000,0.820,0.4885,0.2570,0.221,0.3596,0.4807,0.184,0.4008,0.4599
3006,100.233,12,0.000,0.0000,1.0000,0.181,0.2590,0.4974,0.245,0.4475,0.4291,0.000,0.0000,1.0000,0.746,0.4689,0.3403,0.000,0.0000,1.0000,0.849,0.4888,0.2558,0.296,0.2768,0.4923,0.237,0.4169,0.4447
3007,100.267,13,0.000,0.0000,1.0000,0.184,0.2475,0.4906,0.199,0.4386,0.4422,0.142,0.3627,0.3536,0.728,0.4685,0.3404,0.000,0.0000,1.0000,0.827,0.4894,0.2564,0.283,0.3667,0.4679,0.211,0.4125,0.4488
3008,100.300,13,0.000,0.0000,1.0000,0.355,0.2503,0.4887,0.247,0.4364,0.4451,0.196,0.2268,0.3594,0.783,0.4687,0.3403,0.000,0.0000,1.0000,0.861,0.4887,0.2570,0.331,0.3637,0.4565,0.319,0.4239,0.4329
3009,100.333,13,0.000,0.0000,1.0000,0.284,0.2431,0.4797,0.213,0.4370,0.4378,0.175,0.2311,0.3522,0.759,0.4688,0.3395,0.000,0.0000,1.0000,0.823,0.4897,0.2582,0.298,0.3670,0.4563,0.276,0.4184,0.4390
3010,100.367,13,0.000,0.0000,1.0000,0.241,0.2407,0.4758,0.218,0.4385,0.4370,0.181,0.2374,0.3523,0.718,0.4705,0.3392,0.000,0.0000,1.0000,0.806,0.4904,0.2579,0.269,0.3650,0.4599,0.229,0.4101,0.4429
3011,100.400,14,0.000,0.0000,1.0000,0.195,0.2381,0.4739,0.243,0.4348,0.4335,0.204,0.2204,0.3531,0.660,0.4727,0.3389,0.101,0.4895,0.2543,0.759,0.4912,0.2579,0.222,0.3645,0.4587,0.166,0.3808,0.4530
3012,100.433,14,0.000,0.0000,1.0000,0.282,0.2378,0.4696,0.262,0.4354,0.4323,0.422,0.2187,0.3483,0.624,0.4748,0.3389,0.235,0.1793,0.2467,0.795,0.4903,0.2584,0.189,0.3775,0.4510,0.113,0.3813,0.4463
3013,100.467,14,0.000,0.0000,1.0000,0.271,0.2445,0.4729,0.308,0.4409,0.4317,0.243,0.2274,0.3483,0.576,0.4755,0.3375,0.150,0.1798,0.2434,0.776,0.4906,0.2587,0.202,0.3667,0.4438,0.191,0.3989,0.4255
3014,100.500,0,0.000,-1,-1,0.000,-1,-1,0.000,-1,-1,0.000,-1,-1,0.000,-1,-1,0.000,-1,-1,0.000,-1,-1,0.000,-1,-1,0.000,-1,-1
3015,100.533,0,0.000,-1,-1,0.000,-1,-1,0.000,-1,-1,0.000,-1,-1,0.000,-1,-1,0.000,-1,-1,0.000,-1,-1,0.000,-1,-1,0.000,-1,-1
3016,100.567,14,0.000,0.0000,1.0000,0.148,0.4130,0.4235,0.267,0.4400,0.4269,0.268,0.3690,0.3385,0.615,0.4840,0.3402,0.258,0.3608,0.2722,0.649,0.4903,0.2591,0.199,0.3601,0.4353,0.252,0.2747,0.4535
3017,100.600,14,0.000,0.0000,1.0000,0.160,0.4055,0.4225,0.254,0.4411,0.4231,0.416,0.3729,0.3395,0.631,0.4861,0.3398,0.362,0.3632,0.2731,0.630,0.4907,0.2591,0.215,0.3640,0.4328,0.257,0.2741,0.4511
3018,100.633,14,0.000,0.0000,1.0000,0.190,0.4045,0.4166,0.265,0.4419,0.4191,0.356,0.3756,0.3431,0.621,0.4882,0.3376,0.286,0.3663,0.2630,0.602,0.4902,0.2581,0.183,0.3708,0.4318,0.247,0.2739,0.4499
3019,100.667,0,0.000,-1,-1,0.000,-1,-1,0.000,-1,-1,0.000,-1,-1,0.000,-1,-1,0.000,-1,-1,0.000,-1,-1,0.000,-1,-1,0.000,-1,-1
3020,100.700,0,0.000,-1,-1,0.000,-1,-1,0.000,-1,-1,0.000,-1,-1,0.000,-1,-1,0.000,-1,-1,0.000,-1,-1,0.000,-1,-1,0.000,-1,-1
3021,100.733,14,0.000,0.0000,1.0000,0.220,0.4348,0.4056,0.153,0.4455,0.4068,0.491,0.5048,0.3269,0.300,0.5051,0.3279,0.360,0.4901,0.2549,0.378,0.4904,0.2557,0.233,0.3729,0.4178,0.305,0.2855,0.4356
3022,100.767,14,0.000,0.0000,1.0000,0.230,0.4306,0.3996,0.213,0.4565,0.4003,0.367,0.5043,0.3283,0.487,0.5084,0.3299,0.259,0.4886,0.2556,0.507,0.4912,0.2568,0.267,0.3721,0.4159,0.405,0.2845,0.4347
3023,100.800,14,0.000,0.0000,1.0000,0.242,0.4303,0.4006,0.220,0.4498,0.3997,0.338,0.5073,0.3286,0.498,0.5103,0.3295,0.233,0.4901,0.2556,0.532,0.4930,0.2551,0.219,0.3711,0.4108,0.386,0.2897,0.4292
3024,100.833,14,0.000,0.0000,1.0000,0.217,0.4340,0.4017,0.249,0.4473,0.3939,0.269,0.5089,0.3255,0.527,0.5126,0.3266,0.224,0.4901,0.2554,0.550,0.4937,0.2547,0.201,0.3679,0.4085,0.338,0.2907,0.4220
3025,100.867,14,0.000,0.0000,1.0000,0.229,0.4338,0.3947,0.231,0.4436,0.3920,0.326,0.5119,0.3228,0.468,0.5134,0.3252,0.242,0.4902,0.2552,0.510,0.4933,0.2540,0.222,0.3683,0.4035,0.370,0.2854,0.4146
3026,100.900,14,0.000,0.0000,1.0000,0.255,0.4268,0.3879,0.172,0.4360,0.3878,0.397,0.5166,0.3220,0.376,0.5171,0.3240,0.299,0.4924,0.2546,0.452,0.4943,0.2547,0.247,0.3710,0.3949,0.258,0.2875,0.4085
3027,100.933,14,0.000,0.0000,1.0000,0.247,0.4254,0.3818,0.164,0.4343,0.3860,0.466,0.5197,0.3208,0.324,0.5181,0.3238,0.355,0.4928,0.2541,0.385,0.4951,0.2555,0.247,0.3624,0.3897,0.260,0.2868,0.4014
3028,100.967,0,0.000,-1,-1,0.000,-1,-1,0.000,-1,-1,0.000,-1,-1,0.000,-1,-1,0.000,-1,-1,0.000,-1,-1,0.000,-1,-1,0.000,-1,-1
3029,101.000,0,0.000,-1,-1,0.000,-1,-1,0.000,-1,-1,0.000,-1,-1,0.000,-1,-1,0.000,-1,-1,0.000,-1,-1,0.000,-1,-1,0.000,-1,-1
3030,101.033,0,0.000,-1,-1,0.000,-1,-1,0.000,-1,-1,0.000,-1,-1,0.000,-1,-1,0.000,-1,-1,0.000,-1,-1,0.000,-1,-1,0.000,-1,-1
3031,101.067,0,0.000,-1,-1,0.000,-1,-1,0.000,-1,-1,0.000,-1,-1,0.000,-1,-1,0.000,-1,-1,0.000,-1,-1,0.000,-1,-1,0.000,-1,-1
3032,101.100,0,0.000,-1,-1,0.000,-1,-1,0.000,-1,-1,0.000,-1,-1,0.000,-1,-1,0.000,-1,-1,0.000,-1,-1,0.000,-1,-1,0.000,-1,-1
3033,101.133,0,0.000,-1,-1,0.000,-1,-1,0.000,-1,-1,0.000,-1,-1,0.000,-1,-1,0.000,-1,-1,0.000,-1,-1,0.000,-1,-1,0.000,-1,-1
3034,101.167,0,0.000,-1,-1,0.000,-1,-1,0.000,-1,-1,0.000,-1,-1,0.000,-1,-1,0.000,-1,-1,0.000,-1,-1,0.000,-1,-1,0.000,-1,-1
3035,101.200,0,0.000,-1,-1,0.000,-1,-1,0.000,-1,-1,0.000,-1,-1,0.000,-1,-1,0.000,-1,-1,0.000,-1,-1,0.000,-1,-1,0.000,-1,-1
3036,101.233,0,0.000,-1,-1,0.000,-1,-1,0.000,-1,-1,0.000,-1,-1,0.000,-1,-1,0.000,-1,-1,0.000,-1,-1,0.000,-1,-1,0.000,-1,-1
3037,101.267,0,0.000,-1,-1,0.000,-1,-1,0.000,-1,-1,0.000,-1,-1,0.000,-1,-1,0.000,-1,-1,0.000,-1,-1,0.000,-1,-1,0.000,-1,-1
3038,101.300,0,0.000,-1,-1,0.000,-1,-1,0.000,-1,-1,0.000,-1,-1,0.000,-1,-1,0.000,-1,-1,0.000,-1,-1,0.000,-1,-1,0.000,-1,-1
3039,101.333,0,0.000,-1,-1,0.000,-1,-1,0.000,-1,-1,0.000,-1,-1,0.000,-1,-1,0.000,-1,-1,0.000,-1,-1,0.000,-1,-1,0.000,-1,-1
3040,101.367,0,0.000,-1,-1,0.000,-1,-1,0.000,-1,-1,0.000,-1,-1,0.000,-1,-1,0.000,-1,-1,0.000,-1,-1,0.000,-1,-1,0.000,-1,-1
3041,101.400,0,0.000,-1,-1,0.000,-1,-1,0.000,-1,-1,0.000,-1,-1,0.000,-1,-1,0.000,-1,-1,0.000,-1,-1,0.000,-1,-1,0.000,-1,-1
3042,101.433,0,0.000,-1,-1,0.000,-1,-1,0.000,-1,-1,0.000,-1,-1,0.000,-1,-1,0.000,-1,-1,0.000,-1,-1,0.000,-1,-1,0.000,-1,-1
3043,101.467,0,0.000,-1,-1,0.000,-1,-1,0.000,-1,-1,0.000,-1,-1,0.000,-1,-1,0.000,-1,-1,0.000,-1,-1,0.000,-1,-1,0.000,-1,-1
3044,101.500,0,0.000,-1,-1,0.000,-1,-1,0.000,-1,-1,0.000,-1,-1,0.000,-1,-1,0.000,-1,-1,0.000,-1,-1,0.000,-1,-1,0.000,-1,-1
3045,101.533,16,0.124,0.3852,0.2307,0.313,0.4232,0.3037,0.243,0.3861,0.3071,0.425,0.5238,0.3250,0.265,0.5193,0.3246,0.495,0.4905,0.2534,0.235,0.4959,0.2505,0.175,0.2860,0.2695,0.298,0.2426,0.3028
3046,101.567,18,0.281,0.3884,0.2289,0.316,0.4217,0.3004,0.296,0.3982,0.3040,0.426,0.5219,0.3238,0.318,0.5179,0.3232,0.436,0.4905,0.2540,0.335,0.4936,0.2497,0.189,0.2741,0.2689,0.325,0.2403,0.2998
3047,101.600,0,0.000,-1,-1,0.000,-1,-1,0.000,-1,-1,0.000,-1,-1,0.000,-1,-1,0.000,-1,-1,0.000,-1,-1,0.000,-1,-1,0.000,-1,-1
3048,101.633,0,0.000,-1,-1,0.000,-1,-1,0.000,-1,-1,0.000,-1,-1,0.000,-1,-1,0.000,-1,-1,0.000,-1,-1,0.000,-1,-1,0.000,-1,-1
3049,101.667,0,0.000,-1,-1,0.000,-1,-1,0.000,-1,-1,0.000,-1,-1,0.000,-1,-1,0.000,-1,-1,0.000,-1,-1,0.000,-1,-1,0.000,-1,-1
3050,101.700,0,0.000,-1,-1,0.000,-1,-1,0.000,-1,-1,0.000,-1,-1,0.000,-1,-1,0.000,-1,-1,0.000,-1,-1,0.000,-1,-1,0.000,-1,-1
3051,101.733,0,0.000,-1,-1,0.000,-1,-1,0.000,-1,-1,0.000,-1,-1,0.000,-1,-1,0.000,-1,-1,0.000,-1,-1,0.000,-1,-1,0.000,-1,-1
3052,101.767,14,0.000,0.0000,1.0000,0.279,0.4080,0.2843,0.182,0.4045,0.2783,0.604,0.5098,0.3258,0.479,0.1631,0.3298,0.536,0.4898,0.2507,0.544,0.1457,0.2628,0.109,0.2324,0.2137,0.153,0.2520,0.2807
3053,101.800,0,0.000,-1,-1,0.000,-1,-1,0.000,-1,-1,0.000,-1,-1,0.000,-1,-1,0.000,-1,-1,0.000,-1,-1,0.000,-1,-1,0.000,-1,-1
3054,101.833,13,0.000,0.0000,1.0000,0.227,0.4036,0.2803,0.000,0.0000,1.0000,0.587,0.5074,0.3265,0.377,0.1647,0.3308,0.526,0.4875,0.2494,0.433,0.1454,0.2638,0.145,0.2658,0.2707,0.128,0.1738,0.2179
3055,101.867,13,0.000,0.0000,1.0000,0.178,0.4061,0.2805,0.000,0.0000,1.0000,0.628,0.5074,0.3268,0.414,0.1668,0.3312,0.550,0.4871,0.2509,0.475,0.1504,0.2654,0.144,0.2702,0.2669,0.142,0.2419,0.2577
3056,101.900,12,0.000,0.0000,1.0000,0.137,0.3903,0.2770,0.000,0.0000,1.0000,0.544,0.5064,0.3266,0.416,0.1695,0.3310,0.498,0.4846,0.2512,0.427,0.1532,0.2652,0.000,0.0000,1.0000,0.116,0.1714,0.2175
3057,101.933,10,0.000,0.0000,1.0000,0.170,0.3914,0.2782,0.000,0.0000,1.0000,0.551,0.5058,0.3287,0.419,0.1703,0.3315,0.426,0.4857,0.2508,0.411,0.1579,0.2666,0.000,0.0000,1.0000,0.000,0.0000,1.0000
3058,101.967,0,0.000,-1,-1,0.000,-1,-1,0.000,-1,-1,0.000,-1,-1,0.000,-1,-1,0.000,-1,-1,0.000,-1,-1,0.000,-1,-1,0.000,-1,-1
3059,102.000,0,0.000,-1,-1,0.000,-1,-1,0.000,-1,-1,0.000,-1,-1,0.000,-1,-1,0.000,-1,-1,0.000,-1,-1,0.000,-1,-1,0.000,-1,-1
3060,102.033,0,0.000,-1,-1,0.000,-1,-1,0.000,-1,-1,0.000,-1,-1,0.000,-1,-1,0.000,-1,-1,0.000,-1,-1,0.000,-1,-1,0.000,-1,-1
3061,102.067,0,0.000,-1,-1,0.000,-1,-1,0.000,-1,-1,0.000,-1,-1,0.000,-1,-1,0.000,-1,-1,0.000,-1,-1,0.000,-1,-1,0.000,-1,-1
3062,102.100,0,0.000,-1,-1,0.000,-1,-1,0.000,-1,-1,0.000,-1,-1,0.000,-1,-1,0.000,-1,-1,0.000,-1,-1,0.000,-1,-1,0.000,-1,-1
3063,102.133,0,0.000,-1,-1,0.000,-1,-1,0.000,-1,-1,0.000,-1,-1,0.000,-1,-1,0.000,-1,-1,0.000,-1,-1,0.000,-1,-1,0.000,-1,-1
3064,102.167,0,0.000,-1,-1,0.000,-1,-1,0.000,-1,-1,0.000,-1,-1,0.000,-1,-1,0.000,-1,-1,0.000,-1,-1,0.000,-1,-1,0.000,-1,-1
3065,102.200,0,0.000,-1,-1,0.000,-1,-1,0.000,-1,-1,0.000,-1,-1,0.000,-1,-1,0.000,-1,-1,0.000,-1,-1,0.000,-1,-1,0.000,-1,-1
3066,102.233,0,0.000,-1,-1,0.000,-1,-1,0.000,-1,-1,0.000,-1,-1,0.000,-1,-1,0.000,-1,-1,0.000,-1,-1,0.000,-1,-1,0.000,-1,-1
3067,102.267,0,0.000,-1,-1,0.000,-1,-1,0.000,-1,-1,0.000,-1,-1,0.000,-1,-1,0.000,-1,-1,0.000,-1,-1,0.000,-1,-1,0.000,-1,-1
3068,102.300,14,0.000,0.0000,1.0000,0.245,0.4025,0.2806,0.174,0.3953,0.2867,0.536,0.5068,0.3273,0.530,0.1695,0.3290,0.421,0.4854,0.2521,0.526,0.1467,0.2600,0.134,0.2700,0.2698,0.203,0.2559,0.2729
3069,102.333,0,0.000,-1,-1,0.000,-1,-1,0.000,-1,-1,0.000,-1,-1,0.000,-1,-1,0.000,-1,-1,0.000,-1,-1,0.000,-1,-1,0.000,-1,-1
3070,102.367,0,0.000,-1,-1,0.000,-1,-1,0.000,-1,-1,0.000,-1,-1,0.000,-1,-1,0.000,-1,-1,0.000,-1,-1,0.000,-1,-1,0.000,-1,-1
3071,102.400,0,0.000,-1,-1,0.000,-1,-1,0.000,-1,-1,0.000,-1,-1,0.000,-1,-1,0.000,-1,-1,0.000,-1,-1,0.000,-1,-1,0.000,-1,-1
3072,102.433,14,0.000,0.0000,1.0000,0.263,0.4048,0.2987,0.149,0.3957,0.3008,0.541,0.5139,0.3259,0.281,0.1578,0.3314,0.427,0.4893,0.2503,0.346,0.1385,0.2667,0.138,0.3438,0.2679,0.219,0.2569,0.2852
3073,102.467,0,0.000,-1,-1,0.000,-1,-1,0.000,-1,-1,0.000,-1,-1,0.000,-1,-1,0.000,-1,-1,0.000,-1,-1,0.000,-1,-1,0.000,-1,-1
3074,102.500,0,0.000,-1,-1,0.000,-1,-1,0.000,-1,-1,0.000,-1,-1,0.000,-1,-1,0.000,-1,-1,0.000,-1,-1,0.000,-1,-1,0.000,-1,-1
3075,102.533,14,0.000,0.0000,1.0000,0.375,0.4010,0.3144,0.272,0.2285,0.3051,0.584,0.5221,0.3249,0.625,0.1528,0.3323,0.483,0.4917,0.2534,0.315,0.1305,0.2713,0.219,0.3631,0.2855,0.145,0.2614,0.2955
3076,102.567,14,0.000,0.0000,1.0000,0.286,0.4067,0.3214,0.160,0.2209,0.3027,0.567,0.5250,0.3230,0.379,0.1561,0.3323,0.523,0.4946,0.2523,0.246,0.2577,0.3390,0.310,0.3752,0.2976,0.220,0.2675,0.3052
3077,102.600,14,0.000,0.0000,1.0000,0.293,0.4056,0.3317,0.174,0.2296,0.3176,0.504,0.5244,0.3221,0.331,0.5239,0.3235,0.498,0.4965,0.2528,0.270,0.5000,0.2531,0.323,0.3719,0.3073,0.238,0.2819,0.3156
3078,102.633,14,0.000,0.0000,1.0000,0.322,0.4124,0.3391,0.154,0.2500,0.3242,0.598,0.5247,0.3218,0.422,0.1573,0.3303,0.603,0.4971,0.2531,0.480,0.2467,0.3531,0.347,0.3753,0.3090,0.314,0.2803,0.3200
3079,102.667,14,0.000,0.0000,1.0000,0.383,0.4227,0.3473,0.159,0.2777,0.3385,0.723,0.5246,0.3222,0.563,0.1541,0.3307,0.681,0.4966,0.2540,0.650,0.2383,0.3560,0.394,0.3779,0.3165,0.337,0.2897,0.3281
3080,102.700,14,0.000,0.0000,1.0000,0.392,0.4219,0.3502,0.158,0.4034,0.3513,0.729,0.5240,0.3225,0.729,0.1512,0.3329,0.671,0.4960,0.2537,0.577,0.2323,0.3591,0.303,0.3720,0.3157,0.367,0.2694,0.3279
3081,102.733,14,0.000,0.0000,1.0000,0.483,0.4254,0.3540,0.166,0.2964,0.3549,0.745,0.5238,0.3222,0.766,0.1497,0.3346,0.696,0.4947,0.2527,0.652,0.2396,0.3648,0.299,0.3726,0.3180,0.407,0.2668,0.3322
3082,102.767,14,0.000,0.0000,1.0000,0.348,0.4246,0.3597,0.210,0.2723,0.3586,0.634,0.5227,0.3231,0.506,0.1542,0.3357,0.574,0.4960,0.2522,0.369,0.1311,0.2642,0.233,0.3756,0.3260,0.314,0.2631,0.3349
3083,102.800,14,0.000,0.0000,1.0000,0.432,0.4278,0.3661,0.221,0.2695,0.3663,0.628,0.5230,0.3237,0.524,0.1488,0.3358,0.550,0.4960,0.2525,0.302,0.1323,0.2650,0.209,0.3727,0.3291,0.313,0.2615,0.3397
3084,102.833,14,0.000,0.0000,1.0000,0.458,0.4368,0.3691,0.190,0.4130,0.3712,0.651,0.5215,0.3228,0.511,0.2482,0.3804,0.656,0.4956,0.2532,0.643,0.1799,0.3545,0.274,0.3692,0.3316,0.410,0.2610,0.3454
3085,102.867,14,0.000,0.0000,1.0000,0.457,0.4379,0.3761,0.199,0.4196,0.3763,0.618,0.5179,0.3237,0.219,0.5178,0.3233,0.600,0.4961,0.2543,0.268,0.4959,0.2539,0.198,0.3535,0.3394,0.318,0.2665,0.3513
3086,102.900,14,0.000,0.0000,1.0000,0.381,0.4371,0.3794,0.230,0.4360,0.3777,0.487,0.5158,0.3246,0.339,0.5159,0.3242,0.442,0.4959,0.2548,0.400,0.4950,0.2557,0.210,0.3533,0.3453,0.305,0.2718,0.3576
3087,102.933,14,0.000,0.0000,1.0000,0.269,0.4279,0.3857,0.364,0.4396,0.3811,0.341,0.5111,0.3259,0.489,0.5117,0.3258,0.282,0.4930,0.2547,0.562,0.4967,0.2557,0.174,0.2734,0.3582,0.306,0.2669,0.3633
3088,102.967,14,0.000,0.0000,1.0000,0.326,0.4386,0.3897,0.300,0.4417,0.3878,0.472,0.5098,0.3285,0.399,0.5097,0.3283,0.338,0.4928,0.2551,0.484,0.4931,0.2570,0.165,0.2857,0.3654,0.284,0.2701,0.3691
3089,103.000,0,0.000,-1,-1,0.000,-1,-1,0.000,-1,-1,0.000,-1,-1,0.000,-1,-1,0.000,-1,-1,0.000,-1,-1,0.000,-1,-1,0.000,-1,-1
3090,103.033,14,0.000,0.0000,1.0000,0.355,0.4378,0.3984,0.314,0.4430,0.3980,0.457,0.5034,0.3299,0.461,0.5048,0.3304,0.317,0.4911,0.2566,0.519,0.4912,0.2571,0.160,0.2772,0.3746,0.290,0.2689,0.3781
3091,103.067,15,0.000,0.0000,1.0000,0.284,0.4362,0.4010,0.455,0.4481,0.4003,0.244,0.3735,0.3178,0.605,0.5026,0.3293,0.173,0.4890,0.2552,0.688,0.4904,0.2557,0.220,0.3005,0.3797,0.370,0.2692,0.3906
3092,103.100,14,0.000,0.0000,1.0000,0.295,0.4403,0.4060,0.415,0.4480,0.4047,0.266,0.4973,0.3323,0.529,0.4990,0.3311,0.214,0.4898,0.2552,0.649,0.4896,0.2556,0.189,0.2769,0.3910,0.366,0.2677,0.3957
3093,103.133,15,0.000,0.0000,1.0000,0.215,0.4338,0.4098,0.372,0.4405,0.4121,0.248,0.4869,0.3405,0.582,0.4892,0.3387,0.209,0.4887,0.2560,0.661,0.4884,0.2578,0.242,0.2700,0.4006,0.341,0.2679,0.4021
3094,103.167,14,0.000,0.0000,1.0000,0.249,0.4335,0.4147,0.378,0.4402,0.4129,0.265,0.4824,0.3446,0.622,0.4858,0.3436,0.198,0.4885,0.2568,0.629,0.4885,0.2587,0.233,0.2663,0.4024,0.309,0.2646,0.4054
3095,103.200,14,0.000,0.0000,1.0000,0.282,0.4343,0.4162,0.352,0.4405,0.4156,0.306,0.4814,0.3467,0.578,0.4847,0.3454,0.217,0.4887,0.2571,0.606,0.4892,0.2584,0.223,0.2659,0.4060,0.282,0.2659,0.4098
3096,103.233,14,0.000,0.0000,1.0000,0.272,0.4337,0.4186,0.268,0.4362,0.4150,0.354,0.4802,0.3461,0.510,0.4818,0.3437,0.292,0.4899,0.2586,0.539,0.4897,0.2584,0.142,0.3501,0.4114,0.240,0.2718,0.4139
3097,103.267,14,0.000,0.0000,1.0000,0.291,0.4358,0.4234,0.272,0.4383,0.4199,0.389,0.4737,0.3465,0.492,0.4751,0.3437,0.270,0.4888,0.2574,0.555,0.4885,0.2575,0.186,0.3572,0.4137,0.268,0.2738,0.4183
3098,103.300,14,0.000,0.0000,1.0000,0.237,0.4314,0.4235,0.258,0.4367,0.4211,0.365,0.4702,0.3476,0.506,0.4737,0.3453,0.271,0.4888,0.2570,0.535,0.4886,0.2572,0.184,0.3549,0.4217,0.265,0.2717,0.4229
3099,103.333,14,0.000,0.0000,1.0000,0.215,0.4326,0.4220,0.163,0.4364,0.4227,0.404,0.4638,0.3401,0.437,0.4658,0.3400,0.321,0.4879,0.2571,0.455,0.4886,0.2569,0.286,0.3780,0.4229,0.243,0.3098,0.4287
3100,103.367,0,0.000,-1,-1,0.000,-1,-1,0.000,-1,-1,0.000,-1,-1,0.000,-1,-1,0.000,-1,-1,0.000,-1,-1,0.000,-1,-1,0.000,-1,-1
3101,103.400,14,0.000,0.0000,1.0000,0.113,0.3839,0.3708,0.165,0.4309,0.4243,0.198,0.4580,0.3346,0.591,0.4660,0.3362,0.148,0.4824,0.2556,0.665,0.4894,0.2565,0.301,0.3784,0.4237,0.250,0.2897,0.4339
3102,103.433,14,0.000,0.0000,1.0000,0.115,0.4198,0.4113,0.180,0.4346,0.4243,0.193,0.4584,0.3346,0.622,0.4659,0.3364,0.158,0.4840,0.2555,0.662,0.4896,0.2572,0.280,0.3774,0.4244,0.242,0.2837,0.4350
3103,103.467,0,0.000,-1,-1,0.000,-1,-1,0.000,-1,-1,0.000,-1,-1,0.000,-1,-1,0.000,-1,-1,0.000,-1,-1,0.000,-1,-1,0.000,-1,-1
3104,103.500,0,0.000,-1,-1,0.000,-1,-1,0.000,-1,-1,0.000,-1,-1,0.000,-1,-1,0.000,-1,-1,0.000,-1,-1,0.000,-1,-1,0.000,-1,-1
3105,103.533,0,0.000,-1,-1,0.000,-1,-1,0.000,-1,-1,0.000,-1,-1,0.000,-1,-1,0.000,-1,-1,0.000,-1,-1,0.000,-1,-1,0.000,-1,-1
3106,103.567,0,0.000,-1,-1,0.000,-1,-1,0.000,-1,-1,0.000,-1,-1,0.000,-1,-1,0.000,-1,-1,0.000,-1,-1,0.000,-1,-1,0.000,-1,-1
3107,103.600,0,0.000,-1,-1,0.000,-1,-1,0.000,-1,-1,0.000,-1,-1,0.000,-1,-1,0.000,-1,-1,0.000,-1,-1,0.000,-1,-1,0.000,-1,-1
3108,103.633,0,0.000,-1,-1,0.000,-1,-1,0.000,-1,-1,0.000,-1,-1,0.000,-1,-1,0.000,-1,-1,0.000,-1,-1,0.000,-1,-1,0.000,-1,-1
3109,103.667,0,0.000,-1,-1,0.000,-1,-1,0.000,-1,-1,0.000,-1,-1,0.000,-1,-1,0.000,-1,-1,0.000,-1,-1,0.000,-1,-1,0.000,-1,-1
3110,103.700,0,0.000,-1,-1,0.000,-1,-1,0.000,-1,-1,0.000,-1,-1,0.000,-1,-1,0.000,-1,-1,0.000,-1,-1,0.000,-1,-1,0.000,-1,-1
3111,103.733,0,0.000,-1,-1,0.000,-1,-1,0.000,-1,-1,0.000,-1,-1,0.000,-1,-1,0.000,-1,-1,0.000,-1,-1,0.000,-1,-1,0.000,-1,-1
3112,103.767,0,0.000,-1,-1,0.000,-1,-1,0.000,-1,-1,0.000,-1,-1,0.000,-1,-1,0.000,-1,-1,0.000,-1,-1,0.000,-1,-1,0.000,-1,-1
3113,103.800,14,0.000,0.0000,1.0000,0.134,0.4235,0.4146,0.203,0.4363,0.4195,0.234,0.4690,0.3381,0.560,0.4743,0.3363,0.192,0.4881,0.2564,0.637,0.4892,0.2580,0.264,0.3613,0.4270,0.264,0.2671,0.4352
3114,103.833,14,0.000,0.0000,1.0000,0.167,0.4349,0.4147,0.221,0.4432,0.4161,0.236,0.4763,0.3389,0.561,0.4823,0.3392,0.209,0.4880,0.2567,0.631,0.4897,0.2586,0.281,0.3741,0.4239,0.259,0.2700,0.4350
3115,103.867,14,0.000,0.0000,1.0000,0.209,0.4362,0.4131,0.238,0.4431,0.4136,0.250,0.4808,0.3393,0.562,0.4868,0.3393,0.235,0.4880,0.2564,0.601,0.4892,0.2578,0.274,0.3716,0.4224,0.294,0.2690,0.4336
3116,103.900,14,0.000,0.0000,1.0000,0.251,0.4323,0.4157,0.294,0.4418,0.4140,0.271,0.4859,0.3380,0.584,0.4895,0.3368,0.213,0.4888,0.2561,0.610,0.4894,0.2576,0.168,0.3528,0.4231,0.277,0.2682,0.4277
3117,103.933,0,0.000,-1,-1,0.000,-1,-1,0.000,-1,-1,0.000,-1,-1,0.000,-1,-1,0.000,-1,-1,0.000,-1,-1,0.000,-1,-1,0.000,-1,-1
3118,103.967,14,0.000,0.0000,1.0000,0.247,0.4346,0.4069,0.337,0.4444,0.4065,0.291,0.5042,0.3297,0.534,0.5058,0.3307,0.245,0.4901,0.2555,0.543,0.4917,0.2570,0.165,0.2699,0.4140,0.315,0.2624,0.4178
3119,104.000,14,0.000,0.0000,1.0000,0.312,0.4368,0.4057,0.269,0.4446,0.4045,0.377,0.5045,0.3317,0.511,0.5078,0.3321,0.277,0.4914,0.2545,0.521,0.4920,0.2556,0.193,0.3529,0.4038,0.316,0.2696,0.4141
3120,104.033,14,0.000,0.0000,1.0000,0.365,0.4362,0.4032,0.167,0.4354,0.4029,0.531,0.5080,0.3319,0.377,0.5091,0.3315,0.368,0.4950,0.2552,0.421,0.4938,0.2565,0.241,0.3668,0.3960,0.247,0.2892,0.4077
3121,104.067,14,0.000,0.0000,1.0000,0.219,0.4265,0.3980,0.250,0.4410,0.3968,0.292,0.5088,0.3283,0.555,0.5126,0.3304,0.249,0.4920,0.2547,0.581,0.4943,0.2552,0.198,0.3531,0.3915,0.345,0.2664,0.4020
3122,104.100,14,0.000,0.0000,1.0000,0.226,0.4230,0.3936,0.339,0.4400,0.3923,0.266,0.5145,0.3230,0.524,0.5153,0.3253,0.208,0.4908,0.2548,0.636,0.4946,0.2546,0.171,0.2723,0.3888,0.375,0.2646,0.3962
3123,104.133,14,0.000,0.0000,1.0000,0.269,0.4199,0.3894,0.340,0.4368,0.3882,0.269,0.5217,0.3239,0.472,0.5207,0.3247,0.197,0.4915,0.2549,0.618,0.4954,0.2545,0.183,0.2717,0.3820,0.370,0.2608,0.3897
3124,104.167,14,0.000,0.0000,1.0000,0.293,0.4273,0.3888,0.310,0.4374,0.3834,0.328,0.5243,0.3227,0.444,0.5232,0.3242,0.279,0.4943,0.2545,0.540,0.4960,0.2543,0.198,0.2748,0.3785,0.342,0.2632,0.3809
3125,104.200,14,0.000,0.0000,1.0000,0.278,0.4280,0.3823,0.223,0.4331,0.3774,0.448,0.5283,0.3230,0.398,0.5269,0.3226,0.368,0.4962,0.2538,0.413,0.4958,0.2540,0.212,0.3675,0.3677,0.290,0.2545,0.3736
3126,104.233,0,0.000,-1,-1,0.000,-1,-1,0.000,-1,-1,0.000,-1,-1,0.000,-1,-1,0.000,-1,-1,0.000,-1,-1,0.000,-1,-1,0.000,-1,-1
3127,104.267,0,0.000,-1,-1,0.000,-1,-1,0.000,-1,-1,0.000,-1,-1,0.000,-1,-1,0.000,-1,-1,0.000,-1,-1,0.000,-1,-1,0.000,-1,-1
3128,104.300,0,0.000,-1,-1,0.000,-1,-1,0.000,-1,-1,0.000,-1,-1,0.000,-1,-1,0.000,-1,-1,0.000,-1,-1,0.000,-1,-1,0.000,-1,-1
3129,104.333,0,0.000,-1,-1,0.000,-1,-1,0.000,-1,-1,0.000,-1,-1,0.000,-1,-1,0.000,-1,-1,0.000,-1,-1,0.000,-1,-1,0.000,-1,-1
3130,104.367,0,0.000,-1,-1,0.000,-1,-1,0.000,-1,-1,0.000,-1,-1,0.000,-1,-1,0.000,-1,-1,0.000,-1,-1,0.000,-1,-1,0.000,-1,-1
3131,104.400,14,0.000,0.0000,1.0000,0.298,0.4174,0.3491,0.207,0.4087,0.3503,0.539,0.5321,0.3208,0.333,0.5327,0.3219,0.406,0.4988,0.2524,0.393,0.5018,0.2521,0.194,0.2833,0.3289,0.366,0.2585,0.3382
3132,104.433,14,0.000,0.0000,1.0000,0.229,0.4148,0.3381,0.209,0.4074,0.3390,0.461,0.5338,0.3203,0.419,0.5334,0.3222,0.398,0.4992,0.2525,0.391,0.5031,0.2535,0.180,0.2820,0.3217,0.339,0.2602,0.3320
3133,104.467,14,0.000,0.0000,1.0000,0.236,0.4111,0.3353,0.177,0.4035,0.3364,0.437,0.5328,0.3208,0.395,0.5325,0.3226,0.384,0.4991,0.2520,0.362,0.5051,0.2539,0.171,0.2821,0.3195,0.329,0.2570,0.3287
3134,104.500,14,0.000,0.0000,1.0000,0.207,0.4139,0.3257,0.132,0.4010,0.3321,0.454,0.5316,0.3210,0.415,0.1418,0.3258,0.436,0.4986,0.2521,0.290,0.5030,0.2546,0.179,0.3500,0.3170,0.362,0.2616,0.3273
3135,104.533,0,0.000,-1,-1,0.000,-1,-1,0.000,-1,-1,0.000,-1,-1,0.000,-1,-1,0.000,-1,-1,0.000,-1,-1,0.000,-1,-1,0.000,-1,-1
3136,104.567,0,0.000,-1,-1,0.000,-1,-1,0.000,-1,-1,0.000,-1,-1,0.000,-1,-1,0.000,-1,-1,0.000,-1,-1,0.000,-1,-1,0.000,-1,-1
3137,104.600,14,0.000,0.0000,1.0000,0.338,0.4042,0.3142,0.229,0.3975,0.3181,0.476,0.5252,0.3211,0.438,0.5257,0.3217,0.383,0.4927,0.2524,0.393,0.4959,0.2524,0.168,0.2822,0.3011,0.335,0.2414,0.3063
3138,104.633,0,0.000,-1,-1,0.000,-1,-1,0.000,-1,-1,0.000,-1,-1,0.000,-1,-1,0.000,-1,-1,0.000,-1,-1,0.000,-1,-1,0.000,-1,-1
3139,104.667,0,0.000,-1,-1,0.000,-1,-1,0.000,-1,-1,0.000,-1,-1,0.000,-1,-1,0.000,-1,-1,0.000,-1,-1,0.000,-1,-1,0.000,-1,-1
3140,104.700,0,0.000,-1,-1,0.000,-1,-1,0.000,-1,-1,0.000,-1,-1,0.000,-1,-1,0.000,-1,-1,0.000,-1,-1,0.000,-1,-1,0.000,-1,-1
3141,104.733,0,0.000,-1,-1,0.000,-1,-1,0.000,-1,-1,0.000,-1,-1,0.000,-1,-1,0.000,-1,-1,0.000,-1,-1,0.000,-1,-1,0.000,-1,-1
3142,104.767,0,0.000,-1,-1,0.000,-1,-1,0.000,-1,-1,0.000,-1,-1,0.000,-1,-1,0.000,-1,-1,0.000,-1,-1,0.000,-1,-1,0.000,-1,-1
3143,104.800,0,0.000,-1,-1,0.000,-1,-1,0.000,-1,-1,0.000,-1,-1,0.000,-1,-1,0.000,-1,-1,0.000,-1,-1,0.000,-1,-1,0.000,-1,-1
3144,104.833,0,0.000,-1,-1,0.000,-1,-1,0.000,-1,-1,0.000,-1,-1,0.000,-1,-1,0.000,-1,-1,0.000,-1,-1,0.000,-1,-1,0.000,-1,-1
3145,104.867,0,0.000,-1,-1,0.000,-1,-1,0.000,-1,-1,0.000,-1,-1,0.000,-1,-1,0.000,-1,-1,0.000,-1,-1,0.000,-1,-1,0.000,-1,-1
3146,104.900,0,0.000,-1,-1,0.000,-1,-1,0.000,-1,-1,0.000,-1,-1,0.000,-1,-1,0.000,-1,-1,0.000,-1,-1,0.000,-1,-1,0.000,-1,-1
3147,104.933,0,0.000,-1,-1,0.000,-1,-1,0.000,-1,-1,0.000,-1,-1,0.000,-1,-1,0.000,-1,-1,0.000,-1,-1,0.000,-1,-1,0.000,-1,-1
3148,104.967,0,0.000,-1,-1,0.000,-1,-1,0.000,-1,-1,0.000,-1,-1,0.000,-1,-1,0.000,-1,-1,0.000,-1,-1,0.000,-1,-1,0.000,-1,-1
3149,105.000,0,0.000,-1,-1,0.000,-1,-1,0.000,-1,-1,0.000,-1,-1,0.000,-1,-1,0.000,-1,-1,0.000,-1,-1,0.000,-1,-1,0.000,-1,-1
3150,105.033,0,0.000,-1,-1,0.000,-1,-1,0.000,-1,-1,0.000,-1,-1,0.000,-1,-1,0.000,-1,-1,0.000,-1,-1,0.000,-1,-1,0.000,-1,-1
3151,105.067,0,0.000,-1,-1,0.000,-1,-1,0.000,-1,-1,0.000,-1,-1,0.000,-1,-1,0.000,-1,-1,0.000,-1,-1,0.000,-1,-1,0.000,-1,-1
3152,105.100,0,0.000,-1,-1,0.000,-1,-1,0.000,-1,-1,0.000,-1,-1,0.000,-1,-1,0.000,-1,-1,0.000,-1,-1,0.000,-1,-1,0.000,-1,-1
3153,105.133,0,0.000,-1,-1,0.000,-1,-1,0.000,-1,-1,0.000,-1,-1,0.000,-1,-1,0.000,-1,-1,0.000,-1,-1,0.000,-1,-1,0.000,-1,-1
3154,105.167,0,0.000,-1,-1,0.000,-1,-1,0.000,-1,-1,0.000,-1,-1,0.000,-1,-1,0.000,-1,-1,0.000,-1,-1,0.000,-1,-1,0.000,-1,-1
3155,105.200,0,0.000,-1,-1,0.000,-1,-1,0.000,-1,-1,0.000,-1,-1,0.000,-1,-1,0.000,-1,-1,0.000,-1,-1,0.000,-1,-1,0.000,-1,-1
3156,105.233,0,0.000,-1,-1,0.000,-1,-1,0.000,-1,-1,0.000,-1,-1,0.000,-1,-1,0.000,-1,-1,0.000,-1,-1,0.000,-1,-1,0.000,-1,-1
3157,105.267,0,0.000,-1,-1,0.000,-1,-1,0.000,-1,-1,0.000,-1,-1,0.000,-1,-1,0.000,-1,-1,0.000,-1,-1,0.000,-1,-1,0.000,-1,-1
3158,105.300,0,0.000,-1,-1,0.000,-1,-1,0.000,-1,-1,0.000,-1,-1,0.000,-1,-1,0.000,-1,-1,0.000,-1,-1,0.000,-1,-1,0.000,-1,-1
3159,105.333,0,0.000,-1,-1,0.000,-1,-1,0.000,-1,-1,0.000,-1,-1,0.000,-1,-1,0.000,-1,-1,0.000,-1,-1,0.000,-1,-1,0.000,-1,-1
3160,105.367,0,0.000,-1,-1,0.000,-1,-1,0.000,-1,-1,0.000,-1,-1,0.000,-1,-1,0.000,-1,-1,0.000,-1,-1,0.000,-1,-1,0.000,-1,-1
3161,105.400,0,0.000,-1,-1,0.000,-1,-1,0.000,-1,-1,0.000,-1,-1,0.000,-1,-1,0.000,-1,-1,0.000,-1,-1,0.000,-1,-1,0.000,-1,-1
3162,105.433,0,0.000,-1,-1,0.000,-1,-1,0.000,-1,-1,0.000,-1,-1,0.000,-1,-1,0.000,-1,-1,0.000,-1,-1,0.000,-1,-1,0.000,-1,-1
3163,105.467,0,0.000,-1,-1,0.000,-1,-1,0.000,-1,-1,0.000,-1,-1,0.000,-1,-1,0.000,-1,-1,0.000,-1,-1,0.000,-1,-1,0.000,-1,-1
3164,105.500,0,0.000,-1,-1,0.000,-1,-1,0.000,-1,-1,0.000,-1,-1,0.000,-1,-1,0.000,-1,-1,0.000,-1,-1,0.000,-1,-1,0.000,-1,-1
3165,105.533,0,0.000,-1,-1,0.000,-1,-1,0.000,-1,-1,0.000,-1,-1,0.000,-1,-1,0.000,-1,-1,0.000,-1,-1,0.000,-1,-1,0.000,-1,-1
3166,105.567,0,0.000,-1,-1,0.000,-1,-1,0.000,-1,-1,0.000,-1,-1,0.000,-1,-1,0.000,-1,-1,0.000,-1,-1,0.000,-1,-1,0.000,-1,-1
3167,105.600,0,0.000,-1,-1,0.000,-1,-1,0.000,-1,-1,0.000,-1,-1,0.000,-1,-1,0.000,-1,-1,0.000,-1,-1,0.000,-1,-1,0.000,-1,-1
3168,105.633,0,0.000,-1,-1,0.000,-1,-1,0.000,-1,-1,0.000,-1,-1,0.000,-1,-1,0.000,-1,-1,0.000,-1,-1,0.000,-1,-1,0.000,-1,-1
3169,105.667,0,0.000,-1,-1,0.000,-1,-1,0.000,-1,-1,0.000,-1,-1,0.000,-1,-1,0.000,-1,-1,0.000,-1,-1,0.000,-1,-1,0.000,-1,-1
3170,105.700,0,0.000,-1,-1,0.000,-1,-1,0.000,-1,-1,0.000,-1,-1,0.000,-1,-1,0.000,-1,-1,0.000,-1,-1,0.000,-1,-1,0.000,-1,-1
3171,105.733,0,0.000,-1,-1,0.000,-1,-1,0.000,-1,-1,0.000,-1,-1,0.000,-1,-1,0.000,-1,-1,0.000,-1,-1,0.000,-1,-1,0.000,-1,-1
3172,105.767,0,0.000,-1,-1,0.000,-1,-1,0.000,-1,-1,0.000,-1,-1,0.000,-1,-1,0.000,-1,-1,0.000,-1,-1,0.000,-1,-1,0.000,-1,-1
3173,105.800,0,0.000,-1,-1,0.000,-1,-1,0.000,-1,-1,0.000,-1,-1,0.000,-1,-1,0.000,-1,-1,0.000,-1,-1,0.000,-1,-1,0.000,-1,-1
3174,105.833,0,0.000,-1,-1,0.000,-1,-1,0.000,-1,-1,0.000,-1,-1,0.000,-1,-1,0.000,-1,-1,0.000,-1,-1,0.000,-1,-1,0.000,-1,-1
3175,105.867,0,0.000,-1,-1,0.000,-1,-1,0.000,-1,-1,0.000,-1,-1,0.000,-1,-1,0.000,-1,-1,0.000,-1,-1,0.000,-1,-1,0.000,-1,-1
3176,105.900,0,0.000,-1,-1,0.000,-1,-1,0.000,-1,-1,0.000,-1,-1,0.000,-1,-1,0.000,-1,-1,0.000,-1,-1,0.000,-1,-1,0.000,-1,-1
3177,105.933,0,0.000,-1,-1,0.000,-1,-1,0.000,-1,-1,0.000,-1,-1,0.000,-1,-1,0.000,-1,-1,0.000,-1,-1,0.000,-1,-1,0.000,-1,-1
3178,105.967,0,0.000,-1,-1,0.000,-1,-1,0.000,-1,-1,0.000,-1,-1,0.000,-1,-1,0.000,-1,-1,0.000,-1,-1,0.000,-1,-1,0.000,-1,-1
3179,106.000,0,0.000,-1,-1,0.000,-1,-1,0.000,-1,-1,0.000,-1,-1,0.000,-1,-1,0.000,-1,-1,0.000,-1,-1,0.000,-1,-1,0.000,-1,-1
3180,106.033,0,0.000,-1,-1,0.000,-1,-1,0.000,-1,-1,0.000,-1,-1,0.000,-1,-1,0.000,-1,-1,0.000,-1,-1,0.000,-1,-1,0.000,-1,-1
3181,106.067,14,0.000,0.0000,1.0000,0.294,0.4079,0.3353,0.205,0.4094,0.3351,0.464,0.5296,0.3216,0.440,0.5295,0.3236,0.428,0.4910,0.2538,0.579,0.2375,0.3453,0.173,0.2768,0.3165,0.311,0.2623,0.3167
3182,106.100,14,0.000,0.0000,1.0000,0.258,0.4176,0.3395,0.232,0.4183,0.3423,0.488,0.5286,0.3217,0.454,0.1385,0.3275,0.406,0.4944,0.2536,0.458,0.2370,0.3497,0.206,0.3560,0.3157,0.280,0.2691,0.3237
3183,106.133,14,0.000,0.0000,1.0000,0.388,0.4178,0.3476,0.179,0.2660,0.3359,0.679,0.5306,0.3224,0.611,0.1399,0.3275,0.628,0.4961,0.2537,0.640,0.2350,0.3550,0.297,0.3769,0.3148,0.257,0.2836,0.3238
3184,106.167,14,0.000,0.0000,1.0000,0.396,0.4171,0.3508,0.147,0.4021,0.3489,0.673,0.5284,0.3223,0.660,0.1386,0.3288,0.588,0.4958,0.2532,0.488,0.2275,0.3562,0.220,0.3703,0.3185,0.350,0.2672,0.3280
3185,106.200,14,0.000,0.0000,1.0000,0.350,0.4180,0.3530,0.184,0.4159,0.3513,0.594,0.5286,0.3218,0.516,0.1397,0.3311,0.465,0.4968,0.2529,0.544,0.2227,0.3581,0.226,0.3687,0.3243,0.329,0.2673,0.3315
3186,106.233,14,0.000,0.0000,1.0000,0.305,0.4267,0.3588,0.216,0.4247,0.3563,0.551,0.5306,0.3214,0.368,0.1415,0.3328,0.411,0.4967,0.2528,0.381,0.4978,0.2535,0.178,0.3034,0.3314,0.319,0.2655,0.3377
3187,106.267,14,0.000,0.0000,1.0000,0.411,0.4336,0.3646,0.159,0.4209,0.3631,0.662,0.5305,0.3221,0.271,0.1404,0.3338,0.515,0.4971,0.2534,0.298,0.4963,0.2514,0.186,0.3688,0.3316,0.303,0.2668,0.3431
3188,106.300,14,0.000,0.0000,1.0000,0.444,0.4420,0.3697,0.180,0.4247,0.3681,0.676,0.5292,0.3211,0.269,0.5275,0.3213,0.523,0.4964,0.2533,0.319,0.4953,0.2510,0.207,0.3689,0.3380,0.340,0.2671,0.3485
3189,106.333,14,0.000,0.0000,1.0000,0.465,0.4420,0.3745,0.216,0.4241,0.3746,0.648,0.5273,0.3220,0.286,0.5255,0.3225,0.536,0.4964,0.2539,0.349,0.4940,0.2531,0.228,0.3677,0.3410,0.375,0.2682,0.3531
3190,106.367,14,0.000,0.0000,1.0000,0.499,0.4418,0.3777,0.204,0.4249,0.3765,0.636,0.5250,0.3232,0.252,0.5230,0.3222,0.533,0.4963,0.2542,0.364,0.4935,0.2532,0.211,0.3729,0.3444,0.310,0.2711,0.3562
3191,106.400,14,0.000,0.0000,1.0000,0.352,0.4411,0.3831,0.268,0.4362,0.3782,0.488,0.5229,0.3232,0.354,0.5228,0.3236,0.446,0.4964,0.2544,0.443,0.4944,0.2550,0.169,0.3681,0.3529,0.307,0.2690,0.3593
3192,106.433,14,0.000,0.0000,1.0000,0.320,0.4389,0.3866,0.290,0.4396,0.3858,0.435,0.5196,0.3238,0.357,0.5201,0.3248,0.416,0.4950,0.2545,0.462,0.4944,0.2562,0.162,0.3061,0.3607,0.371,0.2667,0.3660
3193,106.467,14,0.000,0.0000,1.0000,0.305,0.4381,0.3891,0.349,0.4422,0.3873,0.389,0.5150,0.3260,0.421,0.5142,0.3257,0.317,0.4936,0.2553,0.510,0.4944,0.2561,0.185,0.2877,0.3708,0.317,0.2718,0.3747
3194,106.500,14,0.000,0.0000,1.0000,0.294,0.4351,0.3943,0.408,0.4450,0.3924,0.375,0.5107,0.3299,0.540,0.5105,0.3303,0.280,0.4921,0.2565,0.557,0.4936,0.2574,0.190,0.2755,0.3764,0.290,0.2704,0.3787
3195,106.533,14,0.000,0.0000,1.0000,0.260,0.4360,0.3990,0.411,0.4460,0.3962,0.287,0.5072,0.3315,0.609,0.5068,0.3318,0.209,0.4903,0.2557,0.650,0.4925,0.2562,0.210,0.2761,0.3818,0.310,0.2686,0.3875
3196,106.567,14,0.000,0.0000,1.0000,0.212,0.4375,0.4007,0.372,0.4450,0.4004,0.259,0.5028,0.3328,0.582,0.5046,0.3323,0.192,0.4893,0.2555,0.632,0.4915,0.2558,0.212,0.2731,0.3918,0.315,0.2675,0.3954
3197,106.600,14,0.000,0.0000,1.0000,0.239,0.4383,0.4026,0.338,0.4458,0.4044,0.322,0.5019,0.3306,0.502,0.5044,0.3301,0.227,0.4896,0.2553,0.573,0.4903,0.2563,0.189,0.2751,0.3963,0.311,0.2679,0.4007
3198,106.633,14,0.000,0.0000,1.0000,0.238,0.4293,0.4112,0.304,0.4416,0.4101,0.326,0.4923,0.3385,0.506,0.4938,0.3364,0.226,0.4896,0.2564,0.638,0.4890,0.2572,0.162,0.3570,0.3995,0.307,0.2704,0.4061
3199,106.667,0,0.000,-1,-1,0.000,-1,-1,0.000,-1,-1,0.000,-1,-1,0.000,-1,-1,0.000,-1,-1,0.000,-1,-1,0.000,-1,-1,0.000,-1,-1
3200,106.700,0,0.000,-1,-1,0.000,-1,-1,0.000,-1,-1,0.000,-1,-1,0.000,-1,-1,0.000,-1,-1,0.000,-1,-1,0.000,-1,-1,0.000,-1,-1
3201,106.733,0,0.000,-1,-1,0.000,-1,-1,0.000,-1,-1,0.000,-1,-1,0.000,-1,-1,0.000,-1,-1,0.000,-1,-1,0.000,-1,-1,0.000,-1,-1
3202,106.767,0,0.000,-1,-1,0.000,-1,-1,0.000,-1,-1,0.000,-1,-1,0.000,-1,-1,0.000,-1,-1,0.000,-1,-1,0.000,-1,-1,0.000,-1,-1
3203,106.800,0,0.000,-1,-1,0.000,-1,-1,0.000,-1,-1,0.000,-1,-1,0.000,-1,-1,0.000,-1,-1,0.000,-1,-1,0.000,-1,-1,0.000,-1,-1
3204,106.833,0,0.000,-1,-1,0.000,-1,-1,0.000,-1,-1,0.000,-1,-1,0.000,-1,-1,0.000,-1,-1,0.000,-1,-1,0.000,-1,-1,0.000,-1,-1
3205,106.867,0,0.000,-1,-1,0.000,-1,-1,0.000,-1,-1,0.000,-1,-1,0.000,-1,-1,0.000,-1,-1,0.000,-1,-1,0.000,-1,-1,0.000,-1,-1
3206,106.900,0,0.000,-1,-1,0.000,-1,-1,0.000,-1,-1,0.000,-1,-1,0.000,-1,-1,0.000,-1,-1,0.000,-1,-1,0.000,-1,-1,0.000,-1,-1
3207,106.933,0,0.000,-1,-1,0.000,-1,-1,0.000,-1,-1,0.000,-1,-1,0.000,-1,-1,0.000,-1,-1,0.000,-1,-1,0.000,-1,-1,0.000,-1,-1
3208,106.967,14,0.000,0.0000,1.0000,0.116,0.4085,0.4206,0.190,0.4312,0.4285,0.158,0.4481,0.3354,0.564,0.4620,0.3372,0.190,0.4836,0.2561,0.594,0.4877,0.2565,0.320,0.3659,0.4359,0.266,0.2627,0.4480
3209,107.000,14,0.000,0.0000,1.0000,0.116,0.4074,0.4210,0.177,0.4175,0.4296,0.161,0.4528,0.3355,0.542,0.4640,0.3386,0.202,0.4846,0.2572,0.546,0.4885,0.2576,0.276,0.3664,0.4386,0.290,0.2511,0.4508
3210,107.033,14,0.000,0.0000,1.0000,0.111,0.3949,0.4056,0.143,0.4183,0.4289,0.208,0.4524,0.3341,0.496,0.4643,0.3378,0.232,0.4857,0.2565,0.492,0.4879,0.2568,0.298,0.3673,0.4411,0.263,0.2502,0.4510
3211,107.067,0,0.000,-1,-1,0.000,-1,-1,0.000,-1,-1,0.000,-1,-1,0.000,-1,-1,0.000,-1,-1,0.000,-1,-1,0.000,-1,-1,0.000,-1,-1
3212,107.100,14,0.000,0.0000,1.0000,0.119,0.3893,0.3929,0.109,0.4129,0.4293,0.231,0.4555,0.3358,0.461,0.4639,0.3382,0.241,0.4872,0.2570,0.468,0.4881,0.2566,0.289,0.3685,0.4483,0.275,0.2607,0.4572
3213,107.133,14,0.000,0.0000,1.0000,0.119,0.3874,0.3919,0.128,0.4143,0.4299,0.213,0.4532,0.3372,0.477,0.4632,0.3397,0.236,0.4872,0.2568,0.467,0.4882,0.2564,0.279,0.3671,0.4497,0.266,0.2546,0.4584
3214,107.167,14,0.000,0.0000,1.0000,0.121,0.3855,0.3932,0.144,0.4192,0.4300,0.193,0.4499,0.3377,0.494,0.4637,0.3395,0.221,0.4874,0.2567,0.491,0.4882,0.2566,0.278,0.3674,0.4488,0.259,0.2542,0.4591
3215,107.200,14,0.000,0.0000,1.0000,0.125,0.4008,0.4223,0.161,0.4198,0.4332,0.188,0.4489,0.3390,0.522,0.4628,0.3406,0.224,0.4864,0.2565,0.499,0.4883,0.2565,0.292,0.3667,0.4496,0.299,0.2523,0.4604
3216,107.233,14,0.000,0.0000,1.0000,0.126,0.4006,0.4222,0.154,0.4159,0.4338,0.193,0.4495,0.3391,0.511,0.4629,0.3406,0.217,0.4863,0.2565,0.504,0.4883,0.2565,0.285,0.3660,0.4504,0.299,0.2524,0.4606
3217,107.267,14,0.000,0.0000,1.0000,0.134,0.4028,0.4231,0.167,0.4187,0.4338,0.182,0.4484,0.3396,0.526,0.4629,0.3409,0.211,0.4851,0.2569,0.517,0.4882,0.2565,0.284,0.3664,0.4495,0.307,0.2520,0.4606
3218,107.300,14,0.000,0.0000,1.0000,0.126,0.4083,0.4239,0.173,0.4207,0.4341,0.180,0.4493,0.3395,0.541,0.4638,0.3407,0.215,0.4851,0.2569,0.513,0.4884,0.2567,0.282,0.3658,0.4505,0.296,0.2512,0.4600
3219,107.333,14,0.000,0.0000,1.0000,0.118,0.3879,0.3941,0.149,0.4170,0.4353,0.203,0.4528,0.3394,0.529,0.4637,0.3422,0.224,0.4851,0.2569,0.485,0.4884,0.2566,0.269,0.3660,0.4514,0.280,0.2523,0.4590
3220,107.367,13,0.000,0.0000,1.0000,0.112,0.3894,0.3928,0.000,0.0000,1.0000,0.218,0.4546,0.3400,0.436,0.4640,0.3435,0.194,0.4855,0.2567,0.424,0.4888,0.2564,0.281,0.3675,0.4505,0.264,0.2533,0.4585
3221,107.400,13,0.000,0.0000,1.0000,0.120,0.4004,0.4121,0.000,0.0000,1.0000,0.246,0.4556,0.3395,0.386,0.4648,0.3428,0.221,0.4852,0.2566,0.402,0.4883,0.2563,0.303,0.3729,0.4481,0.262,0.2639,0.4581
3222,107.433,13,0.000,0.0000,1.0000,0.119,0.3892,0.3911,0.000,0.0000,1.0000,0.207,0.4552,0.3397,0.478,0.4649,0.3430,0.202,0.4850,0.2564,0.454,0.4889,0.2564,0.283,0.3740,0.4483,0.215,0.2712,0.4569
3223,107.467,14,0.000,0.0000,1.0000,0.122,0.3847,0.3841,0.117,0.4136,0.4294,0.200,0.4576,0.3402,0.505,0.4650,0.3434,0.209,0.4851,0.2564,0.464,0.4887,0.2564,0.265,0.3739,0.4480,0.216,0.2692,0.4560
3224,107.500,0,0.000,-1,-1,0.000,-1,-1,0.000,-1,-1,0.000,-1,-1,0.000,-1,-1,0.000,-1,-1,0.000,-1,-1,0.000,-1,-1,0.000,-1,-1
3225,107.533,13,0.000,0.0000,1.0000,0.125,0.3850,0.3841,0.000,0.0000,1.0000,0.206,0.4578,0.3380,0.421,0.4677,0.3409,0.223,0.4875,0.2564,0.435,0.4881,0.2570,0.277,0.3743,0.4451,0.222,0.2699,0.4556
3226,107.567,13,0.000,0.0000,1.0000,0.118,0.3949,0.4054,0.000,0.0000,1.0000,0.227,0.4591,0.3383,0.431,0.4696,0.3409,0.241,0.4875,0.2567,0.451,0.4883,0.2578,0.269,0.3742,0.4446,0.229,0.2686,0.4550
3227,107.600,14,0.000,0.0000,1.0000,0.126,0.4053,0.4206,0.110,0.4150,0.4282,0.220,0.4648,0.3371,0.488,0.4718,0.3383,0.236,0.4871,0.2568,0.508,0.4893,0.2583,0.277,0.3745,0.4417,0.239,0.2682,0.4518
3228,107.633,14,0.000,0.0000,1.0000,0.133,0.4118,0.4222,0.140,0.4179,0.4268,0.220,0.4663,0.3374,0.488,0.4767,0.3387,0.246,0.4873,0.2571,0.518,0.4892,0.2589,0.248,0.3759,0.4382,0.256,0.2679,0.4495
3229,107.667,14,0.000,0.0000,1.0000,0.131,0.3898,0.3789,0.197,0.4359,0.4282,0.167,0.4727,0.3397,0.615,0.4822,0.3415,0.175,0.4846,0.2567,0.635,0.4900,0.2595,0.257,0.3741,0.4369,0.261,0.2699,0.4492
3230,107.700,14,0.000,0.0000,1.0000,0.138,0.3867,0.3681,0.219,0.4419,0.4212,0.188,0.4769,0.3385,0.639,0.4848,0.3404,0.197,0.4845,0.2565,0.620,0.4893,0.2590,0.287,0.3756,0.4333,0.306,0.2666,0.4470
3231,107.733,14,0.000,0.0000,1.0000,0.170,0.3902,0.3652,0.267,0.4522,0.4104,0.196,0.3701,0.3286,0.681,0.4888,0.3380,0.186,0.3254,0.2344,0.672,0.4886,0.2578,0.252,0.3601,0.4309,0.320,0.2706,0.4450
3232,107.767,14,0.000,0.0000,1.0000,0.172,0.3935,0.3632,0.277,0.4515,0.4090,0.189,0.4792,0.3358,0.632,0.4948,0.3357,0.198,0.3250,0.2366,0.682,0.4896,0.2582,0.212,0.3533,0.4282,0.326,0.2699,0.4402
3233,107.800,14,0.000,0.0000,1.0000,0.155,0.4219,0.4027,0.274,0.4482,0.4061,0.228,0.4949,0.3288,0.541,0.5038,0.3304,0.214,0.4887,0.2551,0.589,0.4899,0.2571,0.230,0.3615,0.4232,0.304,0.2731,0.4367
3234,107.833,14,0.000,0.0000,1.0000,0.164,0.4212,0.4022,0.246,0.4467,0.4061,0.261,0.5017,0.3306,0.598,0.5069,0.3338,0.242,0.4891,0.2556,0.592,0.4908,0.2576,0.233,0.3712,0.4210,0.321,0.2736,0.4331
3235,107.867,14,0.000,0.0000,1.0000,0.177,0.4260,0.4024,0.282,0.4458,0.4050,0.212,0.5007,0.3318,0.644,0.5079,0.3356,0.215,0.4894,0.2557,0.621,0.4922,0.2575,0.184,0.3559,0.4189,0.355,0.2724,0.4282
3236,107.900,14,0.000,0.0000,1.0000,0.169,0.4202,0.4120,0.280,0.4442,0.4027,0.180,0.4997,0.3318,0.670,0.5090,0.3351,0.182,0.4891,0.2555,0.628,0.4940,0.2568,0.164,0.2908,0.4222,0.289,0.2826,0.4254
3237,107.933,0,0.000,-1,-1,0.000,-1,-1,0.000,-1,-1,0.000,-1,-1,0.000,-1,-1,0.000,-1,-1,0.000,-1,-1,0.000,-1,-1,0.000,-1,-1
3238,107.967,0,0.000,-1,-1,0.000,-1,-1,0.000,-1,-1,0.000,-1,-1,0.000,-1,-1,0.000,-1,-1,0.000,-1,-1,0.000,-1,-1,0.000,-1,-1
3239,108.000,0,0.000,-1,-1,0.000,-1,-1,0.000,-1,-1,0.000,-1,-1,0.000,-1,-1,0.000,-1,-1,0.000,-1,-1,0.000,-1,-1,0.000,-1,-1
3240,108.033,14,0.000,0.0000,1.0000,0.196,0.4390,0.3843,0.238,0.4462,0.3807,0.236,0.5230,0.3206,0.524,0.5233,0.3215,0.212,0.4897,0.2553,0.608,0.4913,0.2544,0.197,0.3732,0.3869,0.391,0.2828,0.4012
3241,108.067,14,0.000,0.0000,1.0000,0.207,0.4369,0.3806,0.205,0.4413,0.3788,0.316,0.5253,0.3198,0.465,0.5256,0.3208,0.247,0.4919,0.2538,0.512,0.4923,0.2542,0.219,0.3718,0.3795,0.352,0.2830,0.3928
3242,108.100,0,0.000,-1,-1,0.000,-1,-1,0.000,-1,-1,0.000,-1,-1,0.000,-1,-1,0.000,-1,-1,0.000,-1,-1,0.000,-1,-1,0.000,-1,-1
3243,108.133,0,0.000,-1,-1,0.000,-1,-1,0.000,-1,-1,0.000,-1,-1,0.000,-1,-1,0.000,-1,-1,0.000,-1,-1,0.000,-1,-1,0.000,-1,-1
3244,108.167,0,0.000,-1,-1,0.000,-1,-1,0.000,-1,-1,0.000,-1,-1,0.000,-1,-1,0.000,-1,-1,0.000,-1,-1,0.000,-1,-1,0.000,-1,-1
3245,108.200,0,0.000,-1,-1,0.000,-1,-1,0.000,-1,-1,0.000,-1,-1,0.000,-1,-1,0.000,-1,-1,0.000,-1,-1,0.000,-1,-1,0.000,-1,-1
3246,108.233,0,0.000,-1,-1,0.000,-1,-1,0.000,-1,-1,0.000,-1,-1,0.000,-1,-1,0.000,-1,-1,0.000,-1,-1,0.000,-1,-1,0.000,-1,-1
3247,108.267,0,0.000,-1,-1,0.000,-1,-1,0.000,-1,-1,0.000,-1,-1,0.000,-1,-1,0.000,-1,-1,0.000,-1,-1,0.000,-1,-1,0.000,-1,-1
3248,108.300,0,0.000,-1,-1,0.000,-1,-1,0.000,-1,-1,0.000,-1,-1,0.000,-1,-1,0.000,-1,-1,0.000,-1,-1,0.000,-1,-1,0.000,-1,-1
3249,108.333,0,0.000,-1,-1,0.000,-1,-1,0.000,-1,-1,0.000,-1,-1,0.000,-1,-1,0.000,-1,-1,0.000,-1,-1,0.000,-1,-1,0.000,-1,-1
3250,108.367,0,0.000,-1,-1,0.000,-1,-1,0.000,-1,-1,0.000,-1,-1,0.000,-1,-1,0.000,-1,-1,0.000,-1,-1,0.000,-1,-1,0.000,-1,-1
3251,108.400,0,0.000,-1,-1,0.000,-1,-1,0.000,-1,-1,0.000,-1,-1,0.000,-1,-1,0.000,-1,-1,0.000,-1,-1,0.000,-1,-1,0.000,-1,-1
3252,108.433,0,0.000,-1,-1,0.000,-1,-1,0.000,-1,-1,0.000,-1,-1,0.000,-1,-1,0.000,-1,-1,0.000,-1,-1,0.000,-1,-1,0.000,-1,-1
3253,108.467,14,0.000,0.0000,1.0000,0.248,0.4333,0.3164,0.298,0.4210,0.3208,0.452,0.5273,0.3196,0.367,0.5260,0.3209,0.449,0.4900,0.2529,0.318,0.4918,0.2525,0.231,0.3031,0.3166,0.367,0.2780,0.3258
3254,108.500,0,0.000,-1,-1,0.000,-1,-1,0.000,-1,-1,0.000,-1,-1,0.000,-1,-1,0.000,-1,-1,0.000,-1,-1,0.000,-1,-1,0.000,-1,-1
3255,108.533,0,0.000,-1,-1,0.000,-1,-1,0.000,-1,-1,0.000,-1,-1,0.000,-1,-1,0.000,-1,-1,0.000,-1,-1,0.000,-1,-1,0.000,-1,-1
3256,108.567,0,0.000,-1,-1,0.000,-1,-1,0.000,-1,-1,0.000,-1,-1,0.000,-1,-1,0.000,-1,-1,0.000,-1,-1,0.000,-1,-1,0.000,-1,-1
3257,108.600,0,0.000,-1,-1,0.000,-1,-1,0.000,-1,-1,0.000,-1,-1,0.000,-1,-1,0.000,-1,-1,0.000,-1,-1,0.000,-1,-1,0.000,-1,-1
3258,108.633,0,0.000,-1,-1,0.000,-1,-1,0.000,-1,-1,0.000,-1,-1,0.000,-1,-1,0.000,-1,-1,0.000,-1,-1,0.000,-1,-1,0.000,-1,-1
3259,108.667,0,0.000,-1,-1,0.000,-1,-1,0.000,-1,-1,0.000,-1,-1,0.000,-1,-1,0.000,-1,-1,0.000,-1,-1,0.000,-1,-1,0.000,-1,-1
3260,108.700,0,0.000,-1,-1,0.000,-1,-1,0.000,-1,-1,0.000,-1,-1,0.000,-1,-1,0.000,-1,-1,0.000,-1,-1,0.000,-1,-1,0.000,-1,-1
3261,108.733,0,0.000,-1,-1,0.000,-1,-1,0.000,-1,-1,0.000,-1,-1,0.000,-1,-1,0.000,-1,-1,0.000,-1,-1,0.000,-1,-1,0.000,-1,-1
3262,108.767,0,0.000,-1,-1,0.000,-1,-1,0.000,-1,-1,0.000,-1,-1,0.000,-1,-1,0.000,-1,-1,0.000,-1,-1,0.000,-1,-1,0.000,-1,-1
3263,108.800,0,0.000,-1,-1,0.000,-1,-1,0.000,-1,-1,0.000,-1,-1,0.000,-1,-1,0.000,-1,-1,0.000,-1,-1,0.000,-1,-1,0.000,-1,-1
3264,108.833,0,0.000,-1,-1,0.000,-1,-1,0.000,-1,-1,0.000,-1,-1,0.000,-1,-1,0.000,-1,-1,0.000,-1,-1,0.000,-1,-1,0.000,-1,-1
3265,108.867,0,0.000,-1,-1,0.000,-1,-1,0.000,-1,-1,0.000,-1,-1,0.000,-1,-1,0.000,-1,-1,0.000,-1,-1,0.000,-1,-1,0.000,-1,-1
3266,108.900,0,0.000,-1,-1,0.000,-1,-1,0.000,-1,-1,0.000,-1,-1,0.000,-1,-1,0.000,-1,-1,0.000,-1,-1,0.000,-1,-1,0.000,-1,-1
3267,108.933,0,0.000,-1,-1,0.000,-1,-1,0.000,-1,-1,0.000,-1,-1,0.000,-1,-1,0.000,-1,-1,0.000,-1,-1,0.000,-1,-1,0.000,-1,-1
3268,108.967,0,0.000,-1,-1,0.000,-1,-1,0.000,-1,-1,0.000,-1,-1,0.000,-1,-1,0.000,-1,-1,0.000,-1,-1,0.000,-1,-1,0.000,-1,-1
3269,109.000,0,0.000,-1,-1,0.000,-1,-1,0.000,-1,-1,0.000,-1,-1,0.000,-1,-1,0.000,-1,-1,0.000,-1,-1,0.000,-1,-1,0.000,-1,-1
3270,109.033,0,0.000,-1,-1,0.000,-1,-1,0.000,-1,-1,0.000,-1,-1,0.000,-1,-1,0.000,-1,-1,0.000,-1,-1,0.000,-1,-1,0.000,-1,-1
3271,109.067,0,0.000,-1,-1,0.000,-1,-1,0.000,-1,-1,0.000,-1,-1,0.000,-1,-1,0.000,-1,-1,0.000,-1,-1,0.000,-1,-1,0.000,-1,-1
3272,109.100,0,0.000,-1,-1,0.000,-1,-1,0.000,-1,-1,0.000,-1,-1,0.000,-1,-1,0.000,-1,-1,0.000,-1,-1,0.000,-1,-1,0.000,-1,-1
3273,109.133,0,0.000,-1,-1,0.000,-1,-1,0.000,-1,-1,0.000,-1,-1,0.000,-1,-1,0.000,-1,-1,0.000,-1,-1,0.000,-1,-1,0.000,-1,-1
3274,109.167,0,0.000,-1,-1,0.000,-1,-1,0.000,-1,-1,0.000,-1,-1,0.000,-1,-1,0.000,-1,-1,0.000,-1,-1,0.000,-1,-1,0.000,-1,-1
3275,109.200,0,0.000,-1,-1,0.000,-1,-1,0.000,-1,-1,0.000,-1,-1,0.000,-1,-1,0.000,-1,-1,0.000,-1,-1,0.000,-1,-1,0.000,-1,-1
3276,109.233,0,0.000,-1,-1,0.000,-1,-1,0.000,-1,-1,0.000,-1,-1,0.000,-1,-1,0.000,-1,-1,0.000,-1,-1,0.000,-1,-1,0.000,-1,-1
3277,109.267,0,0.000,-1,-1,0.000,-1,-1,0.000,-1,-1,0.000,-1,-1,0.000,-1,-1,0.000,-1,-1,0.000,-1,-1,0.000,-1,-1,0.000,-1,-1
3278,109.300,0,0.000,-1,-1,0.000,-1,-1,0.000,-1,-1,0.000,-1,-1,0.000,-1,-1,0.000,-1,-1,0.000,-1,-1,0.000,-1,-1,0.000,-1,-1
3279,109.333,0,0.000,-1,-1,0.000,-1,-1,0.000,-1,-1,0.000,-1,-1,0.000,-1,-1,0.000,-1,-1,0.000,-1,-1,0.000,-1,-1,0.000,-1,-1
3280,109.367,0,0.000,-1,-1,0.000,-1,-1,0.000,-1,-1,0.000,-1,-1,0.000,-1,-1,0.000,-1,-1,0.000,-1,-1,0.000,-1,-1,0.000,-1,-1
3281,109.400,0,0.000,-1,-1,0.000,-1,-1,0.000,-1,-1,0.000,-1,-1,0.000,-1,-1,0.000,-1,-1,0.000,-1,-1,0.000,-1,-1,0.000,-1,-1
3282,109.433,0,0.000,-1,-1,0.000,-1,-1,0.000,-1,-1,0.000,-1,-1,0.000,-1,-1,0.000,-1,-1,0.000,-1,-1,0.000,-1,-1,0.000,-1,-1
3283,109.467,0,0.000,-1,-1,0.000,-1,-1,0.000,-1,-1,0.000,-1,-1,0.000,-1,-1,0.000,-1,-1,0.000,-1,-1,0.000,-1,-1,0.000,-1,-1
3284,109.500,0,0.000,-1,-1,0.000,-1,-1,0.000,-1,-1,0.000,-1,-1,0.000,-1,-1,0.000,-1,-1,0.000,-1,-1,0.000,-1,-1,0.000,-1,-1
3285,109.533,0,0.000,-1,-1,0.000,-1,-1,0.000,-1,-1,0.000,-1,-1,0.000,-1,-1,0.000,-1,-1,0.000,-1,-1,0.000,-1,-1,0.000,-1,-1
3286,109.567,0,0.000,-1,-1,0.000,-1,-1,0.000,-1,-1,0.000,-1,-1,0.000,-1,-1,0.000,-1,-1,0.000,-1,-1,0.000,-1,-1,0.000,-1,-1
3287,109.600,0,0.000,-1,-1,0.000,-1,-1,0.000,-1,-1,0.000,-1,-1,0.000,-1,-1,0.000,-1,-1,0.000,-1,-1,0.000,-1,-1,0.000,-1,-1
3288,109.633,0,0.000,-1,-1,0.000,-1,-1,0.000,-1,-1,0.000,-1,-1,0.000,-1,-1,0.000,-1,-1,0.000,-1,-1,0.000,-1,-1,0.000,-1,-1
3289,109.667,0,0.000,-1,-1,0.000,-1,-1,0.000,-1,-1,0.000,-1,-1,0.000,-1,-1,0.000,-1,-1,0.000,-1,-1,0.000,-1,-1,0.000,-1,-1
3290,109.700,0,0.000,-1,-1,0.000,-1,-1,0.000,-1,-1,0.000,-1,-1,0.000,-1,-1,0.000,-1,-1,0.000,-1,-1,0.000,-1,-1,0.000,-1,-1
3291,109.733,0,0.000,-1,-1,0.000,-1,-1,0.000,-1,-1,0.000,-1,-1,0.000,-1,-1,0.000,-1,-1,0.000,-1,-1,0.000,-1,-1,0.000,-1,-1
3292,109.767,14,0.000,0.0000,1.0000,0.279,0.4336,0.3420,0.198,0.4239,0.3415,0.604,0.5294,0.3199,0.353,0.5285,0.3215,0.539,0.4946,0.2529,0.289,0.4961,0.2518,0.231,0.3233,0.3221,0.402,0.2738,0.3347
3293,109.800,16,0.115,0.3768,0.2263,0.224,0.4310,0.3461,0.153,0.4255,0.3459,0.578,0.5308,0.3208,0.332,0.5289,0.3214,0.446,0.4963,0.2527,0.355,0.4973,0.2529,0.195,0.3095,0.3325,0.416,0.2695,0.3422
3294,109.833,0,0.000,-1,-1,0.000,-1,-1,0.000,-1,-1,0.000,-1,-1,0.000,-1,-1,0.000,-1,-1,0.000,-1,-1,0.000,-1,-1,0.000,-1,-1
3295,109.867,0,0.000,-1,-1,0.000,-1,-1,0.000,-1,-1,0.000,-1,-1,0.000,-1,-1,0.000,-1,-1,0.000,-1,-1,0.000,-1,-1,0.000,-1,-1
3296,109.900,0,0.000,-1,-1,0.000,-1,-1,0.000,-1,-1,0.000,-1,-1,0.000,-1,-1,0.000,-1,-1,0.000,-1,-1,0.000,-1,-1,0.000,-1,-1
3297,109.933,14,0.000,0.0000,1.0000,0.282,0.4381,0.3673,0.153,0.4361,0.3656,0.567,0.5300,0.3214,0.362,0.5287,0.3218,0.502,0.4962,0.2537,0.333,0.4947,0.2515,0.188,0.3712,0.3523,0.339,0.2683,0.3576
3298,109.967,14,0.000,0.0000,1.0000,0.400,0.4400,0.3764,0.120,0.4212,0.3727,0.674,0.5275,0.3231,0.203,0.1424,0.3331,0.656,0.4961,0.2549,0.219,0.4957,0.2514,0.252,0.3732,0.3524,0.371,0.2693,0.3620
3299,110.000,14,0.000,0.0000,1.0000,0.329,0.4418,0.3802,0.201,0.4370,0.3777,0.525,0.5259,0.3243,0.300,0.5249,0.3235,0.495,0.4956,0.2552,0.369,0.4933,0.2553,0.197,0.3718,0.3574,0.311,0.2704,0.3677
3300,110.033,14,0.000,0.0000,1.0000,0.256,0.4390,0.3844,0.269,0.4440,0.3808,0.431,0.5221,0.3254,0.330,0.5223,0.3235,0.425,0.4939,0.2556,0.433,0.4940,0.2548,0.180,0.3674,0.3656,0.296,0.2721,0.3749
3301,110.067,0,0.000,-1,-1,0.000,-1,-1,0.000,-1,-1,0.000,-1,-1,0.000,-1,-1,0.000,-1,-1,0.000,-1,-1,0.000,-1,-1,0.000,-1,-1
3302,110.100,15,0.000,0.0000,1.0000,0.267,0.4333,0.3972,0.290,0.4390,0.3945,0.428,0.5106,0.3331,0.457,0.5114,0.3321,0.291,0.4925,0.2574,0.504,0.4941,0.2576,0.167,0.2770,0.3869,0.284,0.2704,0.3859
3303,110.133,14,0.000,0.0000,1.0000,0.250,0.4377,0.3995,0.337,0.4444,0.3949,0.313,0.5064,0.3324,0.559,0.5062,0.3325,0.249,0.4904,0.2561,0.604,0.4914,0.2573,0.167,0.2916,0.3912,0.331,0.2744,0.3959
3304,110.167,14,0.000,0.0000,1.0000,0.198,0.4333,0.4045,0.393,0.4457,0.4024,0.209,0.5004,0.3333,0.617,0.5040,0.3338,0.170,0.4888,0.2560,0.665,0.4900,0.2573,0.248,0.2699,0.3963,0.289,0.2679,0.4005
3305,110.200,14,0.000,0.0000,1.0000,0.219,0.4274,0.4089,0.409,0.4454,0.4062,0.218,0.4970,0.3340,0.600,0.5009,0.3318,0.167,0.4883,0.2560,0.655,0.4894,0.2568,0.285,0.2662,0.4043,0.266,0.2649,0.4047
3306,110.233,14,0.000,0.0000,1.0000,0.209,0.4268,0.4143,0.313,0.4381,0.4118,0.271,0.4865,0.3435,0.635,0.4894,0.3399,0.169,0.4881,0.2563,0.664,0.4882,0.2579,0.190,0.2742,0.4058,0.298,0.2681,0.4111
3307,110.267,14,0.000,0.0000,1.0000,0.214,0.4301,0.4158,0.343,0.4384,0.4145,0.233,0.4821,0.3469,0.627,0.4854,0.3439,0.163,0.4864,0.2570,0.651,0.4886,0.2584,0.187,0.2686,0.4090,0.289,0.2644,0.4123
3308,110.300,0,0.000,-1,-1,0.000,-1,-1,0.000,-1,-1,0.000,-1,-1,0.000,-1,-1,0.000,-1,-1,0.000,-1,-1,0.000,-1,-1,0.000,-1,-1
3309,110.333,0,0.000,-1,-1,0.000,-1,-1,0.000,-1,-1,0.000,-1,-1,0.000,-1,-1,0.000,-1,-1,0.000,-1,-1,0.000,-1,-1,0.000,-1,-1
3310,110.367,0,0.000,-1,-1,0.000,-1,-1,0.000,-1,-1,0.000,-1,-1,0.000,-1,-1,0.000,-1,-1,0.000,-1,-1,0.000,-1,-1,0.000,-1,-1
3311,110.400,0,0.000,-1,-1,0.000,-1,-1,0.000,-1,-1,0.000,-1,-1,0.000,-1,-1,0.000,-1,-1,0.000,-1,-1,0.000,-1,-1,0.000,-1,-1
3312,110.433,0,0.000,-1,-1,0.000,-1,-1,0.000,-1,-1,0.000,-1,-1,0.000,-1,-1,0.000,-1,-1,0.000,-1,-1,0.000,-1,-1,0.000,-1,-1
3313,110.467,0,0.000,-1,-1,0.000,-1,-1,0.000,-1,-1,0.000,-1,-1,0.000,-1,-1,0.000,-1,-1,0.000,-1,-1,0.000,-1,-1,0.000,-1,-1
3314,110.500,0,0.000,-1,-1,0.000,-1,-1,0.000,-1,-1,0.000,-1,-1,0.000,-1,-1,0.000,-1,-1,0.000,-1,-1,0.000,-1,-1,0.000,-1,-1
3315,110.533,0,0.000,-1,-1,0.000,-1,-1,0.000,-1,-1,0.000,-1,-1,0.000,-1,-1,0.000,-1,-1,0.000,-1,-1,0.000,-1,-1,0.000,-1,-1
3316,110.567,0,0.000,-1,-1,0.000,-1,-1,0.000,-1,-1,0.000,-1,-1,0.000,-1,-1,0.000,-1,-1,0.000,-1,-1,0.000,-1,-1,0.000,-1,-1
3317,110.600,0,0.000,-1,-1,0.000,-1,-1,0.000,-1,-1,0.000,-1,-1,0.000,-1,-1,0.000,-1,-1,0.000,-1,-1,0.000,-1,-1,0.000,-1,-1
3318,110.633,0,0.000,-1,-1,0.000,-1,-1,0.000,-1,-1,0.000,-1,-1,0.000,-1,-1,0.000,-1,-1,0.000,-1,-1,0.000,-1,-1,0.000,-1,-1
3319,110.667,0,0.000,-1,-1,0.000,-1,-1,0.000,-1,-1,0.000,-1,-1,0.000,-1,-1,0.000,-1,-1,0.000,-1,-1,0.000,-1,-1,0.000,-1,-1
3320,110.700,0,0.000,-1,-1,0.000,-1,-1,0.000,-1,-1,0.000,-1,-1,0.000,-1,-1,0.000,-1,-1,0.000,-1,-1,0.000,-1,-1,0.000,-1,-1
3321,110.733,14,0.000,0.0000,1.0000,0.111,0.3852,0.3657,0.182,0.4354,0.4201,0.176,0.4618,0.3377,0.634,0.4672,0.3396,0.156,0.4852,0.2566,0.663,0.4897,0.2575,0.281,0.3647,0.4292,0.288,0.2686,0.4376
3322,110.767,0,0.000,-1,-1,0.000,-1,-1,0.000,-1,-1,0.000,-1,-1,0.000,-1,-1,0.000,-1,-1,0.000,-1,-1,0.000,-1,-1,0.000,-1,-1
3323,110.800,0,0.000,-1,-1,0.000,-1,-1,0.000,-1,-1,0.000,-1,-1,0.000,-1,-1,0.000,-1,-1,0.000,-1,-1,0.000,-1,-1,0.000,-1,-1
3324,110.833,0,0.000,-1,-1,0.000,-1,-1,0.000,-1,-1,0.000,-1,-1,0.000,-1,-1,0.000,-1,-1,0.000,-1,-1,0.000,-1,-1,0.000,-1,-1
3325,110.867,0,0.000,-1,-1,0.000,-1,-1,0.000,-1,-1,0.000,-1,-1,0.000,-1,-1,0.000,-1,-1,0.000,-1,-1,0.000,-1,-1,0.000,-1,-1
3326,110.900,0,0.000,-1,-1,0.000,-1,-1,0.000,-1,-1,0.000,-1,-1,0.000,-1,-1,0.000,-1,-1,0.000,-1,-1,0.000,-1,-1,0.000,-1,-1
3327,110.933,14,0.000,0.0000,1.0000,0.177,0.4376,0.4203,0.220,0.4446,0.4196,0.223,0.4812,0.3423,0.612,0.4840,0.3423,0.191,0.4858,0.2558,0.633,0.4888,0.2580,0.230,0.3744,0.4230,0.256,0.2699,0.4306
3328,110.967,14,0.000,0.0000,1.0000,0.200,0.4357,0.4158,0.214,0.4421,0.4169,0.281,0.4867,0.3405,0.593,0.4892,0.3394,0.256,0.4878,0.2558,0.592,0.4883,0.2571,0.292,0.3775,0.4192,0.271,0.2697,0.4282
3329,111.000,14,0.000,0.0000,1.0000,0.243,0.4358,0.4147,0.260,0.4409,0.4127,0.278,0.4924,0.3331,0.539,0.4974,0.3333,0.249,0.4889,0.2553,0.604,0.4896,0.2568,0.193,0.3698,0.4139,0.303,0.2655,0.4243
3330,111.033,14,0.000,0.0000,1.0000,0.246,0.4377,0.4126,0.313,0.4440,0.4097,0.257,0.5010,0.3301,0.569,0.5053,0.3309,0.211,0.4888,0.2554,0.607,0.4899,0.2558,0.163,0.2752,0.4131,0.316,0.2668,0.4195
3331,111.067,14,0.000,0.0000,1.0000,0.269,0.4358,0.4105,0.245,0.4410,0.4097,0.389,0.5048,0.3353,0.492,0.5076,0.3337,0.289,0.4899,0.2557,0.521,0.4907,0.2562,0.171,0.3686,0.4029,0.275,0.2695,0.4133
3332,111.100,14,0.000,0.0000,1.0000,0.265,0.4346,0.4058,0.240,0.4381,0.4022,0.361,0.5056,0.3327,0.517,0.5088,0.3325,0.263,0.4903,0.2556,0.556,0.4915,0.2565,0.161,0.3562,0.3999,0.292,0.2722,0.4098
3333,111.133,14,0.000,0.0000,1.0000,0.255,0.4360,0.4000,0.297,0.4418,0.3993,0.358,0.5086,0.3296,0.506,0.5106,0.3303,0.263,0.4907,0.2547,0.554,0.4923,0.2555,0.154,0.3499,0.3915,0.339,0.2667,0.4024
3334,111.167,15,0.000,0.0000,1.0000,0.229,0.4251,0.3989,0.388,0.4437,0.3941,0.215,0.5079,0.3242,0.588,0.5119,0.3268,0.174,0.4897,0.2548,0.665,0.4929,0.2548,0.177,0.2738,0.3915,0.345,0.2680,0.3977
3335,111.200,14,0.000,0.0000,1.0000,0.257,0.4353,0.3901,0.323,0.4394,0.3882,0.365,0.5128,0.3237,0.449,0.5138,0.3239,0.292,0.4917,0.2542,0.529,0.4921,0.2546,0.168,0.2885,0.3835,0.334,0.2673,0.3889
3336,111.233,14,0.000,0.0000,1.0000,0.296,0.4266,0.3894,0.367,0.4407,0.3863,0.296,0.5162,0.3230,0.500,0.5168,0.3238,0.197,0.4908,0.2554,0.598,0.4939,0.2545,0.263,0.2660,0.3776,0.293,0.2645,0.3797
3337,111.267,0,0.000,-1,-1,0.000,-1,-1,0.000,-1,-1,0.000,-1,-1,0.000,-1,-1,0.000,-1,-1,0.000,-1,-1,0.000,-1,-1,0.000,-1,-1
3338,111.300,14,0.000,0.0000,1.0000,0.357,0.4360,0.3804,0.200,0.4280,0.3760,0.514,0.5188,0.3226,0.296,0.5193,0.3218,0.430,0.4936,0.2545,0.373,0.4931,0.2553,0.201,0.3693,0.3535,0.314,0.2673,0.3625
3339,111.333,0,0.000,-1,-1,0.000,-1,-1,0.000,-1,-1,0.000,-1,-1,0.000,-1,-1,0.000,-1,-1,0.000,-1,-1,0.000,-1,-1,0.000,-1,-1
3340,111.367,14,0.000,0.0000,1.0000,0.421,0.4272,0.3677,0.148,0.4145,0.3651,0.621,0.5243,0.3205,0.223,0.5247,0.3206,0.530,0.4922,0.2529,0.305,0.4926,0.2534,0.223,0.3723,0.3383,0.301,0.2661,0.3503
3341,111.400,0,0.000,-1,-1,0.000,-1,-1,0.000,-1,-1,0.000,-1,-1,0.000,-1,-1,0.000,-1,-1,0.000,-1,-1,0.000,-1,-1,0.000,-1,-1
3342,111.433,14,0.000,0.0000,1.0000,0.335,0.4245,0.3554,0.152,0.4179,0.3540,0.632,0.5256,0.3204,0.277,0.5253,0.3217,0.508,0.4953,0.2526,0.325,0.4961,0.2512,0.217,0.3682,0.3263,0.345,0.2710,0.3392
3343,111.467,14,0.000,0.0000,1.0000,0.353,0.4196,0.3500,0.152,0.4011,0.3510,0.674,0.5231,0.3201,0.240,0.5233,0.3216,0.620,0.4927,0.2534,0.261,0.4958,0.2532,0.278,0.3708,0.3153,0.385,0.2735,0.3308
3344,111.500,14,0.000,0.0000,1.0000,0.251,0.4180,0.3383,0.198,0.4147,0.3402,0.505,0.5248,0.3189,0.380,0.5272,0.3203,0.448,0.4916,0.2524,0.365,0.4928,0.2529,0.201,0.3091,0.3201,0.332,0.2853,0.3261
3345,111.533,14,0.000,0.0000,1.0000,0.289,0.4137,0.3271,0.278,0.4103,0.3293,0.520,0.5228,0.3189,0.394,0.5247,0.3208,0.458,0.4887,0.2532,0.401,0.2216,0.3424,0.231,0.2877,0.3083,0.385,0.2616,0.3162
3346,111.567,0,0.000,-1,-1,0.000,-1,-1,0.000,-1,-1,0.000,-1,-1,0.000,-1,-1,0.000,-1,-1,0.000,-1,-1,0.000,-1,-1,0.000,-1,-1
3347,111.600,0,0.000,-1,-1,0.000,-1,-1,0.000,-1,-1,0.000,-1,-1,0.000,-1,-1,0.000,-1,-1,0.000,-1,-1,0.000,-1,-1,0.000,-1,-1
3348,111.633,0,0.000,-1,-1,0.000,-1,-1,0.000,-1,-1,0.000,-1,-1,0.000,-1,-1,0.000,-1,-1,0.000,-1,-1,0.000,-1,-1,0.000,-1,-1
3349,111.667,0,0.000,-1,-1,0.000,-1,-1,0.000,-1,-1,0.000,-1,-1,0.000,-1,-1,0.000,-1,-1,0.000,-1,-1,0.000,-1,-1,0.000,-1,-1
3350,111.700,0,0.000,-1,-1,0.000,-1,-1,0.000,-1,-1,0.000,-1,-1,0.000,-1,-1,0.000,-1,-1,0.000,-1,-1,0.000,-1,-1,0.000,-1,-1
3351,111.733,0,0.000,-1,-1,0.000,-1,-1,0.000,-1,-1,0.000,-1,-1,0.000,-1,-1,0.000,-1,-1,0.000,-1,-1,0.000,-1,-1,0.000,-1,-1
3352,111.767,0,0.000,-1,-1,0.000,-1,-1,0.000,-1,-1,0.000,-1,-1,0.000,-1,-1,0.000,-1,-1,0.000,-1,-1,0.000,-1,-1,0.000,-1,-1
3353,111.800,0,0.000,-1,-1,0.000,-1,-1,0.000,-1,-1,0.000,-1,-1,0.000,-1,-1,0.000,-1,-1,0.000,-1,-1,0.000,-1,-1,0.000,-1,-1
3354,111.833,0,0.000,-1,-1,0.000,-1,-1,0.000,-1,-1,0.000,-1,-1,0.000,-1,-1,0.000,-1,-1,0.000,-1,-1,0.000,-1,-1,0.000,-1,-1
3355,111.867,0,0.000,-1,-1,0.000,-1,-1,0.000,-1,-1,0.000,-1,-1,0.000,-1,-1,0.000,-1,-1,0.000,-1,-1,0.000,-1,-1,0.000,-1,-1
3356,111.900,0,0.000,-1,-1,0.000,-1,-1,0.000,-1,-1,0.000,-1,-1,0.000,-1,-1,0.000,-1,-1,0.000,-1,-1,0.000,-1,-1,0.000,-1,-1
3357,111.933,0,0.000,-1,-1,0.000,-1,-1,0.000,-1,-1,0.000,-1,-1,0.000,-1,-1,0.000,-1,-1,0.000,-1,-1,0.000,-1,-1,0.000,-1,-1
3358,111.967,0,0.000,-1,-1,0.000,-1,-1,0.000,-1,-1,0.000,-1,-1,0.000,-1,-1,0.000,-1,-1,0.000,-1,-1,0.000,-1,-1,0.000,-1,-1
3359,112.000,0,0.000,-1,-1,0.000,-1,-1,0.000,-1,-1,0.000,-1,-1,0.000,-1,-1,0.000,-1,-1,0.000,-1,-1,0.000,-1,-1,0.000,-1,-1
3360,112.033,0,0.000,-1,-1,0.000,-1,-1,0.000,-1,-1,0.000,-1,-1,0.000,-1,-1,0.000,-1,-1,0.000,-1,-1,0.000,-1,-1,0.000,-1,-1
3361,112.067,0,0.000,-1,-1,0.000,-1,-1,0.000,-1,-1,0.000,-1,-1,0.000,-1,-1,0.000,-1,-1,0.000,-1,-1,0.000,-1,-1,0.000,-1,-1
3362,112.100,0,0.000,-1,-1,0.000,-1,-1,0.000,-1,-1,0.000,-1,-1,0.000,-1,-1,0.000,-1,-1,0.000,-1,-1,0.000,-1,-1,0.000,-1,-1
3363,112.133,0,0.000,-1,-1,0.000,-1,-1,0.000,-1,-1,0.000,-1,-1,0.000,-1,-1,0.000,-1,-1,0.000,-1,-1,0.000,-1,-1,0.000,-1,-1
3364,112.167,0,0.000,-1,-1,0.000,-1,-1,0.000,-1,-1,0.000,-1,-1,0.000,-1,-1,0.000,-1,-1,0.000,-1,-1,0.000,-1,-1,0.000,-1,-1
3365,112.200,0,0.000,-1,-1,0.000,-1,-1,0.000,-1,-1,0.000,-1,-1,0.000,-1,-1,0.000,-1,-1,0.000,-1,-1,0.000,-1,-1,0.000,-1,-1
3366,112.233,0,0.000,-1,-1,0.000,-1,-1,0.000,-1,-1,0.000,-1,-1,0.000,-1,-1,0.000,-1,-1,0.000,-1,-1,0.000,-1,-1,0.000,-1,-1
3367,112.267,0,0.000,-1,-1,0.000,-1,-1,0.000,-1,-1,0.000,-1,-1,0.000,-1,-1,0.000,-1,-1,0.000,-1,-1,0.000,-1,-1,0.000,-1,-1
3368,112.300,0,0.000,-1,-1,0.000,-1,-1,0.000,-1,-1,0.000,-1,-1,0.000,-1,-1,0.000,-1,-1,0.000,-1,-1,0.000,-1,-1,0.000,-1,-1
3369,112.333,0,0.000,-1,-1,0.000,-1,-1,0.000,-1,-1,0.000,-1,-1,0.000,-1,-1,0.000,-1,-1,0.000,-1,-1,0.000,-1,-1,0.000,-1,-1
3370,112.367,0,0.000,-1,-1,0.000,-1,-1,0.000,-1,-1,0.000,-1,-1,0.000,-1,-1,0.000,-1,-1,0.000,-1,-1,0.000,-1,-1,0.000,-1,-1
3371,112.400,0,0.000,-1,-1,0.000,-1,-1,0.000,-1,-1,0.000,-1,-1,0.000,-1,-1,0.000,-1,-1,0.000,-1,-1,0.000,-1,-1,0.000,-1,-1
3372,112.433,0,0.000,-1,-1,0.000,-1,-1,0.000,-1,-1,0.000,-1,-1,0.000,-1,-1,0.000,-1,-1,0.000,-1,-1,0.000,-1,-1,0.000,-1,-1
3373,112.467,0,0.000,-1,-1,0.000,-1,-1,0.000,-1,-1,0.000,-1,-1,0.000,-1,-1,0.000,-1,-1,0.000,-1,-1,0.000,-1,-1,0.000,-1,-1
3374,112.500,0,0.000,-1,-1,0.000,-1,-1,0.000,-1,-1,0.000,-1,-1,0.000,-1,-1,0.000,-1,-1,0.000,-1,-1,0.000,-1,-1,0.000,-1,-1
3375,112.533,0,0.000,-1,-1,0.000,-1,-1,0.000,-1,-1,0.000,-1,-1,0.000,-1,-1,0.000,-1,-1,0.000,-1,-1,0.000,-1,-1,0.000,-1,-1
3376,112.567,17,0.182,0.3847,0.2183,0.369,0.4257,0.3454,0.204,0.4106,0.3449,0.653,0.5191,0.3212,0.338,0.2373,0.3506,0.625,0.4907,0.2539,0.258,0.4915,0.2547,0.199,0.2923,0.3144,0.415,0.2685,0.3183
3377,112.600,14,0.000,0.0000,1.0000,0.453,0.4216,0.3521,0.216,0.3344,0.3559,0.695,0.5193,0.3219,0.461,0.1623,0.3336,0.676,0.4917,0.2544,0.335,0.2498,0.3566,0.245,0.3746,0.3059,0.299,0.2863,0.3151
3378,112.633,14,0.000,0.0000,1.0000,0.395,0.4228,0.3575,0.214,0.2939,0.3564,0.613,0.5191,0.3223,0.740,0.1497,0.3315,0.546,0.4923,0.2536,0.672,0.2345,0.3612,0.316,0.3785,0.3207,0.307,0.2914,0.3301
3379,112.667,14,0.000,0.0000,1.0000,0.360,0.4250,0.3607,0.195,0.3065,0.3634,0.631,0.5228,0.3227,0.729,0.1491,0.3345,0.557,0.4932,0.2536,0.646,0.2349,0.3653,0.269,0.3763,0.3256,0.336,0.2747,0.3366
3380,112.700,14,0.000,0.0000,1.0000,0.490,0.4315,0.3639,0.226,0.2897,0.3671,0.655,0.5241,0.3226,0.560,0.1516,0.3361,0.576,0.4956,0.2528,0.441,0.2283,0.3659,0.311,0.3748,0.3264,0.371,0.2693,0.3405
3381,112.733,14,0.000,0.0000,1.0000,0.442,0.4369,0.3698,0.210,0.4245,0.3694,0.605,0.5255,0.3225,0.278,0.5241,0.3221,0.496,0.4960,0.2535,0.406,0.2162,0.3658,0.204,0.3551,0.3287,0.329,0.2693,0.3438
3382,112.767,14,0.000,0.0000,1.0000,0.468,0.4414,0.3728,0.208,0.4291,0.3718,0.617,0.5259,0.3225,0.303,0.5247,0.3224,0.509,0.4956,0.2536,0.389,0.4965,0.2535,0.225,0.3556,0.3402,0.354,0.2814,0.3548
3383,112.800,14,0.000,0.0000,1.0000,0.480,0.4339,0.3775,0.223,0.4251,0.3768,0.600,0.5253,0.3232,0.313,0.5249,0.3243,0.506,0.4955,0.2536,0.398,0.4962,0.2548,0.273,0.3590,0.3417,0.354,0.2702,0.3543
3384,112.833,14,0.000,0.0000,1.0000,0.487,0.4351,0.3807,0.204,0.4241,0.3776,0.596,0.5239,0.3237,0.275,0.5233,0.3236,0.529,0.4952,0.2543,0.416,0.4940,0.2554,0.219,0.3568,0.3459,0.361,0.2669,0.3582
3385,112.867,14,0.000,0.0000,1.0000,0.433,0.4377,0.3854,0.215,0.4339,0.3834,0.565,0.5196,0.3256,0.252,0.5191,0.3240,0.553,0.4949,0.2561,0.370,0.4930,0.2558,0.259,0.3580,0.3563,0.318,0.2697,0.3643
3386,112.900,14,0.000,0.0000,1.0000,0.498,0.4394,0.3905,0.179,0.4264,0.3886,0.662,0.5166,0.3265,0.148,0.5128,0.3252,0.655,0.4944,0.2569,0.236,0.4911,0.2553,0.265,0.3697,0.3571,0.272,0.2804,0.3737
3387,112.933,15,0.000,0.0000,1.0000,0.483,0.4291,0.3960,0.206,0.4338,0.3929,0.694,0.5119,0.3320,0.206,0.5108,0.3309,0.552,0.4945,0.2575,0.329,0.4928,0.2565,0.231,0.3559,0.3644,0.322,0.2667,0.3783
3388,112.967,14,0.000,0.0000,1.0000,0.201,0.4217,0.3976,0.412,0.4432,0.3961,0.280,0.5097,0.3322,0.617,0.5078,0.3325,0.223,0.4908,0.2563,0.630,0.4935,0.2577,0.204,0.2755,0.3830,0.300,0.2673,0.3879
3389,113.000,15,0.000,0.0000,1.0000,0.203,0.4207,0.3996,0.391,0.4463,0.4001,0.259,0.5072,0.3326,0.603,0.5070,0.3321,0.191,0.4897,0.2565,0.624,0.4919,0.2577,0.241,0.2666,0.3920,0.270,0.2624,0.3954
3390,113.033,14,0.000,0.0000,1.0000,0.222,0.4267,0.4081,0.438,0.4487,0.4053,0.222,0.5031,0.3350,0.629,0.5035,0.3342,0.176,0.4884,0.2561,0.641,0.4901,0.2578,0.257,0.2671,0.3972,0.269,0.2626,0.4017
3391,113.067,14,0.000,0.0000,1.0000,0.298,0.4411,0.4100,0.310,0.4474,0.4092,0.404,0.5021,0.3317,0.446,0.5036,0.3311,0.304,0.4893,0.2558,0.517,0.4894,0.2567,0.168,0.3495,0.3987,0.271,0.2684,0.4099
3392,113.100,14,0.000,0.0000,1.0000,0.279,0.4372,0.4137,0.339,0.4434,0.4121,0.317,0.4891,0.3404,0.535,0.4909,0.3380,0.254,0.4889,0.2561,0.597,0.4891,0.2574,0.194,0.2709,0.4113,0.336,0.2629,0.4161
3393,113.133,14,0.000,0.0000,1.0000,0.266,0.4287,0.4218,0.367,0.4428,0.4169,0.273,0.4825,0.3445,0.587,0.4863,0.3419,0.225,0.4883,0.2564,0.607,0.4891,0.2582,0.210,0.2707,0.4192,0.331,0.2622,0.4234
3394,113.167,14,0.000,0.0000,1.0000,0.272,0.4339,0.4216,0.297,0.4472,0.4171,0.271,0.4783,0.3443,0.533,0.4822,0.3417,0.242,0.4886,0.2568,0.593,0.4895,0.2578,0.231,0.3578,0.4211,0.292,0.2672,0.4300
3395,113.200,14,0.000,0.0000,1.0000,0.187,0.4374,0.4176,0.174,0.4380,0.4215,0.333,0.4778,0.3406,0.456,0.4790,0.3404,0.324,0.4880,0.2578,0.490,0.4892,0.2575,0.267,0.3740,0.4218,0.261,0.2702,0.4351
3396,113.233,0,0.000,-1,-1,0.000,-1,-1,0.000,-1,-1,0.000,-1,-1,0.000,-1,-1,0.000,-1,-1,0.000,-1,-1,0.000,-1,-1,0.000,-1,-1
3397,113.267,0,0.000,-1,-1,0.000,-1,-1,0.000,-1,-1,0.000,-1,-1,0.000,-1,-1,0.000,-1,-1,0.000,-1,-1,0.000,-1,-1,0.000,-1,-1
3398,113.300,14,0.000,0.0000,1.0000,0.117,0.3843,0.3669,0.177,0.4417,0.4249,0.204,0.4565,0.3390,0.600,0.4674,0.3378,0.183,0.4852,0.2567,0.647,0.4894,0.2574,0.327,0.3717,0.4259,0.321,0.2676,0.4432
3399,113.333,0,0.000,-1,-1,0.000,-1,-1,0.000,-1,-1,0.000,-1,-1,0.000,-1,-1,0.000,-1,-1,0.000,-1,-1,0.000,-1,-1,0.000,-1,-1
3400,113.367,0,0.000,-1,-1,0.000,-1,-1,0.000,-1,-1,0.000,-1,-1,0.000,-1,-1,0.000,-1,-1,0.000,-1,-1,0.000,-1,-1,0.000,-1,-1
3401,113.400,0,0.000,-1,-1,0.000,-1,-1,0.000,-1,-1,0.000,-1,-1,0.000,-1,-1,0.000,-1,-1,0.000,-1,-1,0.000,-1,-1,0.000,-1,-1
3402,113.433,0,0.000,-1,-1,0.000,-1,-1,0.000,-1,-1,0.000,-1,-1,0.000,-1,-1,0.000,-1,-1,0.000,-1,-1,0.000,-1,-1,0.000,-1,-1
3403,113.467,0,0.000,-1,-1,0.000,-1,-1,0.000,-1,-1,0.000,-1,-1,0.000,-1,-1,0.000,-1,-1,0.000,-1,-1,0.000,-1,-1,0.000,-1,-1
3404,113.500,14,0.000,0.0000,1.0000,0.112,0.3823,0.3716,0.145,0.4329,0.4275,0.168,0.4603,0.3389,0.611,0.4670,0.3415,0.193,0.4848,0.2569,0.600,0.4895,0.2577,0.299,0.3737,0.4321,0.237,0.2737,0.4458
3405,113.533,14,0.000,0.0000,1.0000,0.118,0.3807,0.3686,0.136,0.4345,0.4310,0.180,0.4625,0.3433,0.595,0.4687,0.3462,0.194,0.4847,0.2569,0.576,0.4896,0.2585,0.307,0.3758,0.4324,0.229,0.2846,0.4458
3406,113.567,14,0.000,0.0000,1.0000,0.102,0.3863,0.3773,0.140,0.4349,0.4310,0.210,0.4662,0.3435,0.565,0.4694,0.3458,0.208,0.4860,0.2572,0.565,0.4898,0.2586,0.306,0.3758,0.4329,0.222,0.2843,0.4451
3407,113.600,14,0.000,0.0000,1.0000,0.106,0.3867,0.3781,0.146,0.4347,0.4301,0.201,0.4639,0.3435,0.578,0.4696,0.3457,0.202,0.4847,0.2568,0.573,0.4898,0.2585,0.293,0.3753,0.4330,0.221,0.2833,0.4447
3408,113.633,14,0.000,0.0000,1.0000,0.104,0.3822,0.3717,0.139,0.4331,0.4309,0.214,0.4666,0.3439,0.562,0.4704,0.3467,0.228,0.4868,0.2569,0.539,0.4893,0.2582,0.301,0.3753,0.4328,0.227,0.2831,0.4453
3409,113.667,0,0.000,-1,-1,0.000,-1,-1,0.000,-1,-1,0.000,-1,-1,0.000,-1,-1,0.000,-1,-1,0.000,-1,-1,0.000,-1,-1,0.000,-1,-1
3410,113.700,0,0.000,-1,-1,0.000,-1,-1,0.000,-1,-1,0.000,-1,-1,0.000,-1,-1,0.000,-1,-1,0.000,-1,-1,0.000,-1,-1,0.000,-1,-1
3411,113.733,0,0.000,-1,-1,0.000,-1,-1,0.000,-1,-1,0.000,-1,-1,0.000,-1,-1,0.000,-1,-1,0.000,-1,-1,0.000,-1,-1,0.000,-1,-1
3412,113.767,0,0.000,-1,-1,0.000,-1,-1,0.000,-1,-1,0.000,-1,-1,0.000,-1,-1,0.000,-1,-1,0.000,-1,-1,0.000,-1,-1,0.000,-1,-1
3413,113.800,14,0.000,0.0000,1.0000,0.120,0.3891,0.3684,0.141,0.4338,0.4179,0.216,0.4733,0.3411,0.522,0.4788,0.3409,0.238,0.4878,0.2566,0.565,0.4894,0.2572,0.310,0.3784,0.4285,0.271,0.2727,0.4402
3414,113.833,14,0.000,0.0000,1.0000,0.118,0.3887,0.3661,0.168,0.4403,0.4215,0.202,0.4769,0.3439,0.579,0.4818,0.3426,0.205,0.4876,0.2564,0.628,0.4891,0.2583,0.316,0.3768,0.4278,0.286,0.2703,0.4387
3415,113.867,14,0.000,0.0000,1.0000,0.122,0.4362,0.4235,0.184,0.4466,0.4205,0.226,0.4825,0.3437,0.651,0.4860,0.3442,0.199,0.4862,0.2559,0.640,0.4886,0.2572,0.312,0.3766,0.4282,0.291,0.2698,0.4375
3416,113.900,14,0.000,0.0000,1.0000,0.132,0.4290,0.4158,0.181,0.4431,0.4196,0.233,0.4848,0.3420,0.657,0.4896,0.3407,0.207,0.4877,0.2560,0.653,0.4896,0.2567,0.292,0.3750,0.4226,0.347,0.2670,0.4365
3417,113.933,14,0.000,0.0000,1.0000,0.195,0.4357,0.4132,0.219,0.4439,0.4160,0.290,0.4931,0.3341,0.477,0.4982,0.3331,0.236,0.4887,0.2551,0.581,0.4888,0.2566,0.229,0.3699,0.4187,0.296,0.2731,0.4326
3418,113.967,14,0.000,0.0000,1.0000,0.288,0.4351,0.4161,0.164,0.4328,0.4201,0.502,0.5047,0.3351,0.356,0.5055,0.3344,0.361,0.4906,0.2552,0.418,0.4904,0.2560,0.225,0.3736,0.4140,0.276,0.2698,0.4251
3419,114.000,14,0.000,0.0000,1.0000,0.254,0.4362,0.4122,0.249,0.4408,0.4095,0.347,0.5064,0.3332,0.531,0.5082,0.3331,0.254,0.4905,0.2555,0.559,0.4920,0.2561,0.185,0.3680,0.4098,0.323,0.2707,0.4201
3420,114.033,14,0.000,0.0000,1.0000,0.233,0.4317,0.4081,0.215,0.4357,0.4055,0.442,0.5086,0.3343,0.463,0.5102,0.3332,0.285,0.4927,0.2554,0.511,0.4922,0.2570,0.188,0.3702,0.4018,0.318,0.2686,0.4132
3421,114.067,14,0.000,0.0000,1.0000,0.231,0.4328,0.4032,0.248,0.4310,0.4015,0.309,0.5083,0.3310,0.566,0.5122,0.3327,0.240,0.4900,0.2554,0.607,0.4927,0.2555,0.178,0.3671,0.3943,0.348,0.2702,0.4083
3422,114.100,14,0.000,0.0000,1.0000,0.230,0.4386,0.3970,0.219,0.4320,0.3998,0.384,0.5158,0.3258,0.415,0.5146,0.3288,0.299,0.4923,0.2548,0.540,0.4918,0.2559,0.227,0.3718,0.3905,0.357,0.2718,0.4026
3423,114.133,14,0.000,0.0000,1.0000,0.220,0.4398,0.3909,0.222,0.4405,0.3918,0.325,0.5209,0.3242,0.407,0.5203,0.3253,0.289,0.4935,0.2553,0.545,0.4923,0.2557,0.231,0.3717,0.3873,0.346,0.2694,0.3982
3424,114.167,14,0.000,0.0000,1.0000,0.241,0.4417,0.3875,0.235,0.4412,0.3820,0.368,0.5236,0.3237,0.404,0.5233,0.3233,0.327,0.4952,0.2550,0.493,0.4937,0.2548,0.233,0.3687,0.3808,0.349,0.2713,0.3893
3425,114.200,14,0.000,0.0000,1.0000,0.264,0.4303,0.3865,0.245,0.4352,0.3782,0.372,0.5269,0.3229,0.457,0.5265,0.3230,0.298,0.4948,0.2547,0.500,0.4958,0.2539,0.203,0.3665,0.3734,0.377,0.2685,0.3816
3426,114.233,14,0.000,0.0000,1.0000,0.269,0.4331,0.3785,0.152,0.4275,0.3740,0.553,0.5280,0.3228,0.324,0.5268,0.3216,0.465,0.4949,0.2536,0.326,0.4929,0.2523,0.240,0.3717,0.3659,0.320,0.2698,0.3752
3427,114.267,0,0.000,-1,-1,0.000,-1,-1,0.000,-1,-1,0.000,-1,-1,0.000,-1,-1,0.000,-1,-1,0.000,-1,-1,0.000,-1,-1,0.000,-1,-1
3428,114.300,14,0.000,0.0000,1.0000,0.310,0.4305,0.3671,0.159,0.4255,0.3644,0.590,0.5295,0.3212,0.308,0.5298,0.3203,0.486,0.4960,0.2534,0.304,0.4938,0.2522,0.186,0.3687,0.3498,0.333,0.2687,0.3608
3429,114.333,0,0.000,-1,-1,0.000,-1,-1,0.000,-1,-1,0.000,-1,-1,0.000,-1,-1,0.000,-1,-1,0.000,-1,-1,0.000,-1,-1,0.000,-1,-1
3430,114.367,0,0.000,-1,-1,0.000,-1,-1,0.000,-1,-1,0.000,-1,-1,0.000,-1,-1,0.000,-1,-1,0.000,-1,-1,0.000,-1,-1,0.000,-1,-1
3431,114.400,14,0.000,0.0000,1.0000,0.200,0.4272,0.3471,0.165,0.4242,0.3466,0.528,0.5276,0.3194,0.356,0.5281,0.3204,0.407,0.4937,0.2527,0.348,0.4944,0.2518,0.193,0.3057,0.3313,0.383,0.2647,0.3394
3432,114.433,14,0.000,0.0000,1.0000,0.199,0.4274,0.3368,0.207,0.4226,0.3389,0.444,0.5279,0.3192,0.444,0.5280,0.3207,0.421,0.4934,0.2520,0.339,0.4971,0.2518,0.215,0.3071,0.3214,0.406,0.2693,0.3337
3433,114.467,14,0.000,0.0000,1.0000,0.184,0.4192,0.3262,0.203,0.4114,0.3317,0.385,0.5282,0.3195,0.474,0.5279,0.3207,0.322,0.4903,0.2515,0.400,0.4947,0.2520,0.198,0.3016,0.3188,0.424,0.2639,0.3296
3434,114.500,0,0.000,-1,-1,0.000,-1,-1,0.000,-1,-1,0.000,-1,-1,0.000,-1,-1,0.000,-1,-1,0.000,-1,-1,0.000,-1,-1,0.000,-1,-1
3435,114.533,0,0.000,-1,-1,0.000,-1,-1,0.000,-1,-1,0.000,-1,-1,0.000,-1,-1,0.000,-1,-1,0.000,-1,-1,0.000,-1,-1,0.000,-1,-1
3436,114.567,14,0.000,0.0000,1.0000,0.267,0.4093,0.3131,0.397,0.4040,0.3070,0.255,0.5246,0.3213,0.670,0.5238,0.3219,0.219,0.4878,0.2545,0.621,0.4934,0.2531,0.285,0.2636,0.3060,0.450,0.2497,0.3107
3437,114.600,0,0.000,-1,-1,0.000,-1,-1,0.000,-1,-1,0.000,-1,-1,0.000,-1,-1,0.000,-1,-1,0.000,-1,-1,0.000,-1,-1,0.000,-1,-1
3438,114.633,0,0.000,-1,-1,0.000,-1,-1,0.000,-1,-1,0.000,-1,-1,0.000,-1,-1,0.000,-1,-1,0.000,-1,-1,0.000,-1,-1,0.000,-1,-1
3439,114.667,14,0.000,0.0000,1.0000,0.273,0.4110,0.3019,0.337,0.4067,0.3000,0.312,0.5144,0.3225,0.513,0.5157,0.3233,0.278,0.4874,0.2545,0.481,0.4905,0.2508,0.246,0.2621,0.2924,0.383,0.2582,0.2953
3440,114.700,0,0.000,-1,-1,0.000,-1,-1,0.000,-1,-1,0.000,-1,-1,0.000,-1,-1,0.000,-1,-1,0.000,-1,-1,0.000,-1,-1,0.000,-1,-1
3441,114.733,0,0.000,-1,-1,0.000,-1,-1,0.000,-1,-1,0.000,-1,-1,0.000,-1,-1,0.000,-1,-1,0.000,-1,-1,0.000,-1,-1,0.000,-1,-1
3442,114.767,0,0.000,-1,-1,0.000,-1,-1,0.000,-1,-1,0.000,-1,-1,0.000,-1,-1,0.000,-1,-1,0.000,-1,-1,0.000,-1,-1,0.000,-1,-1
3443,114.800,0,0.000,-1,-1,0.000,-1,-1,0.000,-1,-1,0.000,-1,-1,0.000,-1,-1,0.000,-1,-1,0.000,-1,-1,0.000,-1,-1,0.000,-1,-1
3444,114.833,0,0.000,-1,-1,0.000,-1,-1,0.000,-1,-1,0.000,-1,-1,0.000,-1,-1,0.000,-1,-1,0.000,-1,-1,0.000,-1,-1,0.000,-1,-1
3445,114.867,0,0.000,-1,-1,0.000,-1,-1,0.000,-1,-1,0.000,-1,-1,0.000,-1,-1,0.000,-1,-1,0.000,-1,-1,0.000,-1,-1,0.000,-1,-1
3446,114.900,0,0.000,-1,-1,0.000,-1,-1,0.000,-1,-1,0.000,-1,-1,0.000,-1,-1,0.000,-1,-1,0.000,-1,-1,0.000,-1,-1,0.000,-1,-1
3447,114.933,0,0.000,-1,-1,0.000,-1,-1,0.000,-1,-1,0.000,-1,-1,0.000,-1,-1,0.000,-1,-1,0.000,-1,-1,0.000,-1,-1,0.000,-1,-1
3448,114.967,0,0.000,-1,-1,0.000,-1,-1,0.000,-1,-1,0.000,-1,-1,0.000,-1,-1,0.000,-1,-1,0.000,-1,-1,0.000,-1,-1,0.000,-1,-1
3449,115.000,0,0.000,-1,-1,0.000,-1,-1,0.000,-1,-1,0.000,-1,-1,0.000,-1,-1,0.000,-1,-1,0.000,-1,-1,0.000,-1,-1,0.000,-1,-1
3450,115.033,0,0.000,-1,-1,0.000,-1,-1,0.000,-1,-1,0.000,-1,-1,0.000,-1,-1,0.000,-1,-1,0.000,-1,-1,0.000,-1,-1,0.000,-1,-1
3451,115.067,0,0.000,-1,-1,0.000,-1,-1,0.000,-1,-1,0.000,-1,-1,0.000,-1,-1,0.000,-1,-1,0.000,-1,-1,0.000,-1,-1,0.000,-1,-1
3452,115.100,0,0.000,-1,-1,0.000,-1,-1,0.000,-1,-1,0.000,-1,-1,0.000,-1,-1,0.000,-1,-1,0.000,-1,-1,0.000,-1,-1,0.000,-1,-1
3453,115.133,0,0.000,-1,-1,0.000,-1,-1,0.000,-1,-1,0.000,-1,-1,0.000,-1,-1,0.000,-1,-1,0.000,-1,-1,0.000,-1,-1,0.000,-1,-1
3454,115.167,0,0.000,-1,-1,0.000,-1,-1,0.000,-1,-1,0.000,-1,-1,0.000,-1,-1,0.000,-1,-1,0.000,-1,-1,0.000,-1,-1,0.000,-1,-1
3455,115.200,0,0.000,-1,-1,0.000,-1,-1,0.000,-1,-1,0.000,-1,-1,0.000,-1,-1,0.000,-1,-1,0.000,-1,-1,0.000,-1,-1,0.000,-1,-1
3456,115.233,0,0.000,-1,-1,0.000,-1,-1,0.000,-1,-1,0.000,-1,-1,0.000,-1,-1,0.000,-1,-1,0.000,-1,-1,0.000,-1,-1,0.000,-1,-1
3457,115.267,0,0.000,-1,-1,0.000,-1,-1,0.000,-1,-1,0.000,-1,-1,0.000,-1,-1,0.000,-1,-1,0.000,-1,-1,0.000,-1,-1,0.000,-1,-1
3458,115.300,0,0.000,-1,-1,0.000,-1,-1,0.000,-1,-1,0.000,-1,-1,0.000,-1,-1,0.000,-1,-1,0.000,-1,-1,0.000,-1,-1,0.000,-1,-1
3459,115.333,0,0.000,-1,-1,0.000,-1,-1,0.000,-1,-1,0.000,-1,-1,0.000,-1,-1,0.000,-1,-1,0.000,-1,-1,0.000,-1,-1,0.000,-1,-1
3460,115.367,0,0.000,-1,-1,0.000,-1,-1,0.000,-1,-1,0.000,-1,-1,0.000,-1,-1,0.000,-1,-1,0.000,-1,-1,0.000,-1,-1,0.000,-1,-1
3461,115.400,0,0.000,-1,-1,0.000,-1,-1,0.000,-1,-1,0.000,-1,-1,0.000,-1,-1,0.000,-1,-1,0.000,-1,-1,0.000,-1,-1,0.000,-1,-1
3462,115.433,0,0.000,-1,-1,0.000,-1,-1,0.000,-1,-1,0.000,-1,-1,0.000,-1,-1,0.000,-1,-1,0.000,-1,-1,0.000,-1,-1,0.000,-1,-1
3463,115.467,0,0.000,-1,-1,0.000,-1,-1,0.000,-1,-1,0.000,-1,-1,0.000,-1,-1,0.000,-1,-1,0.000,-1,-1,0.000,-1,-1,0.000,-1,-1
3464,115.500,0,0.000,-1,-1,0.000,-1,-1,0.000,-1,-1,0.000,-1,-1,0.000,-1,-1,0.000,-1,-1,0.000,-1,-1,0.000,-1,-1,0.000,-1,-1
3465,115.533,0,0.000,-1,-1,0.000,-1,-1,0.000,-1,-1,0.000,-1,-1,0.000,-1,-1,0.000,-1,-1,0.000,-1,-1,0.000,-1,-1,0.000,-1,-1
3466,115.567,0,0.000,-1,-1,0.000,-1,-1,0.000,-1,-1,0.000,-1,-1,0.000,-1,-1,0.000,-1,-1,0.000,-1,-1,0.000,-1,-1,0.000,-1,-1
3467,115.600,0,0.000,-1,-1,0.000,-1,-1,0.000,-1,-1,0.000,-1,-1,0.000,-1,-1,0.000,-1,-1,0.000,-1,-1,0.000,-1,-1,0.000,-1,-1
3468,115.633,14,0.000,0.0000,1.0000,0.291,0.4196,0.3325,0.144,0.4084,0.3383,0.572,0.5202,0.3215,0.250,0.1520,0.3306,0.542,0.4893,0.2533,0.410,0.2239,0.3452,0.204,0.3516,0.3061,0.375,0.2513,0.3171
3469,115.667,14,0.000,0.0000,1.0000,0.284,0.4305,0.3416,0.204,0.4209,0.3409,0.590,0.5225,0.3206,0.291,0.5216,0.3221,0.561,0.4909,0.2533,0.300,0.2212,0.3472,0.261,0.3579,0.3141,0.292,0.2679,0.3240
3470,115.700,14,0.000,0.0000,1.0000,0.356,0.4284,0.3485,0.267,0.4214,0.3485,0.595,0.5239,0.3206,0.330,0.5234,0.3221,0.494,0.4924,0.2538,0.345,0.4920,0.2545,0.243,0.3506,0.3185,0.326,0.2660,0.3279
3471,115.733,14,0.000,0.0000,1.0000,0.301,0.4239,0.3492,0.234,0.4193,0.3481,0.545,0.5243,0.3214,0.333,0.5222,0.3224,0.454,0.4922,0.2530,0.368,0.4926,0.2535,0.223,0.3570,0.3212,0.315,0.2534,0.3333
3472,115.767,14,0.000,0.0000,1.0000,0.315,0.4297,0.3540,0.272,0.4255,0.3522,0.521,0.5271,0.3201,0.434,0.5258,0.3217,0.424,0.4926,0.2526,0.421,0.4941,0.2529,0.264,0.3598,0.3251,0.309,0.2503,0.3361
3473,115.800,14,0.000,0.0000,1.0000,0.317,0.4291,0.3594,0.327,0.4334,0.3574,0.461,0.5294,0.3206,0.521,0.5279,0.3218,0.404,0.4929,0.2524,0.476,0.4953,0.2532,0.251,0.3668,0.3271,0.331,0.2488,0.3370
3474,115.833,14,0.000,0.0000,1.0000,0.301,0.4309,0.3622,0.330,0.4357,0.3618,0.405,0.5306,0.3209,0.553,0.5286,0.3227,0.316,0.4914,0.2524,0.565,0.4945,0.2539,0.169,0.3497,0.3321,0.398,0.2470,0.3421
3475,115.867,14,0.000,0.0000,1.0000,0.307,0.4354,0.3674,0.389,0.4368,0.3659,0.430,0.5298,0.3212,0.510,0.5283,0.3229,0.351,0.4932,0.2533,0.518,0.4950,0.2541,0.164,0.2707,0.3438,0.334,0.2512,0.3464
3476,115.900,14,0.000,0.0000,1.0000,0.458,0.4391,0.3731,0.271,0.4285,0.3708,0.604,0.5290,0.3226,0.363,0.5263,0.3224,0.479,0.4948,0.2537,0.402,0.4943,0.2533,0.215,0.3487,0.3408,0.336,0.2530,0.3510
3477,115.933,14,0.000,0.0000,1.0000,0.593,0.4427,0.3759,0.167,0.4180,0.3784,0.730,0.5270,0.3222,0.178,0.5246,0.3229,0.641,0.4951,0.2545,0.235,0.4928,0.2533,0.307,0.3581,0.3430,0.404,0.2598,0.3557
3478,115.967,14,0.000,0.0000,1.0000,0.489,0.4425,0.3807,0.279,0.4364,0.3787,0.589,0.5262,0.3232,0.324,0.5247,0.3239,0.482,0.4940,0.2547,0.431,0.4931,0.2545,0.222,0.3580,0.3490,0.360,0.2516,0.3588
3479,116.000,14,0.000,0.0000,1.0000,0.391,0.4442,0.3862,0.328,0.4439,0.3843,0.496,0.5245,0.3244,0.355,0.5229,0.3242,0.447,0.4932,0.2548,0.429,0.4931,0.2550,0.197,0.3523,0.3629,0.314,0.2623,0.3678
3480,116.033,14,0.000,0.0000,1.0000,0.451,0.4447,0.3879,0.237,0.4426,0.3855,0.559,0.5209,0.3260,0.239,0.5194,0.3236,0.522,0.4941,0.2552,0.362,0.4924,0.2558,0.238,0.3542,0.3642,0.369,0.2644,0.3771
3481,116.067,14,0.000,0.0000,1.0000,0.324,0.4402,0.3920,0.416,0.4488,0.3898,0.333,0.5148,0.3285,0.534,0.5128,0.3284,0.251,0.4907,0.2558,0.605,0.4927,0.2564,0.180,0.3464,0.3754,0.346,0.2610,0.3837
3482,116.100,15,0.000,0.0000,1.0000,0.244,0.4353,0.3985,0.427,0.4497,0.3965,0.233,0.5090,0.3315,0.679,0.5091,0.3317,0.168,0.4887,0.2563,0.682,0.4911,0.2575,0.272,0.2639,0.3917,0.349,0.2608,0.3955
3483,116.133,15,0.000,0.0000,1.0000,0.280,0.4408,0.4019,0.349,0.4493,0.4001,0.303,0.5078,0.3320,0.577,0.5077,0.3315,0.210,0.4887,0.2560,0.592,0.4896,0.2567,0.173,0.2695,0.3994,0.318,0.2624,0.4014
3484,116.167,14,0.000,0.0000,1.0000,0.297,0.4405,0.4070,0.316,0.4494,0.4062,0.377,0.5037,0.3308,0.485,0.5057,0.3308,0.281,0.4880,0.2556,0.523,0.4889,0.2567,0.184,0.3523,0.3996,0.316,0.2620,0.4110
3485,116.200,14,0.000,0.0000,1.0000,0.237,0.4354,0.4099,0.398,0.4501,0.4095,0.208,0.4937,0.3336,0.568,0.4999,0.3318,0.166,0.4845,0.2551,0.681,0.4887,0.2570,0.201,0.2674,0.4138,0.296,0.2658,0.4198
3486,116.233,14,0.000,0.0000,1.0000,0.238,0.4350,0.4155,0.282,0.4482,0.4144,0.277,0.4845,0.3397,0.556,0.4902,0.3377,0.212,0.4881,0.2560,0.627,0.4882,0.2572,0.259,0.3706,0.4148,0.279,0.2689,0.4298
3487,116.267,14,0.000,0.0000,1.0000,0.212,0.4364,0.4161,0.381,0.4537,0.4178,0.309,0.3718,0.3244,0.663,0.4858,0.3411,0.198,0.3351,0.2411,0.730,0.4888,0.2575,0.224,0.3568,0.4214,0.318,0.2605,0.4372
3488,116.300,14,0.000,0.0000,1.0000,0.198,0.4406,0.4223,0.311,0.4539,0.4199,0.201,0.4725,0.3400,0.576,0.4837,0.3392,0.198,0.4850,0.2565,0.671,0.4879,0.2573,0.311,0.3640,0.4276,0.295,0.2627,0.4438
3489,116.333,0,0.000,-1,-1,0.000,-1,-1,0.000,-1,-1,0.000,-1,-1,0.000,-1,-1,0.000,-1,-1,0.000,-1,-1,0.000,-1,-1,0.000,-1,-1
3490,116.367,0,0.000,-1,-1,0.000,-1,-1,0.000,-1,-1,0.000,-1,-1,0.000,-1,-1,0.000,-1,-1,0.000,-1,-1,0.000,-1,-1,0.000,-1,-1
3491,116.400,12,0.000,0.0000,1.0000,0.108,0.2143,0.4726,0.246,0.4307,0.4307,0.000,0.0000,1.0000,0.663,0.4718,0.3373,0.000,0.0000,1.0000,0.715,0.4889,0.2585,0.293,0.2456,0.4728,0.259,0.3787,0.4600
3492,116.433,11,0.000,0.0000,1.0000,0.000,0.0000,1.0000,0.117,0.4216,0.4398,0.000,0.0000,1.0000,0.360,0.4640,0.3375,0.000,0.0000,1.0000,0.425,0.4880,0.2602,0.338,0.2432,0.4800,0.307,0.3812,0.4645
3493,116.467,11,0.000,0.0000,1.0000,0.000,0.0000,1.0000,0.182,0.4249,0.4409,0.000,0.0000,1.0000,0.125,0.4287,0.3200,0.000,0.0000,1.0000,0.303,0.3519,0.2688,0.419,0.2411,0.4900,0.297,0.3761,0.4701
3494,116.500,11,0.000,0.0000,1.0000,0.000,0.0000,1.0000,0.142,0.4181,0.4418,0.000,0.0000,1.0000,0.208,0.4357,0.3197,0.000,0.0000,1.0000,0.407,0.3613,0.2719,0.363,0.2445,0.4960,0.243,0.3788,0.4739
3495,116.533,11,0.000,0.0000,1.0000,0.000,0.0000,1.0000,0.118,0.4192,0.4568,0.000,0.0000,1.0000,0.333,0.4401,0.3265,0.000,0.0000,1.0000,0.261,0.3689,0.2571,0.423,0.2417,0.5057,0.318,0.3877,0.4813
3496,116.567,11,0.000,0.0000,1.0000,0.000,0.0000,1.0000,0.143,0.4208,0.4339,0.000,0.0000,1.0000,0.144,0.4311,0.3230,0.000,0.0000,1.0000,0.118,0.3811,0.2492,0.391,0.2273,0.5076,0.234,0.3928,0.4805
3497,116.600,12,0.000,0.0000,1.0000,0.000,0.0000,1.0000,0.231,0.4212,0.4456,0.109,0.4563,0.3401,0.453,0.4625,0.3357,0.000,0.0000,1.0000,0.253,0.4881,0.2562,0.333,0.2412,0.5066,0.168,0.3758,0.4872
3498,116.633,0,0.000,-1,-1,0.000,-1,-1,0.000,-1,-1,0.000,-1,-1,0.000,-1,-1,0.000,-1,-1,0.000,-1,-1,0.000,-1,-1,0.000,-1,-1
3499,116.667,0,0.000,-1,-1,0.000,-1,-1,0.000,-1,-1,0.000,-1,-1,0.000,-1,-1,0.000,-1,-1,0.000,-1,-1,0.000,-1,-1,0.000,-1,-1
3500,116.700,0,0.000,-1,-1,0.000,-1,-1,0.000,-1,-1,0.000,-1,-1,0.000,-1,-1,0.000,-1,-1,0.000,-1,-1,0.000,-1,-1,0.000,-1,-1
3501,116.733,13,0.000,0.0000,1.0000,0.000,0.0000,1.0000,0.354,0.4437,0.4586,0.202,0.4469,0.3422,0.330,0.4410,0.3385,0.189,0.4803,0.2612,0.519,0.4881,0.2571,0.434,0.2535,0.5036,0.160,0.2961,0.4786
3502,116.767,13,0.000,0.0000,1.0000,0.000,0.0000,1.0000,0.308,0.4510,0.4494,0.252,0.4528,0.3384,0.317,0.4402,0.3373,0.261,0.4797,0.2601,0.453,0.4867,0.2585,0.435,0.2605,0.5004,0.144,0.3118,0.4748
3503,116.800,14,0.000,0.0000,1.0000,0.143,0.4565,0.4505,0.279,0.4517,0.4484,0.356,0.4517,0.3365,0.293,0.4455,0.3387,0.392,0.4841,0.2590,0.247,0.4848,0.2570,0.305,0.2654,0.4940,0.255,0.2855,0.4739
3504,116.833,13,0.000,0.0000,1.0000,0.000,0.0000,1.0000,0.329,0.4585,0.4544,0.219,0.4509,0.3387,0.369,0.4475,0.3349,0.249,0.4802,0.2593,0.462,0.4870,0.2571,0.419,0.2651,0.4948,0.205,0.4150,0.4731
3505,116.867,13,0.000,0.0000,1.0000,0.000,0.0000,1.0000,0.305,0.4583,0.4542,0.242,0.4557,0.3386,0.354,0.4497,0.3348,0.288,0.4814,0.2592,0.447,0.4875,0.2569,0.413,0.2680,0.4941,0.219,0.4179,0.4724
3506,116.900,13,0.000,0.0000,1.0000,0.000,0.0000,1.0000,0.275,0.4579,0.4516,0.192,0.4546,0.3375,0.374,0.4515,0.3357,0.240,0.4807,0.2593,0.501,0.4879,0.2568,0.387,0.2699,0.4946,0.240,0.4223,0.4759
3507,116.933,13,0.000,0.0000,1.0000,0.000,0.0000,1.0000,0.296,0.4574,0.4555,0.211,0.4520,0.3376,0.374,0.4599,0.3355,0.223,0.4814,0.2586,0.547,0.4888,0.2565,0.406,0.2792,0.5002,0.233,0.4190,0.4800
3508,116.967,13,0.000,0.0000,1.0000,0.000,0.0000,1.0000,0.325,0.4536,0.4578,0.266,0.4555,0.3414,0.354,0.4564,0.3394,0.310,0.1427,0.4377,0.547,0.4885,0.2577,0.440,0.2800,0.5052,0.211,0.4147,0.4824
3509,117.000,14,0.000,0.0000,1.0000,0.129,0.4527,0.4599,0.315,0.4494,0.4586,0.375,0.4648,0.3437,0.278,0.4563,0.3434,0.455,0.4882,0.2617,0.240,0.4871,0.2609,0.363,0.2842,0.5119,0.200,0.3126,0.4918
3510,117.033,13,0.000,0.0000,1.0000,0.000,0.0000,1.0000,0.305,0.4535,0.4592,0.290,0.4731,0.3473,0.345,0.4698,0.3464,0.215,0.4866,0.2680,0.439,0.4929,0.2623,0.476,0.2784,0.5218,0.219,0.4183,0.4960
3511,117.067,12,0.000,0.0000,1.0000,0.000,0.0000,1.0000,0.336,0.4550,0.4663,0.000,0.0000,1.0000,0.553,0.4811,0.3504,0.128,0.4859,0.2682,0.637,0.4939,0.2606,0.476,0.2687,0.5261,0.221,0.4135,0.5043
3512,117.100,13,0.000,0.0000,1.0000,0.000,0.0000,1.0000,0.334,0.4513,0.4709,0.126,0.4705,0.3585,0.655,0.4828,0.3605,0.174,0.4921,0.2722,0.623,0.5007,0.2657,0.511,0.2683,0.5336,0.254,0.4166,0.5100
3513,117.133,12,0.000,0.0000,1.0000,0.000,0.0000,1.0000,0.342,0.4567,0.4738,0.000,0.0000,1.0000,0.719,0.4859,0.3653,0.117,0.5014,0.2739,0.696,0.5090,0.2704,0.526,0.2634,0.5393,0.289,0.4055,0.5189
3514,117.167,13,0.000,0.0000,1.0000,0.000,0.0000,1.0000,0.317,0.4588,0.4745,0.152,0.4743,0.3669,0.694,0.4900,0.3698,0.125,0.5093,0.2759,0.678,0.5079,0.2784,0.459,0.2585,0.5395,0.280,0.4081,0.5159
3515,117.200,12,0.000,0.0000,1.0000,0.118,0.3765,0.5534,0.403,0.4676,0.4678,0.000,0.0000,1.0000,0.592,0.4936,0.3753,0.000,0.0000,1.0000,0.757,0.5110,0.2825,0.479,0.2418,0.5446,0.369,0.4035,0.5188
3516,117.233,12,0.000,0.0000,1.0000,0.113,0.3785,0.5600,0.445,0.4622,0.4755,0.000,0.0000,1.0000,0.689,0.4986,0.3862,0.000,0.0000,1.0000,0.782,0.5110,0.2953,0.477,0.2357,0.5523,0.347,0.3984,0.5279
3517,117.267,12,0.000,0.0000,1.0000,0.119,0.3751,0.5633,0.548,0.4610,0.4893,0.000,0.0000,1.0000,0.681,0.4980,0.3936,0.000,0.0000,1.0000,0.803,0.5072,0.3048,0.483,0.2263,0.5556,0.283,0.3921,0.5305
3518,117.300,12,0.000,0.0000,1.0000,0.000,0.0000,1.0000,0.569,0.4614,0.5003,0.000,0.0000,1.0000,0.773,0.4963,0.4069,0.000,0.0000,1.0000,0.770,0.5035,0.3146,0.469,0.2169,0.5578,0.294,0.3832,0.5421
3519,117.333,12,0.000,0.0000,1.0000,0.102,0.2353,0.5855,0.469,0.4570,0.5093,0.000,0.0000,1.0000,0.729,0.4931,0.4158,0.000,0.0000,1.0000,0.744,0.4967,0.3269,0.473,0.2051,0.5608,0.396,0.3743,0.5451
3520,117.367,12,0.000,0.0000,1.0000,0.162,0.2416,0.5980,0.378,0.4479,0.5229,0.000,0.0000,1.0000,0.795,0.4855,0.4321,0.000,0.0000,1.0000,0.849,0.4877,0.3439,0.482,0.1877,0.5587,0.426,0.3581,0.5520
3521,117.400,13,0.000,0.0000,1.0000,0.210,0.2341,0.5945,0.370,0.4113,0.5545,0.000,0.0000,1.0000,0.717,0.4774,0.4479,0.000,0.0000,1.0000,0.781,0.4775,0.3580,0.433,0.1760,0.5551,0.373,0.3466,0.5447
3522,117.433,13,0.000,0.0000,1.0000,0.202,0.2025,0.5905,0.439,0.4148,0.5548,0.000,0.0000,1.0000,0.711,0.4742,0.4500,0.000,0.0000,1.0000,0.765,0.4649,0.3633,0.434,0.1629,0.5550,0.349,0.3325,0.5455
3523,117.467,13,0.000,0.0000,1.0000,0.192,0.2060,0.5945,0.510,0.4254,0.5531,0.000,0.0000,1.0000,0.802,0.4656,0.4602,0.000,0.0000,1.0000,0.791,0.4511,0.3718,0.414,0.1454,0.5508,0.317,0.3193,0.5442
3524,117.500,13,0.000,0.0000,1.0000,0.245,0.2079,0.6020,0.573,0.4125,0.5644,0.000,0.0000,1.0000,0.721,0.4581,0.4727,0.000,0.0000,1.0000,0.749,0.4382,0.3835,0.398,0.1287,0.5459,0.303,0.2978,0.5492
3525,117.533,15,0.000,0.0000,1.0000,0.455,0.2158,0.6149,0.639,0.4105,0.5699,0.000,0.0000,1.0000,0.788,0.4469,0.4810,0.109,0.2134,0.3947,0.789,0.4251,0.3906,0.435,0.1184,0.5486,0.310,0.2764,0.5524
3526,117.567,13,0.000,0.0000,1.0000,0.310,0.2183,0.6163,0.583,0.4008,0.5783,0.000,0.0000,1.0000,0.663,0.4385,0.4965,0.000,0.0000,1.0000,0.765,0.4169,0.4118,0.401,0.1045,0.5577,0.322,0.2519,0.5573
3527,117.600,13,0.000,0.0000,1.0000,0.274,0.1807,0.6164,0.499,0.3961,0.5858,0.000,0.0000,1.0000,0.359,0.4264,0.5167,0.000,0.0000,1.0000,0.818,0.4031,0.4207,0.389,0.0895,0.5444,0.326,0.2343,0.5526
3528,117.633,13,0.000,0.0000,1.0000,0.268,0.1963,0.6237,0.627,0.4018,0.5884,0.000,0.0000,1.0000,0.706,0.4183,0.5090,0.000,0.0000,1.0000,0.746,0.3894,0.4225,0.411,0.0654,0.5459,0.376,0.2116,0.5533
3529,117.667,13,0.000,0.0000,1.0000,0.278,0.1601,0.6252,0.558,0.3910,0.6011,0.000,0.0000,1.0000,0.724,0.4016,0.5228,0.000,0.0000,1.0000,0.763,0.3779,0.4348,0.394,0.0552,0.5524,0.362,0.1941,0.5472
3530,117.700,13,0.000,0.0000,1.0000,0.239,0.1648,0.6313,0.573,0.3795,0.6135,0.000,0.0000,1.0000,0.736,0.3846,0.5356,0.000,0.0000,1.0000,0.805,0.3611,0.4378,0.312,0.0552,0.5639,0.366,0.1789,0.5472
3531,117.733,13,0.000,0.0000,1.0000,0.195,0.1620,0.6402,0.619,0.3644,0.6308,0.000,0.0000,1.0000,0.788,0.3717,0.5456,0.000,0.0000,1.0000,0.755,0.3513,0.4383,0.391,0.0464,0.5677,0.371,0.1595,0.5541
3532,117.767,18,0.409,0.3918,0.5979,0.200,0.1661,0.6471,0.676,0.3491,0.6416,0.171,0.2290,0.5168,0.770,0.3513,0.5569,0.373,0.3080,0.4426,0.630,0.3512,0.4482,0.375,0.0430,0.5652,0.362,0.1454,0.5531
3533,117.800,17,0.640,0.3881,0.6164,0.268,0.1664,0.6556,0.568,0.3338,0.6573,0.163,0.2454,0.5387,0.776,0.3317,0.5734,0.342,0.2847,0.4495,0.674,0.3424,0.4622,0.298,0.0386,0.5615,0.364,0.1280,0.5479
3534,117.833,18,0.807,0.3918,0.6401,0.241,0.2363,0.6631,0.650,0.3203,0.6718,0.348,0.1964,0.5567,0.794,0.3156,0.5866,0.204,0.2568,0.4628,0.784,0.3206,0.4735,0.278,0.0463,0.5726,0.407,0.1210,0.5664
3535,117.867,18,0.785,0.3843,0.6529,0.260,0.2175,0.6751,0.762,0.3140,0.6828,0.235,0.1828,0.5755,0.770,0.2983,0.6002,0.147,0.2400,0.4699,0.749,0.3109,0.4867,0.262,0.0466,0.5796,0.388,0.1065,0.5695
3536,117.900,18,0.847,0.3794,0.6748,0.305,0.2133,0.6908,0.808,0.2978,0.6952,0.251,0.1726,0.5840,0.779,0.2796,0.6144,0.121,0.2229,0.5003,0.793,0.2990,0.5000,0.260,0.0444,0.5826,0.404,0.1020,0.5686
3537,117.933,17,0.861,0.3768,0.6932,0.285,0.2163,0.6983,0.793,0.2819,0.7071,0.193,0.1475,0.5937,0.814,0.2577,0.6284,0.000,0.0000,1.0000,0.808,0.2895,0.5159,0.153,0.0409,0.5892,0.334,0.0856,0.5787
3538,117.967,16,0.863,0.3664,0.7097,0.210,0.2192,0.7095,0.768,0.2620,0.7227,0.000,0.0000,1.0000,0.744,0.2308,0.6414,0.000,0.0000,1.0000,0.830,0.2781,0.5281,0.162,0.0605,0.5861,0.374,0.0698,0.5877
3539,118.000,17,0.887,0.3584,0.7237,0.198,0.2209,0.7120,0.796,0.2412,0.7339,0.148,0.1569,0.5976,0.757,0.2111,0.6570,0.000,0.0000,1.0000,0.791,0.2686,0.5425,0.249,0.0734,0.5860,0.339,0.0615,0.5959
3540,118.033,17,0.754,0.3497,0.7388,0.204,0.2103,0.7243,0.772,0.2234,0.7482,0.419,0.1141,0.6434,0.761,0.1869,0.6726,0.494,0.1924,0.5782,0.806,0.2579,0.5553,0.221,0.0606,0.5957,0.294,0.0514,0.6007
3541,118.067,17,0.899,0.3393,0.7558,0.221,0.2030,0.7250,0.737,0.2074,0.7592,0.600,0.0878,0.6544,0.761,0.1641,0.6848,0.797,0.1708,0.5920,0.822,0.2445,0.5696,0.266,0.0606,0.5914,0.279,0.0464,0.5974
3542,118.100,18,0.820,0.3309,0.7680,0.414,0.2192,0.7251,0.785,0.1809,0.7703,0.277,0.0714,0.6606,0.752,0.1387,0.6992,0.286,0.1848,0.5788,0.765,0.2194,0.5865,0.292,0.0620,0.5915,0.228,0.0378,0.6014
3543,118.133,17,0.909,0.3188,0.7848,0.399,0.2076,0.7263,0.735,0.1688,0.7804,0.000,0.0000,1.0000,0.752,0.1173,0.7114,0.161,0.1915,0.5858,0.791,0.2018,0.5997,0.444,0.0954,0.5853,0.275,0.0448,0.6024
3544,118.167,16,0.826,0.3090,0.7974,0.454,0.1993,0.7382,0.750,0.1534,0.7906,0.000,0.0000,1.0000,0.751,0.1025,0.7225,0.164,0.1798,0.5919,0.780,0.1818,0.6112,0.249,0.0796,0.6022,0.200,0.0441,0.6212
3545,118.200,16,0.850,0.2973,0.8124,0.471,0.1920,0.7417,0.699,0.1410,0.7996,0.000,0.0000,1.0000,0.732,0.0871,0.7346,0.109,0.1654,0.6086,0.797,0.1589,0.6253,0.280,0.0744,0.6053,0.216,0.0461,0.6252
3546,118.233,17,0.855,0.2807,0.8281,0.500,0.1918,0.7430,0.684,0.1271,0.8106,0.131,0.1791,0.6358,0.724,0.0695,0.7450,0.000,0.0000,1.0000,0.787,0.1257,0.6367,0.249,0.0884,0.6004,0.174,0.0398,0.6233
3547,118.267,18,0.818,0.2739,0.8382,0.433,0.1874,0.7477,0.696,0.1209,0.8223,0.129,0.1706,0.6362,0.746,0.0515,0.7582,0.151,0.1467,0.5353,0.782,0.1012,0.6515,0.277,0.1086,0.5663,0.156,0.0499,0.5943
3548,118.300,17,0.860,0.2595,0.8539,0.469,0.1830,0.7590,0.717,0.1076,0.8331,0.371,0.1674,0.6303,0.665,0.0450,0.7754,0.590,0.1669,0.5465,0.822,0.0728,0.6673,0.368,0.1131,0.5664,0.213,0.0457,0.5835
3549,118.333,17,0.872,0.2517,0.8723,0.566,0.1789,0.7704,0.712,0.0922,0.8438,0.548,0.1663,0.6374,0.348,0.0368,0.7893,0.667,0.1714,0.5517,0.803,0.0431,0.6772,0.389,0.1127,0.5671,0.169,0.0476,0.5854
3550,118.367,16,0.910,0.2370,0.8851,0.550,0.1692,0.7816,0.586,0.0730,0.8527,0.537,0.1647,0.6470,0.000,0.0000,1.0000,0.699,0.1846,0.5614,0.727,0.0334,0.6903,0.373,0.1001,0.5616,0.130,0.0410,0.5878
3551,118.400,16,0.832,0.2307,0.8991,0.461,0.1684,0.7867,0.489,0.0623,0.8628,0.397,0.1739,0.6562,0.340,0.1581,0.6548,0.586,0.1935,0.5723,0.126,0.2036,0.5665,0.367,0.1057,0.5689,0.157,0.0491,0.5937
3552,118.433,16,0.854,0.2174,0.9118,0.518,0.1566,0.8051,0.443,0.0566,0.8774,0.392,0.1814,0.6690,0.544,0.1577,0.6669,0.431,0.2044,0.5829,0.377,0.2185,0.5763,0.316,0.1250,0.5859,0.183,0.0602,0.6032
3553,118.467,16,0.788,0.2091,0.9240,0.526,0.1634,0.8052,0.359,0.0469,0.8858,0.539,0.1833,0.6803,0.380,0.1480,0.6799,0.557,0.2274,0.5908,0.318,0.2299,0.5927,0.302,0.1233,0.5926,0.132,0.0540,0.6113
3554,118.500,17,0.863,0.1993,0.9332,0.570,0.1599,0.8165,0.253,0.0454,0.8951,0.580,0.1861,0.6923,0.331,0.1411,0.6900,0.771,0.2451,0.6056,0.179,0.2477,0.6110,0.371,0.1151,0.5841,0.120,0.0393,0.6066
3555,118.533,17,0.879,0.1964,0.9413,0.553,0.1685,0.8143,0.340,0.0389,0.9029,0.690,0.2025,0.6977,0.394,0.1439,0.6936,0.786,0.2580,0.6201,0.239,0.2523,0.6237,0.406,0.1217,0.5965,0.120,0.0380,0.6146
3556,118.567,15,0.809,0.1825,0.9515,0.569,0.1752,0.8168,0.339,0.0372,0.9122,0.750,0.2127,0.7014,0.000,0.0000,1.0000,0.766,0.2719,0.6358,0.000,0.0000,1.0000,0.470,0.1313,0.6058,0.160,0.0333,0.6175
3557,118.600,17,0.782,0.1776,0.9610,0.561,0.1723,0.8254,0.235,0.0469,0.9123,0.681,0.2194,0.7166,0.320,0.0833,0.8724,0.812,0.2796,0.6540,0.000,0.0000,1.0000,0.512,0.1385,0.6056,0.241,0.0330,0.6166
3558,118.633,17,0.732,0.1635,0.9668,0.521,0.1726,0.8305,0.115,0.0556,0.9073,0.625,0.2235,0.7218,0.180,0.0715,0.8806,0.768,0.2910,0.6669,0.000,0.0000,1.0000,0.518,0.1307,0.6043,0.179,0.0281,0.6128
3559,118.667,16,0.793,0.1617,0.9743,0.548,0.1843,0.8302,0.106,0.0526,0.9030,0.746,0.2372,0.7262,0.144,0.0663,0.8881,0.829,0.2988,0.6812,0.000,0.0000,1.0000,0.524,0.1269,0.6163,0.160,0.0284,0.6226
3560,118.700,16,0.674,0.1513,0.9754,0.582,0.1898,0.8355,0.140,0.0437,0.9033,0.735,0.2433,0.7364,0.000,0.0000,1.0000,0.796,0.3051,0.6969,0.121,0.0794,0.8944,0.523,0.1268,0.6288,0.130,0.0271,0.6284
3561,118.733,15,0.737,0.1530,0.9759,0.617,0.1977,0.8384,0.163,0.0425,0.9106,0.666,0.2572,0.7402,0.000,0.0000,1.0000,0.739,0.3128,0.7064,0.000,0.0000,1.0000,0.545,0.1308,0.6323,0.106,0.0246,0.6384
3562,118.767,15,0.704,0.1462,0.9764,0.597,0.1999,0.8446,0.197,0.0414,0.9134,0.668,0.2659,0.7449,0.000,0.0000,1.0000,0.759,0.3144,0.7176,0.000,0.0000,1.0000,0.561,0.1353,0.6409,0.112,0.0267,0.6495
3563,118.800,14,0.616,0.1338,0.9788,0.445,0.1949,0.8586,0.256,0.0422,0.9167,0.576,0.2757,0.7487,0.000,0.0000,1.0000,0.672,0.3194,0.7254,0.000,0.0000,1.0000,0.522,0.1348,0.6466,0.000,0.0000,1.0000
3564,118.833,14,0.568,0.1288,0.9792,0.459,0.1966,0.8640,0.251,0.0392,0.9237,0.571,0.2800,0.7568,0.000,0.0000,1.0000,0.671,0.3226,0.7313,0.000,0.0000,1.0000,0.511,0.1377,0.6560,0.000,0.0000,1.0000
3565,118.867,14,0.626,0.1256,0.9788,0.576,0.2078,0.8661,0.000,0.0000,1.0000,0.596,0.2838,0.7627,0.000,0.0000,1.0000,0.586,0.3335,0.7356,0.000,0.0000,1.0000,0.485,0.1439,0.6637,0.115,0.0266,0.6594
3566,118.900,14,0.594,0.1206,0.9791,0.376,0.1956,0.8768,0.114,0.0351,0.9292,0.627,0.2836,0.7693,0.000,0.0000,1.0000,0.641,0.3325,0.7420,0.000,0.0000,1.0000,0.476,0.1433,0.6700,0.000,0.0000,1.0000
3567,118.933,12,0.116,0.1518,0.9817,0.402,0.2086,0.8814,0.206,0.0424,0.9330,0.692,0.2890,0.7780,0.000,0.0000,1.0000,0.661,0.3324,0.7439,0.000,0.0000,1.0000,0.477,0.1453,0.6774,0.125,0.0273,0.6735
3568,118.967,11,0.000,0.0000,1.0000,0.375,0.2082,0.8906,0.160,0.0393,0.9352,0.715,0.2963,0.7793,0.000,0.0000,1.0000,0.730,0.3285,0.7428,0.000,0.0000,1.0000,0.496,0.1507,0.6812,0.000,0.0000,1.0000
3569,119.000,9,0.000,0.0000,1.0000,0.391,0.2153,0.8960,0.111,0.0315,0.9373,0.747,0.3024,0.7838,0.000,0.0000,1.0000,0.759,0.3291,0.7456,0.000,0.0000,1.0000,0.493,0.1562,0.6853,0.000,0.0000,1.0000
3570,119.033,8,0.000,0.0000,1.0000,0.466,0.2330,0.8937,0.000,0.0000,1.0000,0.783,0.3071,0.7867,0.000,0.0000,1.0000,0.712,0.3324,0.7365,0.000,0.0000,1.0000,0.474,0.1561,0.6912,0.000,0.0000,1.0000
3571,119.067,10,0.000,0.0000,1.0000,0.434,0.2348,0.8990,0.000,0.0000,1.0000,0.769,0.3100,0.7883,0.000,0.0000,1.0000,0.775,0.3352,0.7271,0.000,0.0000,1.0000,0.458,0.1568,0.6980,0.106,0.0241,0.6938
3572,119.100,9,0.000,0.0000,1.0000,0.564,0.2539,0.8997,0.000,0.0000,1.0000,0.799,0.3157,0.7912,0.000,0.0000,1.0000,0.798,0.3364,0.7192,0.000,0.0000,1.0000,0.422,0.1583,0.7059,0.000,0.0000,1.0000
3573,119.133,9,0.000,0.0000,1.0000,0.542,0.2693,0.9012,0.000,0.0000,1.0000,0.808,0.3241,0.7903,0.000,0.0000,1.0000,0.767,0.3405,0.7082,0.000,0.0000,1.0000,0.379,0.1615,0.7079,0.000,0.0000,1.0000
3574,119.167,10,0.000,0.0000,1.0000,0.512,0.2796,0.9028,0.000,0.0000,1.0000,0.768,0.3321,0.7905,0.000,0.0000,1.0000,0.687,0.3516,0.6980,0.000,0.0000,1.0000,0.303,0.1583,0.7225,0.000,0.0000,1.0000
3575,119.200,10,0.000,0.0000,1.0000,0.445,0.2881,0.9082,0.000,0.0000,1.0000,0.770,0.3380,0.7923,0.000,0.0000,1.0000,0.648,0.3555,0.6913,0.000,0.0000,1.0000,0.230,0.1599,0.7284,0.000,0.0000,1.0000
3576,119.233,0,0.000,-1,-1,0.000,-1,-1,0.000,-1,-1,0.000,-1,-1,0.000,-1,-1,0.000,-1,-1,0.000,-1,-1,0.000,-1,-1,0.000,-1,-1
3577,119.267,8,0.000,0.0000,1.0000,0.495,0.3075,0.9219,0.000,0.0000,1.0000,0.810,0.3569,0.7963,0.000,0.0000,1.0000,0.751,0.3710,0.6853,0.000,0.0000,1.0000,0.328,0.1898,0.7244,0.110,0.0305,0.7267
3578,119.300,9,0.000,0.0000,1.0000,0.000,0.0000,1.0000,0.529,0.3268,0.9261,0.251,0.3631,0.7962,0.576,0.3653,0.7996,0.162,0.3750,0.6836,0.598,0.3774,0.6876,0.000,0.0000,1.0000,0.000,0.0000,1.0000
3579,119.333,7,0.000,0.0000,1.0000,0.000,0.0000,1.0000,0.606,0.3437,0.9332,0.163,0.3762,0.7990,0.614,0.3787,0.8021,0.000,0.0000,1.0000,0.663,0.3886,0.6856,0.000,0.0000,1.0000,0.000,0.0000,1.0000
3580,119.367,9,0.000,0.0000,1.0000,0.000,0.0000,1.0000,0.647,0.3616,0.9359,0.000,0.0000,1.0000,0.730,0.3911,0.8082,0.000,0.0000,1.0000,0.677,0.3963,0.6886,0.000,0.0000,1.0000,0.148,0.1846,0.7811
3581,119.400,10,0.000,0.0000,1.0000,0.103,0.3854,0.9412,0.597,0.3795,0.9423,0.149,0.4046,0.8154,0.593,0.4027,0.8158,0.000,0.0000,1.0000,0.690,0.4101,0.6970,0.000,0.0000,1.0000,0.000,0.0000,1.0000
3582,119.433,9,0.000,0.0000,1.0000,0.584,0.4000,0.9474,0.000,0.0000,1.0000,0.760,0.4201,0.8232,0.000,0.0000,1.0000,0.709,0.4225,0.7070,0.000,0.0000,1.0000,0.107,0.1945,0.7831,0.000,0.0000,1.0000
3583,119.467,10,0.000,0.0000,1.0000,0.655,0.4166,0.9560,0.000,0.0000,1.0000,0.770,0.4377,0.8348,0.000,0.0000,1.0000,0.697,0.4408,0.7230,0.000,0.0000,1.0000,0.148,0.2289,0.7863,0.112,0.0542,0.8549
3584,119.500,9,0.000,0.0000,1.0000,0.693,0.4308,0.9646,0.000,0.0000,1.0000,0.833,0.4519,0.8461,0.000,0.0000,1.0000,0.719,0.4591,0.7390,0.000,0.0000,1.0000,0.163,0.2295,0.7877,0.186,0.0486,0.8547
3585,119.533,9,0.000,0.0000,1.0000,0.655,0.4439,0.9688,0.000,0.0000,1.0000,0.807,0.4711,0.8542,0.000,0.0000,1.0000,0.709,0.4804,0.7573,0.000,0.0000,1.0000,0.220,0.2417,0.7810,0.164,0.0489,0.8190
3586,119.567,9,0.000,0.0000,1.0000,0.573,0.4583,0.9734,0.000,0.0000,1.0000,0.804,0.4844,0.8663,0.000,0.0000,1.0000,0.731,0.5017,0.7793,0.000,0.0000,1.0000,0.241,0.2543,0.8075,0.220,0.0584,0.8671
3587,119.600,10,0.000,0.0000,1.0000,0.448,0.4641,0.9761,0.000,0.0000,1.0000,0.780,0.5009,0.8836,0.000,0.0000,1.0000,0.710,0.5244,0.8039,0.000,0.0000,1.0000,0.249,0.2552,0.8303,0.181,0.0667,0.8814
3588,119.633,10,0.000,0.0000,1.0000,0.177,0.4630,0.9780,0.000,0.0000,1.0000,0.783,0.5147,0.8967,0.000,0.0000,1.0000,0.658,0.5440,0.8270,0.000,0.0000,1.0000,0.184,0.2547,0.8290,0.186,0.0581,0.8934
3589,119.667,0,0.000,-1,-1,0.000,-1,-1,0.000,-1,-1,0.000,-1,-1,0.000,-1,-1,0.000,-1,-1,0.000,-1,-1,0.000,-1,-1,0.000,-1,-1
3590,119.700,6,0.000,0.0000,1.0000,0.108,0.4466,0.9740,0.000,0.0000,1.0000,0.438,0.5244,0.9204,0.000,0.0000,1.0000,0.554,0.5911,0.8767,0.000,0.0000,1.0000,0.000,0.0000,1.0000,0.000,0.0000,1.0000
3591,119.733,0,0.000,-1,-1,0.000,-1,-1,0.000,-1,-1,0.000,-1,-1,0.000,-1,-1,0.000,-1,-1,0.000,-1,-1,0.000,-1,-1,0.000,-1,-1
3592,119.767,0,0.000,-1,-1,0.000,-1,-1,0.000,-1,-1,0.000,-1,-1,0.000,-1,-1,0.000,-1,-1,0.000,-1,-1,0.000,-1,-1,0.000,-1,-1
3593,119.800,0,0.000,-1,-1,0.000,-1,-1,0.000,-1,-1,0.000,-1,-1,0.000,-1,-1,0.000,-1,-1,0.000,-1,-1,0.000,-1,-1,0.000,-1,-1
3594,119.833,0,0.000,-1,-1,0.000,-1,-1,0.000,-1,-1,0.000,-1,-1,0.000,-1,-1,0.000,-1,-1,0.000,-1,-1,0.000,-1,-1,0.000,-1,-1
3595,119.867,0,0.000,-1,-1,0.000,-1,-1,0.000,-1,-1,0.000,-1,-1,0.000,-1,-1,0.000,-1,-1,0.000,-1,-1,0.000,-1,-1,0.000,-1,-1
3596,119.900,0,0.000,-1,-1,0.000,-1,-1,0.000,-1,-1,0.000,-1,-1,0.000,-1,-1,0.000,-1,-1,0.000,-1,-1,0.000,-1,-1,0.000,-1,-1
3597,119.933,0,0.000,-1,-1,0.000,-1,-1,0.000,-1,-1,0.000,-1,-1,0.000,-1,-1,0.000,-1,-1,0.000,-1,-1,0.000,-1,-1,0.000,-1,-1
3598,119.967,0,0.000,-1,-1,0.000,-1,-1,0.000,-1,-1,0.000,-1,-1,0.000,-1,-1,0.000,-1,-1,0.000,-1,-1,0.000,-1,-1,0.000,-1,-1
3599,120.000,0,0.000,-1,-1,0.000,-1,-1,0.000,-1,-1,0.000,-1,-1,0.000,-1,-1,0.000,-1,-1,0.000,-1,-1,0.000,-1,-1,0.000,-1,-1
3600,120.033,0,0.000,-1,-1,0.000,-1,-1,0.000,-1,-1,0.000,-1,-1,0.000,-1,-1,0.000,-1,-1,0.000,-1,-1,0.000,-1,-1,0.000,-1,-1
3601,120.067,0,0.000,-1,-1,0.000,-1,-1,0.000,-1,-1,0.000,-1,-1,0.000,-1,-1,0.000,-1,-1,0.000,-1,-1,0.000,-1,-1,0.000,-1,-1
3602,120.100,0,0.000,-1,-1,0.000,-1,-1,0.000,-1,-1,0.000,-1,-1,0.000,-1,-1,0.000,-1,-1,0.000,-1,-1,0.000,-1,-1,0.000,-1,-1
3603,120.133,0,0.000,-1,-1,0.000,-1,-1,0.000,-1,-1,0.000,-1,-1,0.000,-1,-1,0.000,-1,-1,0.000,-1,-1,0.000,-1,-1,0.000,-1,-1
3604,120.167,0,0.000,-1,-1,0.000,-1,-1,0.000,-1,-1,0.000,-1,-1,0.000,-1,-1,0.000,-1,-1,0.000,-1,-1,0.000,-1,-1,0.000,-1,-1
3605,120.200,9,0.174,0.2229,0.9705,0.368,0.1034,0.8962,0.245,0.0515,0.8796,0.631,0.4491,0.9321,0.000,0.0000,1.0000,0.678,0.3792,0.8362,0.000,0.0000,1.0000,0.000,0.0000,1.0000,0.000,0.0000,1.0000
3606,120.233,8,0.261,0.2059,0.9603,0.378,0.0962,0.8945,0.110,0.0430,0.8845,0.559,0.4331,0.9229,0.000,0.0000,1.0000,0.573,0.3277,0.8265,0.161,0.0629,0.1991,0.000,0.0000,1.0000,0.000,0.0000,1.0000
3607,120.267,7,0.132,0.1923,0.9542,0.137,0.0825,0.8876,0.000,0.0000,1.0000,0.541,0.4191,0.9159,0.000,0.0000,1.0000,0.605,0.2766,0.8197,0.385,0.0814,0.7303,0.000,0.0000,1.0000,0.000,0.0000,1.0000
3608,120.300,6,0.000,0.0000,1.0000,0.216,0.0871,0.8856,0.000,0.0000,1.0000,0.540,0.4031,0.9060,0.000,0.0000,1.0000,0.587,0.2194,0.8175,0.215,0.0630,0.1952,0.000,0.0000,1.0000,0.000,0.0000,1.0000
3609,120.333,0,0.000,-1,-1,0.000,-1,-1,0.000,-1,-1,0.000,-1,-1,0.000,-1,-1,0.000,-1,-1,0.000,-1,-1,0.000,-1,-1,0.000,-1,-1
3610,120.367,0,0.000,-1,-1,0.000,-1,-1,0.000,-1,-1,0.000,-1,-1,0.000,-1,-1,0.000,-1,-1,0.000,-1,-1,0.000,-1,-1,0.000,-1,-1
3611,120.400,0,0.000,-1,-1,0.000,-1,-1,0.000,-1,-1,0.000,-1,-1,0.000,-1,-1,0.000,-1,-1,0.000,-1,-1,0.000,-1,-1,0.000,-1,-1
3612,120.433,0,0.000,-1,-1,0.000,-1,-1,0.000,-1,-1,0.000,-1,-1,0.000,-1,-1,0.000,-1,-1,0.000,-1,-1,0.000,-1,-1,0.000,-1,-1
3613,120.467,0,0.000,-1,-1,0.000,-1,-1,0.000,-1,-1,0.000,-1,-1,0.000,-1,-1,0.000,-1,-1,0.000,-1,-1,0.000,-1,-1,0.000,-1,-1
3614,120.500,0,0.000,-1,-1,0.000,-1,-1,0.000,-1,-1,0.000,-1,-1,0.000,-1,-1,0.000,-1,-1,0.000,-1,-1,0.000,-1,-1,0.000,-1,-1
3615,120.533,0,0.000,-1,-1,0.000,-1,-1,0.000,-1,-1,0.000,-1,-1,0.000,-1,-1,0.000,-1,-1,0.000,-1,-1,0.000,-1,-1,0.000,-1,-1
3616,120.567,0,0.000,-1,-1,0.000,-1,-1,0.000,-1,-1,0.000,-1,-1,0.000,-1,-1,0.000,-1,-1,0.000,-1,-1,0.000,-1,-1,0.000,-1,-1
3617,120.600,0,0.000,-1,-1,0.000,-1,-1,0.000,-1,-1,0.000,-1,-1,0.000,-1,-1,0.000,-1,-1,0.000,-1,-1,0.000,-1,-1,0.000,-1,-1
3618,120.633,0,0.000,-1,-1,0.000,-1,-1,0.000,-1,-1,0.000,-1,-1,0.000,-1,-1,0.000,-1,-1,0.000,-1,-1,0.000,-1,-1,0.000,-1,-1
3619,120.667,0,0.000,-1,-1,0.000,-1,-1,0.000,-1,-1,0.000,-1,-1,0.000,-1,-1,0.000,-1,-1,0.000,-1,-1,0.000,-1,-1,0.000,-1,-1
3620,120.700,0,0.000,-1,-1,0.000,-1,-1,0.000,-1,-1,0.000,-1,-1,0.000,-1,-1,0.000,-1,-1,0.000,-1,-1,0.000,-1,-1,0.000,-1,-1
3621,120.733,0,0.000,-1,-1,0.000,-1,-1,0.000,-1,-1,0.000,-1,-1,0.000,-1,-1,0.000,-1,-1,0.000,-1,-1,0.000,-1,-1,0.000,-1,-1
3622,120.767,0,0.000,-1,-1,0.000,-1,-1,0.000,-1,-1,0.000,-1,-1,0.000,-1,-1,0.000,-1,-1,0.000,-1,-1,0.000,-1,-1,0.000,-1,-1
3623,120.800,0,0.000,-1,-1,0.000,-1,-1,0.000,-1,-1,0.000,-1,-1,0.000,-1,-1,0.000,-1,-1,0.000,-1,-1,0.000,-1,-1,0.000,-1,-1
3624,120.833,0,0.000,-1,-1,0.000,-1,-1,0.000,-1,-1,0.000,-1,-1,0.000,-1,-1,0.000,-1,-1,0.000,-1,-1,0.000,-1,-1,0.000,-1,-1
3625,120.867,0,0.000,-1,-1,0.000,-1,-1,0.000,-1,-1,0.000,-1,-1,0.000,-1,-1,0.000,-1,-1,0.000,-1,-1,0.000,-1,-1,0.000,-1,-1
3626,120.900,0,0.000,-1,-1,0.000,-1,-1,0.000,-1,-1,0.000,-1,-1,0.000,-1,-1,0.000,-1,-1,0.000,-1,-1,0.000,-1,-1,0.000,-1,-1
3627,120.933,0,0.000,-1,-1,0.000,-1,-1,0.000,-1,-1,0.000,-1,-1,0.000,-1,-1,0.000,-1,-1,0.000,-1,-1,0.000,-1,-1,0.000,-1,-1
3628,120.967,0,0.000,-1,-1,0.000,-1,-1,0.000,-1,-1,0.000,-1,-1,0.000,-1,-1,0.000,-1,-1,0.000,-1,-1,0.000,-1,-1,0.000,-1,-1
3629,121.000,0,0.000,-1,-1,0.000,-1,-1,0.000,-1,-1,0.000,-1,-1,0.000,-1,-1,0.000,-1,-1,0.000,-1,-1,0.000,-1,-1,0.000,-1,-1
3630,121.033,0,0.000,-1,-1,0.000,-1,-1,0.000,-1,-1,0.000,-1,-1,0.000,-1,-1,0.000,-1,-1,0.000,-1,-1,0.000,-1,-1,0.000,-1,-1
3631,121.067,0,0.000,-1,-1,0.000,-1,-1,0.000,-1,-1,0.000,-1,-1,0.000,-1,-1,0.000,-1,-1,0.000,-1,-1,0.000,-1,-1,0.000,-1,-1
3632,121.100,0,0.000,-1,-1,0.000,-1,-1,0.000,-1,-1,0.000,-1,-1,0.000,-1,-1,0.000,-1,-1,0.000,-1,-1,0.000,-1,-1,0.000,-1,-1
3633,121.133,0,0.000,-1,-1,0.000,-1,-1,0.000,-1,-1,0.000,-1,-1,0.000,-1,-1,0.000,-1,-1,0.000,-1,-1,0.000,-1,-1,0.000,-1,-1
3634,121.167,0,0.000,-1,-1,0.000,-1,-1,0.000,-1,-1,0.000,-1,-1,0.000,-1,-1,0.000,-1,-1,0.000,-1,-1,0.000,-1,-1,0.000,-1,-1
3635,121.200,0,0.000,-1,-1,0.000,-1,-1,0.000,-1,-1,0.000,-1,-1,0.000,-1,-1,0.000,-1,-1,0.000,-1,-1,0.000,-1,-1,0.000,-1,-1
3636,121.233,0,0.000,-1,-1,0.000,-1,-1,0.000,-1,-1,0.000,-1,-1,0.000,-1,-1,0.000,-1,-1,0.000,-1,-1,0.000,-1,-1,0.000,-1,-1
3637,121.267,0,0.000,-1,-1,0.000,-1,-1,0.000,-1,-1,0.000,-1,-1,0.000,-1,-1,0.000,-1,-1,0.000,-1,-1,0.000,-1,-1,0.000,-1,-1
3638,121.300,0,0.000,-1,-1,0.000,-1,-1,0.000,-1,-1,0.000,-1,-1,0.000,-1,-1,0.000,-1,-1,0.000,-1,-1,0.000,-1,-1,0.000,-1,-1
3639,121.333,0,0.000,-1,-1,0.000,-1,-1,0.000,-1,-1,0.000,-1,-1,0.000,-1,-1,0.000,-1,-1,0.000,-1,-1,0.000,-1,-1,0.000,-1,-1
3640,121.367,0,0.000,-1,-1,0.000,-1,-1,0.000,-1,-1,0.000,-1,-1,0.000,-1,-1,0.000,-1,-1,0.000,-1,-1,0.000,-1,-1,0.000,-1,-1
3641,121.400,0,0.000,-1,-1,0.000,-1,-1,0.000,-1,-1,0.000,-1,-1,0.000,-1,-1,0.000,-1,-1,0.000,-1,-1,0.000,-1,-1,0.000,-1,-1
3642,121.433,0,0.000,-1,-1,0.000,-1,-1,0.000,-1,-1,0.000,-1,-1,0.000,-1,-1,0.000,-1,-1,0.000,-1,-1,0.000,-1,-1,0.000,-1,-1
3643,121.467,0,0.000,-1,-1,0.000,-1,-1,0.000,-1,-1,0.000,-1,-1,0.000,-1,-1,0.000,-1,-1,0.000,-1,-1,0.000,-1,-1,0.000,-1,-1
3644,121.500,0,0.000,-1,-1,0.000,-1,-1,0.000,-1,-1,0.000,-1,-1,0.000,-1,-1,0.000,-1,-1,0.000,-1,-1,0.000,-1,-1,0.000,-1,-1
3645,121.533,0,0.000,-1,-1,0.000,-1,-1,0.000,-1,-1,0.000,-1,-1,0.000,-1,-1,0.000,-1,-1,0.000,-1,-1,0.000,-1,-1,0.000,-1,-1
3646,121.567,0,0.000,-1,-1,0.000,-1,-1,0.000,-1,-1,0.000,-1,-1,0.000,-1,-1,0.000,-1,-1,0.000,-1,-1,0.000,-1,-1,0.000,-1,-1
3647,121.600,0,0.000,-1,-1,0.000,-1,-1,0.000,-1,-1,0.000,-1,-1,0.000,-1,-1,0.000,-1,-1,0.000,-1,-1,0.000,-1,-1,0.000,-1,-1
3648,121.633,0,0.000,-1,-1,0.000,-1,-1,0.000,-1,-1,0.000,-1,-1,0.000,-1,-1,0.000,-1,-1,0.000,-1,-1,0.000,-1,-1,0.000,-1,-1
3649,121.667,0,0.000,-1,-1,0.000,-1,-1,0.000,-1,-1,0.000,-1,-1,0.000,-1,-1,0.000,-1,-1,0.000,-1,-1,0.000,-1,-1,0.000,-1,-1
3650,121.700,0,0.000,-1,-1,0.000,-1,-1,0.000,-1,-1,0.000,-1,-1,0.000,-1,-1,0.000,-1,-1,0.000,-1,-1,0.000,-1,-1,0.000,-1,-1
3651,121.733,0,0.000,-1,-1,0.000,-1,-1,0.000,-1,-1,0.000,-1,-1,0.000,-1,-1,0.000,-1,-1,0.000,-1,-1,0.000,-1,-1,0.000,-1,-1
3652,121.767,0,0.000,-1,-1,0.000,-1,-1,0.000,-1,-1,0.000,-1,-1,0.000,-1,-1,0.000,-1,-1,0.000,-1,-1,0.000,-1,-1,0.000,-1,-1
3653,121.800,0,0.000,-1,-1,0.000,-1,-1,0.000,-1,-1,0.000,-1,-1,0.000,-1,-1,0.000,-1,-1,0.000,-1,-1,0.000,-1,-1,0.000,-1,-1
3654,121.833,0,0.000,-1,-1,0.000,-1,-1,0.000,-1,-1,0.000,-1,-1,0.000,-1,-1,0.000,-1,-1,0.000,-1,-1,0.000,-1,-1,0.000,-1,-1
3655,121.867,0,0.000,-1,-1,0.000,-1,-1,0.000,-1,-1,0.000,-1,-1,0.000,-1,-1,0.000,-1,-1,0.000,-1,-1,0.000,-1,-1,0.000,-1,-1
3656,121.900,0,0.000,-1,-1,0.000,-1,-1,0.000,-1,-1,0.000,-1,-1,0.000,-1,-1,0.000,-1,-1,0.000,-1,-1,0.000,-1,-1,0.000,-1,-1
3657,121.933,0,0.000,-1,-1,0.000,-1,-1,0.000,-1,-1,0.000,-1,-1,0.000,-1,-1,0.000,-1,-1,0.000,-1,-1,0.000,-1,-1,0.000,-1,-1
3658,121.967,0,0.000,-1,-1,0.000,-1,-1,0.000,-1,-1,0.000,-1,-1,0.000,-1,-1,0.000,-1,-1,0.000,-1,-1,0.000,-1,-1,0.000,-1,-1
3659,122.000,0,0.000,-1,-1,0.000,-1,-1,0.000,-1,-1,0.000,-1,-1,0.000,-1,-1,0.000,-1,-1,0.000,-1,-1,0.000,-1,-1,0.000,-1,-1
3660,122.033,0,0.000,-1,-1,0.000,-1,-1,0.000,-1,-1,0.000,-1,-1,0.000,-1,-1,0.000,-1,-1,0.000,-1,-1,0.000,-1,-1,0.000,-1,-1
3661,122.067,0,0.000,-1,-1,0.000,-1,-1,0.000,-1,-1,0.000,-1,-1,0.000,-1,-1,0.000,-1,-1,0.000,-1,-1,0.000,-1,-1,0.000,-1,-1
3662,122.100,0,0.000,-1,-1,0.000,-1,-1,0.000,-1,-1,0.000,-1,-1,0.000,-1,-1,0.000,-1,-1,0.000,-1,-1,0.000,-1,-1,0.000,-1,-1
3663,122.133,0,0.000,-1,-1,0.000,-1,-1,0.000,-1,-1,0.000,-1,-1,0.000,-1,-1,0.000,-1,-1,0.000,-1,-1,0.000,-1,-1,0.000,-1,-1
3664,122.167,0,0.000,-1,-1,0.000,-1,-1,0.000,-1,-1,0.000,-1,-1,0.000,-1,-1,0.000,-1,-1,0.000,-1,-1,0.000,-1,-1,0.000,-1,-1
3665,122.200,0,0.000,-1,-1,0.000,-1,-1,0.000,-1,-1,0.000,-1,-1,0.000,-1,-1,0.000,-1,-1,0.000,-1,-1,0.000,-1,-1,0.000,-1,-1
3666,122.233,0,0.000,-1,-1,0.000,-1,-1,0.000,-1,-1,0.000,-1,-1,0.000,-1,-1,0.000,-1,-1,0.000,-1,-1,0.000,-1,-1,0.000,-1,-1
3667,122.267,0,0.000,-1,-1,0.000,-1,-1,0.000,-1,-1,0.000,-1,-1,0.000,-1,-1,0.000,-1,-1,0.000,-1,-1,0.000,-1,-1,0.000,-1,-1
