frame,t_sec,total_joints,nose_conf,nose_x,nose_y,lSho_conf,lSho_x,lSho_y,rSho_conf,rSho_x,rSho_y,lElb_conf,lElb_x,lElb_y,rElb_conf,rElb_x,rElb_y,lWri_conf,lWri_x,lWri_y,rWri_conf,rWri_x,rWri_y,lHip_conf,lHip_x,lHip_y,rHip_conf,rHip_x,rHip_y
0,0.000,0,0.000,-1,-1,0.000,-1,-1,0.000,-1,-1,0.000,-1,-1,0.000,-1,-1,0.000,-1,-1,0.000,-1,-1,0.000,-1,-1,0.000,-1,-1
1,0.033,0,0.000,-1,-1,0.000,-1,-1,0.000,-1,-1,0.000,-1,-1,0.000,-1,-1,0.000,-1,-1,0.000,-1,-1,0.000,-1,-1,0.000,-1,-1
2,0.067,0,0.000,-1,-1,0.000,-1,-1,0.000,-1,-1,0.000,-1,-1,0.000,-1,-1,0.000,-1,-1,0.000,-1,-1,0.000,-1,-1,0.000,-1,-1
3,0.100,0,0.000,-1,-1,0.000,-1,-1,0.000,-1,-1,0.000,-1,-1,0.000,-1,-1,0.000,-1,-1,0.000,-1,-1,0.000,-1,-1,0.000,-1,-1
4,0.133,0,0.000,-1,-1,0.000,-1,-1,0.000,-1,-1,0.000,-1,-1,0.000,-1,-1,0.000,-1,-1,0.000,-1,-1,0.000,-1,-1,0.000,-1,-1
5,0.167,0,0.000,-1,-1,0.000,-1,-1,0.000,-1,-1,0.000,-1,-1,0.000,-1,-1,0.000,-1,-1,0.000,-1,-1,0.000,-1,-1,0.000,-1,-1
6,0.200,0,0.000,-1,-1,0.000,-1,-1,0.000,-1,-1,0.000,-1,-1,0.000,-1,-1,0.000,-1,-1,0.000,-1,-1,0.000,-1,-1,0.000,-1,-1
7,0.233,0,0.000,-1,-1,0.000,-1,-1,0.000,-1,-1,0.000,-1,-1,0.000,-1,-1,0.000,-1,-1,0.000,-1,-1,0.000,-1,-1,0.000,-1,-1
8,0.267,0,0.000,-1,-1,0.000,-1,-1,0.000,-1,-1,0.000,-1,-1,0.000,-1,-1,0.000,-1,-1,0.000,-1,-1,0.000,-1,-1,0.000,-1,-1
9,0.300,0,0.000,-1,-1,0.000,-1,-1,0.000,-1,-1,0.000,-1,-1,0.000,-1,-1,0.000,-1,-1,0.000,-1,-1,0.000,-1,-1,0.000,-1,-1
10,0.333,0,0.000,-1,-1,0.000,-1,-1,0.000,-1,-1,0.000,-1,-1,0.000,-1,-1,0.000,-1,-1,0.000,-1,-1,0.000,-1,-1,0.000,-1,-1
11,0.367,0,0.000,-1,-1,0.000,-1,-1,0.000,-1,-1,0.000,-1,-1,0.000,-1,-1,0.000,-1,-1,0.000,-1,-1,0.000,-1,-1,0.000,-1,-1
12,0.400,0,0.000,-1,-1,0.000,-1,-1,0.000,-1,-1,0.000,-1,-1,0.000,-1,-1,0.000,-1,-1,0.000,-1,-1,0.000,-1,-1,0.000,-1,-1
13,0.433,0,0.000,-1,-1,0.000,-1,-1,0.000,-1,-1,0.000,-1,-1,0.000,-1,-1,0.000,-1,-1,0.000,-1,-1,0.000,-1,-1,0.000,-1,-1
14,0.467,0,0.000,-1,-1,0.000,-1,-1,0.000,-1,-1,0.000,-1,-1,0.000,-1,-1,0.000,-1,-1,0.000,-1,-1,0.000,-1,-1,0.000,-1,-1
15,0.500,0,0.000,-1,-1,0.000,-1,-1,0.000,-1,-1,0.000,-1,-1,0.000,-1,-1,0.000,-1,-1,0.000,-1,-1,0.000,-1,-1,0.000,-1,-1
16,0.533,0,0.000,-1,-1,0.000,-1,-1,0.000,-1,-1,0.000,-1,-1,0.000,-1,-1,0.000,-1,-1,0.000,-1,-1,0.000,-1,-1,0.000,-1,-1
17,0.567,0,0.000,-1,-1,0.000,-1,-1,0.000,-1,-1,0.000,-1,-1,0.000,-1,-1,0.000,-1,-1,0.000,-1,-1,0.000,-1,-1,0.000,-1,-1
18,0.600,0,0.000,-1,-1,0.000,-1,-1,0.000,-1,-1,0.000,-1,-1,0.000,-1,-1,0.000,-1,-1,0.000,-1,-1,0.000,-1,-1,0.000,-1,-1
19,0.633,0,0.000,-1,-1,0.000,-1,-1,0.000,-1,-1,0.000,-1,-1,0.000,-1,-1,0.000,-1,-1,0.000,-1,-1,0.000,-1,-1,0.000,-1,-1
20,0.667,0,0.000,-1,-1,0.000,-1,-1,0.000,-1,-1,0.000,-1,-1,0.000,-1,-1,0.000,-1,-1,0.000,-1,-1,0.000,-1,-1,0.000,-1,-1
21,0.700,0,0.000,-1,-1,0.000,-1,-1,0.000,-1,-1,0.000,-1,-1,0.000,-1,-1,0.000,-1,-1,0.000,-1,-1,0.000,-1,-1,0.000,-1,-1
22,0.733,0,0.000,-1,-1,0.000,-1,-1,0.000,-1,-1,0.000,-1,-1,0.000,-1,-1,0.000,-1,-1,0.000,-1,-1,0.000,-1,-1,0.000,-1,-1
23,0.767,0,0.000,-1,-1,0.000,-1,-1,0.000,-1,-1,0.000,-1,-1,0.000,-1,-1,0.000,-1,-1,0.000,-1,-1,0.000,-1,-1,0.000,-1,-1
24,0.800,0,0.000,-1,-1,0.000,-1,-1,0.000,-1,-1,0.000,-1,-1,0.000,-1,-1,0.000,-1,-1,0.000,-1,-1,0.000,-1,-1,0.000,-1,-1
25,0.833,0,0.000,-1,-1,0.000,-1,-1,0.000,-1,-1,0.000,-1,-1,0.000,-1,-1,0.000,-1,-1,0.000,-1,-1,0.000,-1,-1,0.000,-1,-1
26,0.867,0,0.000,-1,-1,0.000,-1,-1,0.000,-1,-1,0.000,-1,-1,0.000,-1,-1,0.000,-1,-1,0.000,-1,-1,0.000,-1,-1,0.000,-1,-1
27,0.900,0,0.000,-1,-1,0.000,-1,-1,0.000,-1,-1,0.000,-1,-1,0.000,-1,-1,0.000,-1,-1,0.000,-1,-1,0.000,-1,-1,0.000,-1,-1
28,0.933,0,0.000,-1,-1,0.000,-1,-1,0.000,-1,-1,0.000,-1,-1,0.000,-1,-1,0.000,-1,-1,0.000,-1,-1,0.000,-1,-1,0.000,-1,-1
29,0.967,0,0.000,-1,-1,0.000,-1,-1,0.000,-1,-1,0.000,-1,-1,0.000,-1,-1,0.000,-1,-1,0.000,-1,-1,0.000,-1,-1,0.000,-1,-1
30,1.000,0,0.000,-1,-1,0.000,-1,-1,0.000,-1,-1,0.000,-1,-1,0.000,-1,-1,0.000,-1,-1,0.000,-1,-1,0.000,-1,-1,0.000,-1,-1
31,1.033,0,0.000,-1,-1,0.000,-1,-1,0.000,-1,-1,0.000,-1,-1,0.000,-1,-1,0.000,-1,-1,0.000,-1,-1,0.000,-1,-1,0.000,-1,-1
32,1.067,0,0.000,-1,-1,0.000,-1,-1,0.000,-1,-1,0.000,-1,-1,0.000,-1,-1,0.000,-1,-1,0.000,-1,-1,0.000,-1,-1,0.000,-1,-1
33,1.100,0,0.000,-1,-1,0.000,-1,-1,0.000,-1,-1,0.000,-1,-1,0.000,-1,-1,0.000,-1,-1,0.000,-1,-1,0.000,-1,-1,0.000,-1,-1
34,1.133,0,0.000,-1,-1,0.000,-1,-1,0.000,-1,-1,0.000,-1,-1,0.000,-1,-1,0.000,-1,-1,0.000,-1,-1,0.000,-1,-1,0.000,-1,-1
35,1.167,0,0.000,-1,-1,0.000,-1,-1,0.000,-1,-1,0.000,-1,-1,0.000,-1,-1,0.000,-1,-1,0.000,-1,-1,0.000,-1,-1,0.000,-1,-1
36,1.200,0,0.000,-1,-1,0.000,-1,-1,0.000,-1,-1,0.000,-1,-1,0.000,-1,-1,0.000,-1,-1,0.000,-1,-1,0.000,-1,-1,0.000,-1,-1
37,1.233,7,0.469,0.0728,0.3478,0.347,0.5859,0.2190,0.000,0.0000,1.0000,0.142,0.9576,0.0266,0.000,0.0000,1.0000,0.000,0.0000,1.0000,0.000,0.0000,1.0000,0.000,0.0000,1.0000,0.000,0.0000,1.0000
38,1.267,6,0.174,0.0769,0.3743,0.354,0.5546,0.2187,0.000,0.0000,1.0000,0.109,0.9515,0.0218,0.000,0.0000,1.0000,0.000,0.0000,1.0000,0.000,0.0000,1.0000,0.000,0.0000,1.0000,0.000,0.0000,1.0000
39,1.300,0,0.000,-1,-1,0.000,-1,-1,0.000,-1,-1,0.000,-1,-1,0.000,-1,-1,0.000,-1,-1,0.000,-1,-1,0.000,-1,-1,0.000,-1,-1
40,1.333,0,0.000,-1,-1,0.000,-1,-1,0.000,-1,-1,0.000,-1,-1,0.000,-1,-1,0.000,-1,-1,0.000,-1,-1,0.000,-1,-1,0.000,-1,-1
41,1.367,0,0.000,-1,-1,0.000,-1,-1,0.000,-1,-1,0.000,-1,-1,0.000,-1,-1,0.000,-1,-1,0.000,-1,-1,0.000,-1,-1,0.000,-1,-1
42,1.400,0,0.000,-1,-1,0.000,-1,-1,0.000,-1,-1,0.000,-1,-1,0.000,-1,-1,0.000,-1,-1,0.000,-1,-1,0.000,-1,-1,0.000,-1,-1
43,1.433,0,0.000,-1,-1,0.000,-1,-1,0.000,-1,-1,0.000,-1,-1,0.000,-1,-1,0.000,-1,-1,0.000,-1,-1,0.000,-1,-1,0.000,-1,-1
44,1.467,0,0.000,-1,-1,0.000,-1,-1,0.000,-1,-1,0.000,-1,-1,0.000,-1,-1,0.000,-1,-1,0.000,-1,-1,0.000,-1,-1,0.000,-1,-1
45,1.500,0,0.000,-1,-1,0.000,-1,-1,0.000,-1,-1,0.000,-1,-1,0.000,-1,-1,0.000,-1,-1,0.000,-1,-1,0.000,-1,-1,0.000,-1,-1
46,1.533,0,0.000,-1,-1,0.000,-1,-1,0.000,-1,-1,0.000,-1,-1,0.000,-1,-1,0.000,-1,-1,0.000,-1,-1,0.000,-1,-1,0.000,-1,-1
47,1.567,0,0.000,-1,-1,0.000,-1,-1,0.000,-1,-1,0.000,-1,-1,0.000,-1,-1,0.000,-1,-1,0.000,-1,-1,0.000,-1,-1,0.000,-1,-1
48,1.600,0,0.000,-1,-1,0.000,-1,-1,0.000,-1,-1,0.000,-1,-1,0.000,-1,-1,0.000,-1,-1,0.000,-1,-1,0.000,-1,-1,0.000,-1,-1
49,1.633,0,0.000,-1,-1,0.000,-1,-1,0.000,-1,-1,0.000,-1,-1,0.000,-1,-1,0.000,-1,-1,0.000,-1,-1,0.000,-1,-1,0.000,-1,-1
50,1.667,0,0.000,-1,-1,0.000,-1,-1,0.000,-1,-1,0.000,-1,-1,0.000,-1,-1,0.000,-1,-1,0.000,-1,-1,0.000,-1,-1,0.000,-1,-1
51,1.700,0,0.000,-1,-1,0.000,-1,-1,0.000,-1,-1,0.000,-1,-1,0.000,-1,-1,0.000,-1,-1,0.000,-1,-1,0.000,-1,-1,0.000,-1,-1
52,1.733,0,0.000,-1,-1,0.000,-1,-1,0.000,-1,-1,0.000,-1,-1,0.000,-1,-1,0.000,-1,-1,0.000,-1,-1,0.000,-1,-1,0.000,-1,-1
53,1.767,0,0.000,-1,-1,0.000,-1,-1,0.000,-1,-1,0.000,-1,-1,0.000,-1,-1,0.000,-1,-1,0.000,-1,-1,0.000,-1,-1,0.000,-1,-1
54,1.800,0,0.000,-1,-1,0.000,-1,-1,0.000,-1,-1,0.000,-1,-1,0.000,-1,-1,0.000,-1,-1,0.000,-1,-1,0.000,-1,-1,0.000,-1,-1
55,1.833,0,0.000,-1,-1,0.000,-1,-1,0.000,-1,-1,0.000,-1,-1,0.000,-1,-1,0.000,-1,-1,0.000,-1,-1,0.000,-1,-1,0.000,-1,-1
56,1.867,0,0.000,-1,-1,0.000,-1,-1,0.000,-1,-1,0.000,-1,-1,0.000,-1,-1,0.000,-1,-1,0.000,-1,-1,0.000,-1,-1,0.000,-1,-1
57,1.900,0,0.000,-1,-1,0.000,-1,-1,0.000,-1,-1,0.000,-1,-1,0.000,-1,-1,0.000,-1,-1,0.000,-1,-1,0.000,-1,-1,0.000,-1,-1
58,1.933,0,0.000,-1,-1,0.000,-1,-1,0.000,-1,-1,0.000,-1,-1,0.000,-1,-1,0.000,-1,-1,0.000,-1,-1,0.000,-1,-1,0.000,-1,-1
59,1.967,0,0.000,-1,-1,0.000,-1,-1,0.000,-1,-1,0.000,-1,-1,0.000,-1,-1,0.000,-1,-1,0.000,-1,-1,0.000,-1,-1,0.000,-1,-1
60,2.000,0,0.000,-1,-1,0.000,-1,-1,0.000,-1,-1,0.000,-1,-1,0.000,-1,-1,0.000,-1,-1,0.000,-1,-1,0.000,-1,-1,0.000,-1,-1
61,2.033,0,0.000,-1,-1,0.000,-1,-1,0.000,-1,-1,0.000,-1,-1,0.000,-1,-1,0.000,-1,-1,0.000,-1,-1,0.000,-1,-1,0.000,-1,-1
62,2.067,0,0.000,-1,-1,0.000,-1,-1,0.000,-1,-1,0.000,-1,-1,0.000,-1,-1,0.000,-1,-1,0.000,-1,-1,0.000,-1,-1,0.000,-1,-1
63,2.100,0,0.000,-1,-1,0.000,-1,-1,0.000,-1,-1,0.000,-1,-1,0.000,-1,-1,0.000,-1,-1,0.000,-1,-1,0.000,-1,-1,0.000,-1,-1
64,2.133,0,0.000,-1,-1,0.000,-1,-1,0.000,-1,-1,0.000,-1,-1,0.000,-1,-1,0.000,-1,-1,0.000,-1,-1,0.000,-1,-1,0.000,-1,-1
65,2.167,0,0.000,-1,-1,0.000,-1,-1,0.000,-1,-1,0.000,-1,-1,0.000,-1,-1,0.000,-1,-1,0.000,-1,-1,0.000,-1,-1,0.000,-1,-1
66,2.200,0,0.000,-1,-1,0.000,-1,-1,0.000,-1,-1,0.000,-1,-1,0.000,-1,-1,0.000,-1,-1,0.000,-1,-1,0.000,-1,-1,0.000,-1,-1
67,2.233,0,0.000,-1,-1,0.000,-1,-1,0.000,-1,-1,0.000,-1,-1,0.000,-1,-1,0.000,-1,-1,0.000,-1,-1,0.000,-1,-1,0.000,-1,-1
68,2.267,0,0.000,-1,-1,0.000,-1,-1,0.000,-1,-1,0.000,-1,-1,0.000,-1,-1,0.000,-1,-1,0.000,-1,-1,0.000,-1,-1,0.000,-1,-1
69,2.300,0,0.000,-1,-1,0.000,-1,-1,0.000,-1,-1,0.000,-1,-1,0.000,-1,-1,0.000,-1,-1,0.000,-1,-1,0.000,-1,-1,0.000,-1,-1
70,2.333,0,0.000,-1,-1,0.000,-1,-1,0.000,-1,-1,0.000,-1,-1,0.000,-1,-1,0.000,-1,-1,0.000,-1,-1,0.000,-1,-1,0.000,-1,-1
71,2.367,0,0.000,-1,-1,0.000,-1,-1,0.000,-1,-1,0.000,-1,-1,0.000,-1,-1,0.000,-1,-1,0.000,-1,-1,0.000,-1,-1,0.000,-1,-1
72,2.400,0,0.000,-1,-1,0.000,-1,-1,0.000,-1,-1,0.000,-1,-1,0.000,-1,-1,0.000,-1,-1,0.000,-1,-1,0.000,-1,-1,0.000,-1,-1
73,2.433,0,0.000,-1,-1,0.000,-1,-1,0.000,-1,-1,0.000,-1,-1,0.000,-1,-1,0.000,-1,-1,0.000,-1,-1,0.000,-1,-1,0.000,-1,-1
74,2.467,0,0.000,-1,-1,0.000,-1,-1,0.000,-1,-1,0.000,-1,-1,0.000,-1,-1,0.000,-1,-1,0.000,-1,-1,0.000,-1,-1,0.000,-1,-1
75,2.500,0,0.000,-1,-1,0.000,-1,-1,0.000,-1,-1,0.000,-1,-1,0.000,-1,-1,0.000,-1,-1,0.000,-1,-1,0.000,-1,-1,0.000,-1,-1
76,2.533,0,0.000,-1,-1,0.000,-1,-1,0.000,-1,-1,0.000,-1,-1,0.000,-1,-1,0.000,-1,-1,0.000,-1,-1,0.000,-1,-1,0.000,-1,-1
77,2.567,0,0.000,-1,-1,0.000,-1,-1,0.000,-1,-1,0.000,-1,-1,0.000,-1,-1,0.000,-1,-1,0.000,-1,-1,0.000,-1,-1,0.000,-1,-1
78,2.600,0,0.000,-1,-1,0.000,-1,-1,0.000,-1,-1,0.000,-1,-1,0.000,-1,-1,0.000,-1,-1,0.000,-1,-1,0.000,-1,-1,0.000,-1,-1
79,2.633,0,0.000,-1,-1,0.000,-1,-1,0.000,-1,-1,0.000,-1,-1,0.000,-1,-1,0.000,-1,-1,0.000,-1,-1,0.000,-1,-1,0.000,-1,-1
80,2.667,8,0.744,0.0848,0.8595,0.339,0.4495,0.5892,0.000,0.0000,1.0000,0.115,0.6762,0.1826,0.000,0.0000,1.0000,0.111,0.8711,0.3904,0.000,0.0000,1.0000,0.000,0.0000,1.0000,0.000,0.0000,1.0000
81,2.700,7,0.759,0.0917,0.8628,0.304,0.4540,0.5827,0.000,0.0000,1.0000,0.128,0.6823,0.1995,0.000,0.0000,1.0000,0.000,0.0000,1.0000,0.000,0.0000,1.0000,0.000,0.0000,1.0000,0.000,0.0000,1.0000
82,2.733,0,0.000,-1,-1,0.000,-1,-1,0.000,-1,-1,0.000,-1,-1,0.000,-1,-1,0.000,-1,-1,0.000,-1,-1,0.000,-1,-1,0.000,-1,-1
83,2.767,8,0.785,0.1062,0.8603,0.349,0.4829,0.6013,0.000,0.0000,1.0000,0.214,0.7825,0.4448,0.000,0.0000,1.0000,0.273,0.9474,0.3257,0.000,0.0000,1.0000,0.000,0.0000,1.0000,0.000,0.0000,1.0000
84,2.800,0,0.000,-1,-1,0.000,-1,-1,0.000,-1,-1,0.000,-1,-1,0.000,-1,-1,0.000,-1,-1,0.000,-1,-1,0.000,-1,-1,0.000,-1,-1
85,2.833,0,0.000,-1,-1,0.000,-1,-1,0.000,-1,-1,0.000,-1,-1,0.000,-1,-1,0.000,-1,-1,0.000,-1,-1,0.000,-1,-1,0.000,-1,-1
86,2.867,0,0.000,-1,-1,0.000,-1,-1,0.000,-1,-1,0.000,-1,-1,0.000,-1,-1,0.000,-1,-1,0.000,-1,-1,0.000,-1,-1,0.000,-1,-1
87,2.900,0,0.000,-1,-1,0.000,-1,-1,0.000,-1,-1,0.000,-1,-1,0.000,-1,-1,0.000,-1,-1,0.000,-1,-1,0.000,-1,-1,0.000,-1,-1
88,2.933,0,0.000,-1,-1,0.000,-1,-1,0.000,-1,-1,0.000,-1,-1,0.000,-1,-1,0.000,-1,-1,0.000,-1,-1,0.000,-1,-1,0.000,-1,-1
89,2.967,0,0.000,-1,-1,0.000,-1,-1,0.000,-1,-1,0.000,-1,-1,0.000,-1,-1,0.000,-1,-1,0.000,-1,-1,0.000,-1,-1,0.000,-1,-1
90,3.000,0,0.000,-1,-1,0.000,-1,-1,0.000,-1,-1,0.000,-1,-1,0.000,-1,-1,0.000,-1,-1,0.000,-1,-1,0.000,-1,-1,0.000,-1,-1
91,3.033,0,0.000,-1,-1,0.000,-1,-1,0.000,-1,-1,0.000,-1,-1,0.000,-1,-1,0.000,-1,-1,0.000,-1,-1,0.000,-1,-1,0.000,-1,-1
92,3.067,0,0.000,-1,-1,0.000,-1,-1,0.000,-1,-1,0.000,-1,-1,0.000,-1,-1,0.000,-1,-1,0.000,-1,-1,0.000,-1,-1,0.000,-1,-1
93,3.100,0,0.000,-1,-1,0.000,-1,-1,0.000,-1,-1,0.000,-1,-1,0.000,-1,-1,0.000,-1,-1,0.000,-1,-1,0.000,-1,-1,0.000,-1,-1
94,3.133,0,0.000,-1,-1,0.000,-1,-1,0.000,-1,-1,0.000,-1,-1,0.000,-1,-1,0.000,-1,-1,0.000,-1,-1,0.000,-1,-1,0.000,-1,-1
95,3.167,0,0.000,-1,-1,0.000,-1,-1,0.000,-1,-1,0.000,-1,-1,0.000,-1,-1,0.000,-1,-1,0.000,-1,-1,0.000,-1,-1,0.000,-1,-1
96,3.200,0,0.000,-1,-1,0.000,-1,-1,0.000,-1,-1,0.000,-1,-1,0.000,-1,-1,0.000,-1,-1,0.000,-1,-1,0.000,-1,-1,0.000,-1,-1
97,3.233,0,0.000,-1,-1,0.000,-1,-1,0.000,-1,-1,0.000,-1,-1,0.000,-1,-1,0.000,-1,-1,0.000,-1,-1,0.000,-1,-1,0.000,-1,-1
98,3.267,0,0.000,-1,-1,0.000,-1,-1,0.000,-1,-1,0.000,-1,-1,0.000,-1,-1,0.000,-1,-1,0.000,-1,-1,0.000,-1,-1,0.000,-1,-1
99,3.300,0,0.000,-1,-1,0.000,-1,-1,0.000,-1,-1,0.000,-1,-1,0.000,-1,-1,0.000,-1,-1,0.000,-1,-1,0.000,-1,-1,0.000,-1,-1
100,3.333,0,0.000,-1,-1,0.000,-1,-1,0.000,-1,-1,0.000,-1,-1,0.000,-1,-1,0.000,-1,-1,0.000,-1,-1,0.000,-1,-1,0.000,-1,-1
101,3.367,0,0.000,-1,-1,0.000,-1,-1,0.000,-1,-1,0.000,-1,-1,0.000,-1,-1,0.000,-1,-1,0.000,-1,-1,0.000,-1,-1,0.000,-1,-1
102,3.400,0,0.000,-1,-1,0.000,-1,-1,0.000,-1,-1,0.000,-1,-1,0.000,-1,-1,0.000,-1,-1,0.000,-1,-1,0.000,-1,-1,0.000,-1,-1
103,3.433,0,0.000,-1,-1,0.000,-1,-1,0.000,-1,-1,0.000,-1,-1,0.000,-1,-1,0.000,-1,-1,0.000,-1,-1,0.000,-1,-1,0.000,-1,-1
104,3.467,0,0.000,-1,-1,0.000,-1,-1,0.000,-1,-1,0.000,-1,-1,0.000,-1,-1,0.000,-1,-1,0.000,-1,-1,0.000,-1,-1,0.000,-1,-1
105,3.500,0,0.000,-1,-1,0.000,-1,-1,0.000,-1,-1,0.000,-1,-1,0.000,-1,-1,0.000,-1,-1,0.000,-1,-1,0.000,-1,-1,0.000,-1,-1
106,3.567,0,0.000,-1,-1,0.000,-1,-1,0.000,-1,-1,0.000,-1,-1,0.000,-1,-1,0.000,-1,-1,0.000,-1,-1,0.000,-1,-1,0.000,-1,-1
107,3.600,0,0.000,-1,-1,0.000,-1,-1,0.000,-1,-1,0.000,-1,-1,0.000,-1,-1,0.000,-1,-1,0.000,-1,-1,0.000,-1,-1,0.000,-1,-1
108,3.633,0,0.000,-1,-1,0.000,-1,-1,0.000,-1,-1,0.000,-1,-1,0.000,-1,-1,0.000,-1,-1,0.000,-1,-1,0.000,-1,-1,0.000,-1,-1
109,3.667,0,0.000,-1,-1,0.000,-1,-1,0.000,-1,-1,0.000,-1,-1,0.000,-1,-1,0.000,-1,-1,0.000,-1,-1,0.000,-1,-1,0.000,-1,-1
110,3.700,0,0.000,-1,-1,0.000,-1,-1,0.000,-1,-1,0.000,-1,-1,0.000,-1,-1,0.000,-1,-1,0.000,-1,-1,0.000,-1,-1,0.000,-1,-1
111,3.733,0,0.000,-1,-1,0.000,-1,-1,0.000,-1,-1,0.000,-1,-1,0.000,-1,-1,0.000,-1,-1,0.000,-1,-1,0.000,-1,-1,0.000,-1,-1
112,3.767,0,0.000,-1,-1,0.000,-1,-1,0.000,-1,-1,0.000,-1,-1,0.000,-1,-1,0.000,-1,-1,0.000,-1,-1,0.000,-1,-1,0.000,-1,-1
113,3.800,0,0.000,-1,-1,0.000,-1,-1,0.000,-1,-1,0.000,-1,-1,0.000,-1,-1,0.000,-1,-1,0.000,-1,-1,0.000,-1,-1,0.000,-1,-1
114,3.833,0,0.000,-1,-1,0.000,-1,-1,0.000,-1,-1,0.000,-1,-1,0.000,-1,-1,0.000,-1,-1,0.000,-1,-1,0.000,-1,-1,0.000,-1,-1
115,3.867,0,0.000,-1,-1,0.000,-1,-1,0.000,-1,-1,0.000,-1,-1,0.000,-1,-1,0.000,-1,-1,0.000,-1,-1,0.000,-1,-1,0.000,-1,-1
116,3.900,0,0.000,-1,-1,0.000,-1,-1,0.000,-1,-1,0.000,-1,-1,0.000,-1,-1,0.000,-1,-1,0.000,-1,-1,0.000,-1,-1,0.000,-1,-1
117,3.933,0,0.000,-1,-1,0.000,-1,-1,0.000,-1,-1,0.000,-1,-1,0.000,-1,-1,0.000,-1,-1,0.000,-1,-1,0.000,-1,-1,0.000,-1,-1
118,3.967,0,0.000,-1,-1,0.000,-1,-1,0.000,-1,-1,0.000,-1,-1,0.000,-1,-1,0.000,-1,-1,0.000,-1,-1,0.000,-1,-1,0.000,-1,-1
119,4.000,0,0.000,-1,-1,0.000,-1,-1,0.000,-1,-1,0.000,-1,-1,0.000,-1,-1,0.000,-1,-1,0.000,-1,-1,0.000,-1,-1,0.000,-1,-1
120,4.033,0,0.000,-1,-1,0.000,-1,-1,0.000,-1,-1,0.000,-1,-1,0.000,-1,-1,0.000,-1,-1,0.000,-1,-1,0.000,-1,-1,0.000,-1,-1
121,4.067,0,0.000,-1,-1,0.000,-1,-1,0.000,-1,-1,0.000,-1,-1,0.000,-1,-1,0.000,-1,-1,0.000,-1,-1,0.000,-1,-1,0.000,-1,-1
122,4.100,0,0.000,-1,-1,0.000,-1,-1,0.000,-1,-1,0.000,-1,-1,0.000,-1,-1,0.000,-1,-1,0.000,-1,-1,0.000,-1,-1,0.000,-1,-1
123,4.133,0,0.000,-1,-1,0.000,-1,-1,0.000,-1,-1,0.000,-1,-1,0.000,-1,-1,0.000,-1,-1,0.000,-1,-1,0.000,-1,-1,0.000,-1,-1
124,4.167,0,0.000,-1,-1,0.000,-1,-1,0.000,-1,-1,0.000,-1,-1,0.000,-1,-1,0.000,-1,-1,0.000,-1,-1,0.000,-1,-1,0.000,-1,-1
125,4.200,0,0.000,-1,-1,0.000,-1,-1,0.000,-1,-1,0.000,-1,-1,0.000,-1,-1,0.000,-1,-1,0.000,-1,-1,0.000,-1,-1,0.000,-1,-1
126,4.233,0,0.000,-1,-1,0.000,-1,-1,0.000,-1,-1,0.000,-1,-1,0.000,-1,-1,0.000,-1,-1,0.000,-1,-1,0.000,-1,-1,0.000,-1,-1
127,4.267,0,0.000,-1,-1,0.000,-1,-1,0.000,-1,-1,0.000,-1,-1,0.000,-1,-1,0.000,-1,-1,0.000,-1,-1,0.000,-1,-1,0.000,-1,-1
128,4.300,0,0.000,-1,-1,0.000,-1,-1,0.000,-1,-1,0.000,-1,-1,0.000,-1,-1,0.000,-1,-1,0.000,-1,-1,0.000,-1,-1,0.000,-1,-1
129,4.333,0,0.000,-1,-1,0.000,-1,-1,0.000,-1,-1,0.000,-1,-1,0.000,-1,-1,0.000,-1,-1,0.000,-1,-1,0.000,-1,-1,0.000,-1,-1
130,4.367,0,0.000,-1,-1,0.000,-1,-1,0.000,-1,-1,0.000,-1,-1,0.000,-1,-1,0.000,-1,-1,0.000,-1,-1,0.000,-1,-1,0.000,-1,-1
131,4.400,0,0.000,-1,-1,0.000,-1,-1,0.000,-1,-1,0.000,-1,-1,0.000,-1,-1,0.000,-1,-1,0.000,-1,-1,0.000,-1,-1,0.000,-1,-1
132,4.433,0,0.000,-1,-1,0.000,-1,-1,0.000,-1,-1,0.000,-1,-1,0.000,-1,-1,0.000,-1,-1,0.000,-1,-1,0.000,-1,-1,0.000,-1,-1
133,4.467,0,0.000,-1,-1,0.000,-1,-1,0.000,-1,-1,0.000,-1,-1,0.000,-1,-1,0.000,-1,-1,0.000,-1,-1,0.000,-1,-1,0.000,-1,-1
134,4.500,0,0.000,-1,-1,0.000,-1,-1,0.000,-1,-1,0.000,-1,-1,0.000,-1,-1,0.000,-1,-1,0.000,-1,-1,0.000,-1,-1,0.000,-1,-1
135,4.533,0,0.000,-1,-1,0.000,-1,-1,0.000,-1,-1,0.000,-1,-1,0.000,-1,-1,0.000,-1,-1,0.000,-1,-1,0.000,-1,-1,0.000,-1,-1
136,4.567,0,0.000,-1,-1,0.000,-1,-1,0.000,-1,-1,0.000,-1,-1,0.000,-1,-1,0.000,-1,-1,0.000,-1,-1,0.000,-1,-1,0.000,-1,-1
137,4.600,0,0.000,-1,-1,0.000,-1,-1,0.000,-1,-1,0.000,-1,-1,0.000,-1,-1,0.000,-1,-1,0.000,-1,-1,0.000,-1,-1,0.000,-1,-1
138,4.633,0,0.000,-1,-1,0.000,-1,-1,0.000,-1,-1,0.000,-1,-1,0.000,-1,-1,0.000,-1,-1,0.000,-1,-1,0.000,-1,-1,0.000,-1,-1
139,4.667,0,0.000,-1,-1,0.000,-1,-1,0.000,-1,-1,0.000,-1,-1,0.000,-1,-1,0.000,-1,-1,0.000,-1,-1,0.000,-1,-1,0.000,-1,-1
140,4.700,0,0.000,-1,-1,0.000,-1,-1,0.000,-1,-1,0.000,-1,-1,0.000,-1,-1,0.000,-1,-1,0.000,-1,-1,0.000,-1,-1,0.000,-1,-1
141,4.733,0,0.000,-1,-1,0.000,-1,-1,0.000,-1,-1,0.000,-1,-1,0.000,-1,-1,0.000,-1,-1,0.000,-1,-1,0.000,-1,-1,0.000,-1,-1
142,4.767,0,0.000,-1,-1,0.000,-1,-1,0.000,-1,-1,0.000,-1,-1,0.000,-1,-1,0.000,-1,-1,0.000,-1,-1,0.000,-1,-1,0.000,-1,-1
143,4.800,0,0.000,-1,-1,0.000,-1,-1,0.000,-1,-1,0.000,-1,-1,0.000,-1,-1,0.000,-1,-1,0.000,-1,-1,0.000,-1,-1,0.000,-1,-1
144,4.833,0,0.000,-1,-1,0.000,-1,-1,0.000,-1,-1,0.000,-1,-1,0.000,-1,-1,0.000,-1,-1,0.000,-1,-1,0.000,-1,-1,0.000,-1,-1
145,4.867,0,0.000,-1,-1,0.000,-1,-1,0.000,-1,-1,0.000,-1,-1,0.000,-1,-1,0.000,-1,-1,0.000,-1,-1,0.000,-1,-1,0.000,-1,-1
146,4.900,0,0.000,-1,-1,0.000,-1,-1,0.000,-1,-1,0.000,-1,-1,0.000,-1,-1,0.000,-1,-1,0.000,-1,-1,0.000,-1,-1,0.000,-1,-1
147,4.933,0,0.000,-1,-1,0.000,-1,-1,0.000,-1,-1,0.000,-1,-1,0.000,-1,-1,0.000,-1,-1,0.000,-1,-1,0.000,-1,-1,0.000,-1,-1
148,4.967,0,0.000,-1,-1,0.000,-1,-1,0.000,-1,-1,0.000,-1,-1,0.000,-1,-1,0.000,-1,-1,0.000,-1,-1,0.000,-1,-1,0.000,-1,-1
149,5.000,0,0.000,-1,-1,0.000,-1,-1,0.000,-1,-1,0.000,-1,-1,0.000,-1,-1,0.000,-1,-1,0.000,-1,-1,0.000,-1,-1,0.000,-1,-1
150,5.033,0,0.000,-1,-1,0.000,-1,-1,0.000,-1,-1,0.000,-1,-1,0.000,-1,-1,0.000,-1,-1,0.000,-1,-1,0.000,-1,-1,0.000,-1,-1
151,5.067,0,0.000,-1,-1,0.000,-1,-1,0.000,-1,-1,0.000,-1,-1,0.000,-1,-1,0.000,-1,-1,0.000,-1,-1,0.000,-1,-1,0.000,-1,-1
152,5.100,0,0.000,-1,-1,0.000,-1,-1,0.000,-1,-1,0.000,-1,-1,0.000,-1,-1,0.000,-1,-1,0.000,-1,-1,0.000,-1,-1,0.000,-1,-1
153,5.133,0,0.000,-1,-1,0.000,-1,-1,0.000,-1,-1,0.000,-1,-1,0.000,-1,-1,0.000,-1,-1,0.000,-1,-1,0.000,-1,-1,0.000,-1,-1
154,5.167,0,0.000,-1,-1,0.000,-1,-1,0.000,-1,-1,0.000,-1,-1,0.000,-1,-1,0.000,-1,-1,0.000,-1,-1,0.000,-1,-1,0.000,-1,-1
155,5.200,0,0.000,-1,-1,0.000,-1,-1,0.000,-1,-1,0.000,-1,-1,0.000,-1,-1,0.000,-1,-1,0.000,-1,-1,0.000,-1,-1,0.000,-1,-1
156,5.233,0,0.000,-1,-1,0.000,-1,-1,0.000,-1,-1,0.000,-1,-1,0.000,-1,-1,0.000,-1,-1,0.000,-1,-1,0.000,-1,-1,0.000,-1,-1
157,5.267,0,0.000,-1,-1,0.000,-1,-1,0.000,-1,-1,0.000,-1,-1,0.000,-1,-1,0.000,-1,-1,0.000,-1,-1,0.000,-1,-1,0.000,-1,-1
158,5.300,0,0.000,-1,-1,0.000,-1,-1,0.000,-1,-1,0.000,-1,-1,0.000,-1,-1,0.000,-1,-1,0.000,-1,-1,0.000,-1,-1,0.000,-1,-1
159,5.333,0,0.000,-1,-1,0.000,-1,-1,0.000,-1,-1,0.000,-1,-1,0.000,-1,-1,0.000,-1,-1,0.000,-1,-1,0.000,-1,-1,0.000,-1,-1
160,5.367,0,0.000,-1,-1,0.000,-1,-1,0.000,-1,-1,0.000,-1,-1,0.000,-1,-1,0.000,-1,-1,0.000,-1,-1,0.000,-1,-1,0.000,-1,-1
161,5.400,0,0.000,-1,-1,0.000,-1,-1,0.000,-1,-1,0.000,-1,-1,0.000,-1,-1,0.000,-1,-1,0.000,-1,-1,0.000,-1,-1,0.000,-1,-1
162,5.433,0,0.000,-1,-1,0.000,-1,-1,0.000,-1,-1,0.000,-1,-1,0.000,-1,-1,0.000,-1,-1,0.000,-1,-1,0.000,-1,-1,0.000,-1,-1
163,5.467,0,0.000,-1,-1,0.000,-1,-1,0.000,-1,-1,0.000,-1,-1,0.000,-1,-1,0.000,-1,-1,0.000,-1,-1,0.000,-1,-1,0.000,-1,-1
164,5.500,0,0.000,-1,-1,0.000,-1,-1,0.000,-1,-1,0.000,-1,-1,0.000,-1,-1,0.000,-1,-1,0.000,-1,-1,0.000,-1,-1,0.000,-1,-1
165,5.533,0,0.000,-1,-1,0.000,-1,-1,0.000,-1,-1,0.000,-1,-1,0.000,-1,-1,0.000,-1,-1,0.000,-1,-1,0.000,-1,-1,0.000,-1,-1
166,5.567,0,0.000,-1,-1,0.000,-1,-1,0.000,-1,-1,0.000,-1,-1,0.000,-1,-1,0.000,-1,-1,0.000,-1,-1,0.000,-1,-1,0.000,-1,-1
167,5.600,0,0.000,-1,-1,0.000,-1,-1,0.000,-1,-1,0.000,-1,-1,0.000,-1,-1,0.000,-1,-1,0.000,-1,-1,0.000,-1,-1,0.000,-1,-1
168,5.633,0,0.000,-1,-1,0.000,-1,-1,0.000,-1,-1,0.000,-1,-1,0.000,-1,-1,0.000,-1,-1,0.000,-1,-1,0.000,-1,-1,0.000,-1,-1
169,5.667,0,0.000,-1,-1,0.000,-1,-1,0.000,-1,-1,0.000,-1,-1,0.000,-1,-1,0.000,-1,-1,0.000,-1,-1,0.000,-1,-1,0.000,-1,-1
170,5.700,0,0.000,-1,-1,0.000,-1,-1,0.000,-1,-1,0.000,-1,-1,0.000,-1,-1,0.000,-1,-1,0.000,-1,-1,0.000,-1,-1,0.000,-1,-1
171,5.733,0,0.000,-1,-1,0.000,-1,-1,0.000,-1,-1,0.000,-1,-1,0.000,-1,-1,0.000,-1,-1,0.000,-1,-1,0.000,-1,-1,0.000,-1,-1
172,5.767,0,0.000,-1,-1,0.000,-1,-1,0.000,-1,-1,0.000,-1,-1,0.000,-1,-1,0.000,-1,-1,0.000,-1,-1,0.000,-1,-1,0.000,-1,-1
173,5.800,0,0.000,-1,-1,0.000,-1,-1,0.000,-1,-1,0.000,-1,-1,0.000,-1,-1,0.000,-1,-1,0.000,-1,-1,0.000,-1,-1,0.000,-1,-1
174,5.833,0,0.000,-1,-1,0.000,-1,-1,0.000,-1,-1,0.000,-1,-1,0.000,-1,-1,0.000,-1,-1,0.000,-1,-1,0.000,-1,-1,0.000,-1,-1
175,5.867,0,0.000,-1,-1,0.000,-1,-1,0.000,-1,-1,0.000,-1,-1,0.000,-1,-1,0.000,-1,-1,0.000,-1,-1,0.000,-1,-1,0.000,-1,-1
176,5.900,0,0.000,-1,-1,0.000,-1,-1,0.000,-1,-1,0.000,-1,-1,0.000,-1,-1,0.000,-1,-1,0.000,-1,-1,0.000,-1,-1,0.000,-1,-1
177,5.933,0,0.000,-1,-1,0.000,-1,-1,0.000,-1,-1,0.000,-1,-1,0.000,-1,-1,0.000,-1,-1,0.000,-1,-1,0.000,-1,-1,0.000,-1,-1
178,5.967,0,0.000,-1,-1,0.000,-1,-1,0.000,-1,-1,0.000,-1,-1,0.000,-1,-1,0.000,-1,-1,0.000,-1,-1,0.000,-1,-1,0.000,-1,-1
179,6.000,0,0.000,-1,-1,0.000,-1,-1,0.000,-1,-1,0.000,-1,-1,0.000,-1,-1,0.000,-1,-1,0.000,-1,-1,0.000,-1,-1,0.000,-1,-1
180,6.033,0,0.000,-1,-1,0.000,-1,-1,0.000,-1,-1,0.000,-1,-1,0.000,-1,-1,0.000,-1,-1,0.000,-1,-1,0.000,-1,-1,0.000,-1,-1
181,6.067,0,0.000,-1,-1,0.000,-1,-1,0.000,-1,-1,0.000,-1,-1,0.000,-1,-1,0.000,-1,-1,0.000,-1,-1,0.000,-1,-1,0.000,-1,-1
182,6.100,0,0.000,-1,-1,0.000,-1,-1,0.000,-1,-1,0.000,-1,-1,0.000,-1,-1,0.000,-1,-1,0.000,-1,-1,0.000,-1,-1,0.000,-1,-1
183,6.133,0,0.000,-1,-1,0.000,-1,-1,0.000,-1,-1,0.000,-1,-1,0.000,-1,-1,0.000,-1,-1,0.000,-1,-1,0.000,-1,-1,0.000,-1,-1
184,6.167,0,0.000,-1,-1,0.000,-1,-1,0.000,-1,-1,0.000,-1,-1,0.000,-1,-1,0.000,-1,-1,0.000,-1,-1,0.000,-1,-1,0.000,-1,-1
185,6.200,0,0.000,-1,-1,0.000,-1,-1,0.000,-1,-1,0.000,-1,-1,0.000,-1,-1,0.000,-1,-1,0.000,-1,-1,0.000,-1,-1,0.000,-1,-1
186,6.233,0,0.000,-1,-1,0.000,-1,-1,0.000,-1,-1,0.000,-1,-1,0.000,-1,-1,0.000,-1,-1,0.000,-1,-1,0.000,-1,-1,0.000,-1,-1
187,6.267,0,0.000,-1,-1,0.000,-1,-1,0.000,-1,-1,0.000,-1,-1,0.000,-1,-1,0.000,-1,-1,0.000,-1,-1,0.000,-1,-1,0.000,-1,-1
188,6.300,0,0.000,-1,-1,0.000,-1,-1,0.000,-1,-1,0.000,-1,-1,0.000,-1,-1,0.000,-1,-1,0.000,-1,-1,0.000,-1,-1,0.000,-1,-1
189,6.333,0,0.000,-1,-1,0.000,-1,-1,0.000,-1,-1,0.000,-1,-1,0.000,-1,-1,0.000,-1,-1,0.000,-1,-1,0.000,-1,-1,0.000,-1,-1
190,6.367,6,0.000,0.0000,1.0000,0.000,0.0000,1.0000,0.000,0.0000,1.0000,0.000,0.0000,1.0000,0.267,0.1508,0.7935,0.000,0.0000,1.0000,0.639,0.1694,0.5092,0.000,0.0000,1.0000,0.105,0.4364,0.7331
191,6.400,0,0.000,-1,-1,0.000,-1,-1,0.000,-1,-1,0.000,-1,-1,0.000,-1,-1,0.000,-1,-1,0.000,-1,-1,0.000,-1,-1,0.000,-1,-1
192,6.433,7,0.000,0.0000,1.0000,0.000,0.0000,1.0000,0.000,0.0000,1.0000,0.000,0.0000,1.0000,0.426,0.1504,0.7962,0.000,0.0000,1.0000,0.696,0.1771,0.5423,0.000,0.0000,1.0000,0.194,0.4216,0.7392
193,6.467,9,0.000,0.0000,1.0000,0.000,0.0000,1.0000,0.000,0.0000,1.0000,0.000,0.0000,1.0000,0.493,0.1479,0.8088,0.000,0.0000,1.0000,0.692,0.1805,0.5537,0.126,0.6826,0.7590,0.245,0.4055,0.7314
194,6.500,9,0.000,0.0000,1.0000,0.000,0.0000,1.0000,0.000,0.0000,1.0000,0.000,0.0000,1.0000,0.449,0.1497,0.8143,0.000,0.0000,1.0000,0.677,0.1828,0.5676,0.101,0.6716,0.7564,0.251,0.3927,0.7297
195,6.533,0,0.000,-1,-1,0.000,-1,-1,0.000,-1,-1,0.000,-1,-1,0.000,-1,-1,0.000,-1,-1,0.000,-1,-1,0.000,-1,-1,0.000,-1,-1
196,6.567,10,0.000,0.0000,1.0000,0.000,0.0000,1.0000,0.143,0.1902,0.9779,0.269,0.9090,0.8544,0.511,0.1420,0.8177,0.172,0.8787,0.7945,0.674,0.1703,0.5965,0.000,0.0000,1.0000,0.164,0.3883,0.7439
197,6.600,0,0.000,-1,-1,0.000,-1,-1,0.000,-1,-1,0.000,-1,-1,0.000,-1,-1,0.000,-1,-1,0.000,-1,-1,0.000,-1,-1,0.000,-1,-1
198,6.633,13,0.000,0.0000,1.0000,0.000,0.0000,1.0000,0.222,0.1859,0.9775,0.342,0.8901,0.8420,0.547,0.1428,0.8207,0.142,0.7735,0.7801,0.650,0.1671,0.6100,0.110,0.6528,0.7868,0.151,0.3911,0.7441
199,6.667,12,0.000,0.0000,1.0000,0.000,0.0000,1.0000,0.253,0.1876,0.9777,0.494,0.8844,0.8376,0.499,0.1482,0.8307,0.000,0.0000,1.0000,0.648,0.1690,0.6134,0.175,0.6448,0.7922,0.210,0.4099,0.7551
200,6.700,12,0.000,0.0000,1.0000,0.000,0.0000,1.0000,0.218,0.2087,0.9785,0.714,0.8826,0.8420,0.543,0.1628,0.8329,0.000,0.0000,1.0000,0.730,0.1751,0.6165,0.265,0.6374,0.7801,0.332,0.4094,0.7476
201,6.733,14,0.000,0.0000,1.0000,0.133,0.8304,0.9800,0.140,0.2184,0.9816,0.737,0.8789,0.8419,0.563,0.1641,0.8351,0.165,0.8602,0.7128,0.675,0.1881,0.6155,0.319,0.6300,0.7788,0.307,0.4100,0.7460
202,6.767,14,0.000,0.0000,1.0000,0.166,0.8338,0.9781,0.111,0.2362,0.9772,0.734,0.8778,0.8443,0.505,0.1809,0.8334,0.217,0.8461,0.7187,0.625,0.2060,0.6138,0.265,0.6301,0.7678,0.302,0.4073,0.7416
203,6.800,14,0.000,0.0000,1.0000,0.117,0.8271,0.9796,0.135,0.2528,0.9792,0.691,0.8747,0.8380,0.268,0.2038,0.8299,0.446,0.8366,0.6791,0.656,0.2286,0.6154,0.334,0.6207,0.7654,0.373,0.3874,0.7434
204,6.833,13,0.000,0.0000,1.0000,0.207,0.8253,0.9776,0.000,0.0000,1.0000,0.753,0.8729,0.8336,0.265,0.2164,0.8298,0.612,0.8419,0.6555,0.697,0.2647,0.6123,0.384,0.6206,0.7543,0.365,0.4003,0.7420
205,6.867,13,0.000,0.0000,1.0000,0.233,0.8292,0.9778,0.000,0.0000,1.0000,0.767,0.8724,0.8293,0.317,0.2441,0.8223,0.746,0.8396,0.6536,0.698,0.2982,0.6073,0.390,0.6230,0.7436,0.355,0.4084,0.7334
206,6.900,13,0.000,0.0000,1.0000,0.287,0.8300,0.9773,0.000,0.0000,1.0000,0.749,0.8719,0.8249,0.353,0.2592,0.8297,0.775,0.8432,0.6599,0.595,0.3326,0.6041,0.435,0.6215,0.7350,0.388,0.4131,0.7221
207,6.933,13,0.000,0.0000,1.0000,0.310,0.8335,0.9776,0.000,0.0000,1.0000,0.799,0.8711,0.8230,0.465,0.3012,0.7995,0.787,0.8501,0.6724,0.685,0.3705,0.5993,0.418,0.6195,0.7349,0.333,0.4246,0.7210
208,6.967,13,0.000,0.0000,1.0000,0.343,0.8367,0.9766,0.000,0.0000,1.0000,0.819,0.8677,0.8179,0.414,0.3396,0.7949,0.752,0.8509,0.6759,0.570,0.4075,0.6026,0.415,0.6141,0.7319,0.254,0.4062,0.7233
209,7.000,14,0.000,0.0000,1.0000,0.436,0.8400,0.9740,0.116,0.3668,0.9707,0.784,0.8658,0.8124,0.580,0.3668,0.8029,0.766,0.8513,0.6779,0.476,0.4513,0.6053,0.404,0.6206,0.7188,0.254,0.4150,0.7173
210,7.033,13,0.000,0.0000,1.0000,0.501,0.8380,0.9714,0.000,0.0000,1.0000,0.812,0.8640,0.8060,0.407,0.3937,0.7936,0.778,0.8503,0.6782,0.668,0.5033,0.5827,0.444,0.6301,0.7028,0.288,0.4255,0.7057
211,7.067,14,0.000,0.0000,1.0000,0.565,0.8363,0.9658,0.165,0.4504,0.9762,0.812,0.8604,0.7984,0.485,0.4224,0.7896,0.791,0.8488,0.6783,0.740,0.5351,0.5809,0.489,0.6275,0.6939,0.272,0.4278,0.6965
212,7.100,14,0.000,0.0000,1.0000,0.605,0.8348,0.9583,0.434,0.4747,0.9760,0.819,0.8590,0.7922,0.638,0.4390,0.7787,0.798,0.8449,0.6737,0.730,0.5655,0.5785,0.515,0.6301,0.6950,0.256,0.4327,0.6966
213,7.133,14,0.000,0.0000,1.0000,0.714,0.8349,0.9438,0.414,0.5082,0.9677,0.817,0.8575,0.7832,0.669,0.4689,0.7622,0.819,0.8426,0.6698,0.759,0.5930,0.5739,0.535,0.6323,0.6847,0.355,0.4318,0.6850
214,7.167,14,0.000,0.0000,1.0000,0.706,0.8328,0.9329,0.385,0.4706,0.9579,0.796,0.8553,0.7724,0.558,0.4782,0.7597,0.766,0.8398,0.6631,0.782,0.6150,0.5682,0.556,0.6388,0.6816,0.383,0.4380,0.6850
215,7.200,14,0.000,0.0000,1.0000,0.680,0.8324,0.9193,0.360,0.4894,0.9649,0.794,0.8505,0.7617,0.159,0.3850,0.9813,0.833,0.8384,0.6563,0.677,0.6327,0.5621,0.527,0.6422,0.6756,0.425,0.4482,0.6824
216,7.233,14,0.000,0.0000,1.0000,0.686,0.8316,0.9069,0.577,0.4809,0.9295,0.798,0.8435,0.7523,0.450,0.4983,0.7436,0.804,0.8367,0.6490,0.755,0.6502,0.5561,0.575,0.6515,0.6670,0.442,0.4577,0.6755
217,7.267,18,0.620,0.7659,0.9756,0.697,0.8290,0.8956,0.598,0.4939,0.9211,0.826,0.8378,0.7472,0.656,0.5139,0.7374,0.754,0.8338,0.6400,0.764,0.6607,0.5526,0.583,0.6548,0.6682,0.427,0.4689,0.6715
218,7.300,19,0.811,0.7626,0.9734,0.716,0.8246,0.8857,0.621,0.5098,0.9104,0.795,0.8329,0.7367,0.661,0.5169,0.7327,0.820,0.8282,0.6339,0.743,0.6663,0.5542,0.561,0.6541,0.6616,0.438,0.4776,0.6620
219,7.333,19,0.817,0.7715,0.9670,0.718,0.8186,0.8733,0.615,0.5141,0.8997,0.841,0.8279,0.7320,0.701,0.5185,0.7293,0.824,0.8226,0.6281,0.788,0.6730,0.5554,0.585,0.6555,0.6583,0.463,0.4836,0.6604
220,7.367,19,0.828,0.7748,0.9635,0.719,0.8137,0.8659,0.620,0.5262,0.8909,0.820,0.8237,0.7260,0.661,0.5224,0.7249,0.846,0.8214,0.6220,0.795,0.6728,0.5574,0.579,0.6507,0.6556,0.489,0.4847,0.6562
221,7.400,19,0.873,0.7742,0.9553,0.737,0.8057,0.8602,0.560,0.5284,0.8934,0.846,0.8204,0.7231,0.622,0.5184,0.7240,0.848,0.8214,0.6192,0.761,0.6689,0.5617,0.537,0.6471,0.6542,0.496,0.4894,0.6558
222,7.433,19,0.808,0.7737,0.9494,0.743,0.7979,0.8559,0.523,0.5312,0.9023,0.853,0.8173,0.7209,0.394,0.3075,0.8466,0.844,0.8211,0.6175,0.729,0.6645,0.5669,0.552,0.6432,0.6513,0.504,0.4912,0.6579
223,7.467,19,0.859,0.7736,0.9399,0.712,0.7934,0.8528,0.473,0.5541,0.9118,0.802,0.8137,0.7163,0.260,0.3352,0.8700,0.799,0.8199,0.6131,0.640,0.6563,0.5733,0.544,0.6359,0.6532,0.468,0.4892,0.6594
224,7.500,19,0.804,0.7730,0.9365,0.667,0.7857,0.8466,0.246,0.5224,0.8590,0.776,0.8103,0.7131,0.481,0.5023,0.7178,0.835,0.8203,0.6104,0.707,0.6503,0.5763,0.482,0.6199,0.6560,0.463,0.4825,0.6592
225,7.533,19,0.789,0.7723,0.9311,0.493,0.7835,0.8432,0.235,0.5505,0.8787,0.792,0.8059,0.7116,0.602,0.4881,0.7140,0.812,0.8190,0.6062,0.747,0.6463,0.5794,0.463,0.6152,0.6485,0.482,0.4736,0.6566
226,7.567,15,0.000,0.0000,1.0000,0.461,0.5143,0.8726,0.425,0.7777,0.8365,0.415,0.4710,0.7172,0.679,0.8006,0.7059,0.000,0.0000,1.0000,0.692,0.6323,0.5862,0.119,0.5853,0.6437,0.281,0.4713,0.6555
227,7.600,18,0.229,0.8148,0.9177,0.375,0.7694,0.8457,0.620,0.5155,0.8661,0.774,0.7928,0.7007,0.670,0.4690,0.7128,0.748,0.8125,0.5960,0.768,0.6169,0.5889,0.455,0.6075,0.6509,0.500,0.4586,0.6573
228,7.633,15,0.136,0.8360,0.9297,0.436,0.7658,0.8125,0.595,0.5131,0.8632,0.858,0.7831,0.6956,0.685,0.4620,0.7138,0.815,0.7973,0.5917,0.791,0.5988,0.5910,0.542,0.6099,0.6409,0.477,0.4554,0.6486
229,7.667,14,0.000,0.0000,1.0000,0.411,0.7600,0.8057,0.591,0.5133,0.8624,0.785,0.7719,0.6885,0.668,0.4555,0.7160,0.802,0.7796,0.5866,0.770,0.5788,0.5956,0.607,0.5995,0.6396,0.499,0.4506,0.6533
230,7.700,15,0.000,0.0000,1.0000,0.500,0.7554,0.8026,0.630,0.5110,0.8628,0.857,0.7560,0.6856,0.756,0.4425,0.7212,0.822,0.7594,0.5841,0.733,0.5602,0.6005,0.601,0.5926,0.6329,0.485,0.4413,0.6447
231,7.733,19,0.226,0.6934,0.9337,0.662,0.7439,0.7908,0.624,0.5076,0.8619,0.875,0.7384,0.6814,0.792,0.4272,0.7196,0.824,0.7355,0.5829,0.782,0.5370,0.6030,0.624,0.5889,0.6300,0.484,0.4354,0.6416
232,7.767,18,0.188,0.7396,0.9194,0.710,0.7305,0.7936,0.644,0.5032,0.8596,0.840,0.7222,0.6774,0.783,0.4101,0.7223,0.810,0.7109,0.5782,0.808,0.5151,0.6060,0.596,0.5848,0.6277,0.499,0.4330,0.6328
233,7.800,19,0.576,0.7199,0.9173,0.729,0.7210,0.7959,0.697,0.4936,0.8578,0.831,0.7071,0.6717,0.761,0.3951,0.7261,0.777,0.6875,0.5720,0.806,0.4953,0.6077,0.574,0.5762,0.6209,0.470,0.4207,0.6280
234,7.833,18,0.185,0.6985,0.9153,0.748,0.6977,0.7928,0.703,0.4751,0.8552,0.848,0.6896,0.6682,0.765,0.3789,0.7242,0.585,0.6468,0.5673,0.833,0.4723,0.6079,0.540,0.5626,0.6235,0.496,0.4087,0.6279
235,7.867,18,0.253,0.6925,0.9019,0.734,0.6787,0.7909,0.680,0.4581,0.8521,0.864,0.6729,0.6680,0.808,0.3619,0.7284,0.490,0.6198,0.5747,0.857,0.4482,0.6086,0.583,0.5531,0.6231,0.473,0.4008,0.6237
236,7.900,18,0.158,0.6677,0.8920,0.737,0.6663,0.7859,0.719,0.4468,0.8483,0.867,0.6556,0.6686,0.806,0.3484,0.7283,0.493,0.6063,0.5799,0.857,0.4231,0.6098,0.590,0.5476,0.6174,0.489,0.3932,0.6191
237,7.933,19,0.214,0.6159,0.8661,0.795,0.6558,0.7821,0.731,0.4312,0.8444,0.805,0.6437,0.6658,0.793,0.3351,0.7293,0.491,0.5906,0.5831,0.796,0.3980,0.6126,0.540,0.5415,0.6139,0.479,0.3873,0.6118
238,7.967,19,0.521,0.5989,0.8691,0.762,0.6417,0.7803,0.744,0.4131,0.8402,0.876,0.6319,0.6682,0.808,0.3190,0.7282,0.437,0.5828,0.5852,0.790,0.3722,0.6153,0.562,0.5336,0.6121,0.460,0.3816,0.6151
239,8.000,19,0.644,0.5651,0.8584,0.786,0.6297,0.7793,0.723,0.4001,0.8368,0.788,0.6245,0.6641,0.798,0.3028,0.7272,0.410,0.5747,0.5817,0.829,0.3493,0.6192,0.567,0.5264,0.6099,0.516,0.3784,0.6088
240,8.033,19,0.498,0.5618,0.8662,0.750,0.6140,0.7770,0.765,0.3841,0.8343,0.854,0.6138,0.6656,0.759,0.2908,0.7247,0.463,0.5707,0.5831,0.845,0.3261,0.6225,0.578,0.5178,0.6095,0.534,0.3703,0.6079
241,8.067,19,0.840,0.5692,0.8916,0.743,0.6049,0.7763,0.753,0.3742,0.8324,0.853,0.6118,0.6665,0.810,0.2777,0.7281,0.489,0.5710,0.5796,0.811,0.3077,0.6243,0.563,0.5161,0.6091,0.527,0.3672,0.6054
242,8.100,19,0.873,0.5495,0.8925,0.750,0.5952,0.7762,0.777,0.3642,0.8297,0.870,0.6103,0.6675,0.816,0.2628,0.7289,0.523,0.5745,0.5762,0.819,0.2861,0.6271,0.572,0.5154,0.6097,0.525,0.3678,0.6037
243,8.133,19,0.870,0.5351,0.8863,0.755,0.5859,0.7754,0.738,0.3563,0.8268,0.888,0.6091,0.6688,0.772,0.2499,0.7268,0.536,0.5774,0.5752,0.845,0.2663,0.6303,0.597,0.5164,0.6129,0.544,0.3705,0.6038
244,8.167,19,0.893,0.5257,0.8860,0.730,0.5794,0.7749,0.729,0.3491,0.8249,0.904,0.6094,0.6703,0.840,0.2379,0.7323,0.539,0.5859,0.5698,0.814,0.2495,0.6310,0.634,0.5096,0.6185,0.535,0.3627,0.6151
245,8.200,19,0.902,0.5079,0.8855,0.769,0.5703,0.7757,0.756,0.3421,0.8233,0.889,0.6086,0.6731,0.806,0.2289,0.7334,0.826,0.6109,0.5860,0.879,0.2360,0.6346,0.641,0.5105,0.6200,0.542,0.3603,0.6172
246,8.233,19,0.881,0.5023,0.8841,0.770,0.5653,0.7756,0.777,0.3323,0.8213,0.859,0.6097,0.6746,0.834,0.2207,0.7344,0.817,0.6255,0.5905,0.793,0.2289,0.6383,0.662,0.5097,0.6186,0.563,0.3625,0.6171
247,8.267,19,0.916,0.4900,0.8842,0.764,0.5622,0.7752,0.803,0.3275,0.8187,0.874,0.6104,0.6780,0.841,0.2137,0.7322,0.827,0.6333,0.5978,0.817,0.2221,0.6387,0.663,0.5095,0.6163,0.556,0.3616,0.6115
248,8.300,19,0.912,0.4854,0.8818,0.755,0.5579,0.7748,0.792,0.3237,0.8148,0.897,0.6108,0.6822,0.825,0.2099,0.7284,0.838,0.6500,0.6026,0.839,0.2174,0.6393,0.633,0.5130,0.6112,0.587,0.3634,0.6059
249,8.333,19,0.797,0.4812,0.8760,0.786,0.5547,0.7733,0.759,0.3211,0.8127,0.894,0.6131,0.6848,0.794,0.2083,0.7267,0.865,0.6546,0.6106,0.846,0.2151,0.6373,0.627,0.5180,0.6082,0.563,0.3679,0.5982
250,8.367,19,0.880,0.4715,0.8726,0.813,0.5510,0.7723,0.821,0.3179,0.8086,0.883,0.6154,0.6855,0.814,0.2088,0.7230,0.790,0.6646,0.6143,0.849,0.2148,0.6370,0.640,0.5170,0.6068,0.590,0.3686,0.5971
251,8.400,19,0.913,0.4651,0.8715,0.830,0.5497,0.7713,0.783,0.3173,0.8020,0.866,0.6172,0.6862,0.839,0.2117,0.7169,0.822,0.6688,0.6246,0.837,0.2150,0.6374,0.634,0.5163,0.6044,0.577,0.3714,0.5953
252,8.433,19,0.872,0.4629,0.8679,0.833,0.5484,0.7692,0.801,0.3197,0.7978,0.843,0.6187,0.6869,0.829,0.2147,0.7142,0.810,0.6766,0.6372,0.870,0.2156,0.6356,0.609,0.5186,0.6036,0.543,0.3744,0.5967
253,8.467,19,0.885,0.4632,0.8610,0.799,0.5498,0.7656,0.829,0.3207,0.7941,0.810,0.6249,0.6867,0.806,0.2236,0.7125,0.769,0.6880,0.6527,0.874,0.2171,0.6343,0.583,0.5203,0.6024,0.531,0.3754,0.5983
254,8.500,19,0.912,0.4637,0.8590,0.792,0.5507,0.7624,0.792,0.3240,0.7888,0.875,0.6301,0.6853,0.844,0.2299,0.7106,0.794,0.6867,0.6726,0.860,0.2196,0.6358,0.594,0.5218,0.5986,0.543,0.3771,0.5984
255,8.533,19,0.877,0.4632,0.8551,0.825,0.5529,0.7603,0.784,0.3251,0.7861,0.827,0.6381,0.6819,0.880,0.2347,0.7084,0.840,0.6891,0.6961,0.855,0.2225,0.6352,0.598,0.5249,0.5966,0.530,0.3809,0.6023
256,8.567,19,0.908,0.4647,0.8472,0.834,0.5559,0.7577,0.809,0.3307,0.7816,0.842,0.6470,0.6846,0.838,0.2419,0.7034,0.871,0.6934,0.7196,0.833,0.2269,0.6332,0.616,0.5249,0.5934,0.558,0.3843,0.6020
257,8.600,19,0.900,0.4656,0.8455,0.803,0.5595,0.7545,0.775,0.3380,0.7757,0.795,0.6610,0.6879,0.788,0.2502,0.7004,0.876,0.6949,0.7480,0.853,0.2305,0.6309,0.601,0.5284,0.5906,0.544,0.3899,0.6009
258,8.633,19,0.826,0.4665,0.8374,0.782,0.5619,0.7517,0.828,0.3467,0.7723,0.833,0.6700,0.6958,0.870,0.2548,0.6975,0.839,0.6889,0.7691,0.871,0.2335,0.6285,0.609,0.5329,0.5874,0.560,0.3960,0.5968
259,8.667,19,0.837,0.4755,0.8342,0.784,0.5632,0.7490,0.827,0.3575,0.7671,0.815,0.6802,0.7021,0.859,0.2640,0.6955,0.872,0.6739,0.7851,0.860,0.2387,0.6282,0.633,0.5354,0.5844,0.597,0.4008,0.5948
260,8.700,19,0.877,0.4828,0.8300,0.828,0.5661,0.7460,0.814,0.3640,0.7581,0.817,0.6847,0.7096,0.864,0.2752,0.6926,0.821,0.6654,0.7909,0.771,0.2489,0.6252,0.630,0.5411,0.5813,0.585,0.4108,0.5902
261,8.733,19,0.897,0.4851,0.8233,0.823,0.5681,0.7433,0.717,0.3719,0.7531,0.817,0.6901,0.7158,0.799,0.2854,0.6896,0.865,0.6509,0.7968,0.863,0.2553,0.6234,0.640,0.5480,0.5768,0.567,0.4206,0.5857
262,8.767,19,0.896,0.4864,0.8219,0.827,0.5713,0.7411,0.817,0.3666,0.7463,0.842,0.6928,0.7210,0.858,0.2937,0.6844,0.853,0.6330,0.8013,0.821,0.2698,0.6212,0.641,0.5517,0.5727,0.594,0.4230,0.5824
263,8.800,19,0.760,0.4970,0.8143,0.778,0.5719,0.7365,0.771,0.3749,0.7444,0.807,0.6917,0.7240,0.868,0.2980,0.6800,0.848,0.6196,0.8036,0.873,0.2795,0.6205,0.627,0.5562,0.5704,0.555,0.4319,0.5763
264,8.833,19,0.833,0.5053,0.8118,0.779,0.5778,0.7352,0.800,0.3820,0.7415,0.796,0.6900,0.7256,0.812,0.3030,0.6753,0.831,0.6057,0.8062,0.889,0.2970,0.6232,0.643,0.5585,0.5707,0.553,0.4364,0.5759
265,8.867,19,0.403,0.5412,0.8271,0.753,0.5818,0.7344,0.769,0.3832,0.7376,0.780,0.6887,0.7266,0.811,0.3101,0.6735,0.818,0.5926,0.8103,0.855,0.3170,0.6246,0.623,0.5633,0.5676,0.537,0.4368,0.5682
266,8.900,19,0.154,0.5139,0.7894,0.678,0.5847,0.7329,0.755,0.3909,0.7333,0.761,0.6860,0.7275,0.796,0.3131,0.6722,0.823,0.5922,0.8050,0.862,0.3365,0.6342,0.600,0.5646,0.5696,0.506,0.4400,0.5728
267,8.933,19,0.249,0.4846,0.8045,0.727,0.5872,0.7360,0.790,0.3908,0.7392,0.800,0.6830,0.7280,0.826,0.3134,0.6702,0.821,0.5902,0.8016,0.839,0.3536,0.6451,0.658,0.5675,0.5690,0.600,0.4412,0.5762
268,8.967,19,0.426,0.5014,0.8218,0.740,0.5880,0.7347,0.779,0.3957,0.7393,0.826,0.6802,0.7291,0.784,0.3125,0.6685,0.763,0.5842,0.8042,0.801,0.3721,0.6631,0.653,0.5676,0.5674,0.611,0.4416,0.5727
269,9.000,19,0.231,0.5093,0.7960,0.736,0.5899,0.7312,0.764,0.3996,0.7374,0.842,0.6770,0.7320,0.822,0.3190,0.6648,0.782,0.5769,0.8093,0.845,0.3852,0.6869,0.640,0.5665,0.5659,0.590,0.4401,0.5725
270,9.033,19,0.262,0.5269,0.7793,0.593,0.5950,0.7379,0.767,0.4024,0.7347,0.804,0.6697,0.7311,0.843,0.3257,0.6695,0.599,0.5841,0.7975,0.848,0.4012,0.7112,0.651,0.5668,0.5679,0.640,0.4397,0.5790
271,9.067,19,0.476,0.5256,0.7834,0.631,0.5921,0.7368,0.612,0.4188,0.7380,0.793,0.6652,0.7322,0.774,0.3329,0.6762,0.595,0.5910,0.7816,0.830,0.4190,0.7352,0.657,0.5664,0.5688,0.657,0.4419,0.5827
272,9.100,19,0.489,0.5121,0.7937,0.670,0.5928,0.7324,0.634,0.4323,0.7372,0.814,0.6636,0.7357,0.854,0.3384,0.6862,0.680,0.5957,0.7939,0.865,0.4287,0.7589,0.648,0.5659,0.5698,0.649,0.4457,0.5866
273,9.133,19,0.625,0.5100,0.7926,0.661,0.5867,0.7295,0.732,0.4276,0.7338,0.852,0.6561,0.7392,0.871,0.3444,0.6960,0.817,0.5704,0.8101,0.825,0.4363,0.7735,0.653,0.5657,0.5690,0.669,0.4459,0.5839
274,9.167,19,0.823,0.5074,0.7900,0.684,0.5870,0.7260,0.695,0.4361,0.7280,0.900,0.6536,0.7438,0.848,0.3473,0.7092,0.841,0.5751,0.8098,0.666,0.4080,0.7549,0.647,0.5649,0.5671,0.681,0.4429,0.5810
275,9.200,18,0.130,0.5048,0.7858,0.523,0.5874,0.7306,0.463,0.4310,0.7309,0.840,0.6514,0.7477,0.748,0.3553,0.7199,0.749,0.5722,0.8084,0.433,0.4167,0.7649,0.608,0.5657,0.5676,0.613,0.4410,0.5797
276,9.233,14,0.000,0.0000,1.0000,0.422,0.5929,0.7353,0.352,0.4266,0.7400,0.740,0.6492,0.7536,0.662,0.3603,0.7341,0.108,0.5400,0.8102,0.207,0.5214,0.7169,0.588,0.5660,0.5670,0.611,0.4402,0.5805
277,9.267,16,0.109,0.5123,0.8048,0.373,0.6097,0.7436,0.373,0.4267,0.7366,0.533,0.6472,0.7586,0.582,0.3627,0.7466,0.000,0.0000,1.0000,0.155,0.4394,0.7922,0.572,0.5659,0.5670,0.546,0.4371,0.5803
278,9.300,17,0.112,0.5220,0.7826,0.382,0.5971,0.7317,0.522,0.4301,0.7245,0.274,0.6337,0.7478,0.811,0.3600,0.7563,0.172,0.6545,0.7599,0.538,0.4396,0.8128,0.524,0.5611,0.5653,0.522,0.4328,0.5767
279,9.333,18,0.199,0.4813,0.7873,0.302,0.5734,0.7299,0.447,0.4334,0.7252,0.137,0.6379,0.7753,0.699,0.3602,0.7639,0.146,0.4696,0.8305,0.593,0.4428,0.8248,0.368,0.5562,0.5620,0.369,0.4349,0.5714
280,9.367,19,0.743,0.4969,0.7863,0.693,0.5953,0.7325,0.664,0.4190,0.7279,0.564,0.6601,0.7866,0.874,0.3543,0.7713,0.416,0.6219,0.8979,0.796,0.4322,0.8247,0.601,0.5593,0.5604,0.624,0.4302,0.5758
281,9.400,19,0.878,0.5014,0.7957,0.690,0.5847,0.7310,0.729,0.4095,0.7329,0.498,0.6968,0.7892,0.868,0.3483,0.7797,0.327,0.6893,0.8995,0.812,0.4306,0.8280,0.627,0.5583,0.5612,0.652,0.4276,0.5755
282,9.433,19,0.833,0.4953,0.7971,0.715,0.5749,0.7288,0.729,0.4085,0.7335,0.345,0.6602,0.7870,0.895,0.3435,0.7851,0.212,0.6121,0.8989,0.811,0.4265,0.8282,0.626,0.5568,0.5640,0.646,0.4273,0.5761
283,9.467,19,0.831,0.4915,0.7979,0.737,0.5740,0.7305,0.741,0.4029,0.7352,0.667,0.6551,0.7865,0.857,0.3383,0.7878,0.333,0.6211,0.8983,0.732,0.4217,0.8259,0.633,0.5536,0.5648,0.651,0.4238,0.5776
284,9.500,19,0.854,0.4859,0.7993,0.756,0.5755,0.7333,0.749,0.3960,0.7384,0.662,0.6653,0.7844,0.793,0.3307,0.7880,0.514,0.5685,0.8171,0.820,0.4106,0.8228,0.630,0.5495,0.5655,0.634,0.4199,0.5770
285,9.533,19,0.919,0.4845,0.8068,0.746,0.5767,0.7370,0.726,0.3977,0.7370,0.795,0.6706,0.7805,0.875,0.3193,0.7867,0.573,0.5634,0.8182,0.834,0.4067,0.8220,0.638,0.5466,0.5669,0.627,0.4178,0.5790
286,9.567,19,0.910,0.4837,0.8105,0.785,0.5725,0.7348,0.733,0.3955,0.7369,0.840,0.6760,0.7738,0.860,0.3082,0.7801,0.798,0.5871,0.8067,0.835,0.3822,0.8131,0.629,0.5455,0.5660,0.620,0.4170,0.5783
287,9.600,19,0.799,0.4824,0.8131,0.764,0.5681,0.7362,0.746,0.3891,0.7380,0.838,0.6775,0.7640,0.907,0.2975,0.7703,0.827,0.6041,0.7943,0.839,0.3676,0.8102,0.611,0.5438,0.5660,0.619,0.4141,0.5785
288,9.633,19,0.808,0.4712,0.8151,0.733,0.5645,0.7371,0.739,0.3813,0.7382,0.853,0.6790,0.7466,0.893,0.2846,0.7591,0.886,0.6081,0.7923,0.853,0.3497,0.8074,0.588,0.5415,0.5672,0.621,0.4124,0.5787
289,9.667,19,0.864,0.4647,0.8209,0.774,0.5599,0.7354,0.787,0.3733,0.7401,0.833,0.6754,0.7280,0.817,0.2713,0.7401,0.891,0.6098,0.7918,0.828,0.3338,0.8025,0.585,0.5403,0.5660,0.620,0.4096,0.5782
290,9.700,19,0.889,0.4631,0.8218,0.765,0.5607,0.7366,0.839,0.3675,0.7426,0.841,0.6724,0.7088,0.841,0.2630,0.7229,0.794,0.6236,0.7868,0.854,0.3166,0.8012,0.608,0.5373,0.5676,0.640,0.4036,0.5803
291,9.733,19,0.870,0.4622,0.8237,0.775,0.5580,0.7380,0.849,0.3597,0.7453,0.799,0.6675,0.6907,0.851,0.2557,0.7054,0.865,0.6327,0.7775,0.876,0.2976,0.7913,0.603,0.5367,0.5680,0.625,0.4012,0.5824
292,9.767,19,0.743,0.4577,0.8256,0.802,0.5568,0.7402,0.800,0.3551,0.7478,0.815,0.6512,0.6788,0.798,0.2505,0.6922,0.891,0.6498,0.7580,0.846,0.2789,0.7787,0.614,0.5320,0.5716,0.623,0.3971,0.5827
293,9.800,19,0.864,0.4472,0.8321,0.824,0.5558,0.7413,0.793,0.3492,0.7501,0.815,0.6437,0.6709,0.849,0.2449,0.6827,0.877,0.6567,0.7288,0.836,0.2606,0.7489,0.625,0.5315,0.5721,0.597,0.3943,0.5827
294,9.833,19,0.891,0.4422,0.8348,0.837,0.5559,0.7427,0.843,0.3427,0.7528,0.838,0.6333,0.6673,0.785,0.2443,0.6778,0.815,0.6613,0.6913,0.820,0.2483,0.7110,0.635,0.5300,0.5741,0.618,0.3913,0.5819
295,9.867,19,0.875,0.4424,0.8346,0.841,0.5511,0.7460,0.857,0.3399,0.7557,0.778,0.6264,0.6737,0.564,0.2458,0.6753,0.768,0.6549,0.6630,0.766,0.2352,0.6811,0.628,0.5273,0.5771,0.608,0.3882,0.5808
296,9.900,19,0.725,0.4385,0.8361,0.800,0.5502,0.7490,0.811,0.3344,0.7603,0.795,0.6262,0.6761,0.809,0.2471,0.6868,0.789,0.6521,0.6381,0.826,0.2349,0.6592,0.675,0.5292,0.5829,0.600,0.3882,0.5812
297,9.933,19,0.592,0.4408,0.8304,0.788,0.5495,0.7523,0.759,0.3315,0.7626,0.787,0.6247,0.6751,0.825,0.2500,0.6846,0.855,0.6467,0.6213,0.865,0.2371,0.6369,0.668,0.5288,0.5855,0.615,0.3898,0.5815
298,9.967,19,0.200,0.4358,0.8355,0.811,0.5461,0.7575,0.783,0.3275,0.7647,0.815,0.6222,0.6744,0.845,0.2522,0.6835,0.854,0.6390,0.6054,0.858,0.2384,0.6187,0.649,0.5307,0.5857,0.574,0.3916,0.5787
299,10.000,19,0.148,0.4507,0.8322,0.711,0.5458,0.7604,0.729,0.3237,0.7654,0.797,0.6189,0.6730,0.806,0.2539,0.6818,0.854,0.6333,0.5947,0.810,0.2434,0.6070,0.583,0.5328,0.5839,0.473,0.3980,0.5777
300,10.033,19,0.646,0.4380,0.8522,0.769,0.5494,0.7637,0.847,0.3229,0.7684,0.877,0.6141,0.6735,0.858,0.2574,0.6795,0.870,0.6317,0.5911,0.861,0.2424,0.5949,0.646,0.5324,0.5850,0.565,0.3910,0.5770
301,10.067,19,0.887,0.4256,0.8575,0.818,0.5485,0.7673,0.841,0.3222,0.7701,0.877,0.6120,0.6742,0.846,0.2595,0.6777,0.847,0.6314,0.5897,0.810,0.2453,0.5873,0.647,0.5324,0.5860,0.572,0.3907,0.5812
302,10.100,19,0.830,0.4305,0.8607,0.823,0.5525,0.7708,0.819,0.3215,0.7721,0.862,0.6118,0.6761,0.821,0.2596,0.6755,0.845,0.6321,0.5897,0.822,0.2461,0.5855,0.656,0.5338,0.5862,0.582,0.3953,0.5812
303,10.133,19,0.786,0.4309,0.8629,0.783,0.5563,0.7729,0.791,0.3184,0.7730,0.858,0.6165,0.6764,0.866,0.2588,0.6723,0.842,0.6373,0.5909,0.816,0.2446,0.5782,0.660,0.5353,0.5865,0.602,0.3971,0.5831
304,10.167,19,0.804,0.4323,0.8648,0.740,0.5611,0.7748,0.776,0.3168,0.7734,0.852,0.6216,0.6787,0.877,0.2582,0.6703,0.787,0.6452,0.5902,0.820,0.2455,0.5736,0.652,0.5342,0.5865,0.579,0.3932,0.5826
305,10.200,19,0.688,0.4313,0.8668,0.761,0.5655,0.7760,0.779,0.3184,0.7734,0.875,0.6299,0.6802,0.869,0.2570,0.6683,0.837,0.6487,0.5895,0.819,0.2460,0.5704,0.660,0.5369,0.5855,0.585,0.3951,0.5824
306,10.233,16,0.000,0.0000,1.0000,0.708,0.3162,0.7740,0.693,0.5719,0.7804,0.768,0.2564,0.6638,0.819,0.6384,0.6795,0.715,0.2456,0.5622,0.796,0.6529,0.5892,0.448,0.3947,0.5808,0.305,0.5415,0.5907
307,10.267,15,0.000,0.0000,1.0000,0.697,0.5761,0.7745,0.757,0.3264,0.7693,0.801,0.6484,0.6759,0.841,0.2549,0.6590,0.789,0.6610,0.5868,0.815,0.2460,0.5579,0.643,0.5455,0.5800,0.538,0.3994,0.5790
308,10.300,14,0.000,0.0000,1.0000,0.705,0.5798,0.7697,0.739,0.3260,0.7653,0.847,0.6618,0.6710,0.808,0.2540,0.6525,0.822,0.6690,0.5780,0.784,0.2467,0.5504,0.660,0.5497,0.5785,0.532,0.4028,0.5733
309,10.333,15,0.000,0.0000,1.0000,0.688,0.3220,0.7611,0.689,0.5899,0.7678,0.796,0.2530,0.6460,0.822,0.6769,0.6626,0.764,0.2472,0.5419,0.826,0.6796,0.5692,0.530,0.4026,0.5685,0.533,0.5617,0.5772
310,10.367,14,0.000,0.0000,1.0000,0.532,0.5947,0.7580,0.390,0.3293,0.7523,0.471,0.6899,0.6544,0.490,0.2533,0.6372,0.373,0.2458,0.5309,0.532,0.6890,0.5580,0.279,0.4113,0.5623,0.243,0.5634,0.5734
311,10.400,15,0.000,0.0000,1.0000,0.620,0.6003,0.7489,0.651,0.3315,0.7415,0.758,0.7059,0.6450,0.705,0.2502,0.6263,0.717,0.7027,0.5517,0.751,0.2456,0.5209,0.381,0.5653,0.5669,0.255,0.4209,0.5608
312,10.433,19,0.191,0.4889,0.8276,0.721,0.6033,0.7410,0.723,0.3373,0.7329,0.830,0.7221,0.6325,0.811,0.2524,0.6184,0.850,0.7134,0.5334,0.834,0.2451,0.5086,0.605,0.5693,0.5662,0.575,0.4228,0.5588
313,10.467,19,0.581,0.4744,0.8004,0.755,0.6121,0.7297,0.761,0.3419,0.7221,0.839,0.7328,0.6188,0.846,0.2535,0.6103,0.803,0.7310,0.5181,0.838,0.2445,0.4958,0.620,0.5746,0.5620,0.649,0.4287,0.5553
314,10.500,19,0.839,0.4728,0.7864,0.739,0.6196,0.7202,0.725,0.3486,0.7123,0.844,0.7423,0.6099,0.818,0.2543,0.6019,0.822,0.7463,0.5079,0.837,0.2441,0.4832,0.649,0.5803,0.5572,0.605,0.4353,0.5500
315,10.533,19,0.814,0.4778,0.7745,0.769,0.6301,0.7091,0.729,0.3527,0.7020,0.809,0.7488,0.6044,0.822,0.2548,0.5898,0.842,0.7605,0.4958,0.835,0.2441,0.4698,0.630,0.5837,0.5539,0.628,0.4387,0.5465
316,10.567,19,0.896,0.4845,0.7614,0.698,0.6356,0.6999,0.763,0.3592,0.6922,0.815,0.7598,0.6001,0.824,0.2561,0.5794,0.807,0.7738,0.4869,0.855,0.2415,0.4590,0.620,0.5876,0.5494,0.631,0.4413,0.5420
317,10.600,19,0.846,0.4896,0.7497,0.695,0.6408,0.6909,0.747,0.3625,0.6817,0.837,0.7668,0.5937,0.799,0.2580,0.5709,0.834,0.7851,0.4797,0.840,0.2426,0.4483,0.631,0.5946,0.5442,0.580,0.4448,0.5379
318,10.633,19,0.803,0.4934,0.7383,0.741,0.6523,0.6817,0.733,0.3665,0.6718,0.843,0.7788,0.5849,0.812,0.2595,0.5610,0.802,0.7983,0.4730,0.815,0.2416,0.4373,0.592,0.6017,0.5400,0.614,0.4471,0.5325
319,10.667,19,0.808,0.5008,0.7296,0.666,0.6580,0.6738,0.715,0.3733,0.6671,0.770,0.7888,0.5763,0.798,0.2649,0.5558,0.770,0.8136,0.4643,0.832,0.2408,0.4283,0.590,0.6047,0.5357,0.603,0.4490,0.5290
320,10.700,19,0.864,0.5058,0.7184,0.681,0.6665,0.6658,0.723,0.3717,0.6563,0.765,0.7938,0.5716,0.750,0.2650,0.5414,0.811,0.8282,0.4573,0.861,0.2378,0.4196,0.596,0.6072,0.5311,0.607,0.4506,0.5230
321,10.733,19,0.886,0.5083,0.7105,0.697,0.6711,0.6598,0.694,0.3739,0.6469,0.770,0.8006,0.5627,0.690,0.2711,0.5329,0.791,0.8440,0.4484,0.834,0.2357,0.4076,0.608,0.6115,0.5288,0.605,0.4544,0.5203
322,10.767,19,0.838,0.5130,0.7027,0.671,0.6780,0.6543,0.705,0.3783,0.6409,0.819,0.8019,0.5576,0.631,0.2761,0.5253,0.773,0.8572,0.4344,0.792,0.2273,0.3977,0.589,0.6181,0.5264,0.588,0.4559,0.5180
323,10.800,19,0.812,0.5216,0.6940,0.665,0.6849,0.6469,0.710,0.3816,0.6363,0.771,0.8072,0.5484,0.698,0.2909,0.5312,0.775,0.8719,0.4227,0.787,0.2200,0.3879,0.563,0.6205,0.5237,0.563,0.4570,0.5134
324,10.833,19,0.848,0.5229,0.6864,0.671,0.6876,0.6417,0.721,0.3820,0.6315,0.733,0.8124,0.5422,0.760,0.2946,0.5300,0.766,0.8848,0.4084,0.787,0.2061,0.3806,0.575,0.6228,0.5188,0.578,0.4602,0.5122
325,10.867,19,0.849,0.5260,0.6781,0.660,0.6937,0.6366,0.690,0.3837,0.6267,0.750,0.8179,0.5346,0.711,0.2933,0.5248,0.750,0.8952,0.3964,0.817,0.1920,0.3719,0.565,0.6285,0.5179,0.574,0.4603,0.5110
326,10.900,19,0.873,0.5281,0.6706,0.656,0.7012,0.6323,0.656,0.3823,0.6250,0.759,0.8223,0.5268,0.754,0.2839,0.5186,0.779,0.9040,0.3843,0.811,0.1735,0.3673,0.560,0.6318,0.5180,0.559,0.4620,0.5111
327,10.933,19,0.823,0.5338,0.6622,0.643,0.7083,0.6288,0.661,0.3804,0.6247,0.750,0.8275,0.5212,0.795,0.2798,0.5183,0.726,0.9210,0.3764,0.768,0.1639,0.3633,0.549,0.6371,0.5214,0.546,0.4630,0.5156
328,10.967,19,0.818,0.5385,0.6577,0.644,0.7125,0.6274,0.667,0.3815,0.6257,0.744,0.8329,0.5170,0.780,0.2760,0.5174,0.731,0.9350,0.3727,0.774,0.1630,0.3627,0.554,0.6372,0.5217,0.552,0.4625,0.5156
329,11.000,19,0.748,0.5419,0.6520,0.639,0.7147,0.6278,0.689,0.3809,0.6275,0.726,0.8431,0.5136,0.757,0.2730,0.5153,0.713,0.9412,0.3749,0.807,0.1627,0.3601,0.548,0.6378,0.5239,0.554,0.4604,0.5174
330,11.033,19,0.760,0.5436,0.6508,0.642,0.7199,0.6297,0.707,0.3810,0.6318,0.721,0.8535,0.5124,0.724,0.2680,0.5127,0.737,0.9492,0.3665,0.803,0.1633,0.3610,0.538,0.6393,0.5292,0.535,0.4608,0.5220
331,11.067,19,0.823,0.5471,0.6526,0.610,0.7236,0.6311,0.669,0.3786,0.6356,0.778,0.8597,0.5133,0.754,0.2680,0.5171,0.695,0.9538,0.3600,0.801,0.1592,0.3618,0.547,0.6407,0.5330,0.528,0.4607,0.5254
332,11.100,19,0.833,0.5482,0.6574,0.600,0.7273,0.6322,0.695,0.3767,0.6416,0.803,0.8677,0.5134,0.774,0.2648,0.5211,0.720,0.9540,0.3582,0.815,0.1538,0.3616,0.532,0.6445,0.5397,0.548,0.4630,0.5296
333,11.133,19,0.836,0.5465,0.6604,0.602,0.7288,0.6351,0.683,0.3759,0.6457,0.766,0.8765,0.5146,0.743,0.2605,0.5243,0.699,0.9539,0.3559,0.828,0.1527,0.3611,0.553,0.6456,0.5431,0.542,0.4665,0.5340
334,11.167,19,0.821,0.5492,0.6633,0.588,0.7304,0.6401,0.654,0.3707,0.6506,0.788,0.8811,0.5165,0.681,0.2528,0.5186,0.699,0.9563,0.3571,0.835,0.1518,0.3604,0.556,0.6428,0.5452,0.524,0.4599,0.5360
335,11.200,19,0.814,0.5501,0.6658,0.602,0.7325,0.6440,0.685,0.3700,0.6565,0.745,0.8880,0.5124,0.686,0.2516,0.5233,0.740,0.9616,0.3587,0.829,0.1508,0.3603,0.576,0.6398,0.5471,0.546,0.4583,0.5376
336,11.233,19,0.827,0.5498,0.6693,0.608,0.7374,0.6465,0.657,0.3708,0.6625,0.718,0.8927,0.5083,0.778,0.2516,0.5298,0.636,0.9659,0.3551,0.820,0.1508,0.3610,0.569,0.6344,0.5485,0.535,0.4544,0.5398
337,11.267,19,0.830,0.5484,0.6711,0.587,0.7398,0.6517,0.694,0.3667,0.6686,0.724,0.8927,0.5036,0.745,0.2501,0.5337,0.620,0.9653,0.3515,0.818,0.1502,0.3609,0.565,0.6336,0.5527,0.525,0.4514,0.5403
338,11.300,19,0.827,0.5485,0.6731,0.594,0.7421,0.6547,0.643,0.3628,0.6725,0.741,0.8926,0.4977,0.731,0.2504,0.5366,0.629,0.9644,0.3501,0.828,0.1513,0.3610,0.558,0.6346,0.5567,0.480,0.4520,0.5383
339,11.333,19,0.811,0.5506,0.6772,0.578,0.7443,0.6571,0.630,0.3601,0.6772,0.685,0.9006,0.4870,0.752,0.2462,0.5372,0.726,0.9610,0.3527,0.829,0.1512,0.3609,0.542,0.6332,0.5567,0.476,0.4500,0.5362
340,11.367,19,0.840,0.5491,0.6819,0.576,0.7430,0.6598,0.613,0.3584,0.6821,0.447,0.9028,0.4849,0.781,0.2432,0.5390,0.692,0.9586,0.3478,0.831,0.1514,0.3610,0.516,0.6276,0.5574,0.456,0.4467,0.5386
341,11.400,19,0.839,0.5477,0.6843,0.558,0.7416,0.6632,0.602,0.3552,0.6868,0.657,0.8813,0.5150,0.803,0.2422,0.5410,0.643,0.9579,0.3517,0.825,0.1508,0.3615,0.528,0.6277,0.5596,0.466,0.4468,0.5417
342,11.433,19,0.837,0.5463,0.6865,0.571,0.7394,0.6651,0.658,0.3531,0.6901,0.717,0.8818,0.5199,0.813,0.2401,0.5420,0.634,0.9611,0.3507,0.827,0.1518,0.3617,0.519,0.6259,0.5604,0.472,0.4457,0.5429
343,11.467,19,0.815,0.5472,0.6888,0.582,0.7356,0.6682,0.673,0.3486,0.6921,0.727,0.8872,0.5183,0.799,0.2400,0.5422,0.703,0.9619,0.3542,0.814,0.1511,0.3600,0.523,0.6230,0.5600,0.474,0.4448,0.5418
344,11.500,19,0.762,0.5407,0.6901,0.588,0.7340,0.6692,0.676,0.3467,0.6940,0.721,0.8857,0.5216,0.801,0.2401,0.5432,0.613,0.9651,0.3517,0.820,0.1513,0.3607,0.544,0.6218,0.5602,0.473,0.4457,0.5410
345,11.533,19,0.764,0.5389,0.6917,0.583,0.7343,0.6691,0.674,0.3451,0.6940,0.717,0.8826,0.5209,0.797,0.2383,0.5427,0.518,0.9683,0.3512,0.809,0.1501,0.3615,0.536,0.6212,0.5601,0.460,0.4423,0.5409
346,11.567,19,0.792,0.5345,0.6917,0.580,0.7328,0.6691,0.662,0.3432,0.6944,0.705,0.8811,0.5194,0.794,0.2359,0.5431,0.430,0.9690,0.3484,0.812,0.1483,0.3607,0.539,0.6213,0.5594,0.452,0.4423,0.5413
347,11.600,19,0.822,0.5291,0.6937,0.571,0.7301,0.6692,0.649,0.3427,0.6953,0.701,0.8792,0.5213,0.786,0.2325,0.5438,0.542,0.9676,0.3537,0.788,0.1468,0.3610,0.533,0.6215,0.5601,0.448,0.4428,0.5412
348,11.633,19,0.829,0.5288,0.6964,0.560,0.7229,0.6700,0.640,0.3389,0.6947,0.691,0.8783,0.5237,0.755,0.2291,0.5451,0.746,0.9626,0.3557,0.786,0.1470,0.3610,0.535,0.6203,0.5580,0.445,0.4388,0.5378
349,11.667,19,0.787,0.5264,0.6981,0.557,0.7225,0.6701,0.635,0.3385,0.6947,0.680,0.8763,0.5228,0.753,0.2269,0.5450,0.729,0.9616,0.3531,0.784,0.1457,0.3595,0.546,0.6185,0.5571,0.469,0.4358,0.5370
350,11.700,19,0.774,0.5266,0.7008,0.559,0.7285,0.6703,0.626,0.3380,0.6954,0.676,0.8743,0.5220,0.743,0.2267,0.5435,0.726,0.9607,0.3542,0.782,0.1443,0.3582,0.534,0.6159,0.5547,0.475,0.4352,0.5360
351,11.733,19,0.774,0.5260,0.7016,0.546,0.7234,0.6707,0.614,0.3371,0.6954,0.664,0.8715,0.5224,0.737,0.2241,0.5407,0.659,0.9616,0.3516,0.794,0.1422,0.3575,0.539,0.6155,0.5541,0.477,0.4362,0.5345
352,11.767,19,0.804,0.5266,0.7031,0.539,0.7218,0.6709,0.626,0.3333,0.6953,0.685,0.8692,0.5215,0.733,0.2195,0.5335,0.665,0.9619,0.3498,0.809,0.1406,0.3574,0.526,0.6116,0.5508,0.490,0.4350,0.5333
353,11.800,19,0.803,0.5255,0.7035,0.541,0.7226,0.6698,0.624,0.3346,0.6944,0.701,0.8687,0.5180,0.707,0.2306,0.5375,0.676,0.9623,0.3458,0.784,0.1431,0.3570,0.524,0.6112,0.5499,0.492,0.4349,0.5336
354,11.833,19,0.798,0.5253,0.7043,0.541,0.7274,0.6679,0.626,0.3370,0.6931,0.625,0.8657,0.5099,0.737,0.2372,0.5348,0.746,0.9607,0.3456,0.793,0.1482,0.3558,0.534,0.6085,0.5503,0.506,0.4330,0.5332
355,11.867,19,0.808,0.5258,0.7026,0.550,0.7285,0.6653,0.623,0.3373,0.6925,0.606,0.8632,0.5078,0.727,0.2430,0.5314,0.746,0.9591,0.3449,0.800,0.1496,0.3554,0.530,0.6072,0.5493,0.512,0.4314,0.5321
356,11.900,19,0.778,0.5258,0.7010,0.554,0.7279,0.6629,0.624,0.3367,0.6921,0.524,0.8551,0.5152,0.747,0.2457,0.5314,0.733,0.9574,0.3454,0.799,0.1497,0.3557,0.543,0.6050,0.5465,0.532,0.4293,0.5318
357,11.933,19,0.794,0.5250,0.6991,0.553,0.7218,0.6623,0.631,0.3344,0.6907,0.595,0.8518,0.5144,0.734,0.2474,0.5305,0.726,0.9570,0.3446,0.800,0.1507,0.3555,0.555,0.6041,0.5452,0.548,0.4257,0.5305
358,11.967,19,0.826,0.5242,0.6959,0.555,0.7205,0.6621,0.619,0.3367,0.6894,0.494,0.8531,0.5101,0.731,0.2476,0.5283,0.731,0.9574,0.3436,0.794,0.1500,0.3544,0.545,0.6035,0.5457,0.543,0.4254,0.5301
359,12.000,19,0.821,0.5242,0.6923,0.560,0.7196,0.6617,0.617,0.3337,0.6885,0.528,0.8593,0.4981,0.729,0.2497,0.5308,0.740,0.9577,0.3436,0.798,0.1505,0.3544,0.539,0.6019,0.5457,0.537,0.4242,0.5299
360,12.033,19,0.818,0.5240,0.6921,0.559,0.7185,0.6621,0.620,0.3339,0.6887,0.545,0.8560,0.5040,0.733,0.2497,0.5309,0.735,0.9571,0.3429,0.798,0.1507,0.3542,0.569,0.6010,0.5425,0.528,0.4243,0.5287
361,12.067,19,0.819,0.5241,0.6931,0.549,0.7198,0.6618,0.625,0.3369,0.6894,0.606,0.8524,0.5094,0.739,0.2495,0.5324,0.729,0.9565,0.3426,0.802,0.1512,0.3545,0.582,0.6005,0.5417,0.525,0.4260,0.5244
362,12.100,19,0.823,0.5241,0.6960,0.550,0.7227,0.6614,0.630,0.3373,0.6897,0.620,0.8487,0.5148,0.735,0.2499,0.5341,0.730,0.9571,0.3432,0.804,0.1511,0.3546,0.588,0.6009,0.5421,0.526,0.4250,0.5249
363,12.133,19,0.814,0.5248,0.6967,0.556,0.7277,0.6617,0.634,0.3381,0.6906,0.649,0.8469,0.5169,0.743,0.2480,0.5334,0.730,0.9572,0.3435,0.800,0.1511,0.3541,0.596,0.6042,0.5430,0.517,0.4239,0.5244
364,12.167,19,0.813,0.5259,0.6976,0.574,0.7306,0.6618,0.637,0.3401,0.6919,0.677,0.8420,0.5213,0.757,0.2441,0.5326,0.709,0.9564,0.3444,0.799,0.1509,0.3542,0.597,0.6013,0.5389,0.532,0.4210,0.5228
365,12.200,19,0.812,0.5262,0.6984,0.570,0.7324,0.6630,0.618,0.3406,0.6942,0.681,0.8424,0.5215,0.779,0.2377,0.5323,0.701,0.9562,0.3444,0.789,0.1492,0.3548,0.585,0.6049,0.5317,0.520,0.4216,0.5187
366,12.233,19,0.813,0.5265,0.6990,0.558,0.7335,0.6652,0.607,0.3435,0.6964,0.647,0.8446,0.5232,0.750,0.2314,0.5345,0.705,0.9557,0.3451,0.775,0.1469,0.3540,0.572,0.6071,0.5225,0.507,0.4229,0.5121
367,12.267,19,0.810,0.5257,0.6996,0.571,0.7343,0.6662,0.591,0.3437,0.6978,0.653,0.8481,0.5225,0.768,0.2261,0.5356,0.698,0.9550,0.3465,0.768,0.1457,0.3551,0.557,0.6018,0.5165,0.475,0.4184,0.5157
368,12.300,19,0.812,0.5244,0.6995,0.585,0.7337,0.6688,0.584,0.3436,0.6988,0.663,0.8525,0.5201,0.760,0.2216,0.5372,0.668,0.9549,0.3485,0.779,0.1467,0.3557,0.530,0.6057,0.5040,0.483,0.4202,0.5099
369,12.333,19,0.816,0.5256,0.6997,0.586,0.7370,0.6695,0.580,0.3447,0.6987,0.617,0.8559,0.5178,0.746,0.2174,0.5373,0.679,0.9555,0.3477,0.769,0.1462,0.3554,0.505,0.6083,0.4967,0.482,0.4209,0.5074
370,12.367,19,0.823,0.5274,0.6998,0.565,0.7386,0.6712,0.594,0.3457,0.6995,0.676,0.8606,0.5125,0.736,0.2148,0.5356,0.672,0.9556,0.3479,0.768,0.1460,0.3549,0.480,0.6074,0.4919,0.476,0.4228,0.5051
371,12.400,19,0.826,0.5287,0.6993,0.542,0.7404,0.6737,0.598,0.3445,0.6996,0.675,0.8606,0.5134,0.726,0.2155,0.5344,0.678,0.9564,0.3467,0.774,0.1466,0.3550,0.478,0.6052,0.4908,0.483,0.4233,0.5054
372,12.433,19,0.821,0.5298,0.7004,0.531,0.7417,0.6749,0.611,0.3440,0.7011,0.674,0.8609,0.5135,0.719,0.2181,0.5372,0.674,0.9568,0.3471,0.779,0.1476,0.3551,0.504,0.6068,0.4910,0.486,0.4240,0.5046
373,12.467,19,0.814,0.5324,0.7010,0.534,0.7432,0.6755,0.609,0.3443,0.7002,0.688,0.8609,0.5130,0.750,0.2238,0.5416,0.668,0.9568,0.3468,0.778,0.1491,0.3547,0.501,0.6071,0.4895,0.470,0.4255,0.5026
374,12.500,19,0.807,0.5350,0.7011,0.549,0.7431,0.6771,0.611,0.3441,0.7003,0.700,0.8615,0.5126,0.739,0.2253,0.5409,0.650,0.9570,0.3474,0.779,0.1498,0.3540,0.509,0.6061,0.4924,0.490,0.4265,0.5051
375,12.533,19,0.787,0.5354,0.7040,0.558,0.7447,0.6787,0.616,0.3444,0.7017,0.699,0.8631,0.5125,0.741,0.2257,0.5399,0.650,0.9567,0.3479,0.780,0.1499,0.3542,0.481,0.6053,0.4901,0.487,0.4265,0.5038
376,12.567,19,0.757,0.5386,0.7020,0.573,0.7485,0.6798,0.616,0.3453,0.7017,0.708,0.8661,0.5114,0.751,0.2256,0.5402,0.661,0.9568,0.3483,0.781,0.1501,0.3543,0.499,0.6053,0.4906,0.483,0.4258,0.5050
377,12.600,19,0.743,0.5398,0.7020,0.588,0.7501,0.6796,0.624,0.3475,0.7027,0.659,0.8612,0.5149,0.735,0.2273,0.5400,0.666,0.9561,0.3476,0.780,0.1507,0.3537,0.483,0.6032,0.4849,0.482,0.4249,0.5037
378,12.633,19,0.718,0.5406,0.7021,0.593,0.7507,0.6805,0.620,0.3491,0.7030,0.694,0.8615,0.5129,0.741,0.2302,0.5415,0.671,0.9559,0.3475,0.784,0.1503,0.3539,0.471,0.6025,0.4812,0.474,0.4259,0.5015
379,12.667,19,0.748,0.5445,0.7048,0.590,0.7506,0.6805,0.618,0.3492,0.7028,0.672,0.8609,0.5160,0.750,0.2307,0.5418,0.680,0.9556,0.3476,0.781,0.1498,0.3544,0.482,0.6019,0.4808,0.487,0.4253,0.5029
380,12.700,19,0.768,0.5459,0.7077,0.593,0.7516,0.6802,0.609,0.3493,0.7027,0.685,0.8622,0.5172,0.738,0.2288,0.5409,0.690,0.9553,0.3476,0.784,0.1494,0.3547,0.477,0.6015,0.4789,0.477,0.4259,0.5012
381,12.733,19,0.793,0.5468,0.7058,0.593,0.7514,0.6797,0.618,0.3484,0.7024,0.690,0.8620,0.5175,0.753,0.2239,0.5393,0.673,0.9555,0.3481,0.776,0.1476,0.3549,0.474,0.6027,0.4793,0.469,0.4250,0.5016
382,12.767,19,0.775,0.5461,0.7072,0.601,0.7508,0.6799,0.613,0.3490,0.7024,0.707,0.8641,0.5158,0.749,0.2144,0.5370,0.658,0.9555,0.3510,0.776,0.1469,0.3551,0.455,0.6035,0.4790,0.459,0.4279,0.4968
383,12.800,19,0.783,0.5457,0.7066,0.594,0.7492,0.6802,0.607,0.3488,0.7015,0.711,0.8686,0.5161,0.777,0.2064,0.5430,0.682,0.9561,0.3514,0.769,0.1456,0.3555,0.458,0.6044,0.4749,0.477,0.4298,0.4948
384,12.833,14,0.781,0.5454,0.7025,0.614,0.7505,0.6798,0.581,0.3463,0.6975,0.692,0.8716,0.5179,0.760,0.1910,0.5384,0.703,0.9555,0.3529,0.000,0.0000,1.0000,0.462,0.6071,0.4751,0.453,0.4330,0.4932
385,12.867,19,0.786,0.5453,0.7004,0.603,0.7517,0.6785,0.610,0.3469,0.6969,0.694,0.8789,0.5193,0.765,0.1851,0.5429,0.718,0.9560,0.3532,0.795,0.1413,0.3561,0.475,0.6065,0.4707,0.428,0.4337,0.4903
386,12.900,19,0.783,0.5473,0.6942,0.597,0.7540,0.6758,0.626,0.3431,0.6944,0.683,0.8904,0.5151,0.752,0.1723,0.5387,0.766,0.9587,0.3527,0.801,0.1404,0.3557,0.451,0.6079,0.4674,0.437,0.4340,0.4823
387,12.933,19,0.769,0.5502,0.6915,0.586,0.7583,0.6726,0.633,0.3450,0.6904,0.701,0.9063,0.5041,0.734,0.1645,0.5362,0.763,0.9597,0.3510,0.803,0.1390,0.3548,0.442,0.6066,0.4578,0.423,0.4328,0.4769
388,12.967,19,0.768,0.5555,0.6801,0.601,0.7630,0.6668,0.580,0.3436,0.6858,0.709,0.9139,0.5046,0.801,0.1548,0.5316,0.765,0.9607,0.3488,0.804,0.1384,0.3550,0.454,0.6077,0.4565,0.441,0.4343,0.4705
389,13.000,19,0.724,0.5619,0.6762,0.559,0.7662,0.6625,0.586,0.3400,0.6775,0.661,0.9244,0.4993,0.765,0.1493,0.5265,0.796,0.9612,0.3456,0.809,0.1376,0.3554,0.440,0.6179,0.4555,0.395,0.4397,0.4674
390,13.033,19,0.736,0.5691,0.6685,0.604,0.7727,0.6583,0.586,0.3427,0.6706,0.674,0.9288,0.4980,0.744,0.1448,0.5238,0.793,0.9620,0.3439,0.811,0.1372,0.3556,0.411,0.6211,0.4461,0.361,0.4389,0.4552
391,13.067,19,0.781,0.5714,0.6544,0.621,0.7758,0.6541,0.604,0.3426,0.6658,0.673,0.9344,0.4979,0.798,0.1374,0.5204,0.784,0.9628,0.3417,0.815,0.1361,0.3574,0.435,0.6217,0.4431,0.387,0.4388,0.4457
392,13.100,19,0.797,0.5691,0.6468,0.590,0.7782,0.6493,0.569,0.3411,0.6609,0.688,0.9358,0.4966,0.810,0.1339,0.5171,0.758,0.9633,0.3403,0.813,0.1376,0.3561,0.376,0.6300,0.4396,0.355,0.4443,0.4338
393,13.133,19,0.765,0.5686,0.6396,0.586,0.7761,0.6435,0.567,0.3396,0.6537,0.683,0.9371,0.4953,0.781,0.1354,0.5130,0.736,0.9636,0.3394,0.821,0.1371,0.3557,0.357,0.6341,0.4330,0.350,0.4474,0.4287
394,13.167,17,0.792,0.5674,0.6308,0.562,0.7766,0.6371,0.533,0.3326,0.6454,0.700,0.9396,0.4911,0.799,0.1330,0.5095,0.698,0.9651,0.3366,0.823,0.1374,0.3556,0.365,0.6313,0.4089,0.316,0.4393,0.4160
395,13.200,16,0.779,0.5669,0.6218,0.585,0.7826,0.6295,0.541,0.3356,0.6405,0.675,0.9409,0.4871,0.806,0.1343,0.5070,0.678,0.9665,0.3331,0.818,0.1383,0.3547,0.314,0.6415,0.4084,0.313,0.4361,0.4144
396,13.233,16,0.782,0.5671,0.6096,0.556,0.7850,0.6214,0.552,0.3279,0.6312,0.729,0.9437,0.4842,0.804,0.1333,0.5034,0.561,0.9677,0.3314,0.816,0.1377,0.3550,0.297,0.6451,0.4064,0.298,0.4346,0.4055
397,13.267,16,0.750,0.5669,0.5985,0.547,0.7869,0.6143,0.548,0.3237,0.6216,0.744,0.9433,0.4839,0.778,0.1317,0.5006,0.496,0.9694,0.3215,0.816,0.1377,0.3554,0.294,0.6487,0.4161,0.268,0.4344,0.4040
398,13.300,15,0.713,0.5647,0.5858,0.568,0.7936,0.6055,0.519,0.3192,0.6103,0.750,0.9467,0.4804,0.765,0.1243,0.4991,0.426,0.9710,0.3090,0.813,0.1337,0.3563,0.188,0.6458,0.3936,0.229,0.4314,0.3808
399,13.333,15,0.720,0.5639,0.5748,0.536,0.7938,0.5954,0.555,0.3214,0.6065,0.707,0.9489,0.4777,0.790,0.1223,0.4984,0.401,0.9695,0.3094,0.815,0.1339,0.3555,0.177,0.6285,0.3409,0.205,0.4291,0.3450
400,13.367,15,0.735,0.5622,0.5577,0.545,0.7959,0.5891,0.541,0.3177,0.5967,0.653,0.9498,0.4773,0.821,0.1216,0.4959,0.376,0.9694,0.3089,0.812,0.1340,0.3553,0.180,0.6377,0.3556,0.167,0.4305,0.3765
401,13.400,15,0.718,0.5643,0.5437,0.549,0.7948,0.5822,0.545,0.3191,0.5889,0.568,0.9531,0.4762,0.812,0.1221,0.4932,0.348,0.9712,0.3041,0.816,0.1347,0.3550,0.183,0.6376,0.3547,0.193,0.4342,0.3329
402,13.433,15,0.750,0.5643,0.5320,0.512,0.7975,0.5750,0.555,0.3195,0.5829,0.427,0.9575,0.4767,0.802,0.1207,0.4919,0.303,0.9715,0.2969,0.809,0.1345,0.3549,0.199,0.6292,0.3201,0.192,0.4317,0.3421
403,13.467,15,0.755,0.5648,0.5167,0.526,0.7973,0.5662,0.545,0.3234,0.5704,0.415,0.9574,0.4765,0.807,0.1166,0.4933,0.241,0.9719,0.2959,0.806,0.1339,0.3549,0.177,0.6286,0.3159,0.144,0.4333,0.3296
404,13.500,15,0.679,0.5637,0.5039,0.506,0.7978,0.5594,0.527,0.3178,0.5629,0.387,0.9592,0.4752,0.803,0.1160,0.4929,0.223,0.9725,0.2963,0.805,0.1339,0.3554,0.195,0.6342,0.3181,0.152,0.4388,0.3293
405,13.533,15,0.645,0.5587,0.4867,0.504,0.8052,0.5441,0.547,0.3181,0.5563,0.449,0.9576,0.4688,0.806,0.1154,0.4928,0.239,0.9721,0.2975,0.805,0.1344,0.3549,0.193,0.6361,0.3180,0.162,0.4311,0.3189
406,13.567,15,0.742,0.5653,0.4702,0.441,0.8056,0.5395,0.509,0.3148,0.5441,0.453,0.9542,0.4672,0.799,0.1174,0.4934,0.156,0.9708,0.3030,0.804,0.1349,0.3549,0.131,0.6469,0.3326,0.133,0.4359,0.3282
407,13.600,15,0.731,0.5713,0.4614,0.398,0.8111,0.5296,0.515,0.3100,0.5328,0.450,0.9543,0.4659,0.789,0.1185,0.4936,0.132,0.9708,0.3007,0.801,0.1351,0.3545,0.134,0.6381,0.3186,0.147,0.4211,0.3295
408,13.633,14,0.763,0.5676,0.4462,0.395,0.8136,0.5217,0.494,0.3120,0.5190,0.403,0.9524,0.4658,0.792,0.1186,0.4940,0.000,0.0000,1.0000,0.799,0.1353,0.3544,0.134,0.6383,0.3040,0.152,0.4297,0.3100
409,13.667,14,0.720,0.5701,0.4376,0.384,0.8204,0.5144,0.486,0.3103,0.5109,0.202,0.9499,0.4661,0.778,0.1205,0.4951,0.000,0.0000,1.0000,0.800,0.1358,0.3543,0.125,0.6326,0.2942,0.123,0.4173,0.3097
410,13.700,14,0.795,0.5707,0.4315,0.328,0.8164,0.5078,0.476,0.3099,0.5055,0.295,0.9480,0.4602,0.768,0.1217,0.4945,0.000,0.0000,1.0000,0.795,0.1371,0.3543,0.111,0.6562,0.3081,0.117,0.4368,0.3066
411,13.733,11,0.729,0.5791,0.4192,0.282,0.8332,0.5004,0.464,0.3038,0.4984,0.199,0.9527,0.4569,0.759,0.1209,0.4945,0.000,0.0000,1.0000,0.783,0.1379,0.3541,0.000,0.0000,1.0000,0.000,0.0000,1.0000
412,13.767,11,0.707,0.5861,0.4107,0.260,0.8365,0.4916,0.459,0.3074,0.4955,0.154,0.9533,0.4551,0.756,0.1198,0.4954,0.000,0.0000,1.0000,0.777,0.1381,0.3534,0.000,0.0000,1.0000,0.000,0.0000,1.0000
413,13.800,12,0.641,0.5830,0.4064,0.235,0.8216,0.4897,0.451,0.3049,0.4960,0.221,0.9490,0.4530,0.737,0.1202,0.4972,0.000,0.0000,1.0000,0.783,0.1380,0.3538,0.000,0.0000,1.0000,0.110,0.4622,0.3055
414,13.833,10,0.624,0.5838,0.4047,0.206,0.8454,0.4781,0.425,0.2994,0.4932,0.000,0.0000,1.0000,0.723,0.1209,0.4995,0.000,0.0000,1.0000,0.777,0.1378,0.3543,0.000,0.0000,1.0000,0.000,0.0000,1.0000
415,13.867,10,0.731,0.5854,0.3965,0.159,0.8624,0.4761,0.388,0.3021,0.4929,0.000,0.0000,1.0000,0.703,0.1230,0.5014,0.000,0.0000,1.0000,0.762,0.1385,0.3540,0.000,0.0000,1.0000,0.000,0.0000,1.0000
416,13.900,10,0.780,0.5773,0.3948,0.160,0.8658,0.4752,0.428,0.3049,0.4928,0.000,0.0000,1.0000,0.708,0.1239,0.5022,0.000,0.0000,1.0000,0.753,0.1393,0.3535,0.000,0.0000,1.0000,0.000,0.0000,1.0000
417,13.933,10,0.770,0.5793,0.3898,0.100,0.8714,0.4753,0.322,0.2997,0.4851,0.000,0.0000,1.0000,0.684,0.1260,0.5041,0.000,0.0000,1.0000,0.744,0.1392,0.3534,0.000,0.0000,1.0000,0.000,0.0000,1.0000
418,13.967,8,0.800,0.5766,0.3860,0.000,0.0000,1.0000,0.310,0.2848,0.4835,0.000,0.0000,1.0000,0.623,0.1300,0.5042,0.000,0.0000,1.0000,0.713,0.1402,0.3527,0.000,0.0000,1.0000,0.000,0.0000,1.0000
419,14.000,8,0.713,0.5809,0.3842,0.000,0.0000,1.0000,0.300,0.2838,0.4837,0.000,0.0000,1.0000,0.603,0.1325,0.5033,0.000,0.0000,1.0000,0.680,0.1414,0.3531,0.000,0.0000,1.0000,0.000,0.0000,1.0000
420,14.033,8,0.604,0.5823,0.3769,0.000,0.0000,1.0000,0.290,0.2857,0.4817,0.000,0.0000,1.0000,0.610,0.1353,0.5046,0.000,0.0000,1.0000,0.676,0.1414,0.3532,0.000,0.0000,1.0000,0.000,0.0000,1.0000
421,14.067,8,0.554,0.5835,0.3691,0.000,0.0000,1.0000,0.265,0.2832,0.4820,0.000,0.0000,1.0000,0.581,0.1398,0.5033,0.000,0.0000,1.0000,0.680,0.1420,0.3537,0.000,0.0000,1.0000,0.000,0.0000,1.0000
422,14.100,7,0.443,0.5968,0.3705,0.000,0.0000,1.0000,0.250,0.2856,0.4822,0.000,0.0000,1.0000,0.582,0.1402,0.5042,0.000,0.0000,1.0000,0.653,0.1423,0.3539,0.000,0.0000,1.0000,0.000,0.0000,1.0000
423,14.133,7,0.252,0.5995,0.3473,0.000,0.0000,1.0000,0.238,0.2850,0.4808,0.000,0.0000,1.0000,0.481,0.1401,0.5057,0.000,0.0000,1.0000,0.608,0.1424,0.3527,0.000,0.0000,1.0000,0.000,0.0000,1.0000
424,14.167,0,0.000,-1,-1,0.000,-1,-1,0.000,-1,-1,0.000,-1,-1,0.000,-1,-1,0.000,-1,-1,0.000,-1,-1,0.000,-1,-1,0.000,-1,-1
425,14.200,0,0.000,-1,-1,0.000,-1,-1,0.000,-1,-1,0.000,-1,-1,0.000,-1,-1,0.000,-1,-1,0.000,-1,-1,0.000,-1,-1,0.000,-1,-1
426,14.233,0,0.000,-1,-1,0.000,-1,-1,0.000,-1,-1,0.000,-1,-1,0.000,-1,-1,0.000,-1,-1,0.000,-1,-1,0.000,-1,-1,0.000,-1,-1
427,14.267,0,0.000,-1,-1,0.000,-1,-1,0.000,-1,-1,0.000,-1,-1,0.000,-1,-1,0.000,-1,-1,0.000,-1,-1,0.000,-1,-1,0.000,-1,-1
428,14.300,0,0.000,-1,-1,0.000,-1,-1,0.000,-1,-1,0.000,-1,-1,0.000,-1,-1,0.000,-1,-1,0.000,-1,-1,0.000,-1,-1,0.000,-1,-1
429,14.333,0,0.000,-1,-1,0.000,-1,-1,0.000,-1,-1,0.000,-1,-1,0.000,-1,-1,0.000,-1,-1,0.000,-1,-1,0.000,-1,-1,0.000,-1,-1
430,14.367,8,0.347,0.6055,0.5713,0.000,0.0000,1.0000,0.229,0.2906,0.4936,0.000,0.0000,1.0000,0.544,0.1309,0.5045,0.000,0.0000,1.0000,0.617,0.1415,0.3520,0.000,0.0000,1.0000,0.000,0.0000,1.0000
431,14.400,7,0.107,0.5934,0.3879,0.000,0.0000,1.0000,0.334,0.2869,0.4993,0.000,0.0000,1.0000,0.622,0.1264,0.5033,0.000,0.0000,1.0000,0.690,0.1411,0.3526,0.000,0.0000,1.0000,0.000,0.0000,1.0000
432,14.433,7,0.000,0.0000,1.0000,0.000,0.0000,1.0000,0.389,0.2929,0.5058,0.000,0.0000,1.0000,0.675,0.1248,0.5002,0.000,0.0000,1.0000,0.714,0.1406,0.3529,0.000,0.0000,1.0000,0.000,0.0000,1.0000
433,14.467,11,0.610,0.5930,0.4175,0.191,0.8190,0.5107,0.472,0.3034,0.5131,0.234,0.9505,0.4684,0.712,0.1248,0.4989,0.177,0.9716,0.3405,0.756,0.1395,0.3524,0.000,0.0000,1.0000,0.000,0.0000,1.0000
434,14.500,14,0.667,0.5880,0.4413,0.237,0.8163,0.5261,0.455,0.3017,0.5277,0.218,0.9561,0.4690,0.749,0.1239,0.4970,0.212,0.9677,0.3409,0.763,0.1397,0.3528,0.000,0.0000,1.0000,0.114,0.4650,0.2932
435,14.533,11,0.479,0.5823,0.4446,0.224,0.8171,0.5370,0.405,0.3023,0.5386,0.000,0.0000,1.0000,0.764,0.1241,0.4967,0.000,0.0000,1.0000,0.781,0.1374,0.3537,0.000,0.0000,1.0000,0.000,0.0000,1.0000
436,14.567,15,0.612,0.5729,0.4481,0.348,0.8144,0.5563,0.507,0.3073,0.5555,0.123,0.9649,0.4785,0.786,0.1240,0.4966,0.000,0.0000,1.0000,0.795,0.1381,0.3537,0.103,0.6313,0.2824,0.116,0.4276,0.3048
437,14.600,13,0.374,0.5733,0.4694,0.259,0.8146,0.5647,0.424,0.3075,0.5657,0.000,0.0000,1.0000,0.770,0.1227,0.4976,0.000,0.0000,1.0000,0.773,0.1376,0.3541,0.000,0.0000,1.0000,0.106,0.4528,0.3164
438,14.633,16,0.571,0.5782,0.4801,0.351,0.8089,0.5776,0.472,0.3176,0.5759,0.328,0.9625,0.4774,0.781,0.1235,0.4980,0.227,0.9692,0.3315,0.786,0.1385,0.3534,0.105,0.6469,0.3199,0.130,0.4389,0.3294
439,14.667,16,0.624,0.5727,0.4959,0.361,0.8051,0.5856,0.506,0.3139,0.5879,0.378,0.9626,0.4801,0.773,0.1237,0.4977,0.252,0.9689,0.3293,0.795,0.1387,0.3543,0.126,0.6312,0.3086,0.161,0.4322,0.3413
440,14.700,15,0.665,0.5739,0.5053,0.475,0.8036,0.5953,0.535,0.3190,0.6017,0.553,0.9611,0.4824,0.759,0.1241,0.4994,0.298,0.9682,0.3209,0.807,0.1389,0.3542,0.180,0.6343,0.3188,0.201,0.4334,0.3315
441,14.733,15,0.693,0.5761,0.5262,0.496,0.8006,0.6063,0.561,0.3225,0.6088,0.584,0.9613,0.4845,0.749,0.1258,0.5006,0.396,0.9687,0.3205,0.822,0.1382,0.3550,0.217,0.6499,0.3551,0.242,0.4361,0.3453
442,14.767,16,0.751,0.5759,0.5309,0.518,0.7952,0.6160,0.581,0.3201,0.6165,0.617,0.9615,0.4886,0.778,0.1269,0.5040,0.431,0.9693,0.3201,0.815,0.1394,0.3548,0.218,0.6394,0.3548,0.234,0.4341,0.3664
443,14.800,16,0.699,0.5683,0.5385,0.476,0.7871,0.6234,0.590,0.3244,0.6267,0.652,0.9604,0.4892,0.775,0.1276,0.5044,0.531,0.9683,0.3275,0.811,0.1394,0.3550,0.234,0.6394,0.3686,0.249,0.4306,0.3776
444,14.833,15,0.753,0.5691,0.5475,0.493,0.7895,0.6271,0.560,0.3296,0.6316,0.690,0.9601,0.4920,0.799,0.1320,0.5046,0.696,0.9662,0.3311,0.812,0.1390,0.3547,0.217,0.6454,0.3804,0.243,0.4296,0.3799
445,14.867,15,0.623,0.5703,0.5537,0.499,0.7834,0.6327,0.555,0.3281,0.6382,0.686,0.9575,0.4958,0.817,0.1359,0.5061,0.740,0.9649,0.3333,0.810,0.1395,0.3548,0.238,0.6374,0.3806,0.258,0.4269,0.3932
446,14.900,15,0.640,0.5636,0.5633,0.521,0.7805,0.6411,0.553,0.3317,0.6432,0.662,0.9571,0.4990,0.798,0.1406,0.5089,0.724,0.9645,0.3357,0.806,0.1405,0.3547,0.256,0.6404,0.3938,0.284,0.4370,0.4049
447,14.933,15,0.694,0.5615,0.5739,0.568,0.7756,0.6506,0.589,0.3400,0.6527,0.667,0.9561,0.5020,0.782,0.1472,0.5112,0.742,0.9629,0.3384,0.805,0.1412,0.3549,0.269,0.6398,0.3942,0.298,0.4378,0.4070
448,14.967,16,0.729,0.5616,0.5819,0.520,0.7670,0.6579,0.576,0.3446,0.6581,0.687,0.9542,0.5060,0.789,0.1557,0.5135,0.770,0.9636,0.3437,0.787,0.1425,0.3535,0.338,0.6418,0.4064,0.345,0.4404,0.4156
449,15.000,18,0.718,0.5624,0.5876,0.545,0.7666,0.6648,0.625,0.3463,0.6656,0.685,0.9500,0.5123,0.770,0.1668,0.5184,0.752,0.9625,0.3526,0.771,0.1437,0.3536,0.345,0.6417,0.4179,0.355,0.4480,0.4081
450,15.033,19,0.679,0.5655,0.5985,0.539,0.7644,0.6669,0.635,0.3460,0.6693,0.658,0.9433,0.5139,0.792,0.1746,0.5213,0.742,0.9623,0.3546,0.768,0.1445,0.3536,0.363,0.6329,0.4192,0.357,0.4455,0.4277
451,15.067,19,0.597,0.5677,0.6058,0.555,0.7612,0.6720,0.616,0.3514,0.6758,0.721,0.9289,0.5203,0.764,0.1847,0.5262,0.739,0.9605,0.3468,0.756,0.1454,0.3545,0.398,0.6364,0.4414,0.375,0.4540,0.4407
452,15.100,19,0.698,0.5641,0.6083,0.577,0.7588,0.6744,0.612,0.3540,0.6777,0.590,0.9198,0.5151,0.785,0.1920,0.5291,0.747,0.9580,0.3460,0.757,0.1456,0.3543,0.448,0.6389,0.4528,0.433,0.4562,0.4570
453,15.133,19,0.721,0.5662,0.6142,0.575,0.7618,0.6738,0.640,0.3574,0.6801,0.365,0.9167,0.5108,0.776,0.2017,0.5302,0.750,0.9587,0.3449,0.759,0.1458,0.3541,0.465,0.6392,0.4573,0.396,0.4613,0.4666
454,15.167,19,0.725,0.5676,0.6187,0.565,0.7604,0.6738,0.672,0.3599,0.6803,0.674,0.9278,0.4793,0.787,0.2148,0.5302,0.751,0.9567,0.3441,0.778,0.1472,0.3558,0.465,0.6348,0.4606,0.428,0.4615,0.4716
455,15.200,19,0.700,0.5637,0.6207,0.566,0.7590,0.6710,0.676,0.3651,0.6803,0.724,0.9089,0.4905,0.756,0.2287,0.5331,0.731,0.9572,0.3408,0.788,0.1500,0.3565,0.489,0.6329,0.4683,0.453,0.4629,0.4816
456,15.233,19,0.754,0.5640,0.6222,0.540,0.7613,0.6713,0.649,0.3715,0.6827,0.708,0.8948,0.4965,0.773,0.2393,0.5338,0.696,0.9561,0.3408,0.798,0.1522,0.3586,0.479,0.6320,0.4697,0.464,0.4626,0.4846
457,15.267,19,0.805,0.5578,0.6223,0.526,0.7540,0.6697,0.635,0.3761,0.6835,0.741,0.8861,0.5027,0.753,0.2521,0.5307,0.710,0.9551,0.3430,0.805,0.1543,0.3608,0.501,0.6332,0.4729,0.497,0.4659,0.4916
458,15.300,19,0.799,0.5575,0.6247,0.567,0.7534,0.6684,0.652,0.3814,0.6822,0.731,0.8781,0.5061,0.785,0.2601,0.5318,0.706,0.9557,0.3449,0.792,0.1512,0.3617,0.487,0.6320,0.4738,0.496,0.4635,0.4940
459,15.333,19,0.803,0.5554,0.6253,0.546,0.7503,0.6651,0.663,0.3830,0.6812,0.746,0.8743,0.5078,0.783,0.2628,0.5297,0.701,0.9564,0.3467,0.793,0.1508,0.3617,0.534,0.6339,0.4834,0.522,0.4695,0.4968
460,15.367,19,0.775,0.5611,0.6242,0.557,0.7499,0.6625,0.674,0.3872,0.6778,0.739,0.8747,0.5070,0.751,0.2735,0.5277,0.692,0.9564,0.3470,0.833,0.1549,0.3597,0.530,0.6365,0.4819,0.519,0.4715,0.4960
461,15.400,19,0.788,0.5625,0.6224,0.548,0.7500,0.6598,0.668,0.3895,0.6747,0.746,0.8733,0.5042,0.777,0.2852,0.5225,0.709,0.9573,0.3450,0.793,0.1626,0.3573,0.533,0.6381,0.4831,0.524,0.4727,0.4968
462,15.433,19,0.755,0.5627,0.6201,0.569,0.7491,0.6578,0.656,0.3915,0.6706,0.759,0.8704,0.5041,0.781,0.2873,0.5195,0.693,0.9555,0.3423,0.788,0.1629,0.3560,0.526,0.6378,0.4841,0.514,0.4750,0.4976
463,15.467,19,0.748,0.5607,0.6165,0.576,0.7509,0.6551,0.691,0.3886,0.6679,0.729,0.8729,0.5022,0.782,0.2871,0.5191,0.695,0.9556,0.3420,0.799,0.1619,0.3562,0.525,0.6396,0.4855,0.495,0.4761,0.4988
464,15.500,19,0.736,0.5625,0.6132,0.549,0.7527,0.6545,0.701,0.3869,0.6668,0.716,0.8746,0.5020,0.771,0.2883,0.5204,0.701,0.9552,0.3437,0.788,0.1623,0.3550,0.515,0.6415,0.4863,0.510,0.4772,0.5038
465,15.533,19,0.803,0.5579,0.6118,0.535,0.7528,0.6529,0.690,0.3866,0.6638,0.707,0.8751,0.5008,0.731,0.2917,0.5162,0.710,0.9550,0.3440,0.766,0.1666,0.3542,0.508,0.6427,0.4855,0.521,0.4780,0.5037
466,15.567,19,0.760,0.5609,0.6120,0.535,0.7554,0.6516,0.667,0.3875,0.6625,0.745,0.8711,0.4999,0.670,0.2927,0.5107,0.734,0.9537,0.3418,0.753,0.1688,0.3521,0.496,0.6440,0.4852,0.511,0.4796,0.5045
467,15.600,19,0.747,0.5628,0.6113,0.558,0.7583,0.6527,0.675,0.3876,0.6622,0.754,0.8705,0.4993,0.719,0.2999,0.5193,0.729,0.9536,0.3412,0.769,0.1712,0.3523,0.483,0.6444,0.4838,0.500,0.4800,0.5047
468,15.633,19,0.774,0.5630,0.6108,0.559,0.7585,0.6522,0.663,0.3907,0.6615,0.730,0.8728,0.5003,0.733,0.3059,0.5286,0.704,0.9553,0.3426,0.762,0.1695,0.3528,0.478,0.6452,0.4847,0.494,0.4805,0.5037
469,15.667,19,0.741,0.5628,0.6116,0.554,0.7600,0.6520,0.654,0.3919,0.6616,0.710,0.8737,0.5005,0.722,0.3043,0.5300,0.710,0.9548,0.3421,0.774,0.1670,0.3551,0.485,0.6461,0.4849,0.500,0.4823,0.5032
470,15.700,19,0.764,0.5642,0.6134,0.566,0.7599,0.6523,0.648,0.3928,0.6616,0.735,0.8724,0.4999,0.753,0.3073,0.5334,0.715,0.9545,0.3415,0.792,0.1674,0.3563,0.479,0.6465,0.4843,0.504,0.4824,0.5033
471,15.733,19,0.772,0.5653,0.6137,0.572,0.7599,0.6534,0.680,0.3938,0.6634,0.734,0.8710,0.5015,0.760,0.3082,0.5337,0.715,0.9540,0.3410,0.800,0.1689,0.3573,0.483,0.6461,0.4832,0.494,0.4836,0.4996
472,15.767,19,0.792,0.5663,0.6184,0.578,0.7599,0.6544,0.696,0.3940,0.6648,0.757,0.8715,0.5036,0.725,0.3122,0.5361,0.716,0.9542,0.3411,0.799,0.1686,0.3596,0.481,0.6461,0.4840,0.491,0.4833,0.5036
473,15.800,19,0.812,0.5669,0.6197,0.568,0.7592,0.6544,0.689,0.3941,0.6650,0.751,0.8715,0.5043,0.729,0.3085,0.5344,0.719,0.9545,0.3410,0.783,0.1657,0.3589,0.469,0.6465,0.4831,0.494,0.4832,0.4997
474,15.833,19,0.842,0.5659,0.6196,0.543,0.7570,0.6540,0.683,0.3948,0.6659,0.750,0.8713,0.5031,0.736,0.3068,0.5345,0.729,0.9540,0.3411,0.793,0.1644,0.3585,0.468,0.6469,0.4832,0.495,0.4830,0.4994
475,15.867,19,0.853,0.5660,0.6221,0.555,0.7577,0.6539,0.677,0.3953,0.6663,0.743,0.8720,0.5036,0.746,0.3025,0.5345,0.724,0.9544,0.3415,0.818,0.1589,0.3584,0.471,0.6467,0.4828,0.505,0.4826,0.4976
476,15.900,19,0.849,0.5687,0.6242,0.572,0.7582,0.6545,0.688,0.3929,0.6677,0.741,0.8722,0.5040,0.705,0.2948,0.5329,0.718,0.9545,0.3417,0.827,0.1528,0.3582,0.489,0.6459,0.4830,0.509,0.4823,0.4975
477,15.933,19,0.818,0.5689,0.6263,0.596,0.7593,0.6554,0.681,0.3912,0.6687,0.748,0.8711,0.5045,0.706,0.2859,0.5292,0.729,0.9537,0.3414,0.823,0.1527,0.3575,0.496,0.6457,0.4829,0.504,0.4807,0.4983
478,15.967,19,0.821,0.5680,0.6296,0.576,0.7574,0.6553,0.672,0.3917,0.6699,0.746,0.8721,0.5041,0.703,0.2879,0.5312,0.732,0.9534,0.3415,0.813,0.1527,0.3561,0.500,0.6459,0.4834,0.509,0.4803,0.4971
479,16.000,19,0.836,0.5664,0.6320,0.548,0.7558,0.6560,0.678,0.3907,0.6695,0.745,0.8727,0.5046,0.715,0.2874,0.5325,0.730,0.9535,0.3416,0.803,0.1522,0.3554,0.494,0.6456,0.4846,0.509,0.4792,0.4980
480,16.033,19,0.837,0.5650,0.6343,0.564,0.7561,0.6562,0.655,0.3895,0.6714,0.744,0.8730,0.5046,0.737,0.2813,0.5346,0.733,0.9533,0.3420,0.799,0.1513,0.3560,0.486,0.6454,0.4863,0.503,0.4788,0.5028
481,16.067,19,0.810,0.5628,0.6357,0.536,0.7553,0.6581,0.653,0.3893,0.6747,0.735,0.8738,0.5037,0.743,0.2772,0.5378,0.737,0.9524,0.3424,0.806,0.1504,0.3567,0.509,0.6432,0.4825,0.495,0.4782,0.4971
482,16.100,19,0.822,0.5639,0.6363,0.506,0.7537,0.6599,0.664,0.3860,0.6764,0.741,0.8731,0.5011,0.703,0.2695,0.5370,0.736,0.9524,0.3421,0.796,0.1490,0.3573,0.519,0.6422,0.4823,0.519,0.4765,0.4958
483,16.133,19,0.773,0.5623,0.6381,0.519,0.7541,0.6599,0.656,0.3813,0.6781,0.783,0.8771,0.4954,0.734,0.2525,0.5356,0.730,0.9531,0.3432,0.779,0.1470,0.3567,0.517,0.6402,0.4801,0.513,0.4759,0.4940
484,16.167,19,0.804,0.5626,0.6365,0.486,0.7505,0.6601,0.640,0.3741,0.6780,0.771,0.8866,0.4865,0.760,0.2388,0.5366,0.721,0.9540,0.3428,0.774,0.1448,0.3565,0.521,0.6385,0.4808,0.521,0.4734,0.4945
485,16.200,19,0.795,0.5610,0.6342,0.473,0.7493,0.6603,0.644,0.3718,0.6771,0.671,0.9014,0.4730,0.741,0.2274,0.5347,0.692,0.9555,0.3451,0.788,0.1427,0.3567,0.522,0.6360,0.4825,0.514,0.4702,0.4937
486,16.233,19,0.800,0.5575,0.6281,0.460,0.7498,0.6598,0.656,0.3684,0.6766,0.449,0.8955,0.4983,0.745,0.2096,0.5338,0.697,0.9569,0.3459,0.801,0.1398,0.3561,0.481,0.6355,0.4786,0.480,0.4672,0.4908
487,16.267,19,0.818,0.5570,0.6236,0.450,0.7489,0.6593,0.637,0.3638,0.6738,0.645,0.9021,0.5048,0.760,0.1904,0.5312,0.702,0.9576,0.3509,0.811,0.1366,0.3558,0.471,0.6306,0.4712,0.477,0.4676,0.4835
488,16.300,19,0.771,0.5559,0.6174,0.526,0.7502,0.6548,0.660,0.3597,0.6676,0.697,0.9159,0.5039,0.777,0.1738,0.5271,0.774,0.9596,0.3549,0.817,0.1348,0.3552,0.480,0.6318,0.4701,0.441,0.4668,0.4809
489,16.333,19,0.816,0.5555,0.6092,0.536,0.7554,0.6508,0.613,0.3548,0.6643,0.731,0.9279,0.5021,0.766,0.1584,0.5215,0.762,0.9598,0.3587,0.822,0.1346,0.3547,0.477,0.6310,0.4689,0.424,0.4696,0.4732
490,16.367,19,0.800,0.5578,0.5955,0.550,0.7592,0.6478,0.593,0.3529,0.6552,0.665,0.9358,0.4983,0.764,0.1480,0.5155,0.740,0.9601,0.3603,0.825,0.1349,0.3550,0.448,0.6309,0.4562,0.407,0.4683,0.4572
491,16.400,19,0.765,0.5583,0.5842,0.572,0.7615,0.6411,0.599,0.3494,0.6497,0.699,0.9422,0.4935,0.755,0.1427,0.5109,0.811,0.9608,0.3563,0.826,0.1344,0.3553,0.406,0.6260,0.4463,0.355,0.4611,0.4496
492,16.433,19,0.748,0.5583,0.5693,0.533,0.7609,0.6342,0.571,0.3451,0.6388,0.723,0.9447,0.4913,0.788,0.1347,0.5091,0.770,0.9618,0.3510,0.834,0.1336,0.3563,0.373,0.6276,0.4405,0.372,0.4586,0.4457
493,16.467,19,0.805,0.5534,0.5505,0.517,0.7658,0.6229,0.547,0.3406,0.6304,0.694,0.9496,0.4872,0.769,0.1247,0.5046,0.801,0.9628,0.3436,0.830,0.1333,0.3554,0.364,0.6343,0.4418,0.333,0.4572,0.4412
494,16.500,19,0.809,0.5589,0.5361,0.518,0.7719,0.6142,0.535,0.3390,0.6185,0.692,0.9509,0.4868,0.825,0.1159,0.5050,0.778,0.9625,0.3391,0.818,0.1311,0.3555,0.391,0.6267,0.4190,0.351,0.4476,0.4273
495,16.533,19,0.799,0.5566,0.5223,0.516,0.7734,0.6073,0.520,0.3315,0.6071,0.695,0.9524,0.4852,0.811,0.1123,0.5030,0.760,0.9643,0.3341,0.802,0.1302,0.3564,0.351,0.6352,0.4167,0.346,0.4502,0.4104
496,16.567,15,0.712,0.5650,0.5074,0.500,0.7774,0.6001,0.511,0.3277,0.6005,0.729,0.9529,0.4822,0.772,0.1123,0.5000,0.600,0.9672,0.3295,0.802,0.1302,0.3551,0.218,0.6295,0.3824,0.240,0.4382,0.4061
497,16.600,15,0.722,0.5650,0.4914,0.468,0.7803,0.5870,0.526,0.3280,0.5940,0.709,0.9540,0.4775,0.792,0.1072,0.4968,0.536,0.9677,0.3181,0.798,0.1301,0.3542,0.163,0.6255,0.3674,0.175,0.4386,0.3920
498,16.633,15,0.745,0.5567,0.4734,0.435,0.7826,0.5768,0.523,0.3225,0.5820,0.649,0.9561,0.4737,0.797,0.1094,0.4939,0.432,0.9692,0.3096,0.789,0.1303,0.3534,0.191,0.6163,0.3549,0.192,0.4264,0.3824
499,16.667,15,0.559,0.5643,0.4533,0.456,0.7933,0.5686,0.475,0.3244,0.5764,0.592,0.9569,0.4721,0.754,0.1073,0.4916,0.423,0.9690,0.3097,0.778,0.1310,0.3532,0.121,0.6094,0.3532,0.143,0.4366,0.3703
500,16.700,12,0.667,0.5654,0.4363,0.397,0.7981,0.5618,0.415,0.3259,0.5559,0.465,0.9601,0.4686,0.764,0.1036,0.4915,0.240,0.9702,0.3041,0.772,0.1304,0.3530,0.000,0.0000,1.0000,0.000,0.0000,1.0000
501,16.733,12,0.656,0.5716,0.4174,0.383,0.8044,0.5501,0.469,0.3243,0.5516,0.319,0.9600,0.4614,0.773,0.1019,0.4915,0.292,0.9694,0.3106,0.762,0.1302,0.3526,0.000,0.0000,1.0000,0.000,0.0000,1.0000
502,16.767,11,0.614,0.5752,0.4000,0.228,0.8058,0.5378,0.403,0.3184,0.5398,0.147,0.9619,0.4664,0.771,0.1013,0.4936,0.118,0.9733,0.3118,0.753,0.1291,0.3530,0.000,0.0000,1.0000,0.000,0.0000,1.0000
503,16.800,9,0.450,0.5737,0.3816,0.115,0.8198,0.5245,0.383,0.3100,0.5291,0.000,0.0000,1.0000,0.748,0.1014,0.4964,0.000,0.0000,1.0000,0.749,0.1292,0.3536,0.000,0.0000,1.0000,0.000,0.0000,1.0000
504,16.833,7,0.215,0.5791,0.3620,0.000,0.0000,1.0000,0.331,0.2956,0.5255,0.000,0.0000,1.0000,0.718,0.0993,0.4963,0.000,0.0000,1.0000,0.741,0.1286,0.3547,0.000,0.0000,1.0000,0.000,0.0000,1.0000
505,16.867,7,0.503,0.5702,0.3389,0.000,0.0000,1.0000,0.430,0.3045,0.5165,0.000,0.0000,1.0000,0.701,0.0991,0.5002,0.000,0.0000,1.0000,0.759,0.1297,0.3548,0.000,0.0000,1.0000,0.000,0.0000,1.0000
506,16.900,6,0.000,0.0000,1.0000,0.000,0.0000,1.0000,0.412,0.3037,0.5130,0.000,0.0000,1.0000,0.694,0.0993,0.5006,0.000,0.0000,1.0000,0.752,0.1297,0.3539,0.000,0.0000,1.0000,0.000,0.0000,1.0000
507,16.933,7,0.340,0.5786,0.2979,0.000,0.0000,1.0000,0.415,0.3015,0.5015,0.000,0.0000,1.0000,0.673,0.1013,0.5008,0.000,0.0000,1.0000,0.754,0.1312,0.3533,0.000,0.0000,1.0000,0.000,0.0000,1.0000
508,16.967,7,0.131,0.5777,0.2874,0.000,0.0000,1.0000,0.356,0.3054,0.4898,0.000,0.0000,1.0000,0.661,0.1042,0.5049,0.000,0.0000,1.0000,0.729,0.1307,0.3516,0.000,0.0000,1.0000,0.000,0.0000,1.0000
509,17.000,0,0.000,-1,-1,0.000,-1,-1,0.000,-1,-1,0.000,-1,-1,0.000,-1,-1,0.000,-1,-1,0.000,-1,-1,0.000,-1,-1,0.000,-1,-1
510,17.033,7,0.153,0.5859,0.2709,0.000,0.0000,1.0000,0.332,0.3195,0.4813,0.000,0.0000,1.0000,0.636,0.1116,0.5098,0.000,0.0000,1.0000,0.704,0.1322,0.3517,0.000,0.0000,1.0000,0.000,0.0000,1.0000
511,17.067,0,0.000,-1,-1,0.000,-1,-1,0.000,-1,-1,0.000,-1,-1,0.000,-1,-1,0.000,-1,-1,0.000,-1,-1,0.000,-1,-1,0.000,-1,-1
512,17.100,0,0.000,-1,-1,0.000,-1,-1,0.000,-1,-1,0.000,-1,-1,0.000,-1,-1,0.000,-1,-1,0.000,-1,-1,0.000,-1,-1,0.000,-1,-1
513,17.133,6,0.000,0.0000,1.0000,0.000,0.0000,1.0000,0.191,0.3368,0.4790,0.000,0.0000,1.0000,0.595,0.1260,0.5136,0.134,0.1359,0.3510,0.580,0.1342,0.3532,0.000,0.0000,1.0000,0.000,0.0000,1.0000
514,17.167,0,0.000,-1,-1,0.000,-1,-1,0.000,-1,-1,0.000,-1,-1,0.000,-1,-1,0.000,-1,-1,0.000,-1,-1,0.000,-1,-1,0.000,-1,-1
515,17.200,0,0.000,-1,-1,0.000,-1,-1,0.000,-1,-1,0.000,-1,-1,0.000,-1,-1,0.000,-1,-1,0.000,-1,-1,0.000,-1,-1,0.000,-1,-1
516,17.233,6,0.000,0.0000,1.0000,0.000,0.0000,1.0000,0.209,0.3388,0.4670,0.000,0.0000,1.0000,0.556,0.1351,0.5153,0.109,0.1358,0.3490,0.632,0.1376,0.3516,0.000,0.0000,1.0000,0.000,0.0000,1.0000
517,17.267,6,0.000,0.0000,1.0000,0.000,0.0000,1.0000,0.186,0.3466,0.4745,0.000,0.0000,1.0000,0.565,0.1397,0.5167,0.166,0.1380,0.3445,0.570,0.1360,0.3526,0.000,0.0000,1.0000,0.000,0.0000,1.0000
518,17.300,6,0.104,0.6817,0.2300,0.000,0.0000,1.0000,0.169,0.3490,0.4681,0.000,0.0000,1.0000,0.571,0.1418,0.5160,0.172,0.1402,0.3474,0.581,0.1382,0.3520,0.000,0.0000,1.0000,0.000,0.0000,1.0000
519,17.333,0,0.000,-1,-1,0.000,-1,-1,0.000,-1,-1,0.000,-1,-1,0.000,-1,-1,0.000,-1,-1,0.000,-1,-1,0.000,-1,-1,0.000,-1,-1
520,17.367,0,0.000,-1,-1,0.000,-1,-1,0.000,-1,-1,0.000,-1,-1,0.000,-1,-1,0.000,-1,-1,0.000,-1,-1,0.000,-1,-1,0.000,-1,-1
521,17.400,6,0.124,0.6509,0.2517,0.000,0.0000,1.0000,0.269,0.3284,0.4676,0.000,0.0000,1.0000,0.625,0.1360,0.5110,0.000,0.0000,1.0000,0.636,0.1402,0.3495,0.000,0.0000,1.0000,0.000,0.0000,1.0000
522,17.433,0,0.000,-1,-1,0.000,-1,-1,0.000,-1,-1,0.000,-1,-1,0.000,-1,-1,0.000,-1,-1,0.000,-1,-1,0.000,-1,-1,0.000,-1,-1
523,17.467,0,0.000,-1,-1,0.000,-1,-1,0.000,-1,-1,0.000,-1,-1,0.000,-1,-1,0.000,-1,-1,0.000,-1,-1,0.000,-1,-1,0.000,-1,-1
524,17.500,0,0.000,-1,-1,0.000,-1,-1,0.000,-1,-1,0.000,-1,-1,0.000,-1,-1,0.000,-1,-1,0.000,-1,-1,0.000,-1,-1,0.000,-1,-1
525,17.533,6,0.000,0.0000,1.0000,0.000,0.0000,1.0000,0.358,0.3111,0.5073,0.000,0.0000,1.0000,0.635,0.1272,0.4945,0.000,0.0000,1.0000,0.722,0.1355,0.3514,0.000,0.0000,1.0000,0.000,0.0000,1.0000
526,17.567,6,0.118,0.5860,0.3615,0.000,0.0000,1.0000,0.391,0.3093,0.5265,0.000,0.0000,1.0000,0.663,0.1264,0.4922,0.000,0.0000,1.0000,0.751,0.1339,0.3533,0.000,0.0000,1.0000,0.000,0.0000,1.0000
527,17.600,7,0.107,0.5902,0.3813,0.000,0.0000,1.0000,0.359,0.3059,0.5353,0.000,0.0000,1.0000,0.671,0.1278,0.4889,0.000,0.0000,1.0000,0.744,0.1350,0.3527,0.000,0.0000,1.0000,0.000,0.0000,1.0000
528,17.633,11,0.253,0.5858,0.4122,0.155,0.8245,0.5335,0.406,0.3078,0.5525,0.143,0.9613,0.4748,0.704,0.1264,0.4886,0.119,0.9723,0.3448,0.761,0.1360,0.3524,0.000,0.0000,1.0000,0.000,0.0000,1.0000
529,17.667,9,0.492,0.5834,0.4330,0.188,0.8171,0.5527,0.346,0.3063,0.5614,0.000,0.0000,1.0000,0.731,0.1244,0.4905,0.000,0.0000,1.0000,0.754,0.1365,0.3528,0.000,0.0000,1.0000,0.000,0.0000,1.0000
530,17.700,12,0.554,0.5749,0.4414,0.299,0.8146,0.5625,0.412,0.3121,0.5707,0.222,0.9635,0.4782,0.789,0.1202,0.4931,0.176,0.9722,0.3383,0.771,0.1363,0.3531,0.000,0.0000,1.0000,0.000,0.0000,1.0000
531,17.733,11,0.561,0.5759,0.4698,0.343,0.8113,0.5779,0.427,0.3218,0.5833,0.352,0.9630,0.4792,0.805,0.1168,0.4955,0.214,0.9719,0.3432,0.781,0.1367,0.3532,0.000,0.0000,1.0000,0.000,0.0000,1.0000
532,17.767,15,0.485,0.5741,0.4899,0.416,0.8139,0.5831,0.508,0.3190,0.5945,0.507,0.9625,0.4788,0.790,0.1171,0.4976,0.256,0.9702,0.3313,0.795,0.1370,0.3533,0.138,0.6260,0.3213,0.145,0.4421,0.3315
533,17.800,14,0.694,0.5701,0.4934,0.414,0.8125,0.5906,0.503,0.3220,0.6039,0.514,0.9644,0.4830,0.773,0.1209,0.4989,0.388,0.9701,0.3181,0.797,0.1383,0.3539,0.000,0.0000,1.0000,0.107,0.4681,0.3086
534,17.833,15,0.731,0.5677,0.5061,0.451,0.8114,0.5946,0.532,0.3263,0.6091,0.582,0.9645,0.4857,0.764,0.1228,0.5002,0.455,0.9696,0.3269,0.809,0.1390,0.3538,0.165,0.6177,0.3312,0.164,0.4338,0.3457
535,17.867,15,0.750,0.5665,0.5184,0.505,0.7990,0.6040,0.528,0.3316,0.6244,0.597,0.9627,0.4883,0.768,0.1236,0.5007,0.609,0.9680,0.3312,0.809,0.1394,0.3537,0.182,0.6255,0.3426,0.180,0.4328,0.3677
536,17.900,15,0.782,0.5658,0.5329,0.478,0.7931,0.6086,0.540,0.3307,0.6279,0.660,0.9608,0.4911,0.761,0.1256,0.5015,0.709,0.9661,0.3354,0.815,0.1386,0.3538,0.182,0.6366,0.3816,0.198,0.4411,0.3934
537,17.933,17,0.768,0.5647,0.5418,0.480,0.7847,0.6174,0.526,0.3296,0.6329,0.671,0.9602,0.4909,0.786,0.1303,0.5034,0.726,0.9649,0.3385,0.814,0.1399,0.3542,0.252,0.6500,0.4041,0.295,0.4509,0.3947
538,17.967,16,0.750,0.5600,0.5527,0.473,0.7806,0.6212,0.542,0.3290,0.6406,0.678,0.9591,0.4913,0.797,0.1358,0.5049,0.768,0.9629,0.3393,0.813,0.1407,0.3548,0.266,0.6413,0.3924,0.279,0.4467,0.4056
539,18.000,17,0.709,0.5585,0.5651,0.513,0.7769,0.6337,0.528,0.3318,0.6488,0.672,0.9574,0.4965,0.782,0.1430,0.5081,0.802,0.9626,0.3443,0.802,0.1418,0.3540,0.291,0.6422,0.4068,0.314,0.4501,0.4167
540,18.033,19,0.800,0.5547,0.5684,0.542,0.7753,0.6399,0.568,0.3345,0.6520,0.649,0.9552,0.4978,0.798,0.1504,0.5103,0.746,0.9620,0.3498,0.787,0.1429,0.3535,0.325,0.6405,0.4183,0.350,0.4544,0.4280
541,18.067,19,0.702,0.5612,0.5816,0.529,0.7642,0.6463,0.585,0.3410,0.6583,0.688,0.9490,0.5032,0.766,0.1589,0.5123,0.778,0.9618,0.3546,0.775,0.1436,0.3528,0.333,0.6319,0.4180,0.341,0.4564,0.4190
542,18.100,19,0.786,0.5556,0.5853,0.559,0.7629,0.6522,0.607,0.3425,0.6633,0.690,0.9427,0.5084,0.785,0.1700,0.5169,0.764,0.9610,0.3540,0.769,0.1442,0.3530,0.374,0.6296,0.4277,0.395,0.4542,0.4289
543,18.133,19,0.708,0.5614,0.5899,0.560,0.7596,0.6538,0.648,0.3442,0.6675,0.674,0.9348,0.5066,0.801,0.1791,0.5203,0.732,0.9591,0.3491,0.762,0.1449,0.3534,0.378,0.6280,0.4298,0.390,0.4564,0.4296
544,18.167,19,0.703,0.5573,0.5933,0.549,0.7574,0.6586,0.648,0.3455,0.6680,0.627,0.9200,0.5052,0.751,0.1894,0.5227,0.742,0.9579,0.3470,0.770,0.1469,0.3533,0.407,0.6270,0.4407,0.386,0.4579,0.4415
545,18.200,19,0.820,0.5477,0.5966,0.478,0.7517,0.6582,0.637,0.3474,0.6676,0.460,0.9109,0.5047,0.770,0.1923,0.5220,0.739,0.9565,0.3461,0.766,0.1460,0.3533,0.419,0.6274,0.4531,0.400,0.4585,0.4562
546,18.233,19,0.792,0.5486,0.5996,0.467,0.7486,0.6588,0.657,0.3481,0.6686,0.478,0.9233,0.4807,0.736,0.2049,0.5241,0.733,0.9569,0.3443,0.790,0.1488,0.3538,0.436,0.6290,0.4582,0.409,0.4586,0.4680
547,18.267,19,0.801,0.5479,0.6054,0.420,0.7402,0.6574,0.657,0.3519,0.6692,0.632,0.9149,0.4739,0.765,0.2218,0.5279,0.708,0.9559,0.3441,0.788,0.1507,0.3528,0.422,0.6269,0.4546,0.415,0.4606,0.4671
548,18.300,19,0.783,0.5448,0.6103,0.414,0.7370,0.6572,0.638,0.3542,0.6711,0.668,0.8998,0.4787,0.737,0.2294,0.5261,0.700,0.9562,0.3450,0.785,0.1503,0.3531,0.431,0.6278,0.4662,0.439,0.4596,0.4805
549,18.333,19,0.774,0.5441,0.6132,0.420,0.7364,0.6556,0.628,0.3546,0.6703,0.737,0.8868,0.4847,0.750,0.2314,0.5190,0.723,0.9543,0.3440,0.793,0.1518,0.3535,0.467,0.6278,0.4695,0.437,0.4612,0.4829
550,18.367,19,0.762,0.5478,0.6141,0.499,0.7428,0.6566,0.648,0.3551,0.6696,0.743,0.8721,0.4917,0.783,0.2414,0.5199,0.737,0.9540,0.3428,0.795,0.1518,0.3537,0.444,0.6244,0.4673,0.443,0.4581,0.4825
551,18.400,19,0.760,0.5504,0.6144,0.556,0.7480,0.6570,0.679,0.3577,0.6687,0.766,0.8647,0.4944,0.743,0.2518,0.5160,0.742,0.9531,0.3433,0.803,0.1523,0.3537,0.448,0.6231,0.4673,0.458,0.4568,0.4837
552,18.433,19,0.771,0.5486,0.6183,0.575,0.7444,0.6561,0.705,0.3588,0.6678,0.771,0.8587,0.4954,0.780,0.2615,0.5175,0.749,0.9517,0.3439,0.801,0.1533,0.3538,0.465,0.6213,0.4687,0.463,0.4557,0.4885
553,18.467,19,0.781,0.5496,0.6204,0.593,0.7448,0.6546,0.688,0.3595,0.6642,0.755,0.8566,0.4958,0.752,0.2651,0.5124,0.750,0.9526,0.3439,0.795,0.1529,0.3531,0.477,0.6210,0.4722,0.475,0.4577,0.4916
554,18.500,19,0.804,0.5474,0.6231,0.584,0.7449,0.6530,0.670,0.3600,0.6630,0.734,0.8528,0.4954,0.770,0.2673,0.5108,0.722,0.9524,0.3446,0.797,0.1530,0.3526,0.480,0.6215,0.4730,0.466,0.4595,0.4916
555,18.533,19,0.812,0.5459,0.6225,0.586,0.7440,0.6517,0.663,0.3602,0.6621,0.752,0.8475,0.4959,0.776,0.2668,0.5104,0.727,0.9513,0.3441,0.795,0.1528,0.3525,0.474,0.6210,0.4721,0.452,0.4599,0.4912
556,18.567,19,0.782,0.5455,0.6225,0.569,0.7434,0.6508,0.651,0.3590,0.6594,0.752,0.8468,0.4945,0.773,0.2674,0.5098,0.718,0.9516,0.3445,0.796,0.1524,0.3525,0.476,0.6202,0.4710,0.436,0.4603,0.4898
557,18.600,19,0.772,0.5456,0.6228,0.565,0.7413,0.6500,0.658,0.3592,0.6588,0.750,0.8473,0.4959,0.779,0.2671,0.5094,0.720,0.9520,0.3445,0.796,0.1523,0.3524,0.479,0.6198,0.4713,0.437,0.4611,0.4857
558,18.633,19,0.777,0.5471,0.6227,0.563,0.7414,0.6493,0.650,0.3570,0.6586,0.756,0.8470,0.4950,0.784,0.2668,0.5092,0.724,0.9519,0.3448,0.797,0.1528,0.3524,0.478,0.6183,0.4705,0.437,0.4603,0.4901
559,18.667,19,0.768,0.5456,0.6219,0.554,0.7397,0.6493,0.641,0.3560,0.6576,0.760,0.8460,0.4930,0.793,0.2649,0.5089,0.725,0.9516,0.3438,0.794,0.1527,0.3518,0.474,0.6194,0.4718,0.442,0.4605,0.4908
560,18.700,19,0.750,0.5481,0.6236,0.558,0.7405,0.6490,0.641,0.3563,0.6580,0.751,0.8461,0.4914,0.806,0.2615,0.5087,0.732,0.9515,0.3436,0.795,0.1526,0.3522,0.466,0.6195,0.4721,0.438,0.4604,0.4910
561,18.733,19,0.727,0.5424,0.6193,0.538,0.7387,0.6492,0.625,0.3554,0.6586,0.742,0.8516,0.4911,0.798,0.2559,0.5085,0.729,0.9521,0.3436,0.797,0.1527,0.3524,0.471,0.6198,0.4728,0.438,0.4599,0.4920
562,18.767,19,0.745,0.5392,0.6177,0.556,0.7405,0.6495,0.605,0.3558,0.6615,0.759,0.8556,0.4900,0.772,0.2495,0.5082,0.725,0.9532,0.3431,0.799,0.1526,0.3525,0.469,0.6203,0.4738,0.437,0.4610,0.4923
563,18.800,19,0.743,0.5391,0.6183,0.549,0.7402,0.6505,0.634,0.3530,0.6626,0.765,0.8605,0.4885,0.789,0.2444,0.5099,0.714,0.9539,0.3422,0.802,0.1521,0.3526,0.465,0.6203,0.4746,0.457,0.4588,0.4929
564,18.833,19,0.746,0.5380,0.6186,0.553,0.7404,0.6513,0.644,0.3531,0.6638,0.777,0.8666,0.4869,0.758,0.2350,0.5131,0.711,0.9542,0.3424,0.798,0.1521,0.3532,0.470,0.6185,0.4746,0.475,0.4574,0.4930
565,18.867,19,0.738,0.5381,0.6205,0.540,0.7408,0.6514,0.657,0.3529,0.6644,0.740,0.8749,0.4861,0.755,0.2271,0.5155,0.707,0.9542,0.3431,0.796,0.1518,0.3532,0.477,0.6192,0.4732,0.479,0.4578,0.4922
566,18.900,19,0.798,0.5319,0.6144,0.513,0.7413,0.6503,0.652,0.3521,0.6641,0.766,0.8838,0.4815,0.768,0.2171,0.5180,0.704,0.9545,0.3437,0.793,0.1503,0.3530,0.458,0.6193,0.4700,0.445,0.4575,0.4896
567,18.933,19,0.826,0.5273,0.6116,0.511,0.7427,0.6490,0.650,0.3506,0.6635,0.710,0.8981,0.4707,0.761,0.2058,0.5192,0.702,0.9554,0.3454,0.791,0.1474,0.3544,0.440,0.6205,0.4692,0.448,0.4553,0.4888
568,18.967,19,0.811,0.5291,0.6076,0.542,0.7446,0.6453,0.645,0.3490,0.6630,0.622,0.8943,0.4875,0.770,0.1902,0.5186,0.678,0.9561,0.3459,0.779,0.1461,0.3539,0.430,0.6208,0.4677,0.432,0.4565,0.4817
569,19.000,19,0.832,0.5275,0.5979,0.565,0.7451,0.6425,0.631,0.3476,0.6586,0.706,0.8995,0.4905,0.790,0.1803,0.5208,0.713,0.9574,0.3467,0.771,0.1450,0.3544,0.434,0.6219,0.4673,0.464,0.4543,0.4827
570,19.033,19,0.780,0.5307,0.5891,0.547,0.7485,0.6394,0.631,0.3495,0.6540,0.728,0.9064,0.4890,0.749,0.1666,0.5180,0.686,0.9574,0.3502,0.790,0.1432,0.3546,0.420,0.6199,0.4574,0.408,0.4573,0.4766
571,19.067,19,0.799,0.5338,0.5807,0.515,0.7470,0.6348,0.622,0.3479,0.6509,0.693,0.9170,0.4889,0.767,0.1502,0.5138,0.752,0.9590,0.3544,0.808,0.1408,0.3546,0.399,0.6192,0.4472,0.400,0.4558,0.4673
572,19.100,19,0.789,0.5367,0.5719,0.541,0.7504,0.6310,0.615,0.3458,0.6448,0.750,0.9219,0.4916,0.793,0.1412,0.5103,0.732,0.9580,0.3575,0.810,0.1399,0.3550,0.396,0.6205,0.4465,0.414,0.4546,0.4575
573,19.133,19,0.761,0.5408,0.5575,0.499,0.7485,0.6276,0.605,0.3460,0.6412,0.705,0.9324,0.4872,0.801,0.1330,0.5092,0.771,0.9592,0.3566,0.819,0.1396,0.3552,0.381,0.6215,0.4448,0.385,0.4552,0.4543
574,19.167,19,0.757,0.5451,0.5497,0.481,0.7544,0.6214,0.553,0.3437,0.6324,0.682,0.9400,0.4872,0.765,0.1270,0.5100,0.777,0.9583,0.3530,0.825,0.1361,0.3570,0.378,0.6221,0.4344,0.415,0.4533,0.4432
575,19.200,19,0.730,0.5491,0.5396,0.525,0.7554,0.6182,0.537,0.3414,0.6280,0.699,0.9454,0.4879,0.810,0.1184,0.5065,0.799,0.9612,0.3441,0.833,0.1350,0.3570,0.358,0.6216,0.4213,0.390,0.4517,0.4314
576,19.233,19,0.705,0.5605,0.5359,0.505,0.7634,0.6131,0.516,0.3382,0.6188,0.715,0.9491,0.4852,0.818,0.1147,0.5054,0.800,0.9619,0.3409,0.835,0.1338,0.3569,0.356,0.6273,0.4194,0.358,0.4512,0.4287
577,19.267,19,0.821,0.5506,0.5194,0.493,0.7723,0.6063,0.516,0.3381,0.6146,0.743,0.9506,0.4826,0.802,0.1152,0.5024,0.766,0.9628,0.3397,0.825,0.1348,0.3543,0.327,0.6255,0.4063,0.358,0.4464,0.4106
578,19.300,16,0.820,0.5513,0.5031,0.458,0.7740,0.5995,0.506,0.3304,0.6033,0.731,0.9509,0.4778,0.795,0.1169,0.4982,0.708,0.9649,0.3355,0.832,0.1332,0.3555,0.195,0.6267,0.3927,0.277,0.4364,0.4073
579,19.333,16,0.736,0.5560,0.4882,0.464,0.7748,0.5934,0.465,0.3298,0.5961,0.715,0.9529,0.4758,0.809,0.1157,0.4966,0.548,0.9673,0.3277,0.822,0.1326,0.3555,0.165,0.6105,0.3700,0.256,0.4252,0.4057
580,19.367,15,0.720,0.5533,0.4770,0.425,0.7759,0.5837,0.501,0.3264,0.5924,0.694,0.9529,0.4729,0.810,0.1128,0.4943,0.505,0.9678,0.3140,0.819,0.1326,0.3546,0.172,0.6062,0.3442,0.148,0.4220,0.4006
581,19.400,15,0.731,0.5529,0.4608,0.398,0.7806,0.5776,0.461,0.3241,0.5832,0.605,0.9551,0.4713,0.793,0.1116,0.4939,0.422,0.9686,0.3099,0.806,0.1331,0.3537,0.109,0.6155,0.3782,0.114,0.4265,0.3928
582,19.433,12,0.645,0.5513,0.4410,0.427,0.7932,0.5683,0.411,0.3310,0.5787,0.538,0.9572,0.4684,0.771,0.1080,0.4927,0.406,0.9683,0.3087,0.786,0.1332,0.3523,0.000,0.0000,1.0000,0.000,0.0000,1.0000
583,19.467,12,0.678,0.5603,0.4307,0.316,0.8001,0.5609,0.389,0.3229,0.5580,0.361,0.9572,0.4669,0.776,0.1030,0.4919,0.236,0.9704,0.3035,0.767,0.1322,0.3524,0.000,0.0000,1.0000,0.000,0.0000,1.0000
584,19.500,12,0.561,0.5650,0.4025,0.272,0.8021,0.5501,0.358,0.3183,0.5515,0.214,0.9607,0.4643,0.754,0.1033,0.4911,0.230,0.9719,0.3057,0.763,0.1328,0.3524,0.000,0.0000,1.0000,0.000,0.0000,1.0000
585,19.533,11,0.749,0.5660,0.3847,0.184,0.8118,0.5383,0.349,0.3118,0.5411,0.111,0.9604,0.4620,0.741,0.1023,0.4904,0.000,0.0000,1.0000,0.746,0.1314,0.3518,0.000,0.0000,1.0000,0.000,0.0000,1.0000
586,19.567,10,0.485,0.5671,0.3753,0.116,0.8199,0.5327,0.407,0.3042,0.5266,0.000,0.0000,1.0000,0.719,0.1029,0.4909,0.000,0.0000,1.0000,0.762,0.1321,0.3527,0.000,0.0000,1.0000,0.000,0.0000,1.0000
587,19.600,7,0.348,0.5640,0.3504,0.000,0.0000,1.0000,0.397,0.3047,0.5219,0.000,0.0000,1.0000,0.668,0.1069,0.4906,0.000,0.0000,1.0000,0.771,0.1328,0.3533,0.000,0.0000,1.0000,0.000,0.0000,1.0000
588,19.633,9,0.469,0.5603,0.3243,0.175,0.8149,0.5152,0.445,0.3060,0.5174,0.000,0.0000,1.0000,0.678,0.1073,0.4923,0.000,0.0000,1.0000,0.770,0.1341,0.3522,0.000,0.0000,1.0000,0.000,0.0000,1.0000
589,19.667,7,0.238,0.5642,0.3179,0.000,0.0000,1.0000,0.423,0.3102,0.5077,0.000,0.0000,1.0000,0.653,0.1090,0.4949,0.000,0.0000,1.0000,0.761,0.1355,0.3519,0.000,0.0000,1.0000,0.000,0.0000,1.0000
590,19.700,7,0.000,0.0000,1.0000,0.000,0.0000,1.0000,0.405,0.3033,0.4927,0.000,0.0000,1.0000,0.637,0.1078,0.4975,0.000,0.0000,1.0000,0.758,0.1365,0.3518,0.000,0.0000,1.0000,0.000,0.0000,1.0000
591,19.733,0,0.000,-1,-1,0.000,-1,-1,0.000,-1,-1,0.000,-1,-1,0.000,-1,-1,0.000,-1,-1,0.000,-1,-1,0.000,-1,-1,0.000,-1,-1
592,19.767,6,0.000,0.0000,1.0000,0.000,0.0000,1.0000,0.332,0.3005,0.4847,0.000,0.0000,1.0000,0.623,0.1067,0.5054,0.000,0.0000,1.0000,0.722,0.1363,0.3496,0.000,0.0000,1.0000,0.000,0.0000,1.0000
593,19.800,0,0.000,-1,-1,0.000,-1,-1,0.000,-1,-1,0.000,-1,-1,0.000,-1,-1,0.000,-1,-1,0.000,-1,-1,0.000,-1,-1,0.000,-1,-1
594,19.833,0,0.000,-1,-1,0.000,-1,-1,0.000,-1,-1,0.000,-1,-1,0.000,-1,-1,0.000,-1,-1,0.000,-1,-1,0.000,-1,-1,0.000,-1,-1
595,19.867,0,0.000,-1,-1,0.000,-1,-1,0.000,-1,-1,0.000,-1,-1,0.000,-1,-1,0.000,-1,-1,0.000,-1,-1,0.000,-1,-1,0.000,-1,-1
596,19.900,0,0.000,-1,-1,0.000,-1,-1,0.000,-1,-1,0.000,-1,-1,0.000,-1,-1,0.000,-1,-1,0.000,-1,-1,0.000,-1,-1,0.000,-1,-1
597,19.933,0,0.000,-1,-1,0.000,-1,-1,0.000,-1,-1,0.000,-1,-1,0.000,-1,-1,0.000,-1,-1,0.000,-1,-1,0.000,-1,-1,0.000,-1,-1
598,19.967,0,0.000,-1,-1,0.000,-1,-1,0.000,-1,-1,0.000,-1,-1,0.000,-1,-1,0.000,-1,-1,0.000,-1,-1,0.000,-1,-1,0.000,-1,-1
599,20.000,0,0.000,-1,-1,0.000,-1,-1,0.000,-1,-1,0.000,-1,-1,0.000,-1,-1,0.000,-1,-1,0.000,-1,-1,0.000,-1,-1,0.000,-1,-1
600,20.033,6,0.000,0.0000,1.0000,0.000,0.0000,1.0000,0.121,0.3154,0.4530,0.000,0.0000,1.0000,0.501,0.1261,0.5116,0.000,0.0000,1.0000,0.673,0.1410,0.3510,0.000,0.0000,1.0000,0.000,0.0000,1.0000
601,20.067,0,0.000,-1,-1,0.000,-1,-1,0.000,-1,-1,0.000,-1,-1,0.000,-1,-1,0.000,-1,-1,0.000,-1,-1,0.000,-1,-1,0.000,-1,-1
602,20.100,6,0.133,0.5803,0.1747,0.000,0.0000,1.0000,0.106,0.3334,0.4531,0.000,0.0000,1.0000,0.545,0.1335,0.5126,0.000,0.0000,1.0000,0.662,0.1423,0.3508,0.000,0.0000,1.0000,0.000,0.0000,1.0000
603,20.133,0,0.000,-1,-1,0.000,-1,-1,0.000,-1,-1,0.000,-1,-1,0.000,-1,-1,0.000,-1,-1,0.000,-1,-1,0.000,-1,-1,0.000,-1,-1
604,20.167,0,0.000,-1,-1,0.000,-1,-1,0.000,-1,-1,0.000,-1,-1,0.000,-1,-1,0.000,-1,-1,0.000,-1,-1,0.000,-1,-1,0.000,-1,-1
605,20.200,0,0.000,-1,-1,0.000,-1,-1,0.000,-1,-1,0.000,-1,-1,0.000,-1,-1,0.000,-1,-1,0.000,-1,-1,0.000,-1,-1,0.000,-1,-1
606,20.233,0,0.000,-1,-1,0.000,-1,-1,0.000,-1,-1,0.000,-1,-1,0.000,-1,-1,0.000,-1,-1,0.000,-1,-1,0.000,-1,-1,0.000,-1,-1
607,20.267,0,0.000,-1,-1,0.000,-1,-1,0.000,-1,-1,0.000,-1,-1,0.000,-1,-1,0.000,-1,-1,0.000,-1,-1,0.000,-1,-1,0.000,-1,-1
608,20.300,0,0.000,-1,-1,0.000,-1,-1,0.000,-1,-1,0.000,-1,-1,0.000,-1,-1,0.000,-1,-1,0.000,-1,-1,0.000,-1,-1,0.000,-1,-1
609,20.333,0,0.000,-1,-1,0.000,-1,-1,0.000,-1,-1,0.000,-1,-1,0.000,-1,-1,0.000,-1,-1,0.000,-1,-1,0.000,-1,-1,0.000,-1,-1
610,20.367,0,0.000,-1,-1,0.000,-1,-1,0.000,-1,-1,0.000,-1,-1,0.000,-1,-1,0.000,-1,-1,0.000,-1,-1,0.000,-1,-1,0.000,-1,-1
611,20.400,0,0.000,-1,-1,0.000,-1,-1,0.000,-1,-1,0.000,-1,-1,0.000,-1,-1,0.000,-1,-1,0.000,-1,-1,0.000,-1,-1,0.000,-1,-1
612,20.433,0,0.000,-1,-1,0.000,-1,-1,0.000,-1,-1,0.000,-1,-1,0.000,-1,-1,0.000,-1,-1,0.000,-1,-1,0.000,-1,-1,0.000,-1,-1
613,20.467,0,0.000,-1,-1,0.000,-1,-1,0.000,-1,-1,0.000,-1,-1,0.000,-1,-1,0.000,-1,-1,0.000,-1,-1,0.000,-1,-1,0.000,-1,-1
614,20.500,0,0.000,-1,-1,0.000,-1,-1,0.000,-1,-1,0.000,-1,-1,0.000,-1,-1,0.000,-1,-1,0.000,-1,-1,0.000,-1,-1,0.000,-1,-1
615,20.533,0,0.000,-1,-1,0.000,-1,-1,0.000,-1,-1,0.000,-1,-1,0.000,-1,-1,0.000,-1,-1,0.000,-1,-1,0.000,-1,-1,0.000,-1,-1
616,20.567,0,0.000,-1,-1,0.000,-1,-1,0.000,-1,-1,0.000,-1,-1,0.000,-1,-1,0.000,-1,-1,0.000,-1,-1,0.000,-1,-1,0.000,-1,-1
617,20.600,8,0.116,0.5558,0.3476,0.149,0.8250,0.5225,0.337,0.3014,0.5390,0.000,0.0000,1.0000,0.699,0.1188,0.4924,0.183,0.9723,0.3437,0.729,0.1401,0.3522,0.000,0.0000,1.0000,0.000,0.0000,1.0000
618,20.633,9,0.000,0.0000,1.0000,0.165,0.8151,0.5359,0.351,0.2988,0.5507,0.000,0.0000,1.0000,0.710,0.1200,0.4901,0.171,0.9714,0.3412,0.743,0.1402,0.3525,0.000,0.0000,1.0000,0.000,0.0000,1.0000
619,20.667,11,0.182,0.5451,0.3951,0.276,0.8012,0.5545,0.329,0.2934,0.5613,0.198,0.9567,0.4782,0.713,0.1199,0.4895,0.216,0.9712,0.3405,0.750,0.1372,0.3523,0.000,0.0000,1.0000,0.000,0.0000,1.0000
620,20.700,9,0.000,0.0000,1.0000,0.346,0.8028,0.5702,0.332,0.2904,0.5740,0.204,0.9582,0.4795,0.664,0.1184,0.4884,0.206,0.9701,0.3395,0.725,0.1368,0.3519,0.000,0.0000,1.0000,0.000,0.0000,1.0000
621,20.733,9,0.000,0.0000,1.0000,0.366,0.7941,0.5798,0.305,0.2990,0.5873,0.151,0.9603,0.4814,0.682,0.1197,0.4886,0.111,0.9739,0.3271,0.730,0.1373,0.3526,0.000,0.0000,1.0000,0.000,0.0000,1.0000
622,20.767,14,0.535,0.5260,0.4376,0.411,0.7866,0.5883,0.442,0.2985,0.5935,0.497,0.9578,0.4849,0.770,0.1182,0.4900,0.295,0.9674,0.3360,0.777,0.1366,0.3528,0.000,0.0000,1.0000,0.132,0.4239,0.3561
623,20.800,13,0.369,0.5296,0.4626,0.430,0.7792,0.5980,0.387,0.2935,0.5959,0.501,0.9591,0.4872,0.782,0.1167,0.4929,0.383,0.9671,0.3385,0.775,0.1355,0.3530,0.000,0.0000,1.0000,0.121,0.4240,0.3675
624,20.833,13,0.218,0.5310,0.4782,0.448,0.7787,0.6030,0.351,0.2993,0.6107,0.462,0.9615,0.4919,0.752,0.1178,0.4953,0.341,0.9673,0.3336,0.746,0.1366,0.3537,0.000,0.0000,1.0000,0.103,0.4330,0.3777
625,20.867,13,0.266,0.5325,0.4887,0.485,0.7769,0.6071,0.471,0.3007,0.6182,0.554,0.9616,0.4916,0.768,0.1214,0.4963,0.465,0.9685,0.3105,0.780,0.1385,0.3528,0.000,0.0000,1.0000,0.146,0.4327,0.3917
626,20.900,15,0.260,0.5329,0.4941,0.462,0.7753,0.6075,0.457,0.3055,0.6264,0.584,0.9597,0.4922,0.742,0.1258,0.4960,0.590,0.9666,0.3282,0.776,0.1386,0.3530,0.119,0.6017,0.3451,0.156,0.4231,0.3831
627,20.933,15,0.381,0.5242,0.5012,0.473,0.7730,0.6141,0.498,0.3083,0.6275,0.634,0.9596,0.4923,0.763,0.1277,0.4973,0.737,0.9641,0.3341,0.790,0.1388,0.3532,0.160,0.6227,0.3936,0.181,0.4212,0.4046
628,20.967,15,0.656,0.5185,0.5096,0.519,0.7724,0.6175,0.528,0.3101,0.6315,0.636,0.9588,0.4926,0.765,0.1294,0.4988,0.729,0.9628,0.3376,0.798,0.1387,0.3530,0.207,0.6231,0.3940,0.247,0.4172,0.4043
629,21.000,15,0.606,0.5215,0.5169,0.474,0.7694,0.6174,0.521,0.3097,0.6322,0.662,0.9576,0.4939,0.770,0.1303,0.4999,0.766,0.9628,0.3400,0.807,0.1389,0.3533,0.251,0.6322,0.4054,0.231,0.4225,0.4044
630,21.033,15,0.443,0.5239,0.5187,0.453,0.7618,0.6191,0.554,0.3151,0.6391,0.663,0.9560,0.4956,0.772,0.1318,0.5011,0.780,0.9625,0.3404,0.796,0.1394,0.3527,0.248,0.6264,0.4059,0.238,0.4181,0.4068
631,21.067,16,0.475,0.5244,0.5241,0.465,0.7580,0.6256,0.551,0.3176,0.6405,0.680,0.9571,0.4955,0.792,0.1337,0.5036,0.807,0.9627,0.3434,0.796,0.1405,0.3529,0.260,0.6273,0.4050,0.281,0.4197,0.4156
632,21.100,16,0.524,0.5245,0.5302,0.467,0.7543,0.6292,0.555,0.3180,0.6444,0.655,0.9558,0.4977,0.797,0.1361,0.5048,0.777,0.9617,0.3482,0.795,0.1410,0.3530,0.237,0.6282,0.4157,0.285,0.4257,0.4075
633,21.133,18,0.504,0.5225,0.5325,0.471,0.7534,0.6362,0.553,0.3221,0.6513,0.651,0.9544,0.4988,0.775,0.1424,0.5078,0.760,0.9611,0.3508,0.791,0.1415,0.3530,0.240,0.6168,0.3951,0.278,0.4268,0.4176
634,21.167,18,0.373,0.5287,0.5423,0.500,0.7512,0.6400,0.570,0.3237,0.6544,0.679,0.9503,0.5003,0.771,0.1468,0.5099,0.795,0.9612,0.3556,0.785,0.1422,0.3529,0.240,0.6230,0.4189,0.287,0.4312,0.4305
635,21.200,19,0.388,0.5254,0.5445,0.524,0.7507,0.6447,0.562,0.3271,0.6582,0.692,0.9468,0.5009,0.778,0.1536,0.5110,0.759,0.9600,0.3553,0.787,0.1424,0.3530,0.281,0.6187,0.4195,0.316,0.4338,0.4329
636,21.233,19,0.521,0.5275,0.5493,0.538,0.7473,0.6487,0.573,0.3286,0.6591,0.686,0.9429,0.5011,0.746,0.1609,0.5113,0.746,0.9598,0.3513,0.769,0.1428,0.3518,0.333,0.6121,0.4204,0.381,0.4311,0.4407
637,21.267,18,0.429,0.5316,0.5534,0.523,0.7465,0.6492,0.564,0.3317,0.6595,0.678,0.9328,0.5051,0.743,0.1685,0.5138,0.693,0.9578,0.3498,0.750,0.1445,0.3521,0.345,0.6069,0.4195,0.364,0.4369,0.4424
638,21.300,18,0.607,0.5278,0.5560,0.521,0.7426,0.6507,0.606,0.3373,0.6619,0.658,0.9243,0.5019,0.774,0.1743,0.5166,0.725,0.9563,0.3477,0.750,0.1450,0.3523,0.394,0.6081,0.4408,0.401,0.4374,0.4554
639,21.333,19,0.503,0.5292,0.5566,0.497,0.7427,0.6515,0.591,0.3382,0.6612,0.616,0.9152,0.5041,0.778,0.1794,0.5191,0.738,0.9559,0.3463,0.754,0.1446,0.3525,0.404,0.6083,0.4468,0.413,0.4376,0.4673
640,21.367,18,0.482,0.5295,0.5586,0.479,0.7405,0.6528,0.614,0.3429,0.6622,0.667,0.9046,0.5045,0.736,0.1871,0.5206,0.723,0.9562,0.3453,0.752,0.1449,0.3525,0.371,0.6070,0.4465,0.404,0.4370,0.4686
641,21.400,19,0.374,0.5371,0.5616,0.498,0.7433,0.6534,0.610,0.3486,0.6622,0.642,0.8983,0.5035,0.752,0.1907,0.5169,0.693,0.9566,0.3464,0.764,0.1468,0.3520,0.386,0.6047,0.4484,0.424,0.4365,0.4765
642,21.433,19,0.454,0.5373,0.5614,0.471,0.7427,0.6517,0.612,0.3509,0.6617,0.725,0.8850,0.5085,0.775,0.2028,0.5199,0.688,0.9559,0.3459,0.781,0.1484,0.3527,0.443,0.6091,0.4689,0.439,0.4440,0.4842
643,21.467,19,0.409,0.5411,0.5625,0.519,0.7472,0.6516,0.591,0.3535,0.6615,0.687,0.8791,0.5062,0.746,0.2103,0.5183,0.671,0.9554,0.3484,0.772,0.1474,0.3524,0.477,0.6131,0.4807,0.463,0.4459,0.4942
644,21.500,18,0.266,0.5453,0.5678,0.507,0.7487,0.6485,0.590,0.3578,0.6614,0.641,0.8763,0.4985,0.754,0.2224,0.5204,0.663,0.9551,0.3472,0.768,0.1511,0.3521,0.373,0.6051,0.4785,0.431,0.4418,0.4935
645,21.533,18,0.305,0.5407,0.5691,0.484,0.7492,0.6448,0.570,0.3613,0.6584,0.610,0.8766,0.4939,0.701,0.2300,0.5146,0.656,0.9548,0.3465,0.758,0.1527,0.3527,0.291,0.6043,0.4788,0.389,0.4441,0.4967
646,21.567,17,0.155,0.5429,0.5689,0.446,0.7510,0.6436,0.536,0.3598,0.6569,0.542,0.8738,0.4878,0.678,0.2399,0.5150,0.605,0.9556,0.3444,0.723,0.1521,0.3523,0.183,0.6022,0.4735,0.313,0.4415,0.5036
647,21.600,19,0.367,0.5388,0.5650,0.548,0.7461,0.6415,0.654,0.3597,0.6543,0.688,0.8755,0.4814,0.757,0.2467,0.5102,0.722,0.9528,0.3435,0.787,0.1524,0.3518,0.423,0.6106,0.4840,0.481,0.4433,0.5062
648,21.633,19,0.439,0.5393,0.5650,0.557,0.7458,0.6397,0.644,0.3592,0.6518,0.683,0.8803,0.4759,0.762,0.2507,0.5078,0.728,0.9534,0.3428,0.778,0.1535,0.3512,0.404,0.6070,0.4793,0.470,0.4467,0.5034
649,21.667,18,0.241,0.5397,0.5701,0.406,0.7496,0.6385,0.465,0.3630,0.6514,0.589,0.8733,0.4806,0.645,0.2606,0.5076,0.620,0.9553,0.3441,0.652,0.1545,0.3513,0.121,0.6028,0.4723,0.173,0.4535,0.5000
650,21.700,18,0.199,0.5447,0.5724,0.381,0.7475,0.6375,0.478,0.3663,0.6513,0.571,0.8680,0.4792,0.640,0.2666,0.5077,0.597,0.9547,0.3439,0.649,0.1548,0.3511,0.128,0.6066,0.4780,0.174,0.4534,0.5009
651,21.733,17,0.177,0.5470,0.5753,0.384,0.7494,0.6365,0.456,0.3672,0.6512,0.584,0.8663,0.4786,0.597,0.2701,0.5070,0.595,0.9548,0.3440,0.661,0.1569,0.3517,0.122,0.6057,0.4782,0.167,0.4548,0.5017
652,21.767,17,0.190,0.5527,0.5753,0.435,0.7495,0.6366,0.500,0.3683,0.6506,0.601,0.8661,0.4760,0.651,0.2733,0.5076,0.633,0.9543,0.3443,0.697,0.1581,0.3520,0.177,0.6063,0.4829,0.257,0.4519,0.5054
653,21.800,18,0.303,0.5514,0.5742,0.520,0.7466,0.6341,0.595,0.3667,0.6492,0.695,0.8631,0.4782,0.716,0.2716,0.5071,0.674,0.9543,0.3441,0.739,0.1584,0.3522,0.290,0.6089,0.4831,0.361,0.4527,0.5050
654,21.833,19,0.479,0.5421,0.5694,0.563,0.7451,0.6340,0.646,0.3651,0.6495,0.725,0.8618,0.4774,0.748,0.2715,0.5068,0.705,0.9537,0.3439,0.765,0.1576,0.3520,0.393,0.6107,0.4819,0.427,0.4535,0.5026
655,21.867,19,0.445,0.5431,0.5707,0.563,0.7439,0.6349,0.643,0.3644,0.6495,0.703,0.8594,0.4759,0.736,0.2710,0.5061,0.712,0.9534,0.3435,0.758,0.1570,0.3518,0.356,0.6106,0.4815,0.410,0.4530,0.5029
656,21.900,19,0.610,0.5384,0.5671,0.568,0.7427,0.6361,0.667,0.3635,0.6489,0.723,0.8609,0.4751,0.773,0.2680,0.5054,0.721,0.9527,0.3435,0.781,0.1565,0.3517,0.470,0.6133,0.4840,0.447,0.4535,0.5022
657,21.933,19,0.514,0.5413,0.5699,0.571,0.7430,0.6350,0.643,0.3605,0.6487,0.741,0.8601,0.4775,0.763,0.2653,0.5049,0.716,0.9532,0.3435,0.771,0.1559,0.3518,0.391,0.6117,0.4820,0.421,0.4520,0.5036
658,21.967,19,0.499,0.5405,0.5717,0.575,0.7433,0.6347,0.649,0.3607,0.6492,0.741,0.8625,0.4777,0.760,0.2649,0.5046,0.707,0.9535,0.3435,0.770,0.1557,0.3519,0.379,0.6120,0.4801,0.413,0.4537,0.5024
659,22.000,19,0.536,0.5353,0.5708,0.567,0.7438,0.6345,0.667,0.3617,0.6506,0.745,0.8619,0.4780,0.780,0.2648,0.5064,0.708,0.9532,0.3439,0.779,0.1560,0.3521,0.402,0.6133,0.4822,0.426,0.4531,0.5032
660,22.033,19,0.690,0.5335,0.5700,0.561,0.7421,0.6364,0.666,0.3611,0.6492,0.729,0.8641,0.4751,0.795,0.2632,0.5060,0.711,0.9530,0.3433,0.792,0.1557,0.3522,0.470,0.6146,0.4835,0.424,0.4565,0.4968
661,22.067,19,0.700,0.5313,0.5703,0.574,0.7413,0.6364,0.643,0.3596,0.6494,0.746,0.8626,0.4782,0.797,0.2630,0.5067,0.704,0.9536,0.3436,0.795,0.1553,0.3527,0.471,0.6143,0.4843,0.432,0.4553,0.4973
662,22.100,19,0.660,0.5329,0.5711,0.572,0.7421,0.6367,0.651,0.3596,0.6497,0.759,0.8618,0.4814,0.793,0.2632,0.5081,0.702,0.9538,0.3430,0.792,0.1551,0.3526,0.466,0.6125,0.4823,0.427,0.4558,0.4944
663,22.133,19,0.691,0.5327,0.5732,0.565,0.7406,0.6373,0.642,0.3575,0.6496,0.770,0.8591,0.4836,0.803,0.2609,0.5072,0.697,0.9543,0.3430,0.797,0.1546,0.3526,0.467,0.6138,0.4837,0.434,0.4557,0.4952
664,22.167,19,0.583,0.5323,0.5743,0.567,0.7420,0.6369,0.648,0.3565,0.6522,0.771,0.8586,0.4852,0.792,0.2598,0.5085,0.691,0.9542,0.3435,0.792,0.1545,0.3529,0.395,0.6113,0.4799,0.435,0.4545,0.4932
665,22.200,19,0.503,0.5362,0.5762,0.563,0.7431,0.6376,0.631,0.3570,0.6523,0.779,0.8593,0.4846,0.785,0.2577,0.5086,0.700,0.9539,0.3435,0.788,0.1540,0.3528,0.358,0.6131,0.4792,0.413,0.4552,0.4934
666,22.233,19,0.549,0.5380,0.5764,0.566,0.7433,0.6384,0.639,0.3562,0.6526,0.784,0.8615,0.4840,0.790,0.2559,0.5082,0.697,0.9542,0.3439,0.795,0.1543,0.3529,0.392,0.6119,0.4781,0.436,0.4539,0.4922
667,22.267,19,0.463,0.5383,0.5771,0.565,0.7443,0.6386,0.627,0.3564,0.6526,0.776,0.8632,0.4848,0.770,0.2521,0.5075,0.692,0.9546,0.3435,0.794,0.1541,0.3531,0.360,0.6103,0.4726,0.417,0.4546,0.4921
668,22.300,19,0.354,0.5507,0.5843,0.571,0.7455,0.6391,0.613,0.3564,0.6534,0.776,0.8625,0.4837,0.758,0.2526,0.5090,0.696,0.9544,0.3429,0.788,0.1542,0.3531,0.333,0.6087,0.4707,0.406,0.4533,0.4924
669,22.333,19,0.452,0.5450,0.5849,0.574,0.7459,0.6396,0.620,0.3569,0.6545,0.777,0.8609,0.4844,0.755,0.2528,0.5092,0.699,0.9541,0.3433,0.787,0.1543,0.3531,0.339,0.6107,0.4705,0.407,0.4539,0.4918
670,22.367,19,0.708,0.5371,0.5831,0.561,0.7449,0.6395,0.640,0.3570,0.6544,0.784,0.8629,0.4834,0.772,0.2522,0.5087,0.704,0.9545,0.3430,0.803,0.1543,0.3531,0.435,0.6124,0.4784,0.443,0.4547,0.4933
671,22.400,19,0.667,0.5390,0.5849,0.562,0.7438,0.6405,0.646,0.3575,0.6548,0.784,0.8644,0.4850,0.769,0.2520,0.5095,0.703,0.9545,0.3432,0.802,0.1545,0.3530,0.451,0.6116,0.4789,0.453,0.4538,0.4945
672,22.433,19,0.729,0.5371,0.5841,0.552,0.7452,0.6417,0.652,0.3578,0.6543,0.788,0.8665,0.4841,0.771,0.2512,0.5093,0.704,0.9545,0.3428,0.803,0.1539,0.3531,0.461,0.6105,0.4797,0.447,0.4537,0.4946
673,22.467,19,0.752,0.5347,0.5867,0.549,0.7454,0.6419,0.648,0.3578,0.6543,0.792,0.8673,0.4838,0.758,0.2503,0.5101,0.700,0.9545,0.3428,0.799,0.1535,0.3527,0.474,0.6133,0.4830,0.455,0.4541,0.4971
674,22.500,19,0.758,0.5355,0.5868,0.544,0.7475,0.6419,0.650,0.3583,0.6551,0.788,0.8681,0.4841,0.754,0.2486,0.5101,0.703,0.9547,0.3422,0.799,0.1534,0.3526,0.474,0.6115,0.4811,0.453,0.4530,0.4972
675,22.533,19,0.719,0.5382,0.5879,0.528,0.7448,0.6418,0.645,0.3579,0.6547,0.774,0.8704,0.4843,0.756,0.2487,0.5099,0.702,0.9547,0.3422,0.798,0.1534,0.3524,0.483,0.6123,0.4825,0.451,0.4511,0.5035
676,22.567,19,0.751,0.5350,0.5868,0.539,0.7479,0.6427,0.644,0.3577,0.6549,0.760,0.8718,0.4848,0.774,0.2471,0.5091,0.703,0.9546,0.3419,0.801,0.1532,0.3527,0.485,0.6106,0.4827,0.451,0.4500,0.5034
677,22.600,19,0.774,0.5340,0.5867,0.544,0.7489,0.6426,0.647,0.3584,0.6556,0.738,0.8726,0.4852,0.739,0.2446,0.5126,0.702,0.9546,0.3425,0.799,0.1524,0.3528,0.498,0.6121,0.4832,0.464,0.4496,0.5029
678,22.633,19,0.723,0.5372,0.5877,0.535,0.7482,0.6430,0.630,0.3576,0.6586,0.717,0.8738,0.4865,0.775,0.2398,0.5154,0.710,0.9541,0.3430,0.798,0.1521,0.3535,0.492,0.6107,0.4811,0.468,0.4511,0.4969
679,22.667,19,0.711,0.5375,0.5882,0.531,0.7485,0.6444,0.642,0.3589,0.6613,0.728,0.8791,0.4855,0.747,0.2309,0.5152,0.732,0.9534,0.3434,0.789,0.1517,0.3531,0.494,0.6118,0.4811,0.482,0.4506,0.4976
680,22.700,19,0.731,0.5375,0.5877,0.525,0.7487,0.6450,0.673,0.3606,0.6634,0.718,0.8869,0.4803,0.754,0.2253,0.5240,0.718,0.9540,0.3436,0.788,0.1500,0.3539,0.498,0.6117,0.4809,0.475,0.4521,0.4974
681,22.733,19,0.800,0.5350,0.5866,0.521,0.7482,0.6456,0.674,0.3609,0.6636,0.582,0.8965,0.4771,0.733,0.2089,0.5206,0.695,0.9561,0.3449,0.794,0.1485,0.3547,0.470,0.6127,0.4797,0.461,0.4515,0.4957
682,22.767,19,0.756,0.5419,0.5861,0.523,0.7477,0.6451,0.670,0.3603,0.6628,0.615,0.8995,0.4895,0.769,0.1972,0.5225,0.726,0.9566,0.3460,0.795,0.1482,0.3541,0.452,0.6113,0.4717,0.440,0.4518,0.4915
683,22.800,19,0.784,0.5431,0.5795,0.543,0.7486,0.6437,0.624,0.3579,0.6609,0.684,0.8975,0.4978,0.754,0.1859,0.5207,0.717,0.9572,0.3467,0.791,0.1473,0.3546,0.460,0.6152,0.4728,0.443,0.4535,0.4907
684,22.833,19,0.771,0.5395,0.5738,0.561,0.7504,0.6435,0.615,0.3566,0.6579,0.733,0.9021,0.4961,0.773,0.1766,0.5207,0.710,0.9578,0.3514,0.768,0.1456,0.3544,0.448,0.6202,0.4689,0.415,0.4584,0.4811
685,22.867,19,0.738,0.5454,0.5671,0.573,0.7514,0.6427,0.605,0.3520,0.6538,0.755,0.9091,0.4938,0.767,0.1691,0.5173,0.738,0.9583,0.3530,0.768,0.1444,0.3543,0.427,0.6189,0.4550,0.418,0.4562,0.4713
686,22.900,19,0.793,0.5418,0.5597,0.556,0.7523,0.6401,0.567,0.3528,0.6506,0.730,0.9156,0.4937,0.769,0.1600,0.5146,0.742,0.9589,0.3549,0.788,0.1426,0.3534,0.417,0.6195,0.4488,0.394,0.4532,0.4686
687,22.933,19,0.729,0.5423,0.5486,0.541,0.7538,0.6400,0.560,0.3535,0.6496,0.745,0.9247,0.4945,0.767,0.1505,0.5136,0.764,0.9590,0.3558,0.796,0.1420,0.3542,0.428,0.6159,0.4348,0.407,0.4506,0.4550
688,22.967,19,0.727,0.5452,0.5394,0.501,0.7566,0.6323,0.536,0.3540,0.6430,0.706,0.9405,0.4922,0.753,0.1423,0.5113,0.786,0.9597,0.3524,0.800,0.1392,0.3534,0.337,0.6214,0.4317,0.360,0.4514,0.4437
689,23.000,19,0.819,0.5460,0.5319,0.495,0.7580,0.6285,0.501,0.3491,0.6366,0.729,0.9442,0.4955,0.789,0.1321,0.5079,0.791,0.9610,0.3461,0.814,0.1386,0.3536,0.305,0.6271,0.4288,0.315,0.4515,0.4305
690,23.033,19,0.739,0.5438,0.5221,0.479,0.7589,0.6215,0.522,0.3416,0.6277,0.707,0.9477,0.4900,0.790,0.1326,0.5048,0.799,0.9617,0.3413,0.810,0.1389,0.3532,0.284,0.6352,0.4307,0.260,0.4442,0.4278
691,23.067,17,0.716,0.5438,0.5094,0.488,0.7683,0.6153,0.480,0.3379,0.6178,0.694,0.9483,0.4887,0.774,0.1328,0.5010,0.765,0.9624,0.3389,0.822,0.1376,0.3534,0.228,0.6428,0.4279,0.233,0.4433,0.4062
692,23.100,15,0.688,0.5457,0.4947,0.463,0.7687,0.6093,0.447,0.3295,0.6077,0.708,0.9495,0.4843,0.780,0.1309,0.4975,0.748,0.9635,0.3355,0.815,0.1372,0.3536,0.119,0.6296,0.4167,0.160,0.4305,0.4051
693,23.133,15,0.653,0.5449,0.4801,0.454,0.7746,0.6028,0.450,0.3300,0.6052,0.692,0.9510,0.4829,0.783,0.1305,0.4942,0.602,0.9653,0.3307,0.786,0.1366,0.3510,0.110,0.6282,0.4058,0.121,0.4332,0.4061
694,23.167,15,0.697,0.5494,0.4691,0.498,0.7770,0.6002,0.477,0.3296,0.6020,0.699,0.9536,0.4805,0.790,0.1323,0.4921,0.402,0.9674,0.3291,0.795,0.1374,0.3512,0.135,0.6277,0.3790,0.154,0.4267,0.3692
695,23.200,15,0.706,0.5508,0.4593,0.493,0.7893,0.5918,0.498,0.3259,0.5917,0.647,0.9536,0.4798,0.766,0.1319,0.4903,0.415,0.9650,0.3432,0.781,0.1380,0.3507,0.120,0.6278,0.3805,0.134,0.4348,0.3533
696,23.233,14,0.669,0.5513,0.4384,0.438,0.7998,0.5830,0.411,0.3239,0.5817,0.466,0.9553,0.4816,0.738,0.1319,0.4896,0.222,0.9664,0.3342,0.766,0.1382,0.3514,0.100,0.6441,0.4230,0.109,0.4397,0.3922
697,23.267,13,0.707,0.5551,0.4220,0.376,0.7936,0.5737,0.427,0.3218,0.5702,0.414,0.9556,0.4779,0.725,0.1291,0.4882,0.184,0.9692,0.3318,0.763,0.1382,0.3513,0.114,0.6740,0.4395,0.000,0.0000,1.0000
698,23.300,9,0.352,0.5598,0.3994,0.151,0.8071,0.5613,0.383,0.3175,0.5579,0.000,0.0000,1.0000,0.713,0.1275,0.4868,0.000,0.0000,1.0000,0.763,0.1370,0.3519,0.000,0.0000,1.0000,0.000,0.0000,1.0000
699,23.333,9,0.227,0.5565,0.3966,0.000,0.0000,1.0000,0.377,0.3174,0.5428,0.000,0.0000,1.0000,0.705,0.1244,0.4880,0.000,0.0000,1.0000,0.732,0.1365,0.3514,0.000,0.0000,1.0000,0.000,0.0000,1.0000
700,23.367,6,0.000,0.0000,1.0000,0.000,0.0000,1.0000,0.297,0.3171,0.5384,0.000,0.0000,1.0000,0.676,0.1258,0.4894,0.000,0.0000,1.0000,0.712,0.1375,0.3520,0.000,0.0000,1.0000,0.000,0.0000,1.0000
701,23.400,6,0.119,0.5601,0.3663,0.000,0.0000,1.0000,0.311,0.3097,0.5299,0.000,0.0000,1.0000,0.668,0.1242,0.4919,0.000,0.0000,1.0000,0.725,0.1379,0.3528,0.000,0.0000,1.0000,0.000,0.0000,1.0000
702,23.433,6,0.179,0.5481,0.3484,0.000,0.0000,1.0000,0.306,0.3094,0.5221,0.000,0.0000,1.0000,0.645,0.1228,0.4931,0.000,0.0000,1.0000,0.706,0.1380,0.3520,0.000,0.0000,1.0000,0.000,0.0000,1.0000
703,23.467,7,0.167,0.5442,0.3375,0.000,0.0000,1.0000,0.354,0.3089,0.5146,0.000,0.0000,1.0000,0.630,0.1210,0.4968,0.000,0.0000,1.0000,0.715,0.1377,0.3523,0.000,0.0000,1.0000,0.000,0.0000,1.0000
704,23.500,0,0.000,-1,-1,0.000,-1,-1,0.000,-1,-1,0.000,-1,-1,0.000,-1,-1,0.000,-1,-1,0.000,-1,-1,0.000,-1,-1,0.000,-1,-1
705,23.533,7,0.147,0.5578,0.2823,0.000,0.0000,1.0000,0.336,0.3188,0.4961,0.000,0.0000,1.0000,0.657,0.1242,0.5061,0.000,0.0000,1.0000,0.721,0.1380,0.3526,0.000,0.0000,1.0000,0.000,0.0000,1.0000
706,23.567,0,0.000,-1,-1,0.000,-1,-1,0.000,-1,-1,0.000,-1,-1,0.000,-1,-1,0.000,-1,-1,0.000,-1,-1,0.000,-1,-1,0.000,-1,-1
707,23.600,0,0.000,-1,-1,0.000,-1,-1,0.000,-1,-1,0.000,-1,-1,0.000,-1,-1,0.000,-1,-1,0.000,-1,-1,0.000,-1,-1,0.000,-1,-1
708,23.633,0,0.000,-1,-1,0.000,-1,-1,0.000,-1,-1,0.000,-1,-1,0.000,-1,-1,0.000,-1,-1,0.000,-1,-1,0.000,-1,-1,0.000,-1,-1
709,23.667,0,0.000,-1,-1,0.000,-1,-1,0.000,-1,-1,0.000,-1,-1,0.000,-1,-1,0.000,-1,-1,0.000,-1,-1,0.000,-1,-1,0.000,-1,-1
710,23.700,0,0.000,-1,-1,0.000,-1,-1,0.000,-1,-1,0.000,-1,-1,0.000,-1,-1,0.000,-1,-1,0.000,-1,-1,0.000,-1,-1,0.000,-1,-1
711,23.733,0,0.000,-1,-1,0.000,-1,-1,0.000,-1,-1,0.000,-1,-1,0.000,-1,-1,0.000,-1,-1,0.000,-1,-1,0.000,-1,-1,0.000,-1,-1
712,23.767,0,0.000,-1,-1,0.000,-1,-1,0.000,-1,-1,0.000,-1,-1,0.000,-1,-1,0.000,-1,-1,0.000,-1,-1,0.000,-1,-1,0.000,-1,-1
713,23.800,0,0.000,-1,-1,0.000,-1,-1,0.000,-1,-1,0.000,-1,-1,0.000,-1,-1,0.000,-1,-1,0.000,-1,-1,0.000,-1,-1,0.000,-1,-1
714,23.833,0,0.000,-1,-1,0.000,-1,-1,0.000,-1,-1,0.000,-1,-1,0.000,-1,-1,0.000,-1,-1,0.000,-1,-1,0.000,-1,-1,0.000,-1,-1
715,23.867,0,0.000,-1,-1,0.000,-1,-1,0.000,-1,-1,0.000,-1,-1,0.000,-1,-1,0.000,-1,-1,0.000,-1,-1,0.000,-1,-1,0.000,-1,-1
716,23.900,0,0.000,-1,-1,0.000,-1,-1,0.000,-1,-1,0.000,-1,-1,0.000,-1,-1,0.000,-1,-1,0.000,-1,-1,0.000,-1,-1,0.000,-1,-1
717,23.933,0,0.000,-1,-1,0.000,-1,-1,0.000,-1,-1,0.000,-1,-1,0.000,-1,-1,0.000,-1,-1,0.000,-1,-1,0.000,-1,-1,0.000,-1,-1
718,23.967,0,0.000,-1,-1,0.000,-1,-1,0.000,-1,-1,0.000,-1,-1,0.000,-1,-1,0.000,-1,-1,0.000,-1,-1,0.000,-1,-1,0.000,-1,-1
719,24.000,0,0.000,-1,-1,0.000,-1,-1,0.000,-1,-1,0.000,-1,-1,0.000,-1,-1,0.000,-1,-1,0.000,-1,-1,0.000,-1,-1,0.000,-1,-1
720,24.033,0,0.000,-1,-1,0.000,-1,-1,0.000,-1,-1,0.000,-1,-1,0.000,-1,-1,0.000,-1,-1,0.000,-1,-1,0.000,-1,-1,0.000,-1,-1
721,24.067,0,0.000,-1,-1,0.000,-1,-1,0.000,-1,-1,0.000,-1,-1,0.000,-1,-1,0.000,-1,-1,0.000,-1,-1,0.000,-1,-1,0.000,-1,-1
722,24.100,0,0.000,-1,-1,0.000,-1,-1,0.000,-1,-1,0.000,-1,-1,0.000,-1,-1,0.000,-1,-1,0.000,-1,-1,0.000,-1,-1,0.000,-1,-1
723,24.133,0,0.000,-1,-1,0.000,-1,-1,0.000,-1,-1,0.000,-1,-1,0.000,-1,-1,0.000,-1,-1,0.000,-1,-1,0.000,-1,-1,0.000,-1,-1
724,24.167,0,0.000,-1,-1,0.000,-1,-1,0.000,-1,-1,0.000,-1,-1,0.000,-1,-1,0.000,-1,-1,0.000,-1,-1,0.000,-1,-1,0.000,-1,-1
725,24.200,0,0.000,-1,-1,0.000,-1,-1,0.000,-1,-1,0.000,-1,-1,0.000,-1,-1,0.000,-1,-1,0.000,-1,-1,0.000,-1,-1,0.000,-1,-1
726,24.233,0,0.000,-1,-1,0.000,-1,-1,0.000,-1,-1,0.000,-1,-1,0.000,-1,-1,0.000,-1,-1,0.000,-1,-1,0.000,-1,-1,0.000,-1,-1
727,24.267,8,0.231,0.5477,0.2707,0.000,0.0000,1.0000,0.220,0.3172,0.4947,0.000,0.0000,1.0000,0.493,0.1393,0.5003,0.000,0.0000,1.0000,0.673,0.1435,0.3485,0.000,0.0000,1.0000,0.000,0.0000,1.0000
728,24.300,7,0.198,0.5427,0.3033,0.000,0.0000,1.0000,0.311,0.3171,0.5130,0.000,0.0000,1.0000,0.545,0.1427,0.4939,0.000,0.0000,1.0000,0.652,0.1448,0.3486,0.000,0.0000,1.0000,0.000,0.0000,1.0000
729,24.333,9,0.286,0.5458,0.3334,0.112,0.8304,0.5237,0.319,0.3092,0.5173,0.000,0.0000,1.0000,0.625,0.1439,0.4897,0.253,0.9660,0.3440,0.671,0.1442,0.3508,0.000,0.0000,1.0000,0.000,0.0000,1.0000
730,24.367,8,0.358,0.5315,0.3475,0.158,0.8274,0.5282,0.342,0.3069,0.5346,0.000,0.0000,1.0000,0.676,0.1360,0.4888,0.196,0.9714,0.3426,0.713,0.1426,0.3514,0.000,0.0000,1.0000,0.000,0.0000,1.0000
731,24.400,10,0.390,0.5393,0.3766,0.166,0.8138,0.5399,0.384,0.3041,0.5523,0.000,0.0000,1.0000,0.676,0.1307,0.4877,0.286,0.9685,0.3429,0.736,0.1417,0.3523,0.000,0.0000,1.0000,0.000,0.0000,1.0000
732,24.433,10,0.248,0.5438,0.3985,0.234,0.8128,0.5562,0.349,0.3022,0.5613,0.000,0.0000,1.0000,0.674,0.1309,0.4881,0.209,0.9719,0.3385,0.722,0.1409,0.3513,0.000,0.0000,1.0000,0.000,0.0000,1.0000
733,24.467,9,0.183,0.5389,0.4289,0.313,0.8122,0.5684,0.345,0.3027,0.5769,0.000,0.0000,1.0000,0.690,0.1289,0.4879,0.000,0.0000,1.0000,0.730,0.1407,0.3524,0.000,0.0000,1.0000,0.000,0.0000,1.0000
734,24.500,9,0.000,0.0000,1.0000,0.432,0.8032,0.5835,0.381,0.3070,0.5911,0.429,0.9621,0.4816,0.718,0.1286,0.4897,0.221,0.9695,0.3336,0.750,0.1401,0.3518,0.000,0.0000,1.0000,0.000,0.0000,1.0000
735,24.533,10,0.000,0.0000,1.0000,0.346,0.8019,0.5921,0.306,0.3082,0.6008,0.285,0.9622,0.4852,0.729,0.1282,0.4929,0.274,0.9674,0.3400,0.743,0.1406,0.3523,0.000,0.0000,1.0000,0.000,0.0000,1.0000
736,24.567,11,0.000,0.0000,1.0000,0.473,0.7971,0.6030,0.426,0.3152,0.6080,0.451,0.9620,0.4898,0.750,0.1276,0.4952,0.283,0.9672,0.3171,0.755,0.1403,0.3516,0.000,0.0000,1.0000,0.108,0.4454,0.3774
737,24.600,13,0.256,0.5341,0.4773,0.442,0.7916,0.6101,0.430,0.3151,0.6139,0.507,0.9625,0.4883,0.749,0.1278,0.4966,0.458,0.9679,0.3178,0.763,0.1404,0.3517,0.000,0.0000,1.0000,0.000,0.0000,1.0000
738,24.633,14,0.000,0.0000,1.0000,0.490,0.7849,0.6154,0.470,0.3186,0.6246,0.614,0.9605,0.4900,0.758,0.1289,0.4979,0.630,0.9662,0.3343,0.768,0.1410,0.3521,0.118,0.6510,0.3794,0.151,0.4423,0.3803
739,24.667,16,0.396,0.5283,0.4956,0.521,0.7825,0.6202,0.510,0.3177,0.6276,0.639,0.9587,0.4926,0.770,0.1298,0.4981,0.711,0.9635,0.3363,0.782,0.1412,0.3524,0.200,0.6505,0.4046,0.196,0.4402,0.3940
740,24.700,16,0.256,0.5283,0.5019,0.468,0.7773,0.6218,0.515,0.3203,0.6321,0.646,0.9589,0.4938,0.759,0.1298,0.4993,0.723,0.9633,0.3374,0.780,0.1414,0.3523,0.194,0.6483,0.3948,0.214,0.4404,0.4039
741,24.733,16,0.264,0.5303,0.5143,0.490,0.7756,0.6268,0.558,0.3190,0.6388,0.648,0.9598,0.4986,0.761,0.1314,0.5006,0.747,0.9638,0.3402,0.779,0.1419,0.3526,0.218,0.6543,0.4062,0.263,0.4428,0.4073
742,24.767,17,0.319,0.5154,0.5156,0.458,0.7716,0.6256,0.560,0.3206,0.6423,0.644,0.9599,0.4996,0.780,0.1326,0.5021,0.760,0.9636,0.3398,0.782,0.1417,0.3528,0.219,0.6493,0.4058,0.278,0.4410,0.4084
743,24.800,17,0.374,0.5215,0.5195,0.472,0.7657,0.6297,0.548,0.3233,0.6461,0.684,0.9592,0.5016,0.792,0.1343,0.5041,0.758,0.9644,0.3415,0.788,0.1417,0.3528,0.209,0.6465,0.4161,0.262,0.4419,0.4188
744,24.833,16,0.124,0.5294,0.5314,0.470,0.7589,0.6336,0.531,0.3254,0.6491,0.674,0.9594,0.5051,0.792,0.1362,0.5051,0.767,0.9645,0.3470,0.784,0.1417,0.3530,0.239,0.6484,0.4170,0.298,0.4421,0.4283
745,24.867,18,0.207,0.5382,0.5338,0.461,0.7545,0.6382,0.531,0.3253,0.6508,0.686,0.9578,0.5070,0.781,0.1413,0.5070,0.745,0.9630,0.3523,0.788,0.1424,0.3527,0.224,0.6462,0.4297,0.264,0.4507,0.4309
746,24.900,18,0.164,0.5287,0.5322,0.494,0.7552,0.6406,0.526,0.3284,0.6574,0.648,0.9552,0.5109,0.743,0.1457,0.5089,0.729,0.9625,0.3549,0.775,0.1431,0.3529,0.263,0.6450,0.4308,0.274,0.4543,0.4322
747,24.933,18,0.144,0.5311,0.5348,0.489,0.7544,0.6416,0.510,0.3309,0.6615,0.687,0.9514,0.5121,0.759,0.1516,0.5100,0.735,0.9609,0.3527,0.761,0.1438,0.3527,0.309,0.6389,0.4348,0.310,0.4529,0.4475
748,24.967,19,0.143,0.5508,0.5369,0.509,0.7446,0.6458,0.540,0.3326,0.6630,0.704,0.9442,0.5155,0.733,0.1601,0.5129,0.706,0.9620,0.3516,0.754,0.1446,0.3525,0.349,0.6396,0.4561,0.308,0.4614,0.4575
749,25.000,19,0.207,0.5390,0.5410,0.513,0.7420,0.6463,0.558,0.3386,0.6632,0.690,0.9331,0.5132,0.738,0.1676,0.5159,0.759,0.9584,0.3471,0.754,0.1453,0.3526,0.396,0.6318,0.4611,0.341,0.4574,0.4699
750,25.033,17,0.138,0.5498,0.5502,0.546,0.7402,0.6492,0.583,0.3393,0.6644,0.666,0.9153,0.5138,0.767,0.1753,0.5182,0.705,0.9578,0.3489,0.750,0.1452,0.3529,0.395,0.6279,0.4675,0.360,0.4518,0.4802
751,25.067,17,0.115,0.5559,0.5521,0.558,0.7387,0.6503,0.599,0.3394,0.6657,0.677,0.9024,0.5122,0.734,0.1856,0.5215,0.683,0.9569,0.3468,0.740,0.1455,0.3532,0.315,0.6249,0.4716,0.313,0.4511,0.4827
752,25.100,19,0.181,0.5392,0.5511,0.533,0.7339,0.6488,0.618,0.3426,0.6656,0.648,0.8923,0.5134,0.756,0.1917,0.5201,0.716,0.9573,0.3448,0.772,0.1471,0.3527,0.424,0.6242,0.4841,0.378,0.4470,0.4948
753,25.133,18,0.216,0.5378,0.5524,0.529,0.7328,0.6467,0.625,0.3441,0.6651,0.647,0.8844,0.5018,0.773,0.2046,0.5221,0.723,0.9532,0.3442,0.792,0.1490,0.3531,0.437,0.6135,0.4910,0.401,0.4404,0.5007
754,25.167,19,0.287,0.5386,0.5525,0.535,0.7284,0.6464,0.634,0.3485,0.6648,0.664,0.8790,0.4932,0.775,0.2183,0.5242,0.708,0.9532,0.3440,0.789,0.1504,0.3527,0.497,0.6151,0.4930,0.438,0.4403,0.5049
755,25.200,19,0.294,0.5352,0.5472,0.551,0.7315,0.6417,0.595,0.3560,0.6624,0.691,0.8778,0.4832,0.746,0.2320,0.5195,0.723,0.9523,0.3443,0.800,0.1527,0.3533,0.483,0.6177,0.4945,0.427,0.4433,0.5077
756,25.233,19,0.130,0.5258,0.5484,0.500,0.7236,0.6389,0.586,0.3515,0.6556,0.739,0.8658,0.4785,0.763,0.2442,0.5102,0.747,0.9503,0.3441,0.799,0.1540,0.3524,0.533,0.6129,0.5082,0.403,0.4425,0.5093
757,25.267,19,0.353,0.5411,0.5470,0.567,0.7239,0.6306,0.572,0.3566,0.6462,0.706,0.8520,0.4778,0.797,0.2599,0.5072,0.755,0.9488,0.3456,0.796,0.1536,0.3519,0.591,0.6187,0.5100,0.460,0.4461,0.5110
758,25.300,19,0.381,0.5388,0.5472,0.601,0.7202,0.6271,0.607,0.3606,0.6459,0.706,0.8498,0.4718,0.775,0.2679,0.5070,0.759,0.9485,0.3468,0.797,0.1553,0.3523,0.576,0.6223,0.5239,0.461,0.4401,0.5233
759,25.333,19,0.378,0.5368,0.5466,0.608,0.7205,0.6243,0.646,0.3602,0.6422,0.727,0.8500,0.4746,0.783,0.2679,0.5049,0.761,0.9478,0.3469,0.797,0.1546,0.3521,0.551,0.6280,0.5447,0.460,0.4428,0.5321
760,25.367,19,0.470,0.5354,0.5463,0.643,0.7187,0.6189,0.638,0.3604,0.6376,0.730,0.8477,0.4747,0.769,0.2695,0.5021,0.762,0.9488,0.3469,0.790,0.1534,0.3523,0.469,0.6260,0.5478,0.453,0.4360,0.5350
761,25.400,19,0.510,0.5307,0.5472,0.630,0.7185,0.6179,0.635,0.3609,0.6362,0.744,0.8449,0.4764,0.733,0.2697,0.4991,0.726,0.9489,0.3489,0.782,0.1532,0.3519,0.514,0.6318,0.5509,0.484,0.4462,0.5274
762,25.433,19,0.505,0.5247,0.5480,0.650,0.7175,0.6176,0.660,0.3607,0.6358,0.768,0.8394,0.4801,0.740,0.2694,0.4987,0.735,0.9487,0.3486,0.779,0.1531,0.3518,0.555,0.6336,0.5560,0.500,0.4487,0.5267
763,25.467,19,0.543,0.5232,0.5459,0.651,0.7133,0.6182,0.664,0.3607,0.6328,0.729,0.8320,0.4845,0.749,0.2677,0.4971,0.754,0.9482,0.3482,0.746,0.1526,0.3521,0.545,0.6324,0.5574,0.516,0.4510,0.5302
764,25.500,19,0.571,0.5237,0.5447,0.641,0.7117,0.6194,0.674,0.3588,0.6322,0.735,0.8339,0.4834,0.734,0.2656,0.4984,0.742,0.9480,0.3489,0.715,0.1522,0.3520,0.549,0.6388,0.5597,0.482,0.4563,0.5295
765,25.533,19,0.537,0.5215,0.5464,0.595,0.7077,0.6199,0.663,0.3557,0.6321,0.722,0.8346,0.4810,0.768,0.2657,0.4976,0.737,0.9484,0.3505,0.759,0.1520,0.3518,0.585,0.6476,0.5572,0.535,0.4683,0.5255
766,25.567,19,0.522,0.5217,0.5519,0.594,0.7079,0.6225,0.668,0.3528,0.6306,0.694,0.8364,0.4817,0.770,0.2658,0.4982,0.740,0.9487,0.3514,0.768,0.1528,0.3517,0.524,0.6485,0.5488,0.578,0.4707,0.5206
767,25.600,19,0.603,0.5149,0.5484,0.583,0.7070,0.6229,0.698,0.3511,0.6284,0.693,0.8455,0.4772,0.744,0.2637,0.4975,0.720,0.9502,0.3495,0.739,0.1531,0.3521,0.531,0.6511,0.5471,0.533,0.4721,0.5188
768,25.633,19,0.497,0.5197,0.5478,0.573,0.7029,0.6225,0.692,0.3514,0.6268,0.699,0.8467,0.4836,0.776,0.2653,0.4963,0.726,0.9493,0.3490,0.770,0.1520,0.3516,0.554,0.6527,0.5444,0.571,0.4757,0.5103
769,25.667,19,0.470,0.5095,0.5485,0.563,0.6997,0.6216,0.664,0.3532,0.6244,0.687,0.8490,0.4852,0.774,0.2654,0.4934,0.723,0.9500,0.3503,0.787,0.1524,0.3515,0.533,0.6499,0.5450,0.554,0.4783,0.5085
770,25.700,19,0.519,0.5002,0.5488,0.600,0.6975,0.6193,0.687,0.3533,0.6202,0.666,0.8477,0.4862,0.766,0.2665,0.4930,0.774,0.9473,0.3532,0.788,0.1526,0.3515,0.522,0.6560,0.5446,0.505,0.4794,0.5117
771,25.733,19,0.516,0.4982,0.5560,0.608,0.6954,0.6187,0.682,0.3531,0.6171,0.655,0.8420,0.4863,0.748,0.2660,0.4902,0.748,0.9464,0.3517,0.799,0.1526,0.3528,0.469,0.6563,0.5471,0.533,0.4844,0.5106
772,25.767,19,0.395,0.5008,0.5611,0.610,0.6966,0.6214,0.702,0.3566,0.6175,0.674,0.8336,0.4933,0.767,0.2722,0.4924,0.784,0.9431,0.3564,0.812,0.1528,0.3543,0.479,0.6553,0.5486,0.532,0.4909,0.5104
773,25.800,19,0.355,0.5021,0.5670,0.587,0.6967,0.6231,0.684,0.3664,0.6150,0.714,0.8405,0.4942,0.759,0.2723,0.4902,0.728,0.9389,0.3632,0.826,0.1515,0.3549,0.449,0.6556,0.5535,0.479,0.4914,0.5171
774,25.833,19,0.445,0.4929,0.5719,0.619,0.6971,0.6280,0.692,0.3707,0.6156,0.687,0.8495,0.4938,0.788,0.2752,0.4931,0.784,0.9262,0.3715,0.836,0.1503,0.3582,0.508,0.6612,0.5554,0.465,0.4971,0.5196
775,25.867,19,0.541,0.5077,0.5694,0.631,0.6956,0.6321,0.672,0.3769,0.6207,0.663,0.8485,0.5143,0.787,0.2781,0.4974,0.783,0.9081,0.3837,0.799,0.1520,0.3628,0.479,0.6647,0.5655,0.454,0.4944,0.5234
776,25.900,19,0.583,0.5097,0.5717,0.596,0.7034,0.6361,0.669,0.3818,0.6244,0.692,0.8609,0.5126,0.800,0.2863,0.5097,0.763,0.8981,0.3939,0.827,0.1579,0.3702,0.519,0.6639,0.5624,0.466,0.4929,0.5249
777,25.933,19,0.564,0.5294,0.5765,0.612,0.7056,0.6426,0.690,0.3847,0.6299,0.721,0.8649,0.5237,0.776,0.2877,0.5172,0.739,0.8955,0.4014,0.819,0.1706,0.3797,0.568,0.6623,0.5652,0.450,0.4934,0.5266
778,25.967,19,0.454,0.5369,0.5843,0.611,0.7025,0.6465,0.667,0.3879,0.6381,0.769,0.8567,0.5370,0.754,0.2907,0.5214,0.802,0.8996,0.4067,0.795,0.1867,0.3856,0.594,0.6615,0.5699,0.484,0.4894,0.5338
779,26.000,19,0.367,0.5406,0.5877,0.634,0.7002,0.6522,0.671,0.3905,0.6496,0.815,0.8610,0.5365,0.776,0.3029,0.5346,0.861,0.9051,0.4064,0.785,0.2088,0.3899,0.581,0.6583,0.5715,0.453,0.4885,0.5387
780,26.033,19,0.387,0.5409,0.5915,0.658,0.6955,0.6585,0.704,0.3908,0.6566,0.752,0.8543,0.5402,0.729,0.3107,0.5383,0.794,0.9111,0.4043,0.830,0.2329,0.3941,0.565,0.6486,0.5713,0.458,0.4854,0.5405
781,26.067,19,0.289,0.5596,0.6005,0.617,0.6900,0.6598,0.728,0.3862,0.6632,0.774,0.8475,0.5422,0.748,0.3121,0.5392,0.831,0.9068,0.4070,0.849,0.2581,0.3918,0.545,0.6463,0.5750,0.489,0.4838,0.5472
782,26.100,19,0.436,0.5196,0.5992,0.600,0.6801,0.6629,0.706,0.3789,0.6644,0.681,0.8328,0.5481,0.774,0.3107,0.5354,0.777,0.8991,0.4114,0.828,0.2859,0.3865,0.559,0.6378,0.5757,0.515,0.4771,0.5471
783,26.133,19,0.293,0.5341,0.6117,0.638,0.6705,0.6671,0.689,0.3750,0.6676,0.698,0.8211,0.5517,0.781,0.3135,0.5375,0.825,0.8827,0.4175,0.783,0.3114,0.3891,0.556,0.6322,0.5773,0.551,0.4734,0.5485
784,26.167,19,0.458,0.5112,0.6138,0.609,0.6558,0.6699,0.740,0.3651,0.6677,0.752,0.8097,0.5548,0.798,0.3174,0.5381,0.808,0.8636,0.4253,0.821,0.3410,0.3906,0.575,0.6304,0.5788,0.559,0.4719,0.5502
785,26.200,19,0.494,0.4903,0.6183,0.604,0.6464,0.6708,0.688,0.3563,0.6717,0.817,0.7964,0.5555,0.795,0.3191,0.5384,0.850,0.8412,0.4332,0.842,0.3663,0.3962,0.549,0.6249,0.5757,0.599,0.4699,0.5513
786,26.233,19,0.380,0.4935,0.6318,0.601,0.6334,0.6755,0.731,0.3480,0.6688,0.765,0.7767,0.5634,0.786,0.3284,0.5375,0.805,0.8218,0.4436,0.853,0.3878,0.4054,0.572,0.6218,0.5772,0.597,0.4705,0.5564
787,26.267,19,0.476,0.4664,0.6310,0.630,0.6160,0.6807,0.715,0.3398,0.6705,0.809,0.7609,0.5663,0.806,0.3349,0.5362,0.831,0.7964,0.4535,0.852,0.4068,0.4153,0.557,0.6169,0.5731,0.585,0.4642,0.5541
788,26.300,19,0.386,0.4452,0.6434,0.631,0.6024,0.6832,0.746,0.3302,0.6689,0.776,0.7444,0.5748,0.817,0.3441,0.5356,0.784,0.7734,0.4630,0.826,0.4312,0.4201,0.569,0.6104,0.5759,0.563,0.4591,0.5551
789,26.333,19,0.504,0.4238,0.6439,0.634,0.5897,0.6841,0.773,0.3225,0.6675,0.786,0.7242,0.5800,0.816,0.3473,0.5370,0.803,0.7442,0.4679,0.869,0.4410,0.4323,0.554,0.6033,0.5718,0.574,0.4555,0.5497
790,26.367,19,0.728,0.4305,0.6502,0.628,0.5793,0.6861,0.751,0.3145,0.6663,0.805,0.7134,0.5800,0.825,0.3470,0.5376,0.815,0.7161,0.4732,0.859,0.4421,0.4411,0.604,0.5956,0.5707,0.591,0.4453,0.5506
791,26.400,19,0.805,0.4188,0.6578,0.679,0.5685,0.6866,0.751,0.3082,0.6659,0.823,0.6910,0.5831,0.870,0.3417,0.5438,0.797,0.6926,0.4752,0.825,0.4440,0.4490,0.606,0.5852,0.5665,0.604,0.4359,0.5484
792,26.433,19,0.838,0.4041,0.6651,0.662,0.5590,0.6879,0.771,0.3040,0.6654,0.824,0.6766,0.5852,0.863,0.3400,0.5457,0.809,0.6696,0.4819,0.836,0.4481,0.4534,0.609,0.5757,0.5610,0.604,0.4241,0.5423
793,26.467,19,0.817,0.3967,0.6743,0.709,0.5482,0.6895,0.788,0.2981,0.6659,0.800,0.6610,0.5863,0.814,0.3355,0.5489,0.852,0.6491,0.4842,0.865,0.4407,0.4593,0.611,0.5605,0.5606,0.588,0.4059,0.5420
794,26.500,19,0.896,0.3844,0.6851,0.687,0.5414,0.6885,0.782,0.2954,0.6676,0.793,0.6441,0.5858,0.795,0.3307,0.5506,0.807,0.6286,0.4823,0.793,0.4325,0.4634,0.645,0.5473,0.5561,0.576,0.3988,0.5415
795,26.533,19,0.860,0.3785,0.6978,0.716,0.5354,0.6871,0.779,0.2908,0.6700,0.828,0.6273,0.5834,0.850,0.3192,0.5545,0.827,0.6123,0.4839,0.823,0.4167,0.4701,0.639,0.5395,0.5530,0.613,0.3894,0.5356
796,26.567,19,0.872,0.3651,0.7087,0.724,0.5235,0.6883,0.773,0.2867,0.6731,0.873,0.6092,0.5854,0.827,0.3084,0.5602,0.816,0.6058,0.4867,0.860,0.4002,0.4727,0.595,0.5197,0.5499,0.608,0.3768,0.5348
797,26.600,19,0.847,0.3594,0.7184,0.757,0.5134,0.6919,0.775,0.2833,0.6782,0.822,0.5963,0.5871,0.812,0.2962,0.5647,0.796,0.5982,0.4879,0.826,0.3758,0.4809,0.640,0.5103,0.5499,0.636,0.3690,0.5348
798,26.633,19,0.810,0.3492,0.7273,0.781,0.5065,0.6939,0.819,0.2780,0.6812,0.834,0.5878,0.5896,0.875,0.2789,0.5712,0.859,0.5878,0.4919,0.825,0.3502,0.4865,0.641,0.4971,0.5464,0.626,0.3588,0.5358
799,26.667,19,0.898,0.3424,0.7351,0.763,0.5005,0.6949,0.782,0.2738,0.6857,0.820,0.5811,0.5949,0.844,0.2636,0.5802,0.795,0.5829,0.4980,0.870,0.3199,0.4910,0.671,0.4866,0.5434,0.612,0.3520,0.5333
800,26.700,19,0.913,0.3390,0.7461,0.743,0.4961,0.6968,0.738,0.2710,0.6877,0.885,0.5748,0.5970,0.819,0.2503,0.5862,0.773,0.5723,0.5019,0.860,0.2934,0.4956,0.663,0.4816,0.5437,0.644,0.3498,0.5338
801,26.733,19,0.838,0.3381,0.7523,0.729,0.4920,0.7003,0.781,0.2686,0.6902,0.838,0.5689,0.6007,0.839,0.2327,0.5895,0.834,0.5662,0.5087,0.833,0.2610,0.5008,0.694,0.4723,0.5457,0.665,0.3466,0.5393
802,26.767,19,0.889,0.3383,0.7615,0.758,0.4901,0.7019,0.818,0.2666,0.6928,0.865,0.5666,0.6059,0.881,0.2164,0.5984,0.762,0.5634,0.5124,0.832,0.2286,0.5109,0.706,0.4658,0.5451,0.687,0.3409,0.5419
803,26.800,19,0.912,0.3374,0.7711,0.804,0.4872,0.7040,0.831,0.2659,0.6959,0.832,0.5625,0.6103,0.826,0.2073,0.6067,0.789,0.5590,0.5235,0.903,0.1936,0.5208,0.699,0.4624,0.5480,0.695,0.3384,0.5439
804,26.833,19,0.872,0.3374,0.7742,0.826,0.4848,0.7067,0.818,0.2648,0.6979,0.799,0.5591,0.6130,0.827,0.1981,0.6131,0.817,0.5552,0.5336,0.834,0.1674,0.5299,0.669,0.4602,0.5513,0.669,0.3374,0.5478
805,26.867,19,0.878,0.3401,0.7831,0.821,0.4843,0.7094,0.794,0.2633,0.7017,0.873,0.5554,0.6196,0.870,0.1930,0.6224,0.806,0.5512,0.5381,0.838,0.1417,0.5423,0.672,0.4571,0.5539,0.634,0.3326,0.5487
806,26.900,19,0.825,0.3402,0.7862,0.787,0.4839,0.7118,0.851,0.2615,0.7056,0.848,0.5535,0.6237,0.821,0.1878,0.6270,0.866,0.5514,0.5450,0.825,0.1209,0.5510,0.696,0.4545,0.5563,0.639,0.3303,0.5500
807,26.933,19,0.595,0.3332,0.7942,0.790,0.4855,0.7144,0.841,0.2638,0.7102,0.862,0.5531,0.6284,0.850,0.1855,0.6340,0.822,0.5486,0.5510,0.844,0.1095,0.5641,0.680,0.4549,0.5597,0.639,0.3313,0.5531
808,26.967,19,0.401,0.3531,0.7907,0.823,0.4865,0.7169,0.778,0.2662,0.7135,0.871,0.5528,0.6321,0.783,0.1855,0.6384,0.878,0.5504,0.5567,0.880,0.0988,0.5734,0.641,0.4569,0.5636,0.637,0.3307,0.5556
809,27.000,19,0.346,0.3521,0.7898,0.824,0.4860,0.7204,0.785,0.2678,0.7161,0.865,0.5539,0.6343,0.816,0.1849,0.6445,0.875,0.5479,0.5600,0.821,0.0921,0.5783,0.631,0.4583,0.5663,0.599,0.3330,0.5586
810,27.033,19,0.271,0.3639,0.7885,0.753,0.4867,0.7225,0.713,0.2719,0.7184,0.784,0.5548,0.6374,0.741,0.1857,0.6481,0.765,0.5484,0.5637,0.752,0.0886,0.5848,0.581,0.4605,0.5690,0.503,0.3355,0.5614
811,27.067,19,0.203,0.3668,0.7987,0.667,0.4886,0.7250,0.614,0.2748,0.7244,0.688,0.5576,0.6390,0.686,0.1876,0.6526,0.722,0.5507,0.5708,0.678,0.0939,0.5890,0.510,0.4606,0.5711,0.423,0.3383,0.5633
812,27.100,19,0.143,0.3699,0.7966,0.676,0.4919,0.7266,0.637,0.2796,0.7281,0.645,0.5613,0.6417,0.712,0.1915,0.6571,0.674,0.5548,0.5726,0.626,0.1030,0.5961,0.489,0.4629,0.5717,0.405,0.3416,0.5638
813,27.133,19,0.181,0.3901,0.7965,0.714,0.4970,0.7284,0.773,0.2798,0.7318,0.798,0.5651,0.6445,0.842,0.1946,0.6587,0.719,0.5615,0.5758,0.864,0.1115,0.5975,0.595,0.4629,0.5723,0.522,0.3390,0.5645
814,27.167,19,0.392,0.3915,0.7925,0.784,0.5013,0.7304,0.789,0.2851,0.7344,0.832,0.5697,0.6448,0.804,0.2047,0.6611,0.816,0.5650,0.5781,0.825,0.1228,0.5968,0.645,0.4663,0.5720,0.600,0.3427,0.5647
815,27.200,19,0.281,0.3968,0.7977,0.804,0.5077,0.7336,0.748,0.2882,0.7371,0.829,0.5744,0.6485,0.792,0.2100,0.6630,0.877,0.5672,0.5838,0.851,0.1381,0.5960,0.648,0.4706,0.5718,0.611,0.3444,0.5642
816,27.233,19,0.382,0.3984,0.7984,0.789,0.5141,0.7345,0.755,0.2953,0.7381,0.798,0.5808,0.6496,0.826,0.2184,0.6644,0.857,0.5699,0.5871,0.840,0.1612,0.5981,0.654,0.4756,0.5710,0.625,0.3472,0.5639
817,27.267,19,0.359,0.4169,0.8052,0.806,0.5226,0.7359,0.807,0.3029,0.7403,0.807,0.5873,0.6510,0.804,0.2294,0.6650,0.766,0.5817,0.5884,0.864,0.1742,0.5957,0.631,0.4803,0.5723,0.593,0.3513,0.5645
818,27.300,19,0.531,0.4134,0.8109,0.769,0.5301,0.7375,0.828,0.3100,0.7415,0.866,0.5929,0.6552,0.841,0.2384,0.6667,0.837,0.5861,0.5899,0.883,0.1962,0.5951,0.640,0.4881,0.5748,0.628,0.3563,0.5668
819,27.333,19,0.797,0.4226,0.8209,0.777,0.5410,0.7393,0.857,0.3196,0.7467,0.845,0.6006,0.6593,0.862,0.2534,0.6684,0.866,0.5947,0.5927,0.895,0.2171,0.5965,0.677,0.4917,0.5774,0.676,0.3612,0.5690
820,27.367,19,0.804,0.4385,0.8376,0.827,0.5490,0.7415,0.798,0.3276,0.7514,0.894,0.6091,0.6606,0.855,0.2649,0.6728,0.891,0.6077,0.5980,0.892,0.2382,0.5974,0.655,0.4987,0.5782,0.671,0.3674,0.5712
821,27.400,19,0.843,0.4407,0.8385,0.803,0.5591,0.7444,0.813,0.3341,0.7558,0.841,0.6199,0.6645,0.856,0.2722,0.6736,0.856,0.6136,0.5994,0.876,0.2570,0.5989,0.694,0.5083,0.5810,0.647,0.3738,0.5724
822,27.433,19,0.827,0.4549,0.8451,0.833,0.5661,0.7471,0.848,0.3444,0.7599,0.883,0.6298,0.6689,0.844,0.2760,0.6767,0.903,0.6294,0.6060,0.864,0.2751,0.6015,0.659,0.5180,0.5849,0.661,0.3809,0.5768
823,27.467,19,0.875,0.4612,0.8475,0.772,0.5762,0.7491,0.780,0.3513,0.7627,0.882,0.6389,0.6717,0.842,0.2795,0.6778,0.839,0.6444,0.6095,0.844,0.2913,0.6055,0.646,0.5231,0.5862,0.639,0.3896,0.5775
824,27.500,19,0.858,0.4653,0.8491,0.768,0.5837,0.7511,0.812,0.3597,0.7651,0.808,0.6463,0.6750,0.844,0.2860,0.6822,0.845,0.6520,0.6133,0.865,0.2987,0.6119,0.651,0.5282,0.5873,0.618,0.3924,0.5792
825,27.533,19,0.799,0.4774,0.8541,0.828,0.5897,0.7555,0.865,0.3664,0.7685,0.888,0.6526,0.6821,0.792,0.2903,0.6874,0.842,0.6643,0.6206,0.877,0.3039,0.6208,0.658,0.5352,0.5892,0.666,0.3990,0.5817
826,27.567,19,0.868,0.4811,0.8578,0.814,0.5958,0.7593,0.833,0.3730,0.7706,0.871,0.6612,0.6850,0.818,0.2945,0.6890,0.888,0.6701,0.6226,0.844,0.3073,0.6273,0.636,0.5404,0.5906,0.667,0.4048,0.5849
827,27.600,19,0.834,0.4834,0.8603,0.775,0.6032,0.7611,0.818,0.3782,0.7719,0.803,0.6652,0.6881,0.842,0.2990,0.6928,0.825,0.6763,0.6263,0.854,0.3070,0.6356,0.677,0.5454,0.5916,0.632,0.4092,0.5890
828,27.633,19,0.808,0.4869,0.8599,0.739,0.6075,0.7627,0.824,0.3824,0.7728,0.822,0.6695,0.6913,0.848,0.3047,0.6965,0.785,0.6853,0.6250,0.883,0.3039,0.6433,0.666,0.5482,0.5918,0.640,0.4086,0.5918
829,27.667,19,0.674,0.4914,0.8621,0.785,0.6143,0.7660,0.807,0.3859,0.7740,0.856,0.6721,0.6958,0.806,0.3096,0.6989,0.812,0.6865,0.6295,0.857,0.2991,0.6497,0.670,0.5503,0.5933,0.625,0.4086,0.5985
830,27.700,19,0.478,0.4929,0.8645,0.775,0.6198,0.7703,0.792,0.3911,0.7756,0.835,0.6726,0.6984,0.809,0.3133,0.7021,0.847,0.6816,0.6352,0.903,0.2979,0.6554,0.652,0.5558,0.5916,0.601,0.4125,0.5987
831,27.733,19,0.380,0.4958,0.8661,0.778,0.6230,0.7726,0.807,0.3925,0.7782,0.831,0.6755,0.7018,0.835,0.3157,0.7044,0.833,0.6726,0.6385,0.854,0.2948,0.6615,0.628,0.5554,0.5892,0.610,0.4090,0.5974
832,27.767,19,0.199,0.5219,0.8583,0.749,0.6255,0.7743,0.819,0.3936,0.7810,0.844,0.6755,0.7051,0.868,0.3176,0.7087,0.857,0.6675,0.6451,0.788,0.2918,0.6624,0.605,0.5590,0.5903,0.583,0.4100,0.5989
833,27.800,19,0.178,0.5435,0.8556,0.733,0.6271,0.7751,0.806,0.3952,0.7824,0.852,0.6746,0.7086,0.876,0.3172,0.7100,0.815,0.6546,0.6507,0.796,0.2886,0.6631,0.598,0.5602,0.5913,0.591,0.4120,0.6010
834,27.833,19,0.209,0.5459,0.8578,0.767,0.6296,0.7775,0.806,0.3935,0.7847,0.835,0.6746,0.7100,0.871,0.3165,0.7115,0.829,0.6416,0.6537,0.846,0.2846,0.6622,0.607,0.5590,0.5942,0.620,0.4129,0.6048
835,27.867,19,0.185,0.5450,0.8593,0.811,0.6317,0.7816,0.770,0.3952,0.7866,0.815,0.6728,0.7116,0.862,0.3163,0.7122,0.857,0.6269,0.6597,0.895,0.2793,0.6601,0.568,0.5621,0.5969,0.624,0.4143,0.6073
836,27.900,19,0.180,0.5543,0.8658,0.794,0.6332,0.7843,0.772,0.3947,0.7882,0.799,0.6716,0.7136,0.855,0.3155,0.7123,0.790,0.6094,0.6636,0.867,0.2764,0.6541,0.580,0.5648,0.5989,0.590,0.4185,0.6116
837,27.933,19,0.143,0.5503,0.8719,0.762,0.6336,0.7861,0.802,0.3941,0.7904,0.781,0.6705,0.7139,0.840,0.3159,0.7130,0.819,0.6005,0.6684,0.821,0.2746,0.6496,0.579,0.5646,0.6012,0.606,0.4191,0.6124
838,27.967,16,0.000,0.0000,1.0000,0.752,0.6336,0.7889,0.822,0.3920,0.7937,0.795,0.6692,0.7163,0.840,0.3157,0.7129,0.842,0.5903,0.6718,0.869,0.2738,0.6456,0.589,0.5674,0.6074,0.573,0.4205,0.6158
839,28.000,18,0.145,0.5500,0.8683,0.780,0.6342,0.7926,0.833,0.3910,0.7954,0.777,0.6684,0.7169,0.856,0.3164,0.7129,0.771,0.5816,0.6749,0.870,0.2748,0.6437,0.585,0.5690,0.6113,0.633,0.4229,0.6196
840,28.033,19,0.137,0.5434,0.8708,0.764,0.6377,0.7965,0.824,0.3894,0.7960,0.742,0.6651,0.7175,0.845,0.3160,0.7129,0.809,0.5692,0.6777,0.801,0.2743,0.6379,0.584,0.5695,0.6171,0.611,0.4206,0.6227
841,28.067,19,0.155,0.5344,0.8816,0.728,0.6377,0.8013,0.819,0.3873,0.7980,0.781,0.6647,0.7210,0.844,0.3154,0.7133,0.781,0.5623,0.6804,0.854,0.2739,0.6354,0.607,0.5694,0.6205,0.630,0.4196,0.6271
842,28.100,18,0.138,0.5080,0.8851,0.752,0.6360,0.8098,0.783,0.3841,0.7996,0.740,0.6647,0.7261,0.827,0.3144,0.7144,0.835,0.5554,0.6839,0.843,0.2727,0.6337,0.598,0.5698,0.6272,0.624,0.4166,0.6323
843,28.133,19,0.250,0.4732,0.9052,0.695,0.6357,0.8135,0.763,0.3808,0.8019,0.769,0.6629,0.7301,0.833,0.3098,0.7164,0.790,0.5475,0.6882,0.827,0.2706,0.6320,0.589,0.5716,0.6227,0.614,0.4158,0.6327
844,28.167,19,0.226,0.4766,0.8973,0.675,0.6304,0.8187,0.778,0.3748,0.8077,0.780,0.6617,0.7352,0.874,0.3053,0.7188,0.805,0.5401,0.6970,0.836,0.2666,0.6327,0.585,0.5664,0.6288,0.606,0.4121,0.6353
845,28.200,18,0.158,0.5164,0.8758,0.558,0.6134,0.8315,0.788,0.3702,0.8101,0.764,0.6597,0.7411,0.877,0.3005,0.7212,0.834,0.5322,0.7061,0.848,0.2624,0.6318,0.613,0.5673,0.6318,0.585,0.4095,0.6362
846,28.233,19,0.329,0.4581,0.9176,0.489,0.6066,0.8413,0.750,0.3559,0.8117,0.789,0.6576,0.7474,0.850,0.2940,0.7202,0.824,0.5249,0.7174,0.850,0.2572,0.6275,0.607,0.5685,0.6304,0.588,0.4050,0.6351
847,28.267,19,0.231,0.4477,0.9032,0.471,0.5995,0.8433,0.655,0.3546,0.8196,0.773,0.6546,0.7553,0.811,0.2895,0.7237,0.791,0.5200,0.7325,0.812,0.2521,0.6280,0.606,0.5678,0.6347,0.574,0.4006,0.6405
848,28.300,14,0.000,0.0000,1.0000,0.194,0.6471,0.9278,0.213,0.3412,0.8576,0.710,0.6505,0.7673,0.719,0.2886,0.7378,0.744,0.5012,0.7494,0.791,0.2414,0.6263,0.521,0.5620,0.6453,0.517,0.3939,0.6450
849,28.333,14,0.000,0.0000,1.0000,0.214,0.6421,0.9283,0.207,0.3452,0.9420,0.719,0.6457,0.7732,0.665,0.2791,0.7409,0.772,0.4872,0.7684,0.783,0.2298,0.6281,0.525,0.5598,0.6471,0.525,0.3868,0.6447
850,28.367,15,0.135,0.3922,0.9401,0.250,0.6152,0.9419,0.282,0.3146,0.8840,0.578,0.6403,0.7871,0.761,0.2645,0.7374,0.708,0.4795,0.7842,0.847,0.2128,0.6304,0.538,0.5579,0.6539,0.528,0.3790,0.6540
851,28.400,19,0.776,0.3768,0.9496,0.320,0.5236,0.8828,0.552,0.3072,0.8641,0.630,0.6164,0.8100,0.764,0.2514,0.7386,0.572,0.4607,0.8077,0.835,0.1963,0.6301,0.547,0.5515,0.6585,0.499,0.3779,0.6640
852,28.433,18,0.752,0.3618,0.9676,0.393,0.5189,0.8864,0.636,0.2902,0.8472,0.425,0.6312,0.8248,0.861,0.2363,0.7428,0.193,0.5033,0.9561,0.825,0.1793,0.6360,0.491,0.5461,0.6534,0.505,0.3719,0.6646
853,28.467,19,0.625,0.3521,0.9694,0.391,0.5267,0.8947,0.747,0.2757,0.8494,0.463,0.6313,0.8195,0.833,0.2266,0.7477,0.184,0.5151,0.9520,0.801,0.1662,0.6458,0.485,0.5417,0.6562,0.435,0.3659,0.6638
854,28.500,15,0.000,0.0000,1.0000,0.292,0.5455,0.9265,0.619,0.2711,0.8667,0.603,0.6327,0.8116,0.869,0.2143,0.7566,0.194,0.5186,0.9600,0.852,0.1533,0.6569,0.482,0.5414,0.6580,0.504,0.3450,0.6602
855,28.533,16,0.000,0.0000,1.0000,0.234,0.5469,0.9124,0.466,0.2677,0.8851,0.546,0.6284,0.8073,0.777,0.2036,0.7662,0.105,0.5250,0.9608,0.773,0.1439,0.6720,0.415,0.5453,0.6696,0.419,0.3375,0.6714
856,28.567,14,0.000,0.0000,1.0000,0.563,0.2446,0.8826,0.254,0.5634,0.9175,0.730,0.1923,0.7731,0.391,0.6357,0.8091,0.751,0.1330,0.6915,0.000,0.0000,1.0000,0.317,0.3322,0.6831,0.327,0.5405,0.6917
857,28.600,14,0.000,0.0000,1.0000,0.658,0.2361,0.8861,0.307,0.5519,0.9299,0.725,0.1824,0.7778,0.449,0.6407,0.8087,0.704,0.1217,0.6977,0.000,0.0000,1.0000,0.221,0.3329,0.6835,0.196,0.5524,0.7131
858,28.633,16,0.610,0.1997,0.9766,0.238,0.5489,0.9434,0.704,0.2314,0.8848,0.568,0.6432,0.8096,0.860,0.1721,0.7849,0.277,0.5337,0.9593,0.747,0.1209,0.7229,0.479,0.5375,0.6954,0.432,0.3274,0.6842
859,28.667,14,0.325,0.2153,0.9800,0.253,0.5738,0.9527,0.752,0.2250,0.8940,0.571,0.6395,0.8059,0.792,0.1673,0.7889,0.000,0.0000,1.0000,0.755,0.1170,0.7389,0.492,0.5296,0.7063,0.448,0.3225,0.6894
860,28.700,14,0.000,0.0000,1.0000,0.261,0.5696,0.9502,0.741,0.2153,0.8992,0.482,0.6486,0.8122,0.796,0.1616,0.7925,0.227,0.5415,0.9554,0.773,0.1124,0.7536,0.500,0.5294,0.7189,0.461,0.3188,0.6903
861,28.733,14,0.000,0.0000,1.0000,0.299,0.5518,0.9439,0.708,0.2126,0.9021,0.526,0.6526,0.8118,0.732,0.1606,0.7943,0.297,0.5438,0.9566,0.744,0.1116,0.7640,0.399,0.5165,0.7276,0.468,0.3167,0.6942
862,28.767,14,0.000,0.0000,1.0000,0.254,0.5559,0.9473,0.712,0.2104,0.9076,0.500,0.6551,0.8127,0.779,0.1561,0.8012,0.291,0.5569,0.9492,0.749,0.1055,0.7681,0.403,0.5188,0.7415,0.450,0.3156,0.7032
863,28.800,14,0.000,0.0000,1.0000,0.251,0.5901,0.9488,0.698,0.2073,0.9149,0.494,0.6628,0.8202,0.800,0.1505,0.8046,0.201,0.5636,0.9497,0.734,0.1028,0.7718,0.346,0.5218,0.7512,0.414,0.3127,0.7042
864,28.833,14,0.000,0.0000,1.0000,0.228,0.6172,0.9513,0.725,0.2030,0.9184,0.492,0.6613,0.8145,0.776,0.1462,0.8053,0.283,0.5646,0.9518,0.759,0.0988,0.7706,0.293,0.5200,0.7558,0.387,0.3129,0.6978
865,28.867,14,0.000,0.0000,1.0000,0.276,0.5728,0.9490,0.728,0.2017,0.9224,0.500,0.6657,0.8221,0.806,0.1416,0.8072,0.244,0.5612,0.9531,0.729,0.0893,0.7643,0.281,0.5198,0.7641,0.383,0.3134,0.7085
866,28.900,14,0.000,0.0000,1.0000,0.248,0.5982,0.9487,0.638,0.2064,0.9267,0.427,0.6624,0.8248,0.829,0.1410,0.8100,0.142,0.5703,0.9471,0.751,0.0860,0.7563,0.219,0.5125,0.7803,0.355,0.3079,0.7218
867,28.933,13,0.000,0.0000,1.0000,0.254,0.6588,0.9634,0.649,0.2052,0.9297,0.332,0.6600,0.8306,0.837,0.1405,0.8114,0.000,0.0000,1.0000,0.740,0.0743,0.7438,0.250,0.5134,0.8026,0.321,0.3115,0.7454
868,28.967,12,0.000,0.0000,1.0000,0.000,0.0000,1.0000,0.584,0.1976,0.9332,0.230,0.6652,0.8304,0.804,0.1403,0.8132,0.000,0.0000,1.0000,0.760,0.0695,0.7311,0.276,0.5110,0.8272,0.345,0.3142,0.7801
869,29.000,12,0.000,0.0000,1.0000,0.000,0.0000,1.0000,0.489,0.1985,0.9364,0.326,0.6778,0.8343,0.787,0.1399,0.8171,0.000,0.0000,1.0000,0.762,0.0711,0.7198,0.274,0.5131,0.8326,0.296,0.3148,0.7914
870,29.033,12,0.000,0.0000,1.0000,0.000,0.0000,1.0000,0.396,0.1982,0.9420,0.150,0.6966,0.8369,0.746,0.1416,0.8165,0.000,0.0000,1.0000,0.761,0.0710,0.7064,0.262,0.5106,0.8396,0.288,0.3165,0.7942
871,29.067,12,0.000,0.0000,1.0000,0.000,0.0000,1.0000,0.428,0.1917,0.9415,0.151,0.7225,0.8488,0.755,0.1434,0.8160,0.000,0.0000,1.0000,0.773,0.0737,0.6951,0.321,0.5060,0.8401,0.307,0.3144,0.7929
872,29.100,12,0.000,0.0000,1.0000,0.000,0.0000,1.0000,0.439,0.1884,0.9434,0.299,0.7406,0.8426,0.746,0.1463,0.8159,0.000,0.0000,1.0000,0.744,0.0786,0.6883,0.331,0.5078,0.8420,0.296,0.3152,0.7936
873,29.133,12,0.000,0.0000,1.0000,0.000,0.0000,1.0000,0.436,0.1924,0.9458,0.500,0.7704,0.8464,0.767,0.1488,0.8157,0.000,0.0000,1.0000,0.733,0.0852,0.6845,0.263,0.5097,0.8437,0.237,0.3157,0.7939
874,29.167,12,0.000,0.0000,1.0000,0.000,0.0000,1.0000,0.465,0.1900,0.9482,0.575,0.7902,0.8433,0.778,0.1526,0.8150,0.000,0.0000,1.0000,0.806,0.0929,0.6846,0.232,0.5085,0.8330,0.302,0.3177,0.7927
875,29.200,13,0.000,0.0000,1.0000,0.000,0.0000,1.0000,0.440,0.1881,0.9506,0.318,0.8220,0.8433,0.776,0.1578,0.8179,0.117,0.6847,0.3098,0.803,0.0981,0.6836,0.201,0.5169,0.8432,0.269,0.3297,0.7823
876,29.233,13,0.000,0.0000,1.0000,0.000,0.0000,1.0000,0.493,0.1882,0.9563,0.157,0.8545,0.8457,0.749,0.1642,0.8214,0.115,0.0970,0.6884,0.695,0.1077,0.6856,0.157,0.5365,0.8566,0.207,0.3322,0.8067
877,29.267,13,0.000,0.0000,1.0000,0.000,0.0000,1.0000,0.457,0.1876,0.9627,0.276,0.6857,0.9039,0.710,0.1707,0.8280,0.127,0.7771,0.9388,0.750,0.1156,0.6869,0.178,0.5524,0.8648,0.263,0.3371,0.8073
878,29.300,13,0.000,0.0000,1.0000,0.000,0.0000,1.0000,0.373,0.1870,0.9655,0.363,0.7373,0.9079,0.744,0.1760,0.8307,0.301,0.8145,0.9419,0.737,0.1272,0.6918,0.263,0.5382,0.8662,0.281,0.3390,0.8096
879,29.333,13,0.000,0.0000,1.0000,0.000,0.0000,1.0000,0.263,0.1848,0.9702,0.429,0.7780,0.9190,0.648,0.1852,0.8360,0.123,0.7293,0.2594,0.746,0.1360,0.6941,0.234,0.5493,0.8677,0.219,0.3499,0.8171
880,29.367,13,0.000,0.0000,1.0000,0.000,0.0000,1.0000,0.215,0.1898,0.9724,0.114,0.1865,0.8404,0.557,0.1914,0.8401,0.173,0.1492,0.7004,0.638,0.1524,0.7046,0.192,0.5574,0.8702,0.207,0.3544,0.8183
881,29.400,13,0.000,0.0000,1.0000,0.000,0.0000,1.0000,0.158,0.1943,0.9740,0.184,0.1978,0.8495,0.584,0.2019,0.8467,0.118,0.1681,0.7063,0.655,0.1643,0.7096,0.173,0.5579,0.8774,0.154,0.3756,0.8274
882,29.433,10,0.000,0.0000,1.0000,0.000,0.0000,1.0000,0.000,0.0000,1.0000,0.200,0.2100,0.8537,0.480,0.2105,0.8510,0.202,0.1765,0.7121,0.571,0.1741,0.7118,0.131,0.5729,0.8773,0.000,0.0000,1.0000
883,29.467,0,0.000,-1,-1,0.000,-1,-1,0.000,-1,-1,0.000,-1,-1,0.000,-1,-1,0.000,-1,-1,0.000,-1,-1,0.000,-1,-1,0.000,-1,-1
884,29.500,9,0.000,0.0000,1.0000,0.000,0.0000,1.0000,0.000,0.0000,1.0000,0.133,0.2149,0.8782,0.579,0.2183,0.8802,0.170,0.1947,0.7286,0.635,0.1983,0.7318,0.000,0.0000,1.0000,0.147,0.4310,0.8362
885,29.533,8,0.000,0.0000,1.0000,0.000,0.0000,1.0000,0.000,0.0000,1.0000,0.000,0.0000,1.0000,0.643,0.2279,0.8874,0.000,0.0000,1.0000,0.646,0.2106,0.7395,0.104,0.6471,0.9136,0.000,0.0000,1.0000
886,29.567,8,0.000,0.0000,1.0000,0.000,0.0000,1.0000,0.000,0.0000,1.0000,0.000,0.0000,1.0000,0.645,0.2253,0.9020,0.000,0.0000,1.0000,0.683,0.2227,0.7485,0.000,0.0000,1.0000,0.106,0.4660,0.8575
887,29.600,7,0.000,0.0000,1.0000,0.000,0.0000,1.0000,0.000,0.0000,1.0000,0.225,0.6482,0.9178,0.570,0.2258,0.9125,0.000,0.0000,1.0000,0.646,0.2318,0.7543,0.000,0.0000,1.0000,0.000,0.0000,1.0000
888,29.633,9,0.000,0.0000,1.0000,0.000,0.0000,1.0000,0.000,0.0000,1.0000,0.378,0.7019,0.8850,0.682,0.2222,0.9219,0.000,0.0000,1.0000,0.726,0.2385,0.7589,0.000,0.0000,1.0000,0.104,0.4796,0.8496
889,29.667,10,0.000,0.0000,1.0000,0.000,0.0000,1.0000,0.000,0.0000,1.0000,0.338,0.7629,0.8452,0.589,0.2201,0.9378,0.269,0.7408,0.9338,0.542,0.2483,0.7637,0.000,0.0000,1.0000,0.111,0.4777,0.8320
890,29.700,7,0.000,0.0000,1.0000,0.000,0.0000,1.0000,0.000,0.0000,1.0000,0.578,0.8259,0.8165,0.638,0.2126,0.9514,0.568,0.8182,0.9229,0.658,0.2526,0.7700,0.000,0.0000,1.0000,0.000,0.0000,1.0000
891,29.733,6,0.000,0.0000,1.0000,0.000,0.0000,1.0000,0.000,0.0000,1.0000,0.501,0.9400,0.7851,0.228,0.1802,0.9499,0.000,0.0000,1.0000,0.620,0.2573,0.7726,0.000,0.0000,1.0000,0.000,0.0000,1.0000
892,29.767,6,0.000,0.0000,1.0000,0.000,0.0000,1.0000,0.000,0.0000,1.0000,0.368,0.9657,0.7323,0.282,0.2257,0.9491,0.312,0.9331,0.8086,0.654,0.2685,0.7699,0.000,0.0000,1.0000,0.000,0.0000,1.0000
893,29.800,5,0.000,0.0000,1.0000,0.000,0.0000,1.0000,0.000,0.0000,1.0000,0.000,0.0000,1.0000,0.322,0.2216,0.9574,0.000,0.0000,1.0000,0.660,0.2752,0.7702,0.000,0.0000,1.0000,0.000,0.0000,1.0000
894,29.833,0,0.000,-1,-1,0.000,-1,-1,0.000,-1,-1,0.000,-1,-1,0.000,-1,-1,0.000,-1,-1,0.000,-1,-1,0.000,-1,-1,0.000,-1,-1
895,29.867,0,0.000,-1,-1,0.000,-1,-1,0.000,-1,-1,0.000,-1,-1,0.000,-1,-1,0.000,-1,-1,0.000,-1,-1,0.000,-1,-1,0.000,-1,-1
896,29.900,0,0.000,-1,-1,0.000,-1,-1,0.000,-1,-1,0.000,-1,-1,0.000,-1,-1,0.000,-1,-1,0.000,-1,-1,0.000,-1,-1,0.000,-1,-1
897,29.933,0,0.000,-1,-1,0.000,-1,-1,0.000,-1,-1,0.000,-1,-1,0.000,-1,-1,0.000,-1,-1,0.000,-1,-1,0.000,-1,-1,0.000,-1,-1
898,29.967,0,0.000,-1,-1,0.000,-1,-1,0.000,-1,-1,0.000,-1,-1,0.000,-1,-1,0.000,-1,-1,0.000,-1,-1,0.000,-1,-1,0.000,-1,-1
899,30.000,0,0.000,-1,-1,0.000,-1,-1,0.000,-1,-1,0.000,-1,-1,0.000,-1,-1,0.000,-1,-1,0.000,-1,-1,0.000,-1,-1,0.000,-1,-1
900,30.033,0,0.000,-1,-1,0.000,-1,-1,0.000,-1,-1,0.000,-1,-1,0.000,-1,-1,0.000,-1,-1,0.000,-1,-1,0.000,-1,-1,0.000,-1,-1
901,30.067,0,0.000,-1,-1,0.000,-1,-1,0.000,-1,-1,0.000,-1,-1,0.000,-1,-1,0.000,-1,-1,0.000,-1,-1,0.000,-1,-1,0.000,-1,-1
902,30.100,0,0.000,-1,-1,0.000,-1,-1,0.000,-1,-1,0.000,-1,-1,0.000,-1,-1,0.000,-1,-1,0.000,-1,-1,0.000,-1,-1,0.000,-1,-1
903,30.133,0,0.000,-1,-1,0.000,-1,-1,0.000,-1,-1,0.000,-1,-1,0.000,-1,-1,0.000,-1,-1,0.000,-1,-1,0.000,-1,-1,0.000,-1,-1
904,30.167,0,0.000,-1,-1,0.000,-1,-1,0.000,-1,-1,0.000,-1,-1,0.000,-1,-1,0.000,-1,-1,0.000,-1,-1,0.000,-1,-1,0.000,-1,-1
905,30.200,0,0.000,-1,-1,0.000,-1,-1,0.000,-1,-1,0.000,-1,-1,0.000,-1,-1,0.000,-1,-1,0.000,-1,-1,0.000,-1,-1,0.000,-1,-1
906,30.233,0,0.000,-1,-1,0.000,-1,-1,0.000,-1,-1,0.000,-1,-1,0.000,-1,-1,0.000,-1,-1,0.000,-1,-1,0.000,-1,-1,0.000,-1,-1
907,30.267,0,0.000,-1,-1,0.000,-1,-1,0.000,-1,-1,0.000,-1,-1,0.000,-1,-1,0.000,-1,-1,0.000,-1,-1,0.000,-1,-1,0.000,-1,-1
908,30.300,0,0.000,-1,-1,0.000,-1,-1,0.000,-1,-1,0.000,-1,-1,0.000,-1,-1,0.000,-1,-1,0.000,-1,-1,0.000,-1,-1,0.000,-1,-1
909,30.333,0,0.000,-1,-1,0.000,-1,-1,0.000,-1,-1,0.000,-1,-1,0.000,-1,-1,0.000,-1,-1,0.000,-1,-1,0.000,-1,-1,0.000,-1,-1
910,30.367,0,0.000,-1,-1,0.000,-1,-1,0.000,-1,-1,0.000,-1,-1,0.000,-1,-1,0.000,-1,-1,0.000,-1,-1,0.000,-1,-1,0.000,-1,-1
911,30.400,0,0.000,-1,-1,0.000,-1,-1,0.000,-1,-1,0.000,-1,-1,0.000,-1,-1,0.000,-1,-1,0.000,-1,-1,0.000,-1,-1,0.000,-1,-1
912,30.433,0,0.000,-1,-1,0.000,-1,-1,0.000,-1,-1,0.000,-1,-1,0.000,-1,-1,0.000,-1,-1,0.000,-1,-1,0.000,-1,-1,0.000,-1,-1
913,30.467,0,0.000,-1,-1,0.000,-1,-1,0.000,-1,-1,0.000,-1,-1,0.000,-1,-1,0.000,-1,-1,0.000,-1,-1,0.000,-1,-1,0.000,-1,-1
914,30.500,0,0.000,-1,-1,0.000,-1,-1,0.000,-1,-1,0.000,-1,-1,0.000,-1,-1,0.000,-1,-1,0.000,-1,-1,0.000,-1,-1,0.000,-1,-1
915,30.533,0,0.000,-1,-1,0.000,-1,-1,0.000,-1,-1,0.000,-1,-1,0.000,-1,-1,0.000,-1,-1,0.000,-1,-1,0.000,-1,-1,0.000,-1,-1
916,30.567,0,0.000,-1,-1,0.000,-1,-1,0.000,-1,-1,0.000,-1,-1,0.000,-1,-1,0.000,-1,-1,0.000,-1,-1,0.000,-1,-1,0.000,-1,-1
917,30.600,0,0.000,-1,-1,0.000,-1,-1,0.000,-1,-1,0.000,-1,-1,0.000,-1,-1,0.000,-1,-1,0.000,-1,-1,0.000,-1,-1,0.000,-1,-1
918,30.633,0,0.000,-1,-1,0.000,-1,-1,0.000,-1,-1,0.000,-1,-1,0.000,-1,-1,0.000,-1,-1,0.000,-1,-1,0.000,-1,-1,0.000,-1,-1
919,30.667,0,0.000,-1,-1,0.000,-1,-1,0.000,-1,-1,0.000,-1,-1,0.000,-1,-1,0.000,-1,-1,0.000,-1,-1,0.000,-1,-1,0.000,-1,-1
920,30.700,0,0.000,-1,-1,0.000,-1,-1,0.000,-1,-1,0.000,-1,-1,0.000,-1,-1,0.000,-1,-1,0.000,-1,-1,0.000,-1,-1,0.000,-1,-1
921,30.733,0,0.000,-1,-1,0.000,-1,-1,0.000,-1,-1,0.000,-1,-1,0.000,-1,-1,0.000,-1,-1,0.000,-1,-1,0.000,-1,-1,0.000,-1,-1
922,30.767,0,0.000,-1,-1,0.000,-1,-1,0.000,-1,-1,0.000,-1,-1,0.000,-1,-1,0.000,-1,-1,0.000,-1,-1,0.000,-1,-1,0.000,-1,-1
923,30.800,0,0.000,-1,-1,0.000,-1,-1,0.000,-1,-1,0.000,-1,-1,0.000,-1,-1,0.000,-1,-1,0.000,-1,-1,0.000,-1,-1,0.000,-1,-1
924,30.833,0,0.000,-1,-1,0.000,-1,-1,0.000,-1,-1,0.000,-1,-1,0.000,-1,-1,0.000,-1,-1,0.000,-1,-1,0.000,-1,-1,0.000,-1,-1
925,30.867,0,0.000,-1,-1,0.000,-1,-1,0.000,-1,-1,0.000,-1,-1,0.000,-1,-1,0.000,-1,-1,0.000,-1,-1,0.000,-1,-1,0.000,-1,-1
926,30.900,0,0.000,-1,-1,0.000,-1,-1,0.000,-1,-1,0.000,-1,-1,0.000,-1,-1,0.000,-1,-1,0.000,-1,-1,0.000,-1,-1,0.000,-1,-1
927,30.933,0,0.000,-1,-1,0.000,-1,-1,0.000,-1,-1,0.000,-1,-1,0.000,-1,-1,0.000,-1,-1,0.000,-1,-1,0.000,-1,-1,0.000,-1,-1
928,30.967,0,0.000,-1,-1,0.000,-1,-1,0.000,-1,-1,0.000,-1,-1,0.000,-1,-1,0.000,-1,-1,0.000,-1,-1,0.000,-1,-1,0.000,-1,-1
929,31.000,0,0.000,-1,-1,0.000,-1,-1,0.000,-1,-1,0.000,-1,-1,0.000,-1,-1,0.000,-1,-1,0.000,-1,-1,0.000,-1,-1,0.000,-1,-1
930,31.033,0,0.000,-1,-1,0.000,-1,-1,0.000,-1,-1,0.000,-1,-1,0.000,-1,-1,0.000,-1,-1,0.000,-1,-1,0.000,-1,-1,0.000,-1,-1
931,31.067,0,0.000,-1,-1,0.000,-1,-1,0.000,-1,-1,0.000,-1,-1,0.000,-1,-1,0.000,-1,-1,0.000,-1,-1,0.000,-1,-1,0.000,-1,-1
932,31.100,0,0.000,-1,-1,0.000,-1,-1,0.000,-1,-1,0.000,-1,-1,0.000,-1,-1,0.000,-1,-1,0.000,-1,-1,0.000,-1,-1,0.000,-1,-1
933,31.133,0,0.000,-1,-1,0.000,-1,-1,0.000,-1,-1,0.000,-1,-1,0.000,-1,-1,0.000,-1,-1,0.000,-1,-1,0.000,-1,-1,0.000,-1,-1
934,31.167,0,0.000,-1,-1,0.000,-1,-1,0.000,-1,-1,0.000,-1,-1,0.000,-1,-1,0.000,-1,-1,0.000,-1,-1,0.000,-1,-1,0.000,-1,-1
935,31.200,0,0.000,-1,-1,0.000,-1,-1,0.000,-1,-1,0.000,-1,-1,0.000,-1,-1,0.000,-1,-1,0.000,-1,-1,0.000,-1,-1,0.000,-1,-1
936,31.233,0,0.000,-1,-1,0.000,-1,-1,0.000,-1,-1,0.000,-1,-1,0.000,-1,-1,0.000,-1,-1,0.000,-1,-1,0.000,-1,-1,0.000,-1,-1
937,31.267,0,0.000,-1,-1,0.000,-1,-1,0.000,-1,-1,0.000,-1,-1,0.000,-1,-1,0.000,-1,-1,0.000,-1,-1,0.000,-1,-1,0.000,-1,-1
938,31.300,0,0.000,-1,-1,0.000,-1,-1,0.000,-1,-1,0.000,-1,-1,0.000,-1,-1,0.000,-1,-1,0.000,-1,-1,0.000,-1,-1,0.000,-1,-1
939,31.333,0,0.000,-1,-1,0.000,-1,-1,0.000,-1,-1,0.000,-1,-1,0.000,-1,-1,0.000,-1,-1,0.000,-1,-1,0.000,-1,-1,0.000,-1,-1
940,31.367,0,0.000,-1,-1,0.000,-1,-1,0.000,-1,-1,0.000,-1,-1,0.000,-1,-1,0.000,-1,-1,0.000,-1,-1,0.000,-1,-1,0.000,-1,-1
941,31.400,0,0.000,-1,-1,0.000,-1,-1,0.000,-1,-1,0.000,-1,-1,0.000,-1,-1,0.000,-1,-1,0.000,-1,-1,0.000,-1,-1,0.000,-1,-1
942,31.433,0,0.000,-1,-1,0.000,-1,-1,0.000,-1,-1,0.000,-1,-1,0.000,-1,-1,0.000,-1,-1,0.000,-1,-1,0.000,-1,-1,0.000,-1,-1
943,31.467,0,0.000,-1,-1,0.000,-1,-1,0.000,-1,-1,0.000,-1,-1,0.000,-1,-1,0.000,-1,-1,0.000,-1,-1,0.000,-1,-1,0.000,-1,-1
944,31.500,0,0.000,-1,-1,0.000,-1,-1,0.000,-1,-1,0.000,-1,-1,0.000,-1,-1,0.000,-1,-1,0.000,-1,-1,0.000,-1,-1,0.000,-1,-1
945,31.533,0,0.000,-1,-1,0.000,-1,-1,0.000,-1,-1,0.000,-1,-1,0.000,-1,-1,0.000,-1,-1,0.000,-1,-1,0.000,-1,-1,0.000,-1,-1
946,31.567,0,0.000,-1,-1,0.000,-1,-1,0.000,-1,-1,0.000,-1,-1,0.000,-1,-1,0.000,-1,-1,0.000,-1,-1,0.000,-1,-1,0.000,-1,-1
947,31.600,0,0.000,-1,-1,0.000,-1,-1,0.000,-1,-1,0.000,-1,-1,0.000,-1,-1,0.000,-1,-1,0.000,-1,-1,0.000,-1,-1,0.000,-1,-1
948,31.633,0,0.000,-1,-1,0.000,-1,-1,0.000,-1,-1,0.000,-1,-1,0.000,-1,-1,0.000,-1,-1,0.000,-1,-1,0.000,-1,-1,0.000,-1,-1
949,31.667,0,0.000,-1,-1,0.000,-1,-1,0.000,-1,-1,0.000,-1,-1,0.000,-1,-1,0.000,-1,-1,0.000,-1,-1,0.000,-1,-1,0.000,-1,-1
950,31.700,0,0.000,-1,-1,0.000,-1,-1,0.000,-1,-1,0.000,-1,-1,0.000,-1,-1,0.000,-1,-1,0.000,-1,-1,0.000,-1,-1,0.000,-1,-1
951,31.733,0,0.000,-1,-1,0.000,-1,-1,0.000,-1,-1,0.000,-1,-1,0.000,-1,-1,0.000,-1,-1,0.000,-1,-1,0.000,-1,-1,0.000,-1,-1
952,31.767,0,0.000,-1,-1,0.000,-1,-1,0.000,-1,-1,0.000,-1,-1,0.000,-1,-1,0.000,-1,-1,0.000,-1,-1,0.000,-1,-1,0.000,-1,-1
953,31.800,0,0.000,-1,-1,0.000,-1,-1,0.000,-1,-1,0.000,-1,-1,0.000,-1,-1,0.000,-1,-1,0.000,-1,-1,0.000,-1,-1,0.000,-1,-1
